id,drcog_id,longitude,latitude,crashtime,time,crashtype,numbkilled,numbinjurd,drcoglocat,rdconditin,lightngcon,roadcntgrd,weatherco,location,roaddescrp,schoolzone,constrzone,splimit,bikeinv,pedinv,sctrinv,motoinv,svrty,rdsystem,ttlvehcls,hcf
,2022-00602,-104.9927539,39.7111847,1/11/2022 18:50,18:50,12,0,0,ALAMEDA AVE W & S CHEROKEE ST ,1,3,3,0,1,4,0,0,30,0,0,0,0,1,4,2,3
,2022-00603,-104.9967041,39.68960124,1/9/2022 21:11,21:11,3,0,0,PLATTE RIVER DR S & FLORIDA AVE W,1,3,3,0,1,1,0,0,30,0,0,0,0,0,2,2,13
,2022-00604,-105.0250228,39.72349116,1/7/2022 8:29,8:29,15,0,0,FEDERAL BLVD N & 5TH AVE W,7,1,3,2,1,4,0,0,45,0,0,0,0,0,2,2,13
,2022-00605,-105.0154037,39.74034216,1/10/2022 14:56,14:56,3,0,1,COLFAX AVE W & I-25 SB OFF RAMP,1,1,3,0,1,1,0,0,40,0,0,0,0,2,4,3,13
,2022-00606,-105.0263789,39.78118566,1/1/2022 8:00,8:00,5,0,0,GROVE ST N & 4646 N GROVE ST,9,1,3,2,2,9,0,0,10,0,0,0,0,0,4,1,16
,2022-00607,-104.9027525,39.76119728,1/8/2022 10:05,10:05,8,0,1,N QUEBEC ST & E MLK BLVD,1,1,0,0,1,1,0,0,35,0,0,0,0,3,4,2,8
,2022-00608,-104.9466684,39.71782394,1/13/2022 10:04,10:04,15,0,0,1ST AVE E & N MADISON ST,1,1,1,0,1,4,0,0,35,0,0,0,0,0,4,2,13
,2022-00610,-104.8470217,39.77959805,1/12/2022 19:00,19:00,15,0,0,E 46TH AVE & N PEORIA ST,1,3,0,0,1,3,0,0,,0,0,0,0,0,4,2,16
,2022-00611,-104.9128116,39.67846224,1/13/2022 11:07,11:07,3,0,0,E EVANS AVE & S MONACO ST,1,1,0,0,1,2,0,0,30,0,0,0,0,0,4,2,13
,2022-00615,-105.0252085,39.74395029,1/11/2022 18:30,18:30,3,0,0,FEDERAL BLVD N & DICK CONNOR AVE W,1,1,0,0,1,1,0,0,35,0,0,0,0,0,2,2,16
,2022-00616,-104.9679217,39.67848699,1/12/2022 17:57,17:57,15,0,0,EVANS AVE E & S GILPIN ST,1,3,0,0,1,4,0,0,35,0,0,0,0,1,4,2,16
,2022-00620,-104.7674167,39.78370355,1/13/2022 10:55,10:55,3,0,0,GVR BLVD E & N ANDES CT,1,1,0,0,1,1,0,0,25,0,0,0,0,0,4,2,11
,2022-00621,-104.95479,39.74016306,1/13/2022 5:56,5:56,3,0,0,E COLFAX AVE & N DETROIT ST / N CLAYTON ST ALLEY,4,3,0,0,1,9,0,0,35,0,0,0,0,0,2,2,14
,2022-00622,-104.9400799,39.73469024,1/13/2022 12:13,12:13,15,0,0,12TH AVE E & 4000 BLK E,1,1,0,0,1,4,0,0,30,0,0,0,0,0,4,2,14
,2022-00623,-104.9873838,39.74085275,1/12/2022 11:48,11:48,12,0,0,CHEYENNE PL & BROADWAY,1,1,0,0,1,3,0,0,30,0,0,0,0,0,4,2,16
,2022-00624,-104.9591748,39.78017524,1/12/2022 18:00,18:00,12,0,0,I-70 & N YORK ST,1,3,0,0,1,4,0,0,55,0,0,0,0,0,1,2,13
,2022-00625,-104.9757598,39.75365467,1/13/2022 13:08,13:08,14,0,0,N EMERSON ST & E 25TH AVE,1,1,0,0,1,4,0,0,25,0,0,0,0,0,4,2,13
,2022-00626,-104.9406168,39.70182951,1/13/2022 13:46,13:46,15,0,0,S COLORADO BLVD & E OHIO AVE,1,1,0,0,1,4,0,0,35,0,0,0,0,0,2,2,8
,2022-00627,-104.7905555,39.77469831,1/6/2022 10:43,10:43,12,0,2,PENA BLVD & 4000 BLK,11,1,1,0,1,4,0,0,65,0,0,0,0,2,2,2,7
,2022-00632,-104.8097976,39.78374358,1/13/2022 19:31,19:31,15,0,0,GVR BLVD E & N CHAMBERS RD,1,3,0,0,1,4,0,0,35,0,0,0,0,0,4,2,16
,2022-00633,-104.9035566,39.69852377,1/12/2022 17:00,17:00,1,0,0,PARKER RD S & QUEBEC ST S,1,3,0,0,1,1,0,0,30,0,0,0,0,0,2,2,3
,2022-00634,-104.9624131,39.73998063,1/12/2022 18:03,18:03,12,0,0,E COLFAX AVE & N VINE ST,1,3,0,0,1,4,0,0,30,0,0,0,0,0,2,3,11
,2022-00636,-104.9612497,39.67840518,1/12/2022 18:10,18:10,15,0,0,EVANS AVE & 2300 BLK E ,1,3,0,0,1,4,0,0,25,0,0,0,0,0,4,2,3
,2022-00637,-104.8837037,39.72362765,1/13/2022 16:12,16:12,15,0,0,E LOWRY BLVD & N YOSEMITE WAY,1,1,3,0,1,1,0,0,35,0,0,0,0,0,4,2,13
,2022-00639,-104.9735607,39.71877266,1/13/2022 9:29,9:29,12,0,0,E SPEER BLVD & N DOWNING ST,1,1,0,0,1,4,0,0,30,0,0,0,0,1,4,2,16
,2022-00641,-104.9684473,39.74483002,1/13/2022 14:15,14:15,10,0,0,E 18TH AVE & N FRANKLIN ST,1,1,0,0,1,1,0,0,35,0,0,0,0,0,4,2,3
,2022-00643,-105.0486715,39.74034782,1/11/2022 14:45,14:45,11,0,0,COLFAX AVE W & WOLFF ST N,1,1,0,0,1,1,0,0,25,0,1,0,0,0,2,1,3
,2022-00650,-104.9035084,39.69566164,1/12/2022 13:00,13:00,12,0,0,QUEBEC ST S & E MISSISSIPPI AVE,1,1,0,0,1,1,0,0,25,0,0,0,0,0,4,2,3
,2022-00651,-105.0532561,39.66774522,1/11/2022 17:25,17:25,12,0,2,SHERIDAN BLVD S & YALE AVE W,1,3,1,0,1,1,0,0,40,0,0,0,0,2,2,2,3
,2022-00653,-104.9810748,39.74754618,1/12/2022 18:52,18:52,3,0,0,E 20TH AVE & N PENNSYLVANIA ST,1,3,0,7,1,1,0,0,30,0,0,0,0,0,4,2,16
,2022-00654,-104.9873838,39.74085275,1/12/2022 11:48,11:48,12,0,0,CHEYENNE PL & BROADWAY,1,1,0,0,1,3,0,0,30,0,0,0,0,0,4,2,16
,2022-00655,-104.9037056,39.71705946,1/13/2022 16:08,16:08,15,0,0,E LOWRY BLVD & N QUEBEC ST,1,1,0,0,1,1,0,0,35,0,0,0,0,0,4,2,13
,2022-00657,-105.0150499,39.72932217,1/13/2022 6:15,6:15,12,0,0,I-25 & W 8TH AVE,1,3,0,0,1,4,0,0,55,0,0,0,0,0,1,2,1
,2022-00658,-104.8468868,39.75467351,1/13/2022 23:30,23:30,3,0,0,MLK BLVD E & N PEORIA ST,1,3,0,0,1,1,0,0,35,0,0,0,0,0,4,2,1
,2022-00661,-104.8099044,39.7765402,1/12/2022 15:25,15:25,12,0,0,CHAMBERS RD N & E 46TH AVE,1,1,0,0,1,3,0,0,40,0,0,0,0,0,4,3,10
,2022-00663,-104.909994,39.66763656,1/14/2022 6:31,6:31,6,0,0,YALE AVE E & S NIAGARA ST,1,2,0,0,1,4,0,0,30,0,0,0,0,0,4,2,13
,2022-00664,-104.8912265,39.62804309,1/14/2022 7:14,7:14,6,0,0,E CARRIAGE PL & S DTC BLVD,1,4,0,0,1,4,0,0,25,0,0,0,0,0,4,2,16
,2022-00665,-104.7721175,39.80371911,1/13/2022 13:25,13:25,3,0,0,E 59TH AVE & N TOWER RD,1,1,1,0,1,1,0,0,25,0,0,0,0,0,4,2,11
,2022-00666,-104.8881293,39.74008678,1/14/2022 8:10,8:10,12,0,0,E COLFAX AVE & N WILLOW ST,1,1,0,0,1,1,0,0,30,0,0,0,0,0,2,2,13
,2022-00667,-104.8470475,39.78626153,1/14/2022 20:02,20:02,15,0,0,N PEORIA ST & E ANDREWS DR,4,3,0,0,1,4,0,0,35,0,0,0,0,0,4,2,13
,2022-00668,-104.9985747,39.75774928,1/13/2022 10:52,10:52,15,0,0,CHESTNUT PL & 20TH ST,1,1,0,0,1,4,0,0,25,0,0,0,0,0,4,2,16
,2022-00669,-104.8657424,39.77582352,1/11/2022 15:59,15:59,9,0,1,I-70 WB OFF RAMP TO & HAVANA ST N,1,1,0,0,1,8,0,0,55,0,0,0,0,1,1,1,1
,2022-00670,-104.8098793,39.7731883,1/14/2022 13:15,13:15,3,0,0,CHAMBERS RD N & E 40TH AVE,1,1,0,0,1,1,0,0,40,0,0,0,0,0,4,2,1
,2022-00671,-104.9975818,39.72890435,1/14/2022 16:20,16:20,3,0,0,W 8TH AVE & N INCA ST,11,2,0,0,1,1,0,0,25,0,0,0,0,0,4,2,11
,2022-00672,-105.0042691,39.76099868,1/10/2022 18:30,18:30,12,0,1,I-25 & 20TH ST,1,3,0,0,1,4,0,0,55,0,0,0,0,1,1,2,3
,2022-00673,-105.0047562,39.76115807,1/14/2022 5:50,5:50,12,0,1,I-25 & 20TH ST,1,3,0,0,1,4,0,0,55,0,0,0,0,1,1,3,16
,2022-00674,-105.0152044,39.72025757,1/14/2022 6:26,6:26,3,0,0,W 2ND AVE & N YUMA ST,1,3,0,1,1,1,0,0,25,0,0,0,0,0,4,2,13
,2022-00675,-104.7744732,39.78371353,1/12/2022 10:59,10:59,3,0,1,GVR BLVD E & N YAMPA ST,1,1,0,0,1,1,0,0,30,0,0,0,0,2,4,2,13
,2022-00676,-104.9829418,39.77970736,1/13/2022 19:21,19:21,15,0,0,I-70 & N WASHINGTON ST,1,3,0,0,1,4,0,0,55,0,0,0,0,0,1,2,11
,2022-00677,-105.0001485,39.72570812,1/14/2022 12:30,12:30,3,0,0,W 6TH AVE & N KALAMATH ST,11,1,0,0,1,1,0,0,35,0,0,0,0,0,4,2,13
,2022-00678,-105.0029666,39.76920798,1/14/2022 15:33,15:33,6,0,0,3700 BLK N MARIPOSA WAY & W 38TH AVE,1,1,0,0,1,4,0,0,25,0,0,0,0,0,4,2,13
,2022-00681,-104.9874081,39.73455358,1/13/2022 15:18,15:18,12,0,0,BROADWAY & 1100 BLK N,1,1,0,0,1,4,0,0,35,0,0,0,0,0,4,3,14
,2022-00683,-105.0105013,39.72289619,1/13/2022 13:01,13:01,12,0,0,I-25 & W 6TH AVE,1,1,0,0,1,4,0,0,35,0,0,0,0,0,1,2,3
,2022-00687,-104.9034429,39.68486267,1/13/2022 15:59,15:59,10,0,0,S QUEBEC ST & E CHERRY CREEK S DR,1,1,0,0,1,1,0,0,,0,0,0,0,0,4,2,16
,2022-00688,-104.9028581,39.78523003,1/14/2022 16:00,16:00,12,0,0,E 49TH AVE & N SAND CREEK RD,1,1,0,0,1,1,0,0,30,0,0,0,0,0,4,2,7
,2022-00689,-104.9017357,39.78198657,1/14/2022 8:30,8:30,12,0,0,QUEBEC ST & SAND CREEK RD N,1,1,1,0,1,3,0,0,35,0,0,0,0,0,2,2,16
,2022-00691,-104.8729413,39.67472663,1/14/2022 14:25,14:25,12,0,1,ILIFF AVE E & S EMPORIA ST,1,1,0,0,1,4,0,1,30,0,0,0,0,2,4,3,11
,2022-00692,-104.9957203,39.73685632,1/15/2022 7:33,7:33,3,0,0,W 13TH AVE & N SPEER BLVD,1,1,0,0,1,1,0,0,,0,0,0,0,0,4,2,16
,2022-00693,-104.9729961,39.74000774,1/14/2022 17:11,17:11,12,0,0,DOWNING ST & COLFAX AVE E,1,3,0,0,1,4,0,0,30,0,0,0,0,0,4,2,13
,2022-00694,-104.7401847,39.7746914,1/15/2022 5:39,5:39,6,0,0,E 42ND AVE & N ODESSA ST,1,3,0,0,1,4,0,0,25,0,0,0,0,0,4,2,3
,2022-00695,-105.0165222,39.7513218,1/15/2022 18:40,18:40,12,0,1,I-25 & W 23RD AVE,1,4,0,0,1,4,0,0,55,0,0,0,0,3,2,3,3
,2022-00696,-104.9034551,39.74378519,1/14/2022 23:23,23:23,8,0,2,N QUEBEC ST & E 17TH AVE,1,3,0,0,1,5,0,0,35,0,0,0,0,2,4,2,14
,2022-00697,-104.9364938,39.77994878,1/14/2022 2:56,2:56,15,0,0,I-70 & EB OFF RAMP TO EB STAPLETON S,1,3,0,0,1,4,0,0,,0,0,0,0,0,1,2,16
,2022-00698,-105.0251112,39.66771796,1/13/2022 21:28,21:28,3,0,0,W YALE AVE & S FEDERAL BLVD,1,3,0,0,1,1,0,0,35,0,0,0,0,0,2,2,14
,2022-00699,-104.8800955,39.65302391,1/15/2022 17:37,17:37,12,0,0,E HAMPDEN AVE & S YOSEMITE ST,1,3,0,0,1,4,0,0,45,0,0,0,0,0,2,3,3
,2022-00700,-105.0141494,39.74044681,1/15/2022 18:53,18:53,12,0,0,I-25 & W COLFAX AVE,1,3,0,0,1,4,0,0,55,0,0,0,0,0,1,2,3
,2022-00701,-104.973002,39.73570722,1/15/2022 2:00,2:00,6,0,0,N DOWNING ST & E 12TH AVE,12,4,0,0,1,4,0,0,30,0,0,0,0,0,4,4,3
,2022-00703,-104.8706595,39.71003455,1/14/2022 16:22,16:22,12,0,0,E ALAMEDA AVE & S GALENA WAY,11,1,3,2,1,1,0,0,45,0,0,0,0,0,4,2,13
,2022-00705,-104.903607,39.77822269,1/14/2022 16:55,16:55,15,0,0,I-70 & N QUEBEC ST,1,3,1,0,1,4,0,0,55,0,0,0,0,0,1,2,13
,2022-00710,-105.0369817,39.73841806,1/11/2022 15:46,15:46,6,0,0,NEWTON ST N & 14TH AVE W,4,1,0,0,3,3,0,0,25,0,0,0,0,0,4,2,14
,2022-00712,-104.983619,39.72563055,1/15/2022 22:59,22:59,3,0,0,6TH AVE E & N GRANT ST,1,3,1,0,1,1,0,0,25,0,0,0,0,0,4,2,13
,2022-00717,-104.8929099,39.71119317,1/15/2022 14:15,14:15,15,0,0,E FAIRMONT AVE & E ALAMEDA AVE,1,1,0,0,1,4,0,0,35,0,0,0,0,0,4,2,13
,2022-00738,-104.9405249,39.75840313,1/5/2022 12:10,12:10,15,0,0,COLORADO BLVD N & 29TH AVE E,1,1,0,0,1,3,0,0,35,0,0,0,0,0,2,2,16
,2022-00741,-104.8788642,39.759969,1/12/2022 17:03,17:03,15,0,0,MLK BLVD E & N BEELER ST,1,1,3,0,1,4,0,0,35,0,0,0,0,0,4,2,16
,2022-00745,-104.9412405,39.78065929,1/10/2022 12:19,12:19,2,0,1,COLORADO BLVD N & I-70 WB ON RAMP,1,1,0,0,1,1,0,0,0,1,0,0,0,2,2,1,16
,2022-00746,-105.0486045,39.77204353,1/13/2022 9:25,9:25,6,0,0,WOLFF ST N & W 40TH AVE,1,1,0,0,1,4,0,0,25,0,0,0,0,0,4,3,16
,2022-00749,-104.9764349,39.7320358,1/14/2022 14:32,14:32,3,0,0,E 10TH AVE & N EMERSON ST,1,1,0,0,1,1,0,0,25,0,0,0,0,1,4,2,13
,2022-00753,-105.0158354,39.75630377,1/14/2022 7:50,7:50,5,0,0,N SPEER BLVD & N ZUNI ST,1,1,0,0,6,4,0,0,35,0,0,0,0,0,4,2,16
,2022-00754,-105.0158685,39.7692827,1/16/2022 15:54,15:54,3,0,0,N ZUNI ST & W 38TH AVE,1,1,3,0,1,1,0,0,35,0,0,0,0,0,4,2,16
,2022-00756,-104.9251969,39.6777639,1/13/2022 17:16,17:16,12,0,0,E EVANS AVE & GRAPE ST,1,2,0,0,1,4,0,0,35,0,0,0,0,0,4,2,3
,2022-00757,-104.9063945,39.6281604,1/16/2022 8:43,8:43,5,0,1,UNION AVE E & S NEWPORT ST,1,1,0,0,3,4,0,0,30,0,0,0,0,2,4,1,10
,2022-00758,-104.9805791,39.71472982,1/12/2022 17:15,17:15,6,0,0,E BAYAUD AVE & S PEARL ST,1,2,0,0,1,4,0,0,25,0,0,0,0,0,4,2,16
,2022-00759,-104.9734566,39.67670227,1/12/2022 15:00,15:00,3,0,0,E WARREN AVE & S DOWNING ST,1,1,0,0,1,1,0,0,25,0,0,0,0,0,4,3,3
,2022-00763,-104.8144211,39.78819547,1/8/2022 16:25,16:25,14,0,0,E 52ND AVE & N ELKHART ST,4,3,0,0,1,1,0,0,25,0,0,0,0,0,4,2,16
,2022-00764,-104.8753015,39.67475217,1/15/2022 17:53,17:53,12,0,0,ILIFF AVE E & S DAYTON WY,1,3,0,0,1,1,0,0,30,0,0,0,0,0,4,2,16
,2022-00767,-105.053296,39.71839591,1/16/2022 12:07,12:07,15,0,0,W 1ST AVE & SHERIDAN BLVD,1,1,0,0,1,1,0,0,40,0,0,0,0,0,1,2,11
,2022-00768,-104.9659533,39.76074053,1/9/2022 10:07,10:07,10,0,0,E 31ST AVE & N WILLIAMS ST,1,1,0,0,1,1,0,0,35,0,0,0,0,0,4,2,8
,2022-00769,-105.0336989,39.71974482,1/16/2022 14:17,14:17,3,0,0,N KING ST & W 2ND AVE,1,1,0,0,1,3,0,0,25,0,0,0,0,0,4,2,16
,2022-00770,-104.9025336,39.76737975,1/11/2022 13:14,13:14,10,0,0,QUEBEC ST N & 36TH AVE E,1,1,0,0,1,1,0,0,35,0,0,0,0,0,4,2,1
,2022-00771,-105.0167809,39.75128884,1/15/2022 15:22,15:22,12,0,0,I-25 & W 23RD AVE,1,1,0,0,1,4,0,0,55,0,0,0,0,0,1,2,13
,2022-00772,-104.9677487,39.78193538,1/14/2022 21:25,21:25,15,0,0,N BALDWIN CT & E 47TH AVE,1,3,0,0,1,1,0,0,,0,0,0,0,0,4,2,16
,2022-00773,-104.9372796,39.78046021,1/3/2022 12:47,12:47,3,0,0,HOLLY ST N & STAPLETON DR N,7,1,0,0,1,1,0,0,30,0,0,0,0,0,4,2,16
,2022-00774,-105.0252209,39.78760195,1/13/2022 10:51,10:51,12,0,2,N FEDERAL BLVD & W 50TH AVE,1,1,0,0,1,4,0,0,35,0,0,0,0,2,2,2,16
,2022-00775,-104.940629,39.67845463,1/16/2022 14:02,14:02,1,0,1,E EVANS AVE & S COLORADO BLVD,1,1,0,0,1,1,0,0,35,0,0,0,0,2,2,3,13
,2022-00776,-105.0251004,39.73800989,1/15/2022 23:08,23:08,12,0,0,N FEDERAL BLVD & W HOWARD PL,1,3,0,0,1,1,0,0,35,0,0,0,0,0,2,2,1
,2022-00779,-104.9081789,39.76182476,1/16/2022 14:10,14:10,3,0,1,MLK BLVD E & N ONEIDA ST,1,1,0,0,1,1,0,0,35,0,0,0,0,2,4,2,14
,2022-00780,-105.0131182,39.72551753,1/13/2022 18:38,18:38,12,0,2,I-25 & W 6TH AVE ON RAMP,1,3,1,0,1,4,0,0,55,0,0,0,0,2,1,4,16
,2022-00782,-104.8662922,39.77567056,1/16/2022 6:11,6:11,12,0,1,I-70 & HAVANNA ST,1,2,1,0,1,4,0,0,65,0,0,0,0,2,1,2,14
,2022-00783,-104.9671807,39.76651985,1/15/2022 18:14,18:14,6,0,0,N GILPIN ST & E 36TH AVE,1,3,0,0,1,4,0,0,25,0,0,0,0,0,4,2,16
,2022-00810,-105.0513605,39.65617782,1/15/2022 10:00,10:00,12,0,0,DARTMOUTH AVE & 5100 BLK W ,11,1,0,0,1,4,0,0,,0,0,0,0,0,1,2,16
,2022-00812,-104.9255047,39.66746911,1/17/2022 8:44,8:44,6,0,0,I-25 & E YALE AVE,1,1,0,0,1,4,0,0,60,0,0,0,0,0,2,2,16
,2022-00813,-104.8152542,39.78104577,1/16/2022 22:13,22:13,6,0,0,E BOLLING DR & N EUREKA CT,1,3,0,0,1,1,0,0,25,0,0,0,0,0,4,2,14
,2022-00814,-104.8742952,39.75474468,1/17/2022 17:14,17:14,3,0,2,E 26TH AVE & N EMPORIA ST,1,3,0,0,1,1,0,0,25,0,0,0,0,2,4,2,11
,2022-00815,-104.9068773,39.69610184,1/16/2022 2:44,2:44,6,0,0,E MISSISSIPPI AVE & S QUEBEC ST,1,4,0,0,1,4,0,0,25,0,0,0,0,0,4,3,16
,2022-00816,-105.0420725,39.7112008,1/17/2022 13:24,13:24,12,0,0,ALAMEDA AVE W & RALEIGH ST S,1,1,0,0,1,4,0,0,30,0,0,0,0,0,2,2,16
,2022-00817,-104.7721146,39.78369349,1/15/2022 1:06,1:06,12,0,1,N TOWER RD & E GVR BLVD,1,3,0,6,1,3,0,0,45,0,0,0,0,2,4,2,16
,2022-00818,-105.0006063,39.74405842,1/17/2022 16:31,16:31,15,0,0,SPEER BLVD & ARAPAHOE ST,1,1,3,0,1,4,0,0,35,0,0,0,0,0,4,2,16
,2022-00819,-104.8097976,39.78374358,1/16/2022 22:34,22:34,1,0,0,GVR BLVD E & N CHAMBERS RD,1,3,0,0,1,1,0,0,40,0,0,0,0,0,4,2,16
,2022-00820,-104.992883,39.75542695,1/16/2022 15:49,15:49,6,0,0,BLAKE ST & 21ST ST,1,1,0,0,1,4,0,0,30,0,0,0,0,0,4,4,8
,2022-00821,-104.7343993,39.79693875,1/17/2022 3:40,3:40,4,0,1,N PICADILLY RD & E MAXWELL PL,1,3,0,0,1,4,0,0,40,0,0,0,0,1,4,1,13
,2022-00822,-105.021707,39.66694313,1/17/2022 5:47,5:47,6,0,1,YALE AVE W & S DECATUR ST,1,3,0,1,1,1,0,0,25,0,0,0,0,2,4,3,16
,2022-00824,-104.9828169,39.68576076,1/16/2022 11:34,11:34,3,0,0,E MEXICO AVE & S LOGAN ST,1,1,0,1,1,1,0,0,25,0,0,0,0,0,4,2,13
,2022-00828,-104.9405291,39.68311149,1/17/2022 13:45,13:45,5,0,0,I-25 & S COLORADO BLVD,1,1,0,0,1,4,0,0,65,0,0,0,0,0,1,2,14
,2022-00829,-105.0152468,39.75604867,1/17/2022 9:45,9:45,12,0,0,SPEER BLVD & 2600 BLK N ,1,1,0,0,1,4,0,0,30,0,0,0,0,0,4,2,13
,2022-00830,-104.9293194,39.71118775,1/17/2022 1:50,1:50,5,0,0,ALAMEDA AVE E & S ELM ST,1,4,0,0,6,1,0,0,35,0,0,0,0,0,4,1,14
,2022-00831,-104.9675705,39.67837605,1/17/2022 11:19,11:19,6,0,0,GILPIN ST S & E EVANS AVE,1,1,0,0,1,4,0,0,25,0,0,0,0,0,4,2,13
,2022-00832,-105.0532867,39.71415347,1/15/2022 13:15,13:15,15,0,0,SHERIDAN BLVD & 100 BLK S,1,1,0,0,1,4,0,0,,0,0,0,0,0,2,2,16
,2022-00834,-105.0236073,39.76201607,1/17/2022 11:00,11:00,5,0,0,W 32ND AVE & N ELIOT ST,1,1,0,0,2,1,0,0,30,0,0,0,0,0,4,2,13
,2022-00835,-105.0532993,39.65175257,1/15/2022 9:57,9:57,12,0,0,W HAMPDEN AVE S SERVICE RD & S SHERIDAN BLVD,4,1,0,1,1,4,0,0,30,0,0,0,0,0,2,3,16
,2022-00837,-104.9477771,39.78380905,1/17/2022 14:58,14:58,1,0,0,E 48TH AVE & N VASQUEZ BLVD,1,1,0,0,1,1,0,0,45,0,0,0,0,0,2,2,7
,2022-00840,-105.0531999,39.65335624,1/15/2022 9:57,9:57,12,0,0,W HAMPDEN AVE S SERVICE RD & S SHERIDAN BLVD,4,1,0,1,1,4,0,0,30,0,0,0,0,0,2,2,13
,2022-00841,-105.0206077,39.76320996,1/16/2022 2:18,2:18,6,0,0,W 33RD AVE & N CLAY ST,1,3,0,0,3,4,0,0,30,0,0,0,0,0,4,3,16
,2022-00846,-105.0532993,39.65175257,1/15/2022 8:26,8:26,12,0,0,W HAMPDEN AVE SERVICE S & S SHERIDAN BLVD,4,1,0,1,1,3,0,0,30,0,0,0,0,0,2,2,13
,2022-00848,-104.9624231,39.77764014,1/16/2022 13:52,13:52,6,0,0,N VINE ST & E 44TH AVE,1,1,0,0,1,3,0,0,25,0,0,0,0,0,4,2,3
,2022-00850,-105.0399728,39.66060697,1/17/2022 11:27,11:27,3,0,0,W DARTMOUTH AVE & S PATTON CT,1,1,1,0,1,1,0,0,25,0,0,0,0,0,4,2,11
,2022-00852,-104.8721079,39.78671961,1/16/2022 20:27,20:27,3,0,1,N FLORENCE ST & E 49TH AVE,1,4,0,0,1,1,0,0,30,0,0,0,0,2,4,2,16
,2022-00853,-104.9139491,39.73833587,1/14/2022 22:07,22:07,8,0,0,E 14TH AVE & N LOCUST ST,1,3,0,0,1,1,0,0,35,0,0,0,0,0,4,2,16
,2022-00854,-105.0042691,39.76099868,1/16/2022 1:01,1:01,12,0,0,I-25 & 20TH ST,1,3,0,0,1,4,0,0,55,0,0,0,0,0,1,2,16
,2022-00858,-105.0047785,39.75022379,1/16/2022 12:40,12:40,3,0,0,N SPEER BLVD & WEWATTA ST,1,1,0,0,1,1,0,0,35,0,0,0,0,0,4,2,13
,2022-00902,-105.0381556,39.76946319,1/18/2022 2:02,2:02,3,0,1,W 38TH AVE & N OSCEOLA ST,1,3,1,0,1,1,0,0,35,0,0,0,0,2,4,2,16
,2022-00905,-105.0286482,39.76191203,1/18/2022 11:51,11:51,15,0,0,SPEER BLVD N & N GREEN CT,1,1,0,0,1,4,0,0,30,0,0,0,0,0,4,2,13
,2022-00906,-104.9593821,39.68138507,1/15/2022 15:15,15:15,6,0,0,UNIVERSITY BLVD & 1920 BLK S ,1,1,3,0,1,4,0,0,,0,0,0,0,0,4,1,16
,2022-00918,-104.9597851,39.73998323,1/11/2022 12:30,12:30,10,0,0,YORK ST & E COLFAX AVE,1,1,0,0,1,2,0,0,30,0,0,0,0,0,2,2,11
,2022-00929,-104.989823,39.72893841,1/17/2022 10:22,10:22,12,0,1,N SPEER BLVD & W 8TH AVE,1,1,0,0,1,3,0,0,35,0,0,0,1,3,4,2,1
,2022-00939,-105.0532695,39.68071351,1/14/2022 16:00,16:00,12,0,0,SHERIDAN BLVD & 1900 BLK S ,14,5,3,7,1,4,0,0,,0,0,0,0,0,2,2,16
,2022-00948,-104.9187916,39.67845627,1/17/2022 14:15,14:15,1,0,0,E EVANS AVE & S JASMINE ST,1,1,0,0,1,1,0,0,30,0,0,0,0,0,4,2,3
,2022-00965,-105.0133414,39.77292443,1/16/2022 18:00,18:00,6,0,0,W 41ST AVE & N VALLEJO ST,1,1,0,0,1,4,0,0,25,0,0,0,0,0,4,2,13
,2022-00966,-104.9472717,39.73857077,1/18/2022 5:00,5:00,6,0,0,N COOK ST & E 14TH AVE,1,4,0,0,1,4,0,0,25,0,0,0,0,1,4,4,16
,2022-00969,-104.9407351,39.69484238,1/17/2022 9:28,9:28,12,0,0,S COLORADO BLVD & E ARIZONA AVE,1,1,1,0,1,3,0,0,35,0,0,0,0,0,2,2,3
,2022-00974,-104.9920437,39.68933703,1/18/2022 13:00,13:00,12,0,1,S SANTA FE DR & W FLORIDA AVE,1,1,0,0,1,1,0,0,45,0,0,0,0,2,2,2,13
,2022-00976,-104.9406179,39.66862367,1/17/2022 16:00,16:00,3,0,1,COLORADO BLVD & 2500 BLK S ,1,1,0,0,1,2,0,0,30,0,0,0,0,1,2,2,3
,2022-00986,-104.9034276,39.75101654,1/18/2022 7:10,7:10,15,0,0,QUEBEC ST N & 23RD AVE E,1,1,0,0,1,1,0,0,30,0,0,0,0,0,4,2,11
,2022-00989,-105.0531919,39.68228373,1/18/2022 13:15,13:15,3,0,0,JEWELL AVE W & SHERIDAN BLVD S,1,1,0,0,1,2,0,0,30,0,0,0,0,0,4,3,3
,2022-01007,-104.9804236,39.69272746,1/17/2022 20:44,20:44,6,0,1,PEARL ST S & E LOUISIANA AVE,1,3,0,0,1,4,0,0,25,0,0,0,0,2,4,2,1
,2022-01008,-105.0394551,39.72438055,1/15/2022 1:00,1:00,6,0,0,N PERRY ST & W 5TH AVE,1,3,0,0,1,3,0,0,25,0,0,0,0,0,4,2,16
,2022-01013,-105.0129522,39.72533177,1/17/2022 17:07,17:07,12,0,1,I-25 & W 6TH AVE,1,2,0,0,1,4,0,0,55,0,0,0,0,2,1,3,13
,2022-01014,-104.89038,39.75747837,1/18/2022 17:45,17:45,12,0,0,CENTRAL PARK BLVD N & E 29TH AVE,1,3,0,0,1,4,0,0,35,0,0,0,0,0,4,3,10