id,drcog_id,longitude,latitude,crashtime,time,crashtype,numbkilled,numbinjurd,drcoglocat,rdconditin,lightngcon,roadcntgrd,weatherco,location,roaddescrp,schoolzone,constrzone,splimit,bikeinv,pedinv,sctrinv,motoinv,svrty,rdsystem,ttlvehcls,hcf
,2022-01034,-104.9823363,39.74272262,1/17/2022 15:00,15:00,6,0,0,N LOGAN ST & E 17TH AVE,1,4,0,0,1,4,0,0,30,0,0,0,0,0,4,2,16
,2022-01046,-105.0165222,39.7513218,1/17/2022 11:25,11:25,12,0,0,I-25 & W 23RD AVE,1,1,0,0,1,4,0,0,55,0,0,0,0,0,1,2,11
,2022-01065,-104.9965605,39.70666643,1/17/2022 20:07,20:07,12,0,2,S SANTA FE DR & I-25 INTERCHANGE,1,3,1,0,1,4,0,0,40,0,0,0,1,3,2,2,16
,2022-01072,-104.9574355,39.73838705,1/17/2022 16:00,16:00,6,0,0,N COLUMBINE ST & E 14TH AVE,1,4,0,7,1,4,0,0,25,0,0,0,0,0,4,2,16
,2022-01081,-104.9316376,39.78045487,1/19/2022 8:07,8:07,6,0,0,E 46TH AVE & N DAHLIA ST,4,1,0,2,1,4,0,0,35,0,0,0,0,0,4,2,16
,2022-01085,-104.9255228,39.76741654,1/19/2022 10:05,10:05,6,0,0,E 36TH AVE & N GLENCOE ST,4,1,0,3,1,4,0,0,25,0,0,0,0,0,4,2,1
,2022-01086,-104.9984812,39.75378268,1/19/2022 19:45,19:45,3,0,0,18TH ST & WYNKOOP ST,1,3,0,0,1,1,0,0,25,0,0,0,0,0,4,2,3
,2022-01087,-104.9172563,39.74007435,1/12/2022 22:11,22:11,5,0,0,E COLFAX AVE & N KEARNEY ST,1,3,3,0,3,4,0,0,25,0,0,0,0,0,2,1,16
,2022-01090,-104.9211076,39.75107683,1/19/2022 8:58,8:58,3,0,0,N IVANHOE ST & E 23RD AVE,11,1,0,0,1,1,0,0,25,0,0,0,0,0,4,2,13
,2022-01092,-104.8998906,39.73269539,1/19/2022 13:49,13:49,10,0,0,ROSEMARY ST N & E 11TH AVE,4,1,0,0,1,2,0,0,25,0,0,0,0,0,4,2,11
,2022-01093,-104.9047182,39.65305099,1/18/2022 17:45,17:45,1,0,1,E HAMPDEN AVE & S POPLAR ST,1,3,0,0,1,3,0,0,40,0,0,0,0,1,2,2,11
,2022-01094,-104.903401,39.77822316,1/19/2022 16:40,16:40,15,0,0,QUEBEC ST & I-70,1,1,1,0,1,4,0,0,40,0,0,0,0,0,2,2,13
,2022-01098,-104.9875255,39.71478006,1/19/2022 11:13,11:13,3,0,0,S BROADWAY & E BAYAUD AVE,11,1,0,3,1,1,0,0,30,0,0,0,0,0,4,2,8
,2022-01103,-104.8939013,39.63635337,1/19/2022 15:53,15:53,12,0,0,S TAMARAC ST & I-225 N FRTG RD - WB RAMPS,1,1,1,3,1,14,0,0,40,0,0,0,0,0,4,2,14
,2022-01104,-104.6711576,39.83799657,1/19/2022 14:19,14:19,16,0,0,N SHADY GROVE ST & 7800 BLK N,11,1,0,3,5,7,0,0,15,0,0,0,0,0,3,2,8
,2022-01105,-105.0940816,39.61823508,1/19/2022 12:57,12:57,14,0,0,S DOVER ST & W CRESTLINE AVE,4,1,0,3,1,4,0,0,25,0,0,0,0,0,4,2,13
,2022-01106,-105.0509483,39.73848697,1/19/2022 13:26,13:26,3,0,0,W 14TH AVE & N YATES ST,4,1,0,2,1,1,0,0,25,0,0,0,0,0,4,2,13
,2022-01107,-105.0064252,39.78313348,1/18/2022 8:00,8:00,15,0,0,I-70 & N PECOS ST,1,1,0,0,1,4,0,0,55,0,0,0,0,0,1,2,11
,2022-01109,-104.9506289,39.74015369,1/19/2022 19:53,19:53,6,0,0,E COLFAX AVE & ST PAUL ST,1,3,0,0,1,4,0,0,30,0,0,0,0,0,2,2,13
,2022-01110,-104.9499146,39.76182375,1/19/2022 15:49,15:49,12,0,0,MLK BLVD E & N STEELE ST,4,5,0,2,1,4,0,0,35,0,0,0,0,1,4,2,16
,2022-01111,-105.0383235,39.67914854,1/19/2022 12:28,12:28,14,0,0,PATTON CT S & W EVANS AVE,4,1,0,3,1,4,0,0,25,0,0,0,0,0,4,2,13
,2022-01112,-105.0001485,39.72570812,1/19/2022 10:02,10:02,15,0,0,N KALAMATH ST & W 6TH AVE,4,1,0,2,1,1,0,0,30,0,0,0,0,0,4,2,13
,2022-01114,-105.0520684,39.73849125,1/19/2022 9:35,9:35,3,0,0,N ZENOBIA ST & W 14TH AVE,4,1,0,3,1,1,0,0,25,0,0,0,0,1,4,2,7
,2022-01115,-104.9862752,39.70382633,1/19/2022 7:13,7:13,12,0,0,S LINCOLN ST & E EXPOSITION AVE,1,2,0,0,1,4,0,0,30,0,0,0,0,1,4,2,16
,2022-01116,-104.9929317,39.73845066,1/13/2022 10:10,10:10,12,0,0,N DELAWARE ST & W 14TH AVE,1,1,0,1,1,1,0,0,25,0,0,0,0,0,4,2,16
,2022-01117,-104.9670898,39.7802311,1/19/2022 7:50,7:50,1,0,1,N BRIGHTON BLVD & E 46TH N AVE,11,1,0,3,1,1,0,1,35,0,0,0,0,2,2,2,11
,2022-01118,-105.039056,39.68926,1/19/2022 12:40,12:40,6,0,0,S PATTON CT & W FLORIDA AVE,4,1,0,0,1,4,0,0,25,0,0,0,0,0,4,2,13
,2022-01119,-104.915708,39.6666192,1/13/2022 8:07,8:07,16,0,0,YALE AVE E & 6460 E YALE AVE,1,1,0,0,5,7,0,0,10,0,0,0,0,0,3,2,1
,2022-01120,-104.9597665,39.75071751,1/19/2022 8:05,8:05,1,0,0,N YORK ST & E 23RD AVE,11,1,0,0,1,3,0,0,35,0,0,0,0,0,4,2,16
,2022-01121,-104.8657287,39.77562189,1/19/2022 6:56,6:56,1,0,0,N HAVANA ST & I-70 EB ON RAMP,11,2,0,3,1,1,0,0,35,0,0,0,0,0,1,3,11
,2022-01122,-105.0271736,39.67530176,1/15/2022 2:00,2:00,6,0,0,ILIFF AVE W & HAZEL WY S,4,3,0,0,1,4,0,0,,0,0,0,0,0,4,3,16
,2022-01124,-104.9234432,39.7292492,1/18/2022 18:00,18:00,12,0,0,E 8TH AVE & N HUDSON ST,1,3,0,0,1,1,0,0,,0,0,0,0,0,4,2,16
,2022-01125,-104.9929399,39.69666191,1/19/2022 13:51,13:51,3,0,0,W MISSISSIPPI AVE & S PLATTE RIVER DR,11,1,0,0,1,1,0,0,30,0,0,0,0,0,4,2,7
,2022-01131,-104.9587199,39.70386234,1/19/2022 11:30,11:30,6,0,0,EXPOSITION AVE E & 2400 BLK E,4,1,0,0,1,4,0,0,15,0,0,0,0,0,4,2,16
,2022-01139,-104.9224399,39.65311061,1/19/2022 13:24,13:24,15,0,0,E HAMPDEN AVE & S HOLLY ST,11,1,0,3,1,4,0,0,35,0,0,0,0,0,2,2,11
,2022-01140,-105.0011844,39.71491679,1/18/2022 6:40,6:40,15,0,0,I-25 & W BAYAUD AVE,1,3,0,0,1,4,0,0,55,0,0,0,0,0,1,2,16
,2022-01144,-105.0593375,39.79079241,1/19/2022 10:15,10:15,6,0,0,N EATON ST & W 52ND AVE,4,1,0,0,1,4,0,0,25,0,0,0,0,0,4,2,13
,2022-01178,-104.8996448,39.76858716,1/17/2022 15:00,15:00,12,0,0,N SYRACUSE ST & E 36TH AVE ,1,1,3,0,1,4,0,0,35,0,0,0,0,0,4,2,13
,2022-01179,-104.9047182,39.65305099,1/13/2022 19:21,19:21,1,0,0,E HAMPDEN AVE & S POPLAR ST ,1,3,3,0,1,1,0,0,40,0,0,0,0,0,2,2,13
,2022-01180,-105.025041,39.68768535,1/11/2022 15:38,15:38,12,0,0,FEDERAL BLVD S & IOWA AVE W,1,1,3,0,1,4,0,0,,0,0,0,0,0,2,2,13
,2022-01181,-104.8999958,39.65751666,1/14/2022 15:53,15:53,3,0,0,S TAMARAC DR  & E EASTMAN AVE,11,1,3,2,1,1,0,0,30,0,0,0,0,0,4,2,13
,2022-01182,-105.0518763,39.69511037,1/16/2022 16:59,16:59,6,0,0,ZENOBIA ST S & W ARIZONA AVE ,1,1,3,0,1,4,0,0,25,0,0,0,0,0,4,2,6
,2022-01183,-105.025041,39.68768535,1/16/2022 2:35,2:35,12,0,1,S FEDERAL BLVD & W IOWA AVE ,1,3,3,0,1,1,0,0,40,0,0,0,0,1,2,2,2
,2022-01184,-104.9645477,39.78285348,1/14/2022 13:40,13:40,6,0,0,N HIGH ST & 4700 BLK N,1,1,3,0,1,4,0,0,25,0,0,0,0,0,4,2,1
,2022-01185,-105.0017856,39.678554,1/15/2022 15:24,15:24,12,0,0,LIPAN ST S & W EVANS AVE ,1,1,3,0,1,3,0,0,30,0,0,0,0,1,4,2,13
,2022-01186,-105.0052346,39.74014355,1/15/2022 14:11,14:11,15,0,0,COLFAX AVE & 1400 BLK W,1,1,3,0,1,4,0,0,35,0,0,0,0,0,2,2,13
,2022-01190,-104.9810842,39.74001913,1/20/2022 12:35,12:35,12,0,0,E COLFAX AVE & PENNSYLVANIA ST,1,1,0,0,1,1,0,0,30,0,0,0,0,0,2,3,16
,2022-01192,-104.9574394,39.73597352,1/19/2022 18:00,18:00,6,0,0,COLUMBINE ST & 1200 BLK N ,4,3,1,3,1,4,0,0,25,0,0,0,0,0,4,2,1
,2022-01193,-104.8966024,39.77820476,1/20/2022 13:15,13:15,12,0,0,I-270 & I-70,1,1,0,1,1,4,0,0,55,0,0,0,0,0,1,2,16
,2022-01197,-104.9776123,39.73841554,1/20/2022 20:26,20:26,10,0,0,N CLARKSON ST & E 14TH AVE,1,3,0,0,1,3,0,0,35,0,0,0,0,0,4,2,16
,2022-01200,-104.9221738,39.7474162,1/21/2022 8:45,8:45,12,0,0,MONTVIEW BLVD E & N HOLLY ST,1,1,0,0,1,3,0,0,30,0,0,0,0,0,4,2,13
,2022-01203,-104.940786,39.72539389,1/20/2022 14:58,14:58,12,0,0,COLORADO BLVD & E 6TH AVE,1,1,0,0,1,3,0,0,35,0,0,0,0,0,2,3,13
,2022-01204,-105.0000592,39.74004799,1/20/2022 14:07,14:07,12,0,0,W COLFAX AVE & N KALAMATH ST,1,1,0,0,1,4,0,0,30,0,0,0,0,0,2,2,13
,2022-01208,-104.8962451,39.68363359,1/18/2022 16:01,16:01,12,0,0,E COLORADO AVE & S TRENTON ST,1,1,0,0,1,2,0,0,25,0,0,0,0,0,4,2,1
,2022-01209,-104.9948108,39.76838483,1/19/2022 11:35,11:35,12,0,0,I-25 SB OFF RAMP & N FOX ST EXIT,4,1,0,3,1,8,0,0,25,0,0,0,0,0,4,2,13
,2022-01210,-105.0250035,39.72751435,1/20/2022 6:50,6:50,10,0,0,W 7TH AVE & N FEDERAL BLVD,1,2,1,0,1,1,0,0,25,0,0,0,0,0,2,2,14
,2022-01211,-105.0345795,39.78553712,1/17/2022 10:25,10:25,6,0,0,N LOWELL BLVD & W 49TH AVE,1,1,0,0,1,4,0,0,30,0,0,0,0,0,4,2,13
,2022-01212,-104.9861301,39.73384751,1/20/2022 7:00,7:00,12,0,0,11TH AVE E & N LINCOLN ST,1,1,0,0,1,1,0,0,30,0,0,0,0,0,4,3,16
,2022-01213,-104.9991281,39.74057849,1/20/2022 17:30,17:30,12,0,0,SPEER BLVD NB & COLFAX AVE W,1,2,0,0,1,4,0,0,35,0,0,0,0,0,4,2,13
,2022-01214,-105.0298583,39.74027785,1/5/2022 11:56,11:56,12,0,0,COLFAX AVE W & IRVING ST N,1,1,0,0,1,1,0,0,,0,0,0,0,0,2,2,16
,2022-01215,-105.0006422,39.71118438,1/6/2022 20:45,20:45,12,0,0,W ALAMEDA AVE & S PLATTE RIVER DR,7,3,0,0,1,4,0,0,35,0,0,0,0,0,2,2,16
,2022-01216,-105.0105949,39.75448592,1/20/2022 15:31,15:31,12,0,0,N SPEER BLVD & I-25 NB ON RAMP,1,1,0,0,1,1,0,0,35,0,0,0,0,0,4,2,13
,2022-01217,-105.0521112,39.68071355,1/7/2022 18:19,18:19,6,0,0,1900 BLOCK S ZENOBIA ST & W JEWELL AVE,4,3,1,2,1,4,0,0,25,0,0,0,0,0,4,3,1
,2022-01218,-104.9597854,39.74003542,1/19/2022 15:38,15:38,10,0,0,YORK ST N & COLFAX AVE E,11,1,0,0,1,1,0,0,30,0,0,0,0,0,2,2,11
,2022-01219,-104.8932685,39.63353211,1/20/2022 8:42,8:42,12,0,0,S DTC BLVD & E TUFTS AVE,1,2,0,0,1,3,0,0,30,0,0,0,0,0,4,2,8
,2022-01220,-104.9593175,39.7801238,1/20/2022 7:00,7:00,15,0,0,I-70 & N YORK ST,1,3,0,0,1,4,0,0,55,0,0,0,0,0,1,2,11
,2022-01221,-104.9393009,39.76446334,1/20/2022 17:10,17:10,10,0,0,E BRUCE RANDOLPH AVE & ALBION ST N,1,3,0,0,1,1,0,0,30,0,0,0,0,0,4,2,13
,2022-01230,-105.0250616,39.70310909,1/20/2022 21:30,21:30,5,0,0,S FEDERAL BLVD & W WALSH PL,1,3,0,4,6,4,0,0,40,0,0,0,0,0,2,5,7
,2022-01235,-104.8098793,39.7731883,1/20/2022 11:45,11:45,3,0,0,CHAMBERS RD N & E 40TH AVE,1,1,1,0,1,1,0,0,40,0,0,0,0,0,4,2,13
,2022-01236,-104.8097976,39.78374358,1/20/2022 12:20,12:20,3,0,0,CHAMBERS RD N & E GVR BLVD,1,1,0,0,1,1,0,0,40,0,0,0,0,0,4,2,11
,2022-01238,-104.9953008,39.73845398,1/20/2022 15:15,15:15,3,0,0,N FOX ST & W 14TH AVE,1,1,0,0,1,1,0,0,35,0,0,0,0,1,4,2,1
,2022-01239,-104.7626063,39.81287098,1/20/2022 15:39,15:39,15,0,0,N DUNKIRK ST & E 64TH AVE,1,1,0,0,1,4,0,0,40,0,0,0,0,0,4,2,8
,2022-01241,-105.0324788,39.72452126,1/7/2022 22:41,22:41,3,0,0,W 5TH AVE & N KNOX CT,1,3,1,0,1,1,0,0,25,0,0,0,0,0,4,2,16
,2022-01242,-104.7613874,39.77887754,1/19/2022 11:55,11:55,6,0,0,N ENSENADA ST & E ADAK PL,9,1,0,2,1,4,0,0,25,0,0,0,0,0,4,2,10
,2022-01246,-105.0198635,39.72900962,1/20/2022 14:04,14:04,15,0,0,N CANOSA CT & W 8TH AVE,1,1,0,0,1,4,0,0,30,0,0,0,0,1,4,2,13
,2022-01247,-104.978739,39.74326731,1/19/2022 18:20,18:20,10,0,0,N WASHINGTON ST & E 17TH AVE,4,3,0,3,1,1,0,0,25,0,0,0,0,0,4,2,3
,2022-01249,-104.9078259,39.71837008,1/19/2022 16:30,16:30,3,0,1,N ONEIDA CT & E 1ST AVE,4,1,0,3,1,1,0,0,25,0,0,0,0,2,4,2,3
,2022-01250,-104.9037175,39.77851797,1/20/2022 11:16,11:16,15,0,0,QUEBEC ST & I-70,1,1,0,0,1,4,0,0,35,0,0,0,0,0,2,2,13
,2022-01251,-104.8928647,39.73870146,1/20/2022 14:10,14:10,3,0,0,N UINTA ST & E 14TH AVE,1,1,0,0,1,1,0,0,35,0,0,0,0,0,4,2,1
,2022-01256,-105.0300097,39.71497636,1/2/2022 13:38,13:38,12,0,0,IRVING ST S & BAYAUD AVE W,4,1,0,2,1,1,0,0,,0,0,0,0,0,4,2,16
,2022-01258,-104.9608387,39.73997391,1/18/2022 17:40,17:40,6,0,0,COLFAX AVE E & GAYLORD ST N,1,3,0,0,1,4,0,0,30,0,0,0,0,0,2,2,14
,2022-01259,-104.9500291,39.69476517,1/20/2022 10:00,10:00,3,0,2,E ARIZONA AVE & S STEELE ST,1,1,0,0,1,1,0,0,25,0,0,0,0,3,4,2,16
,2022-01260,-104.9851942,39.67044471,1/20/2022 14:11,14:11,6,0,0,S SHERMAN ST & E HARVARD AVE,1,1,1,0,1,4,0,0,25,0,0,0,0,0,4,4,14
,2022-01261,-104.9764565,39.73763307,1/5/2022 5:26,5:26,6,0,0,1300 BLOCK N EMERSON ST & E 13TH AVE,1,3,0,0,1,4,0,0,25,0,0,0,0,0,4,4,16
,2022-01267,-104.9373212,39.68210137,1/20/2022 15:21,15:21,3,0,0,S BELLAIRE ST & E JEWELL AVE,1,1,0,0,1,1,0,0,,0,0,0,0,0,4,2,16
,2022-01278,-104.9965949,39.68930784,1/20/2022 17:01,17:01,15,0,0,W FLORIDA AVE & S PLATTE RIVER DR,1,2,0,4,1,4,0,0,,0,0,0,0,0,4,2,16
,2022-01280,-104.987528,39.71457409,1/13/2022 12:00,12:00,6,0,0,BROADWAY & E BAYAUD AVE,1,1,0,0,1,4,0,0,30,0,0,0,0,0,4,2,16
,2022-01281,-104.8959921,39.71734883,1/20/2022 14:52,14:52,10,0,0,E LOWRY BLVD & N RAMPART WAY,1,1,0,0,1,6,0,0,35,0,0,0,0,0,4,2,8
,2022-01284,-104.9405044,39.78002872,1/18/2022 15:24,15:24,12,0,0,I-70 & N COLORADO BLVD,1,1,0,0,1,4,0,0,55,0,0,0,0,0,1,2,3
,2022-01286,-105.0416617,39.7403355,1/21/2022 5:14,5:14,12,0,1,W COLFAX AVE & N RALEIGH ST,1,3,0,0,1,1,0,0,35,0,0,0,0,1,2,2,3
,2022-01287,-105.0252602,39.77207004,1/20/2022 8:10,8:10,6,0,0,40TH AVE W & FEDERAL BLVD N,5,1,0,0,1,4,0,0,25,0,0,0,0,0,4,2,10
,2022-01288,-105.0532393,39.75842975,1/10/2022 18:29,18:29,12,0,0,SHERIDAN BLVD N & 29TH AVE W,1,3,1,0,1,1,0,0,35,0,0,0,0,0,2,3,13
,2022-01290,-104.9622365,39.74025443,1/20/2022 10:31,10:31,6,0,0,VINE ST N & E COLFAX AVE,1,1,0,0,1,4,0,0,25,0,0,0,0,0,4,3,14
,2022-01291,-105.0531933,39.68247145,1/20/2022 7:26,7:26,12,0,0,S SHERIDAN BLVD & W JEWELL AVE,11,2,0,0,1,4,0,0,40,0,0,0,0,0,2,2,16
,2022-01293,-105.0156883,39.69998008,1/19/2022 15:00,15:00,6,0,0,W KENTUCKY AVE & S ZUNI ST,4,1,0,3,1,1,0,0,25,0,0,0,0,0,4,2,14
,2022-01294,-104.9671121,39.78013827,1/21/2022 8:03,8:03,12,0,0,I-70 & N BRIGHTON BLVD,1,1,0,0,1,4,0,0,55,0,0,0,0,0,1,2,13
,2022-01295,-104.8449613,39.77721361,1/9/2022 2:04,2:04,6,0,0,QUENTIN ST N & 44TH AVE E,1,3,0,0,1,4,0,0,,0,0,0,0,0,4,2,16
,2022-01298,-104.8660754,39.67080436,1/20/2022 18:15,18:15,10,0,0,PARKER RD S & HAVANA ST S,1,3,0,0,1,1,0,0,,0,0,0,0,0,2,2,16
,2022-01301,-104.9406502,39.69801338,1/21/2022 15:35,15:35,12,0,0,S COLORADO BLVD & E KENTUCKY AVE,4,1,1,0,1,4,0,0,35,0,0,0,0,0,2,2,13
,2022-01302,-104.846921,39.76709607,1/21/2022 5:55,5:55,12,0,0,N PEORIA ST & SMITH RD,1,4,2,0,1,4,0,0,35,0,0,0,0,0,4,2,13
,2022-01303,-104.8474159,39.76853472,1/21/2022 6:35,6:35,12,0,0,N PEORIA ST & E 38TH AVE,4,2,1,4,1,4,0,0,35,0,0,0,0,0,4,3,10
,2022-01304,-104.9407867,39.72505059,1/20/2022 20:44,20:44,12,0,1,COLORADO BLVD N & 6TH AVE E,1,3,0,0,1,4,0,0,45,0,0,0,0,1,2,3,13
,2022-01305,-105.0064437,39.774127,1/21/2022 16:35,16:35,12,0,0,N PECOS ST & W 42ND AVE,11,3,1,1,1,4,0,0,35,0,0,0,0,0,4,4,7
,2022-01307,-105.0243659,39.72541403,1/21/2022 7:25,7:25,15,0,0,W 6TH AVE & I-25 NB/SB ON RAMP,2,3,1,0,1,14,0,0,35,0,0,0,0,0,2,2,16
,2022-01312,-105.0041378,39.76928846,1/21/2022 22:43,22:43,3,0,1,W 38TH AVE & N NAVAJO ST,11,3,0,0,1,1,0,0,35,0,0,0,0,2,4,2,10
,2022-01313,-105.0203666,39.682296,1/21/2022 18:35,18:35,3,0,0,W JEWELL AVE & S CLAY ST,9,3,0,2,1,1,0,0,30,0,0,0,0,0,4,2,11
,2022-01315,-104.811806,39.78389082,1/17/2022 11:44,11:44,3,0,0,E GATEWAY AVE & N FRASER WY,1,1,0,0,1,1,0,0,25,0,0,0,0,1,4,3,10
,2022-01316,-104.9948159,39.76802143,1/18/2022 11:36,11:36,5,0,1,I-25 & PARK AVE W,1,1,0,0,2,4,0,0,55,0,0,0,0,2,1,1,7
,2022-01318,-104.9752965,39.73842379,1/22/2022 12:52,12:52,3,0,0,E 14TH AVE & N OGDEN ST,1,1,1,0,1,1,0,0,25,0,0,0,0,1,4,2,13
,2022-01321,-104.9827819,39.7111403,1/22/2022 10:53,10:53,11,0,1,S LOGAN ST & E ALAMEDA AVE,1,1,0,0,1,1,0,0,35,0,1,0,0,1,4,1,16
,2022-01325,-104.8661326,39.66752824,1/22/2022 16:29,16:29,3,0,0,S HAVANA ST & E YALE AVE,1,1,1,0,1,1,0,0,45,0,0,0,0,0,2,2,7
,2022-01328,-104.9664012,39.67847995,1/21/2022 21:55,21:55,10,0,0,E EVANS AVE & S WILLIAMS ST,4,3,0,0,1,3,0,0,35,0,0,0,0,0,4,2,13
,2022-01329,-105.0170148,39.6967581,1/22/2022 7:30,7:30,3,0,0,W MISSISSIPPI AVE & S ALCOTT ST,2,1,0,0,1,1,0,0,20,0,0,0,0,0,4,2,13
,2022-01333,-105.0393378,39.76943315,1/22/2022 10:15,10:15,11,0,1,N PERRY ST & W 38TH AVE,1,1,0,0,1,1,0,0,,0,1,0,0,2,4,1,16
,2022-01334,-105.053268,39.67915914,1/18/2022 18:00,18:00,10,0,0,S SHERIDAN BLVD & W EVANS AVE,1,4,0,0,1,1,0,0,40,0,0,0,0,0,2,2,16
,2022-01336,-104.9846116,39.75239338,1/21/2022 13:09,13:09,8,0,0,PARK AVE W & STOUT ST,11,1,0,2,1,1,0,0,30,0,0,0,0,1,4,2,13
,2022-01342,-104.9480133,39.78381116,1/19/2022 17:39,17:39,12,0,0,N VASQUEZ BLVD & E 48TH AVE,2,4,3,0,1,1,0,0,40,0,0,0,0,0,2,2,16
,2022-01343,-104.9218918,39.69662405,1/19/2022 22:00,22:00,3,0,0,S HOLLY ST & E CHERRY CREEK N DR,11,4,0,2,1,1,0,0,35,0,0,0,0,0,4,2,3
,2022-01346,-104.9969452,39.71119359,1/20/2022 5:38,5:38,1,0,0,W ALAMEDA AVE & S SANTA FE DR,1,3,0,0,1,1,0,0,35,0,0,0,0,0,4,2,16
,2022-01351,-105.0369477,39.70216627,1/19/2022 13:10,13:10,6,0,0,W OHIO AVE & S NEWTON ST,4,1,0,3,1,4,0,0,25,0,0,0,0,0,4,2,16
,2022-01352,-104.9149852,39.65315896,1/22/2022 9:47,9:47,15,0,0,E HAMPDEN AVE & S LOCUST ST,1,1,1,0,1,4,0,0,40,0,0,0,0,0,2,2,13
,2022-01355,-104.9824903,39.76345957,1/22/2022 5:00,5:00,6,0,0,BLAKE ST & 30TH ST,5,3,0,0,1,4,0,0,30,0,0,0,0,0,4,4,3
,2022-01382,-105.0033455,39.74846118,1/23/2022 0:14,0:14,15,0,0,AURARIA PKWY & N SPEER BLVD,2,3,0,0,1,4,0,0,35,0,0,0,0,0,4,2,13
,2022-01384,-104.9124382,39.72927898,1/22/2022 3:25,3:25,3,0,0,E 8TH AVE & N MONACO ST,4,3,0,0,1,1,0,0,30,0,0,0,0,0,4,2,14
,2022-01386,-105.0533877,39.74031959,1/19/2022 8:41,8:41,3,0,0,W COLFAX AVE & SHERIDAN BLVD,4,1,0,3,1,2,0,0,35,0,0,0,0,0,2,2,16
,2022-01394,-105.0252313,39.76925953,1/23/2022 2:35,2:35,3,0,0,N FEDERAL BLVD & W 38TH AVE,1,3,0,0,1,1,0,0,35,0,0,0,0,0,2,2,8
,2022-01397,-104.7913699,39.78364119,1/23/2022 18:45,18:45,3,0,1,E GVR BLVD & PENA BLVD OUTBOUND,1,3,0,0,1,1,0,0,35,0,0,0,0,2,4,2,13
,2022-01402,-105.0015154,39.69670577,1/22/2022 14:49,14:49,3,0,0,S LIPAN ST & W MISSISSIPPI AVE,1,1,1,0,1,1,0,0,30,0,0,0,0,0,4,3,16
,2022-01403,-105.0440031,39.76073126,1/23/2022 0:11,0:11,6,0,0,N TENNYSON ST & W 30TH AVE,1,3,1,0,1,4,0,0,,0,0,0,0,0,4,2,16
,2022-01406,-105.0250142,39.7129994,1/8/2022 22:41,22:41,3,0,0,FEDERAL BLVD S & CEDAR AVE E,1,3,0,0,1,1,0,0,40,0,0,0,0,0,2,2,16
,2022-01409,-104.900807,39.76737098,1/22/2022 16:07,16:07,3,0,2,E 36TH AVE & N ROSLYN ST,1,1,0,0,1,1,0,0,25,0,0,0,0,3,4,2,7
,2022-01414,-104.9659441,39.74945542,1/21/2022 19:22,19:22,3,0,0,N WILLIAMS ST & E 22ND AVE,1,3,0,0,1,1,0,0,25,0,0,0,0,0,4,2,16
,2022-01428,-104.9169299,39.65319314,1/23/2022 18:48,18:48,12,0,0,E HAMPDEN AVE & S LOCUST ST,1,3,3,0,1,3,0,0,35,0,0,0,0,0,2,3,13
,2022-01435,-105.0047562,39.76115807,1/7/2022 14:37,14:37,12,0,0,I-25 & 20TH ST,1,1,0,0,1,4,0,0,55,0,0,0,0,0,1,2,1
,2022-01439,-105.0258582,39.6822646,1/22/2022 18:35,18:35,15,0,0,W JEWELL AVE & S GROVE ST,1,3,0,0,1,4,0,0,35,0,0,0,0,0,4,2,1
,2022-01445,-105.0322922,39.76690124,1/22/2022 22:09,22:09,6,0,0,N JULIAN ST & W 36TH AVE,1,4,0,0,1,4,0,0,25,0,0,0,0,0,4,4,16
,2022-01450,-105.0249411,39.72512651,1/21/2022 10:58,10:58,1,0,0,N FEDERAL BLVD & W 6TH AVE EB RAMPS,11,1,0,2,1,1,0,0,35,0,0,0,0,0,2,2,13
,2022-01455,-104.9183666,39.74013339,1/23/2022 1:17,1:17,5,0,0,COLFAX AVE & 6035 BLK E,1,3,0,0,3,4,0,0,35,0,0,0,0,0,2,1,14
,2022-01457,-105.0322733,39.76492134,1/22/2022 22:09,22:09,6,0,0,N JULIAN ST & W 34TH AVE,1,3,0,0,1,4,0,0,25,0,0,0,0,1,4,3,1
,2022-01458,-105.0360608,39.70452361,1/22/2022 13:24,13:24,12,0,0,MEADE ST S & W CENTER AVE,1,1,0,0,1,2,0,0,25,0,0,0,0,0,4,2,3
,2022-01473,-104.900807,39.76737098,1/23/2022 15:34,15:34,3,0,0,E 36TH AVE & ROSLYN ST,1,1,0,0,1,1,0,0,25,0,0,0,0,0,4,2,11
,2022-01477,-105.0251716,39.71123825,1/20/2022 18:26,18:26,15,0,0,W ALAMEDA AVE & S FEDERAL BLVD,1,3,1,0,1,1,0,0,35,0,0,0,0,0,2,2,9
,2022-01486,-105.0211961,39.70932362,1/22/2022 20:00,20:00,6,0,0,DAKOTA AVE W & S DALE CT,1,3,0,0,1,4,0,0,25,0,0,0,0,0,4,3,1
,2022-01505,-105.008764,39.72157316,1/24/2022 9:45,9:45,12,0,2,I-25 NB & W 6TH AVE ON RAMP,1,1,1,0,1,4,0,0,55,0,0,0,0,1,1,2,3
,2022-01506,-105.0440273,39.73385931,1/22/2022 0:01,0:01,6,0,0,N TENNYSON ST & W 11TH AVE,4,3,0,7,1,1,0,0,,0,0,0,0,0,4,2,16
,2022-01507,-104.9312611,39.67846386,1/21/2022 15:10,15:10,15,0,0,EVANS AVE E & S DAHLIA ST,11,1,0,2,1,4,0,0,35,0,0,0,0,0,4,2,13
,2022-01508,-104.9477771,39.78380906,1/24/2022 14:35,14:35,12,0,0,N VASQUEZ BLVD & E 48TH AVE,1,1,0,0,1,1,0,0,45,0,0,0,0,0,2,2,13