id,drcog_id,longitude,latitude,crashtime,time,crashtype,numbkilled,numbinjurd,drcoglocat,rdconditin,lightngcon,roadcntgrd,weatherco,location,roaddescrp,schoolzone,constrzone,splimit,bikeinv,pedinv,sctrinv,motoinv,svrty,rdsystem,ttlvehcls,hcf
,2022-01509,-104.9407884,39.7146587,1/23/2022 15:00,15:00,1,0,0,S COLORADO BLVD & E BAYAUD AVE,1,1,0,0,1,1,0,0,35,0,0,0,0,0,2,2,3
,2022-01513,-105.006425,39.78517668,1/23/2022 14:12,14:12,3,0,0,N PECOS ST & W DIXIE PL,1,1,0,0,1,2,0,0,30,0,0,0,0,0,4,2,16
,2022-01516,-104.9857632,39.75141647,1/21/2022 8:08,8:08,15,0,0,22ND ST & STOUT ST,4,1,0,0,1,4,0,0,30,0,0,0,0,0,4,2,3
,2022-01517,-105.0322714,39.76389014,1/22/2022 22:09,22:09,6,0,0,W 33TH AVE & N JULIAN ST,1,3,0,0,1,4,0,0,25,0,0,0,0,1,4,2,16
,2022-01519,-104.9930264,39.75889238,1/21/2022 11:00,11:00,12,0,0,PARK AVE W & WAZEE ST,11,1,0,0,1,4,0,0,35,0,0,0,0,0,4,2,13
,2022-01521,-104.9791539,39.77935673,1/24/2022 6:00,6:00,12,0,1,I-70 & N WASHINGTON ST,1,3,0,0,1,4,0,0,55,0,0,0,0,1,1,2,3
,2022-01522,-104.9407876,39.7239642,1/24/2022 15:25,15:25,12,0,1,COLORADO BLVD & E 5TH AVE,1,1,0,0,1,3,0,0,35,0,0,0,0,1,2,2,3
,2022-01523,-104.9405114,39.7618025,1/21/2022 23:15,23:15,12,0,2,MLK BLVD E & COLORADO BLVD N,2,3,0,0,1,1,0,0,35,0,0,0,0,1,2,2,14
,2022-01524,-105.005112,39.73370379,1/22/2022 7:43,7:43,6,0,0,W 11TH AVE & N OSAGE ST,4,1,0,1,1,4,0,0,25,0,0,0,0,0,4,2,16
,2022-01525,-105.0086098,39.70779994,1/23/2022 9:40,9:40,3,0,0,S RARITAN ST & W VIRGINIA AVE,1,1,0,1,1,1,0,0,25,0,0,0,0,0,4,2,13
,2022-01530,-105.0043326,39.76094991,1/24/2022 11:33,11:33,1,0,0,20TH ST & I-25,1,1,0,0,1,1,0,0,30,0,0,0,0,0,4,2,13
,2022-01532,-104.847087,39.78924619,1/23/2022 11:47,11:47,1,0,0,N PEORIA ST & E 51STAVE,1,1,0,0,1,1,0,0,40,0,0,0,0,0,4,2,16
,2022-01533,-104.8848214,39.65102855,1/23/2022 12:45,12:45,3,0,0,S YOSEMITE ST & E JEFFERSON AVE,1,1,0,0,1,1,0,0,30,0,0,0,0,1,4,2,3
,2022-01535,-105.0250478,39.69400364,1/22/2022 9:50,9:50,3,0,0,FEDERAL BLVD & 1255 BLK S,11,1,0,1,1,2,0,0,35,0,0,0,0,0,2,3,13
,2022-01542,-104.9874079,39.74619274,1/23/2022 12:45,12:45,15,0,0,N BROADWAY & E 19TH AVE,1,1,0,0,1,1,0,0,30,0,0,0,0,0,4,2,8
,2022-01545,-104.9270606,39.68039836,1/22/2022 13:30,13:30,6,0,0,ASBURY AVE E & S GLENCOE ST,4,1,1,0,1,4,0,0,,0,0,0,0,0,4,3,16
,2022-01546,-104.9414812,39.7291018,1/23/2022 13:25,13:25,15,0,0,E 8TH AVE & N HARRISON ST,1,1,0,0,1,3,0,0,30,0,0,0,0,0,4,2,11
,2022-01547,-104.9865529,39.72564478,1/21/2022 9:28,9:28,12,0,0,6TH AVE E & N LINCOLN ST,1,1,0,0,1,4,0,0,30,0,0,0,0,0,4,2,16
,2022-01548,-104.9930087,39.74186221,1/23/2022 11:57,11:57,12,0,0,GLENARM PL & 14TH ST,1,1,0,1,1,4,0,0,25,0,0,0,0,0,4,2,16
,2022-01549,-104.9239487,39.64702318,1/23/2022 13:45,13:45,3,0,0,E HAPPY CANYON RD & E MANSFIELD AVE,1,1,0,0,1,1,0,0,25,0,0,0,0,0,4,2,3
,2022-01550,-104.8178697,39.79089364,1/16/2022 15:30,15:30,6,0,0,N DEEPHAVEN CT & 5305 N DEEPHAVEN CT,1,1,0,0,1,4,0,0,25,0,0,0,0,0,4,2,16
,2022-01551,-105.0064252,39.78313348,1/24/2022 7:00,7:00,15,0,0,I-70 & N PECOS ST,1,1,0,0,1,4,0,0,55,0,0,0,0,0,1,2,11
,2022-01552,-105.0003142,39.69670067,1/23/2022 12:00,12:00,12,0,0,W MISSISSIPPI AVE & S KALAMATH ST,1,1,0,0,1,1,0,0,30,0,0,0,0,0,4,2,3
,2022-01553,-104.9671664,39.77987417,1/24/2022 17:04,17:04,15,0,0,I-70 & N BRIGHTON BLVD,1,2,0,0,1,4,0,1,55,0,0,0,0,0,1,2,7
,2022-01560,-104.998391,39.71120449,1/24/2022 14:32,14:32,3,0,0,ALAMEDA AVE W & KALAMATH ST S,1,1,1,0,1,1,0,0,30,0,0,0,0,0,2,2,13
,2022-01561,-104.894448,39.63754754,1/21/2022 9:57,9:57,12,0,1,S TAMARAC ST & E QUINCY AVE,1,1,0,0,1,4,0,0,35,0,0,0,0,2,4,2,3
,2022-01563,-105.0532671,39.78485398,1/23/2022 21:13,21:13,15,0,0,N SHERIDAN BLVD & HWY I-70 WB OFF RAMP TO N SHERIDAN,1,3,0,0,1,3,0,0,35,0,0,0,0,0,2,2,11
,2022-01564,-105.087372,39.63008772,1/24/2022 7:56,7:56,3,0,0,7900 BLK W LAYTON AVE & S WADSWORTH BLVD,1,1,0,1,1,2,0,0,25,0,0,0,0,0,4,2,13
,2022-01565,-105.013642,39.69555952,1/24/2022 9:42,9:42,5,0,0,S UMATILLA ST & W MOSIER PL,1,1,0,0,1,4,0,1,25,0,0,0,0,0,4,2,3
,2022-01568,-104.8733727,39.66699536,1/22/2022 10:40,10:40,6,0,0,DAYTON WY S & S ELMIRA ST,4,1,0,0,1,4,0,0,25,0,0,0,0,0,4,3,7
,2022-01573,-105.0112808,39.75616883,1/21/2022 15:04,15:04,12,0,0,I-25 & N SPEER BLVD,11,1,0,2,1,4,0,0,55,0,0,0,0,0,1,2,3
,2022-01575,-104.9654779,39.78031899,1/23/2022 23:58,23:58,5,0,1,I-70 & N BRIGHTON BLVD,1,3,0,0,6,4,0,0,55,0,0,0,0,3,1,1,16
,2022-01577,-105.0251799,39.78422127,1/24/2022 8:30,8:30,15,0,1,I-70 & N FEDERAL BLVD,1,1,0,0,1,4,0,0,55,0,0,0,0,1,1,2,13
,2022-01587,-104.9862613,39.72564692,1/24/2022 9:15,9:15,3,0,0,E 6TH AVE & N LINCOLN ST,1,1,0,0,1,3,0,0,30,0,0,0,0,0,4,2,11
,2022-01588,-104.9259072,39.67846954,1/25/2022 7:23,7:23,15,0,0,EVANS AVE E & S GRAPE ST,4,1,0,2,1,4,0,0,35,0,0,0,0,0,4,2,16
,2022-01589,-105.0250549,39.67327211,1/24/2022 17:45,17:45,15,0,0,S FEDERAL BLVD & W HARVARD AVE,1,1,0,0,1,1,0,0,40,0,0,0,0,0,2,2,16
,2022-01590,-104.9745502,39.77230168,1/21/2022 11:40,11:40,3,0,1,38TH ST & WYNKOOP ST,1,1,2,0,1,1,0,0,30,0,0,0,0,2,4,2,7
,2022-01591,-104.9128591,39.71620248,1/24/2022 17:58,17:58,1,0,0,N MONACO ST & E LOWRY BL,1,3,0,0,1,1,0,0,35,0,0,0,0,1,4,2,13
,2022-01593,-104.9609954,39.75071422,1/24/2022 17:17,17:17,3,0,0,E 23RD AVE & N GAYLORD ST,1,3,0,0,1,1,0,0,25,0,0,0,0,0,4,2,11
,2022-01594,-104.9993499,39.77889492,1/24/2022 8:58,8:58,6,0,0,JASON ST N & W 45TH AVE,1,1,0,0,1,4,0,0,25,0,0,0,0,0,4,2,11
,2022-01595,-104.9987983,39.74003356,1/22/2022 3:12,3:12,3,0,0,W COLFAX AVE & N SPEER BLVD,1,3,0,0,1,1,0,0,35,0,0,0,0,0,2,2,14
,2022-01596,-104.8827688,39.77727111,1/25/2022 7:35,7:35,15,0,0,I-70 & N CENTRAL PARK BLVD,5,1,0,2,1,4,0,0,55,0,0,0,0,0,1,2,1
,2022-01597,-104.9027525,39.76119728,1/25/2022 6:03,6:03,3,0,0,E MLK BLVD & N QUEBEC ST,4,3,0,2,1,1,0,0,30,0,0,0,0,0,4,2,1
,2022-01598,-104.7719489,39.82189543,1/24/2022 18:53,18:53,3,0,0,E 69TH AVE & N TOWER RD,1,3,0,0,1,1,0,0,45,0,0,0,0,0,4,2,1
,2022-01600,-105.0051238,39.68957438,1/25/2022 7:45,7:45,3,0,0,S OSAGE ST & W FLORIDA AVE,9,1,1,2,1,1,0,0,15,0,0,0,0,1,4,2,3
,2022-01602,-105.0532872,39.65310361,1/25/2022 6:10,6:10,15,0,0,S SHERIDAN BLVD & W HAMPDEN AVE,4,3,1,2,1,4,0,0,35,0,0,0,0,0,2,2,14
,2022-01603,-104.9769038,39.6914446,1/25/2022 9:20,9:20,12,0,0,E BUCHTEL BLVD & S EMERSON ST,9,1,0,2,1,3,0,0,30,0,0,0,0,0,4,2,7
,2022-01604,-105.0180341,39.6847846,1/24/2022 18:40,18:40,3,0,0,S BRYANT ST & W MEXICO AVE,1,3,0,0,1,2,0,0,25,0,0,0,0,0,4,2,16
,2022-01606,-104.9620718,39.68501372,1/25/2022 6:14,6:14,5,0,0,I-25 & UNIVERSITY BLVD,5,4,0,2,3,4,0,0,55,0,0,0,0,0,1,2,7
,2022-01608,-104.875305,39.67392828,1/24/2022 20:50,20:50,6,0,0,DAYTON WY S & ILIFF AVE E,1,3,1,0,1,4,0,0,25,0,0,0,0,0,4,5,3
,2022-01613,-105.057265,39.68227326,1/24/2022 11:19,11:19,1,0,0,W JEWELL AVE & S DEPEW ST,1,1,0,0,1,1,0,0,30,0,0,0,0,0,4,2,14
,2022-01614,-105.0487693,39.76775944,1/3/2022 0:53,0:53,6,0,0,3700 BLK N WOLFF ST & W 37TH AVE,4,4,0,0,1,4,0,0,25,0,0,0,0,0,4,2,11
,2022-01616,-104.847035,39.77108653,1/23/2022 18:02,18:02,10,0,0,E 39TH AVE & N PEORIA ST,1,3,0,7,1,1,0,0,25,0,0,0,0,0,4,2,13
,2022-01622,-104.9198181,39.70656261,1/25/2022 9:23,9:23,3,0,1,LEETSDALE DR & S JERSEY ST,4,1,1,2,1,1,0,0,25,0,0,0,0,1,2,2,13
,2022-01623,-104.9866585,39.70029645,1/25/2022 16:55,16:55,12,0,0,I-25 & S BROADWAY ST,4,1,0,0,1,8,0,0,55,0,0,0,0,0,1,2,3
,2022-01626,-105.0394556,39.72549725,1/24/2022 22:28,22:28,3,0,0,W 6TH AVE S DR (NOT CDOT) & N PERRY ST,1,3,0,0,1,1,0,0,30,0,0,0,0,0,4,2,16
,2022-01627,-104.9899582,39.67841016,1/20/2022 17:09,17:09,6,0,0,S BANNOCK ST & W EVANS AVE,1,2,0,0,1,4,0,0,25,0,0,0,0,0,4,3,16
,2022-01628,-104.903236,39.77752212,1/25/2022 10:25,10:25,5,0,0,I-70 EB ON SLIP RAMP & N QUEBEC ST,4,1,1,2,6,8,0,0,35,0,0,0,0,0,4,3,16
,2022-01629,-104.9101751,39.63909059,1/25/2022 5:22,5:22,12,0,0,I-25 & E QUINCY AVE,5,1,0,2,1,4,0,0,65,0,0,0,0,0,1,3,13
,2022-01630,-104.9405996,39.75104031,1/25/2022 6:52,6:52,3,0,0,E 23RD AVE & N COLORADO BLVD,4,2,0,2,1,1,0,0,35,0,0,0,0,0,2,2,7
,2022-01633,-104.9658599,39.72559897,1/25/2022 7:55,7:55,3,0,0,E 6TH AVE & N WILLIAMS ST,9,1,0,2,1,1,0,0,30,0,0,0,0,0,4,2,16
,2022-01646,-104.9875798,39.6735185,1/24/2022 12:49,12:49,12,0,0,S BROADWAY & E ILIFF AVE,1,1,0,0,1,3,0,0,35,0,0,0,0,0,4,4,10
,2022-01649,-104.9404961,39.76565186,1/25/2022 7:57,7:57,3,0,0,N COLORADO BLVD & E 35TH AVE,4,1,0,2,1,3,0,0,35,0,0,0,0,0,2,2,10
,2022-01690,-104.9734138,39.69313358,1/26/2022 11:56,11:56,12,0,0,S DOWNING ST & E LOUISIANA AVE,11,1,0,0,1,4,0,0,35,0,0,0,0,1,4,2,16
,2022-01691,-104.9930867,39.74585857,1/11/2022 18:20,18:20,6,0,0,STOUT ST & 16TH ST,1,3,0,0,1,4,0,0,30,0,0,0,0,0,4,2,14
,2022-01692,-104.9976458,39.73845852,1/25/2022 13:00,13:00,3,0,1,W 14TH AVE & N SPEER BLVD,7,1,0,0,1,1,0,0,30,0,0,0,0,2,4,2,8
,2022-01693,-104.9675812,39.67667704,1/26/2022 8:40,8:40,3,0,0,E WARREN AVE & S GILPIN ST,4,1,0,0,1,1,0,0,25,0,0,0,0,0,4,2,11
,2022-01694,-104.7799957,39.8298898,1/25/2022 5:30,5:30,15,0,0,PENA BLVD & TOWER RD,8,3,0,2,1,4,0,0,65,0,0,0,0,0,4,2,13
,2022-01695,-105.0530765,39.65315397,1/2/2022 17:30,17:30,9,0,0,W HAMPDEN AVE (SERVICE S) & S SHERIDAN BLVD,7,3,0,0,3,4,0,0,,0,0,0,0,0,4,1,16
,2022-01696,-105.0203666,39.682296,1/26/2022 9:30,9:30,1,0,0,W JEWELL AVE & S CLAY ST,11,1,0,0,1,1,0,0,30,0,0,0,0,0,4,2,8
,2022-01698,-104.9647572,39.74163529,1/25/2022 16:06,16:06,6,0,0,N HIGH ST & E 16TH AVE,9,1,0,0,1,4,0,0,30,0,0,0,0,0,4,2,16
,2022-01699,-105.0001769,39.72885601,1/15/2022 5:30,5:30,15,0,0,N KALAMATH ST & W 8TH AVE,1,2,0,0,1,4,0,0,,0,0,0,0,0,4,2,16
,2022-01700,-104.8668645,39.75501853,1/26/2022 11:00,11:00,6,0,0,N HANOVER ST & E 49TH AVE,11,1,0,0,1,4,0,0,,0,0,0,0,0,4,2,16
,2022-01701,-105.0297218,39.69310124,1/26/2022 7:35,7:35,3,0,0,W LOUISIANA AVE & S IRVING ST,1,1,0,0,1,1,0,0,25,0,0,0,0,0,4,2,11
,2022-01702,-104.7013199,39.83802611,1/26/2022 12:52,12:52,15,0,0,25199 BLK E 78TH AVE & N JACKSON GAP,1,1,0,0,1,3,0,0,45,0,0,0,0,0,4,2,8
,2022-01706,-104.9392014,39.71151379,1/22/2022 9:30,9:30,15,0,0,E ALAMEDA AVE & S COLORADO BLVD,14,5,3,7,1,4,0,0,35,0,0,0,0,0,4,2,10
,2022-01707,-105.0064446,39.76470341,1/17/2022 18:23,18:23,8,0,0,N PECOS ST & W 34TH AVE,1,3,0,0,1,4,0,0,,0,0,0,0,0,4,2,16
,2022-01708,-104.9986902,39.73686729,1/26/2022 12:55,12:55,15,0,0,N SANTA FE DR & W 13TH AVE,11,1,0,0,1,1,0,0,30,0,0,0,0,0,4,2,13
,2022-01709,-104.986246,39.72094006,1/26/2022 15:25,15:25,15,0,1,N LINCOLN ST & E 3RD AVE,9,1,3,0,1,1,0,0,30,0,0,0,0,2,4,2,8
,2022-01710,-104.9932196,39.74000657,1/23/2022 3:59,3:59,12,0,0,COLFAX AVE & 400 BLK W ,1,3,0,0,1,4,0,0,30,0,0,0,0,0,2,2,16
,2022-01711,-104.9695272,39.73687325,1/26/2022 6:34,6:34,3,0,0,N HUMBOLDT ST & E 13TH AVE,4,3,0,0,1,1,0,0,25,0,0,0,0,0,4,2,11
,2022-01712,-104.9316399,39.7804132,1/26/2022 9:13,9:13,15,0,0,E STAPLETON DR N & N DAHLIA ST,11,1,0,0,1,1,0,0,40,0,0,0,0,0,4,3,11
,2022-01713,-104.759774,39.79729661,1/22/2022 14:09,14:09,12,0,1,GVR BLVD & FLANDERS WY N,1,1,0,0,1,3,0,0,35,0,0,0,0,2,4,3,3
,2022-01719,-104.8314632,39.78425538,1/26/2022 7:45,7:45,12,0,0,E ANDREWS DR & N CROWN BLVD,4,1,0,0,1,3,0,0,25,0,0,0,0,0,4,2,11
,2022-01720,-105.0139596,39.74044224,1/26/2022 0:57,0:57,3,0,1,W COLFAX AVE & I-25 SB OFF RAMP,4,3,0,0,1,1,0,0,35,0,0,0,0,2,2,2,16
,2022-01721,-104.9764117,39.72907043,1/20/2022 19:30,19:30,3,0,0,E 8TH AVE & N EMERSON ST,1,3,0,0,1,1,0,0,25,0,0,0,0,0,4,2,3
,2022-01723,-105.0532246,39.73088173,1/10/2022 23:00,23:00,12,0,1,SHERIDAN BLVD N & 9TH AVE W,1,3,1,0,1,4,0,0,35,0,0,0,0,1,2,2,16
,2022-01724,-104.9422367,39.79098181,1/26/2022 12:30,12:30,1,0,0,E 52ND AVE & N VASQUEZ BLVD,1,1,0,0,1,3,0,0,35,0,0,0,0,0,4,2,7
,2022-01725,-104.9175845,39.75952266,1/26/2022 13:30,13:30,6,0,1,N KEARNEY ST & E 30TH AVE,14,1,0,0,1,4,0,0,25,0,0,0,0,2,4,2,14
,2022-01726,-105.0058118,39.72537215,1/25/2022 21:46,21:46,5,0,1,W 6TH AVE & N OSAGE ST,4,4,2,2,2,4,0,0,35,0,0,0,0,2,2,4,1
,2022-01728,-105.0251565,39.77719718,1/26/2022 17:20,17:20,12,0,1,N FEDERAL BLVD & W 44TH AVE,2,3,0,0,1,4,0,0,35,0,0,0,0,2,2,2,1
,2022-01729,-104.6929573,39.83185362,1/26/2022 16:44,16:44,1,0,1,JACKSON GAP ST N & 75TH AVE E,1,1,0,0,1,1,0,0,35,0,0,0,0,2,4,3,7
,2022-01730,-104.786356,39.80200969,1/2/2022 2:57,2:57,5,0,0,5600 BLK PENA BLVD & E 56TH AVE,5,3,1,0,2,4,0,0,65,0,0,0,0,0,4,1,16
,2022-01731,-104.9891814,39.7801983,1/26/2022 8:32,8:32,12,0,0,I-25 & I-70,1,1,0,0,1,4,0,0,55,0,0,0,0,0,1,3,13
,2022-01737,-105.045631,39.70040671,1/25/2022 19:05,19:05,6,0,0,KENTUCKY AVE W & S UTICA ST,8,4,0,0,1,4,0,0,25,0,0,0,0,0,4,2,16
,2022-01738,-105.0105621,39.72293935,1/26/2022 11:27,11:27,12,0,4,I-25 & W 6TH AVE ,2,1,1,0,1,4,0,0,55,0,0,0,0,1,1,3,3
,2022-01740,-104.9930572,39.74000612,1/26/2022 16:53,16:53,12,0,1,W COLFAX AVE & N DELAWARE ST,1,1,0,0,1,4,0,0,30,0,0,0,0,1,2,2,3
,2022-01741,-104.8928658,39.74008366,1/21/2022 12:25,12:25,1,0,0,E COLFAX AVE & N UINTA ST,11,1,0,2,1,1,0,0,35,0,0,0,0,0,2,2,13
,2022-01742,-104.9373733,39.69353094,1/26/2022 9:50,9:50,3,0,0,S BELLAIRE ST & E LOUISIANA AVE,4,1,1,0,1,2,0,0,30,0,0,0,0,0,4,2,14
,2022-01764,-104.9599549,39.73838947,1/21/2022 17:05,17:05,6,0,0,E 14TH AVE & N YORK ST,11,1,0,0,1,4,0,0,30,0,0,0,0,0,4,2,9
,2022-01767,-105.0345969,39.74150956,1/25/2022 20:00,20:00,6,0,0,W CONEJOS PL & N LOWELL BVD,4,3,0,2,1,4,0,0,25,0,0,0,0,0,4,2,16
,2022-01790,-105.0033522,39.74763062,1/23/2022 3:01,3:01,5,0,0,AURARIA PKWY & N SPEER BLVD,1,3,3,0,3,4,0,0,35,0,0,0,0,0,4,1,13
,2022-01791,-104.9850153,39.75457999,1/5/2022 20:59,20:59,6,0,0,900 BLK 24TH ST & CURTIS ST,9,3,3,2,1,4,0,0,25,0,0,0,0,0,4,2,1
,2022-01792,-104.9988391,39.7414031,1/21/2022 16:29,16:29,3,0,1,N SPEER BLVD & STOUT ST,11,3,3,2,1,1,0,0,30,0,0,0,0,2,4,2,5
,2022-01793,-104.9840144,39.71114573,1/23/2022 12:29,12:29,1,0,0,E ALAMEDA AVE & S GRANT ST,1,1,3,0,1,1,0,0,30,0,0,0,0,0,4,2,13
,2022-01794,-105.0150399,39.72932215,1/23/2022 1:06,1:06,5,0,1,I-25 & W 8TH AVE,1,3,3,0,2,8,0,0,65,0,0,0,0,1,1,1,14
,2022-01795,-105.0432542,39.71119507,1/19/2022 13:59,13:59,1,0,0,W ALAMEDA AVE & S STUART ST,4,1,3,2,1,1,0,0,35,0,0,0,0,0,2,2,13
,2022-01796,-105.0344524,39.70034756,1/18/2022 18:15,18:15,3,0,0,W KENTUCKY AVE & S LOWELL BLVD,1,3,3,0,1,1,0,0,25,0,0,0,0,0,4,2,13
,2022-01797,-105.000492,39.69670143,1/21/2022 15:05,15:05,12,0,0,W MISSISSIPPI AVE & S KALAMATH ST,9,1,3,2,1,4,0,0,35,0,0,0,0,0,4,2,13
,2022-01798,-104.9223244,39.73884848,1/7/2022 16:55,16:55,14,0,0,1400 BLK N HOLLY ST & E 14TH AVE,1,2,3,0,1,4,0,0,25,0,0,0,0,0,4,2,13
,2022-01799,-104.8571862,39.77488372,1/23/2022 15:46,15:46,12,0,0,I-70 & MM 281,1,1,3,0,1,4,0,0,65,0,0,0,0,0,1,2,7
,2022-01800,-104.9023357,39.77146653,1/9/2022 20:10,20:10,15,0,0,N QUEBEC ST & E SMITH RD,1,2,3,0,1,4,0,0,35,0,0,0,0,0,4,2,2
,2022-01801,-104.9733404,39.76451285,1/20/2022 14:35,14:35,11,0,1,E BRUCE RANDOLPH AVE & N DOWNING ST,1,1,3,0,1,1,0,0,30,0,1,0,0,3,4,1,13
,2022-01802,-105.0361103,39.71843022,1/19/2022 8:00,8:00,6,0,0,MEADE ST N & W 1ST AVE,4,1,3,2,1,4,0,0,25,0,0,0,0,0,4,2,14
,2022-01803,-105.010261,39.75691199,1/21/2022 1:47,1:47,5,0,0,I-25 & N SPEER BLVD,4,3,3,0,3,4,0,0,65,0,0,0,0,0,1,1,5
,2022-01804,-105.0532271,39.72926047,1/21/2022 19:11,19:11,3,0,0,N SHERIDAN BLVD & W 8TH AVE,4,3,3,2,1,2,0,0,,0,0,0,0,0,2,2,7
,2022-01805,-105.0156821,39.68593045,1/25/2022 19:52,19:52,12,0,0,W MEXICO AVE & S ZUNI ST,4,3,3,2,1,1,0,0,25,0,0,0,0,0,4,2,13
,2022-01806,-104.991653,39.74291303,1/20/2022 18:00,18:00,12,0,0,15TH ST & N GLENARM ST,1,3,3,0,1,1,0,0,,0,0,0,0,0,4,2,16
,2022-01807,-104.9757574,39.75073457,1/24/2022 14:20,14:20,3,0,0,N EMERSON ST & E 23RD AVE,1,1,3,0,1,3,0,0,25,0,0,0,0,0,4,3,13
,2022-01808,-105.0127004,39.75514564,1/24/2022 21:25,21:25,5,0,0,I-25 & N SPEER BLVD,1,3,3,0,1,4,0,0,65,0,0,0,0,0,1,2,13
,2022-01809,-105.0298047,39.7031248,1/25/2022 17:00,17:00,3,0,0,S IRVING ST & W WALSH PL,4,3,3,0,1,1,0,0,25,0,0,0,0,0,4,2,1
,2022-01811,-105.0266774,39.71338695,1/25/2022 15:03,15:03,3,0,0,CEDAR AVE W & GROVE ST S,9,1,1,0,1,9,0,0,15,0,0,0,0,0,4,2,3
,2022-01812,-105.0376774,39.72548787,1/26/2022 14:10,14:10,15,0,0,W 6TH AVE & N PERRY ST,1,1,1,0,1,4,0,0,55,0,0,0,0,0,2,2,13
,2022-01813,-104.9522055,39.71803017,1/27/2022 11:26,11:26,3,0,0,N MILWAUKEE ST & E 1ST AVE,14,1,0,2,1,3,0,0,35,0,0,0,0,0,4,2,14
,2022-01814,-104.8657287,39.77562189,1/26/2022 15:44,15:44,3,0,0,I-70 & N HAVANA ST,1,1,0,0,1,1,0,0,40,0,0,0,0,0,4,2,16
,2022-01815,-104.8832527,39.7857042,1/26/2022 18:14,18:14,12,0,0,E NORTHFIED BVLD & N CENTRAL PARK BLVD,4,3,1,0,1,12,0,0,35,0,0,0,0,0,4,2,10
,2022-01816,-105.0510534,39.76389518,1/26/2022 15:10,15:10,6,0,0,W 33RD AVE & N YATES ST,4,1,0,0,1,4,0,0,,0,0,0,0,0,4,2,16
,2022-01818,-104.9811446,39.77947486,1/27/2022 10:18,10:18,15,0,0,I-70 EB ON RAMP FROM I-25 & N WASHINGTON ST,4,1,0,2,1,8,0,1,55,0,0,0,0,0,1,2,1
,2022-01819,-105.0396973,39.71129632,1/26/2022 18:15,18:15,1,0,0,PERRY ST S & ALAMEDA AVE W,1,3,1,0,1,1,0,0,25,0,0,0,0,0,2,2,7
,2022-01820,-105.0532447,39.78369116,1/26/2022 10:30,10:30,5,0,0,I-70 & N SHERIDAN BLVD,1,1,1,0,3,4,0,1,55,0,0,0,0,0,1,1,1
,2022-01821,-104.8830678,39.78566,1/27/2022 9:25,9:25,12,0,0,N CENTRAL PARK BLVD & E NORTHFIELD BLVD,4,1,0,2,1,3,0,0,45,0,0,0,0,0,4,2,13
,2022-01822,-104.8830683,39.78563254,1/27/2022 9:27,9:27,12,0,0,N CENTRAL PARK BLVD & E NORTHFIELD BLVD,4,1,0,2,1,3,0,0,45,0,0,0,0,0,4,2,13
,2022-01827,-104.9791539,39.77935673,1/24/2022 8:07,8:07,3,0,0,N WASHINGTON ST & I-70 EB RAMPS,1,1,0,0,1,1,0,0,30,0,0,0,0,0,4,2,9
,2022-01828,-104.9202693,39.67845896,1/26/2022 18:36,18:36,12,0,0,E EVANS AVE & S IVANHOE S,1,3,0,0,1,4,0,0,40,0,0,0,0,0,4,3,3
,2022-01829,-105.0284017,39.76174394,1/27/2022 10:24,10:24,5,0,0,N SPEER BLVD & N GROVE ST,4,1,1,0,3,4,0,0,30,0,0,0,0,0,4,3,13
,2022-01830,-104.9940537,39.67705815,1/27/2022 15:03,15:03,5,0,0,S SANTA FE DR SB ON RAMP & W EVANS AVE,5,1,0,7,3,8,0,0,55,0,0,0,0,0,2,2,3
,2022-01831,-104.9900978,39.77500877,1/26/2022 8:10,8:10,15,0,0,I-25 & PARK AVE W ON RAMP MERGE PT,1,1,0,0,1,14,0,0,,0,0,0,0,0,1,3,16
,2022-01832,-105.053255,39.66751178,1/27/2022 12:01,12:01,12,0,0,S SHERIDAN BLVD & W YALE AVE,9,1,1,2,1,4,0,0,40,0,0,0,0,0,2,2,3
,2022-01834,-105.0276325,39.72910029,1/28/2022 9:41,9:41,3,0,0,N HAZEL CT & W 8TH AVE,4,1,0,0,1,9,0,0,20,0,0,0,0,0,4,2,13
,2022-01836,-104.8941099,39.79832901,1/28/2022 6:40,6:40,10,0,0,N UINTA ST & E 56TH AVE,2,1,0,0,1,1,0,0,40,0,0,0,0,0,4,2,11
,2022-01838,-104.9405044,39.78002872,1/28/2022 12:53,12:53,12,0,0,I-70 & N COLORADO BLVD,12,1,0,0,1,4,0,0,55,0,0,0,0,0,1,2,13
,2022-01841,-104.8998165,39.6345643,1/28/2022 14:05,14:05,12,0,0,I-225 & S TAMARAC PKWY,1,1,0,0,1,4,0,0,65,0,0,0,0,0,1,2,16
,2022-01847,-104.9908346,39.71935367,1/28/2022 9:27,9:27,1,0,0,W 2ND AVE & N BANNOCK ST,8,1,0,0,1,1,0,0,30,0,0,0,0,0,4,2,11
,2022-01849,-105.0191655,39.7514073,1/27/2022 11:34,11:34,6,0,0,N BRYANT ST & W 23RD AVE,4,1,1,2,1,4,0,0,30,0,0,0,0,0,4,2,13
,2022-01851,-105.0324562,39.71153223,1/27/2022 12:35,12:35,6,0,0,S KNOX CT & W ALAMEDA AVE,9,1,1,2,3,4,0,0,25,0,0,0,0,0,4,2,3
,2022-01852,-104.9228094,39.65311018,1/27/2022 11:50,11:50,3,0,1,E HAMPDEN AVE & S HOLLY ST,4,1,1,2,1,1,0,0,40,0,0,0,0,2,2,2,14
,2022-01854,-104.9106439,39.76182235,1/21/2022 15:05,15:05,6,0,1,MLK BLVD E & N NIAGARA ST,12,1,0,2,1,4,0,0,35,0,0,0,0,2,4,2,1