id,drcog_id,longitude,latitude,crashtime,time,crashtype,numbkilled,numbinjurd,drcoglocat,rdconditin,lightngcon,roadcntgrd,weatherco,location,roaddescrp,schoolzone,constrzone,splimit,bikeinv,pedinv,sctrinv,motoinv,svrty,rdsystem,ttlvehcls,hcf
,2022-01855,-104.9836001,39.72898962,1/27/2022 12:57,12:57,6,0,0,GRANT ST N & E 8TH AVE,4,1,0,2,1,4,0,0,35,0,0,0,0,0,4,2,16
,2022-01860,-105.0033455,39.74846118,1/25/2022 12:19,12:19,11,0,1,AURARIA PKWY & N SPEER BLVD,9,1,0,2,1,3,0,0,,0,1,0,0,1,4,1,16
,2022-01861,-104.9904799,39.77652252,1/27/2022 10:17,10:17,8,0,1,44TH AVE & 200 BLK W,4,1,0,2,6,4,0,0,30,0,0,0,0,1,4,2,13
,2022-01862,-104.8831475,39.78571804,1/26/2022 19:10,19:10,15,0,0,E NORTHFIELD BLVD & N CENTRAL PARK BLVD,4,3,0,0,1,4,0,0,35,0,0,0,0,0,4,2,14
,2022-01864,-104.9418274,39.73509555,1/27/2022 9:49,9:49,3,0,0,N HARRISON ST & E 12TH AVE,4,1,0,2,1,1,0,0,25,0,0,0,0,0,4,2,16
,2022-01867,-104.9634652,39.7430016,1/8/2022 12:41,12:41,15,0,0,RACE ST N & E 17TH AVE,11,1,0,0,1,4,0,0,25,0,0,0,0,0,4,2,1
,2022-01869,-104.901528,39.77822732,1/28/2022 16:58,16:58,12,0,0,I-70 & N QUEBEC ST WB EXIT GORE PT,1,2,0,0,1,4,0,0,55,0,0,0,0,0,1,2,13
,2022-01870,-104.9895612,39.78010359,1/28/2022 13:30,13:30,12,0,0,I-25 SB ON RAMP & I-70 EB OFF RAMP SPLIT,12,1,1,0,1,8,0,0,45,0,0,0,0,0,1,2,11
,2022-01871,-104.9129472,39.67485397,1/26/2022 18:00,18:00,1,0,0,S MONACO ST & E ILIFF AVE,1,3,0,0,1,1,0,0,35,0,0,0,0,0,4,2,11
,2022-01872,-104.7487078,39.77086014,1/27/2022 15:13,15:13,1,0,0,40TH AVE E & KIRK ST N,4,1,0,2,1,4,0,0,30,0,0,0,0,0,4,2,16
,2022-01873,-104.8660461,39.67078048,1/26/2022 12:30,12:30,15,0,0,S HAVANA ST & S PARKER RD,1,1,1,0,1,1,0,0,45,0,0,0,0,0,2,2,11
,2022-01875,-104.772118,39.8055697,1/27/2022 8:15,8:15,3,0,0,N TOWER RD & E 60TH AVE,4,1,1,2,1,1,0,0,45,0,0,0,0,0,4,2,1
,2022-01876,-104.9407068,39.75509146,1/27/2022 11:37,11:37,15,0,0,N COLORADO BLVD & N HADDON RD,9,1,0,2,1,4,0,0,35,0,0,0,0,0,2,2,13
,2022-01877,-104.9788115,39.78000085,1/27/2022 11:23,11:23,5,0,1,I-70 WB OFF RAMP & N WASHINGTON ST,4,1,1,2,2,8,0,0,55,0,0,0,0,2,1,1,1
,2022-01878,-104.7721288,39.78590051,1/28/2022 7:20,7:20,3,0,0,N TOWER RD & E 49TH AVE,1,1,0,0,1,1,0,0,40,0,0,0,0,0,4,2,11
,2022-01879,-104.9724317,39.76816413,1/28/2022 9:21,9:21,6,0,0,E 37TH AVE & N MARION ST,1,1,1,1,1,4,0,0,,0,0,0,0,0,4,3,16
,2022-01880,-104.9740988,39.73204872,1/26/2022 14:55,14:55,3,0,0,N CORONA ST & E 10TH AVE,4,1,0,0,1,1,0,0,25,0,0,0,0,0,4,3,16
,2022-01882,-104.7721166,39.79960046,1/27/2022 11:15,11:15,12,0,0,N TOWER RD & E 56TH AVE,4,1,1,2,1,3,0,0,45,0,0,0,0,0,4,3,7
,2022-01883,-104.8660444,39.6708436,1/26/2022 12:10,12:10,12,0,0,S PARKER RD SB OFF SLIP & S HAVANA ST,1,1,1,0,1,8,0,0,45,0,0,0,0,0,2,3,11
,2022-01885,-105.0064273,39.78326345,1/27/2022 10:29,10:29,12,0,0,I-70 & N PECOS ST,4,1,0,2,1,8,0,0,30,0,0,0,0,0,1,2,13
,2022-01886,-104.9792571,39.69356952,1/27/2022 11:20,11:20,10,0,0,E BUCHTEL BLVD & S WASHINGTON ST,9,1,0,2,1,1,0,0,30,0,0,0,0,0,4,2,14
,2022-01887,-104.9180311,39.6526498,1/26/2022 18:22,18:22,12,0,0,I-25 & E HAMPDEN AVE,1,2,0,0,1,4,0,0,55,0,0,0,0,0,1,4,16
,2022-01888,-105.0064273,39.78326345,1/26/2022 12:45,12:45,3,0,0,I-70 & N PECOS ST,1,1,0,0,1,6,0,0,30,0,0,0,0,0,1,2,13
,2022-01889,-104.9405044,39.78002872,1/26/2022 23:42,23:42,15,0,0,I-70 & N COLORADO BLVD,1,3,0,0,1,4,0,0,65,0,0,0,0,0,1,2,14
,2022-01890,-105.0025907,39.75460107,1/27/2022 9:09,9:09,15,0,0,CHESTNUT PL & E 17TH AVE,4,1,0,2,1,4,0,0,25,0,0,0,0,0,4,2,16
,2022-01891,-104.9501516,39.71293109,1/27/2022 11:05,11:05,3,0,0,E CHERRY CREEK S DR & S STEELE ST,9,1,0,2,1,3,0,0,30,0,0,0,0,0,4,2,10
,2022-01899,-104.8903216,39.70559525,1/27/2022 13:00,13:00,10,0,0,E FAIRMOUNT DR & S VALENTIA ST,14,1,1,2,1,3,0,0,30,0,0,0,0,0,4,2,13
,2022-01902,-104.9234512,39.7665035,1/23/2022 20:32,20:32,5,0,1,36TH AVE & 5400 BLK E,1,4,0,0,3,4,0,0,25,0,0,0,0,1,4,2,14
,2022-01903,-104.771775,39.83343594,1/28/2022 16:37,16:37,12,0,0,PENA BLVD & N TOWER RD,1,1,0,0,1,14,0,0,35,0,0,0,0,0,4,2,16
,2022-01904,-105.0117423,39.69311823,1/28/2022 7:50,7:50,3,0,0,S TEJON ST & W LOUISIANA AVE,4,1,0,0,1,1,0,0,30,0,0,0,0,0,4,2,7
,2022-01905,-104.9696813,39.74164899,1/26/2022 8:46,8:46,3,0,0,E 16TH AVE & N HUMBOLDT ST,4,1,0,0,1,3,0,0,,0,0,0,0,0,4,2,16
,2022-01906,-104.8560017,39.76864705,1/26/2022 9:30,9:30,14,0,0,E 37TH AVE & N LIMA ST,4,1,0,0,1,2,0,0,30,0,0,0,0,0,4,2,13
,2022-01907,-104.8939321,39.62410977,1/27/2022 16:08,16:08,5,0,0,E BELLEVIEW AVE & S ULSTER ST,1,1,1,0,6,2,0,0,40,0,0,0,0,0,4,1,13
,2022-01913,-105.0424441,39.70038611,1/28/2022 9:08,9:08,3,0,0,W KENTUCKY AVE & S RALEIGH ST,4,1,0,1,1,1,0,0,25,0,0,0,0,0,4,2,13
,2022-01914,-104.93623,39.6893297,1/28/2022 11:15,11:15,15,0,0,S BIRCH ST & E FLORIDA AVE,5,1,3,0,1,1,0,0,30,0,0,0,0,0,4,2,13
,2022-01915,-105.0251411,39.66503878,1/27/2022 20:39,20:39,15,0,1,S FEDERAL BLVD & W AMHERST AVE,4,3,0,0,1,3,0,0,35,0,0,0,0,2,2,2,7
,2022-01916,-104.9140167,39.72534053,1/27/2022 18:41,18:41,5,0,1,6TH AVE E & N NIAGARA ST,9,3,0,0,3,4,0,0,35,0,0,0,0,3,4,1,1
,2022-01917,-104.9910451,39.72951402,1/28/2022 12:29,12:29,12,0,0,SPEER BLVD N & N BANNOCK ST,1,1,0,0,1,4,0,0,35,0,0,0,0,0,4,3,3
,2022-01919,-105.0126363,39.72490295,1/28/2022 11:57,11:57,12,0,0,I-25 & W 6TH AVE,1,1,0,0,1,4,0,0,45,0,0,0,0,0,1,2,3
,2022-01920,-105.0064466,39.7801528,1/28/2022 8:33,8:33,3,0,1,W 46TH AVE & N PECOS ST,11,1,3,0,1,1,0,0,35,0,0,0,0,2,4,2,14
,2022-01922,-104.9906543,39.72997747,1/28/2022 12:07,12:07,10,0,0,N SPEER BLVD & N BANNOCK ST,1,1,0,0,1,1,0,0,35,0,0,0,0,0,4,2,8
,2022-01923,-104.8903216,39.70559525,1/27/2022 13:00,13:00,3,0,0,E FAIRMOUNT DR & S VALENTIA ST,14,1,1,2,1,6,0,0,30,0,0,0,0,0,4,2,14
,2022-01925,-104.9808032,39.75132828,1/27/2022 12:35,12:35,3,0,0,24TH ST & GLENARM PL,9,1,0,0,1,1,0,0,25,0,0,0,0,0,4,2,13
,2022-01928,-105.0001882,39.72412152,1/26/2022 17:31,17:31,3,0,0,W 5TH AVE & N KALAMATH ST,2,2,1,0,1,9,0,0,30,0,0,0,0,0,4,2,13
,2022-01930,-105.0131441,39.7256068,1/28/2022 13:19,13:19,12,0,2,I-25 & W 6TH AVE,1,1,0,0,1,4,0,0,55,0,0,0,0,1,1,3,3
,2022-01934,-104.8905182,39.76009562,1/27/2022 9:45,9:45,12,0,0,CENTRAL PARK BLVD N & E MLK BLVD,4,1,0,2,1,3,0,0,30,0,0,0,0,0,4,2,1
,2022-01935,-104.9775624,39.74749496,1/26/2022 12:58,12:58,12,0,0,E 20TH AVE & N CLARKSON ST,4,1,0,0,1,1,0,0,25,0,0,0,0,0,4,2,16
,2022-01936,-105.0263768,39.73490038,1/22/2022 8:00,8:00,6,0,0,GROVE ST N & W 12TH AVE,1,1,0,0,1,4,0,0,,0,0,0,0,0,4,2,16
,2022-01941,-105.0345727,39.78344353,1/28/2022 15:27,15:27,1,0,0,N LOWELL BLVD & I-70 EB ON RAMP,1,1,3,0,1,1,0,0,,0,0,0,0,0,4,2,16
,2022-01943,-104.9734181,39.68999371,1/28/2022 10:14,10:14,12,0,1,I-25 & S DOWNING ST,2,1,1,0,1,4,0,0,60,0,0,0,0,1,1,2,13
,2022-01944,-105.0250382,39.69327189,1/26/2022 11:45,11:45,11,0,1,FEDERAL BLVD S & LOUISIANA AVE W,11,1,1,7,1,2,0,0,,0,1,0,0,2,2,1,3
,2022-01945,-104.9719369,39.77016463,1/27/2022 20:58,20:58,12,0,0,N MARION ST & WALNUT ST,4,3,0,2,1,1,0,0,35,0,0,0,0,0,4,2,14
,2022-01949,-104.9593799,39.67842582,1/28/2022 2:47,2:47,1,0,1,S UNIVERSITY BLVD & E EVANS AVE / S UNIVERSITY BLVD,4,3,0,0,1,1,0,0,40,0,0,0,0,2,4,2,16
,2022-01950,-104.99889,39.71119349,1/28/2022 8:45,8:45,15,0,0,I-25 & W ALAMEDA AVE,2,1,1,0,1,4,0,0,55,0,0,0,0,0,1,2,11
,2022-01951,-104.9982805,39.71349189,1/27/2022 14:30,14:30,15,0,0,S SANTA FE DR & W CEDAR AVE,14,1,0,0,1,1,0,0,20,0,0,0,0,0,4,2,13
,2022-01953,-105.0025387,39.75872517,1/27/2022 11:40,11:40,3,0,0,19TH ST & LITTLE RAVEN ST,4,1,0,2,1,2,0,0,25,0,0,0,0,0,4,2,13
,2022-01954,-104.940627,39.72736528,1/28/2022 14:29,14:29,1,0,0,N COLORADO BLVD & E 7TH AVE,1,1,0,0,1,1,0,0,35,0,0,0,0,0,2,2,11
,2022-01955,-104.9684473,39.74476136,1/25/2022 6:37,6:37,6,0,0,FRANKLIN ST N & 18TH AVE,4,1,0,2,1,4,0,0,25,0,0,0,0,0,4,2,13
,2022-01957,-104.7656281,39.77342084,1/28/2022 1:25,1:25,6,0,0,CATHAY ST & E 43RD AVE,9,3,0,0,1,1,0,0,,0,0,0,0,0,4,1,16
,2022-01960,-104.9185139,39.65305196,1/24/2022 0:38,0:38,15,0,0,I-25 & E HAMPDEN AVE,1,3,0,0,1,4,0,0,65,0,0,0,0,0,1,2,1
,2022-01962,-104.955834,39.72412616,1/29/2022 13:53,13:53,3,0,0,N CLAYTON ST & E 5TH AVE,1,1,0,0,1,1,0,0,25,0,0,0,0,0,4,2,16
,2022-01964,-105.0050328,39.7504158,1/29/2022 18:49,18:49,12,0,1,N SPEER BLVD & WEWATTA ST,1,3,1,0,1,3,0,0,35,0,0,0,0,2,4,2,3
,2022-01968,-104.9918825,39.69666007,1/5/2022 18:16,18:16,3,0,0,SANTA FE DR S & MISSISSIPPI AVE W,4,3,0,2,1,1,0,0,40,0,0,0,0,0,2,2,14
,2022-01969,-105.053262,39.67328247,1/3/2022 17:24,17:24,3,0,1,SHERIDAN BLVD S & VASSAR AVE W,11,1,0,0,1,1,0,0,40,0,0,0,0,3,2,2,1
,2022-01970,-105.0322896,39.76947136,1/28/2022 17:36,17:36,6,0,0,N JULIAN ST & W 38TH AVE,4,3,0,0,1,4,0,0,25,0,0,0,0,0,4,2,13
,2022-01974,-104.8904758,39.76514904,1/28/2022 15:48,15:48,12,0,0,N CENTRAL PARK BLVD & E 35TH AVE,1,1,0,0,1,1,0,0,25,0,0,0,0,0,4,2,13
,2022-01975,-105.0911471,39.61450953,1/29/2022 12:20,12:20,12,0,0,S WADSWORTH BLVD & W LONG DR,1,1,0,0,1,4,0,0,45,0,0,0,0,0,2,2,3
,2022-01978,-104.9834727,39.74004055,1/26/2022 21:46,21:46,10,0,0,E COLFAX AVE & N GRANT ST,14,5,3,7,1,3,0,0,,0,0,0,0,0,2,2,16
,2022-01980,-104.9541357,39.77893085,1/21/2022 18:05,18:05,3,0,0,E 45TH AVE & N CLAYTON ST,2,4,0,0,1,1,0,0,35,0,0,0,0,0,4,2,13
,2022-01981,-104.9733416,39.76809117,1/28/2022 15:38,15:38,3,0,0,E 36TH ST & SYRACUSE ST,1,1,0,0,1,2,0,0,30,0,0,0,0,1,4,2,11
,2022-01982,-104.9874447,39.75831902,1/27/2022 18:40,18:40,11,0,1,N BROADWAY & WALNUT ST,4,3,3,0,1,1,0,0,30,0,1,0,0,2,4,1,16
,2022-01983,-104.9955049,39.75203324,1/7/2022 21:51,21:51,6,0,0,MARKET ST & 18TH ST,11,3,0,0,1,4,0,0,30,0,0,0,0,0,4,2,1
,2022-01986,-105.026822,39.74862294,1/8/2022 19:59,19:59,6,0,0,N GROVE ST & W 21ST AVE,1,4,1,0,1,4,0,0,25,0,0,0,0,0,4,2,14
,2022-01987,-104.9874654,39.69329389,1/6/2022 17:09,17:09,6,0,0,S BROADWAY & E LOUISIANA AVE,14,2,0,0,1,4,0,0,,0,0,0,0,0,4,2,16
,2022-01988,-104.9129473,39.66807344,1/26/2022 6:48,6:48,15,0,1,S MONACO ST & E YALE AVE,11,2,0,0,1,4,0,0,35,0,0,0,0,2,4,2,14
,2022-01995,-104.7904699,39.78363776,1/29/2022 16:00,16:00,3,0,0,E GVR BLVD & PENA BLVD INBOUND,1,1,0,0,1,3,0,0,35,0,0,0,0,0,4,2,16
,2022-01996,-104.9413554,39.7095746,1/28/2022 5:15,5:15,5,0,0,S HARRISON ST & E DAKOTA AVE,4,4,0,0,2,4,0,0,30,0,0,0,0,0,4,1,13
,2022-01997,-105.015839,39.78399702,1/29/2022 15:05,15:05,1,0,0,W 48TH AVE & N ZUNI ST,1,1,0,0,1,1,0,0,30,0,0,0,0,0,4,2,11
,2022-01998,-104.9398952,39.74494767,1/11/2022 2:30,2:30,6,0,0,18TH AVE E & COLORADO BLVD N,1,3,0,0,1,4,0,0,25,0,0,0,0,0,4,3,16
,2022-01999,-105.0144344,39.74173063,1/29/2022 4:02,4:02,15,0,1,I-25 & AURARIA PKWY,2,4,0,0,1,4,0,0,55,0,0,0,0,2,1,2,14
,2022-02000,-104.919147,39.67845692,1/29/2022 12:11,12:11,3,0,1,E EVANS AVE & S JASMINE ST,1,1,3,0,1,2,0,0,25,0,0,0,0,1,4,2,11
,2022-02001,-104.9948632,39.76568234,1/28/2022 15:51,15:51,1,0,0,PARK AVE W & N GLOBEVILLE RD,12,2,1,0,1,1,0,0,35,0,0,0,0,1,4,2,13
,2022-02002,-105.0186695,39.72543335,1/28/2022 19:13,19:13,8,0,0,BRYANT ST N & HWY 6 WB ON RAMP,4,4,0,0,1,1,0,0,25,0,0,0,0,0,2,2,16
,2022-02003,-105.0205316,39.75482785,1/28/2022 23:43,23:43,3,0,0,N CLAY ST & W 26TH AVE,14,3,2,4,1,1,0,0,20,0,0,0,0,0,4,2,8
,2022-02006,-104.7904699,39.78363776,1/6/2022 18:44,18:44,12,0,0,E GVR BLVD & PENA BLVD INBOUND,11,3,0,0,1,4,0,0,40,0,0,0,0,0,4,3,10
,2022-02009,-104.8468864,39.75460478,1/28/2022 17:03,17:03,12,0,0,E MLK BLVD & N PEORIA ST,4,1,0,0,1,4,0,0,,0,0,0,0,0,4,2,13
,2022-02011,-104.7721171,39.7983921,1/4/2022 17:15,17:15,10,0,0,E 56TH AVE & N TOWER RD,1,3,0,0,1,1,0,0,40,0,0,0,0,0,4,2,16
,2022-02012,-104.9864688,39.7482416,1/2/2022 2:13,2:13,5,0,0,20TH ST & WELTON ST,4,3,0,0,3,1,0,0,30,0,0,0,0,0,4,1,16
,2022-02013,-105.0047785,39.75022379,1/29/2022 5:33,5:33,12,0,0,N SPEER BLVD & WEWATTA ST,1,2,0,0,1,1,0,0,,0,0,0,0,0,4,2,16
,2022-02014,-104.9875132,39.71553628,1/29/2022 1:49,1:49,6,0,0,S BROADWAY & E ARCHER PL,5,3,0,0,1,4,0,0,30,0,0,0,0,0,4,2,14
,2022-02015,-104.998391,39.71120449,1/27/2022 10:32,10:32,3,0,0,ALAMEDA AVE W & KALAMATH ST S,9,1,1,0,1,1,0,0,30,0,0,0,0,0,2,2,16
,2022-02017,-104.9223683,39.70736284,1/28/2022 11:30,11:30,10,0,1,LEETSDALE DR & S HOLLY ST,7,1,0,0,1,2,0,0,35,0,0,0,0,2,2,2,16
,2022-02019,-104.9994878,39.74119448,1/3/2022 21:00,21:00,3,0,0,SPEER BLVD N & STOUT ST,11,3,0,0,1,1,0,0,30,0,0,0,0,0,4,2,16
,2022-02020,-104.9772594,39.69259943,1/28/2022 8:04,8:04,12,0,0,I-25 & S EMERSON ST,1,1,0,0,1,4,0,0,60,0,0,0,0,0,1,4,16
,2022-02024,-104.8336206,39.77303846,1/8/2022 22:35,22:35,5,0,4,I-70 WB ON RAMP LOOP GORE PT FROM & I-225 NB,1,3,0,0,2,8,0,0,55,0,0,0,0,3,1,2,1
,2022-02025,-104.8659431,39.7756404,1/29/2022 11:40,11:40,15,0,0,I-70 & E HAVANA ST,1,1,0,0,1,4,0,0,55,0,0,0,0,0,1,2,3
,2022-02028,-104.8330743,39.79480517,1/29/2022 2:00,2:00,5,0,0,E MAXWELL PL & N VICTOR ST,1,4,0,0,2,4,0,0,25,0,0,0,0,0,4,1,13
,2022-02030,-104.926925,39.6784685,1/29/2022 14:41,14:41,12,0,1,E EVANS AVE & S DAHLIA ST,1,1,0,0,1,4,0,0,35,0,0,0,0,3,4,4,16
,2022-02031,-104.8901729,39.75208103,1/27/2022 20:20,20:20,6,0,0,N CENTRAL PARK BLVD & N VERBENA ST,4,3,0,0,1,4,0,0,,0,0,0,0,0,4,2,16
,2022-02032,-104.955751,39.78016379,1/29/2022 18:08,18:08,5,0,0,I-70 & N BRIGHTON BLVD,1,3,0,0,6,4,0,0,,0,0,0,0,0,1,1,16
,2022-02034,-104.979769,39.75614234,1/28/2022 9:12,9:12,3,0,0,27TH ST & STOUT ST,4,1,0,0,1,1,0,0,25,0,0,0,0,0,4,2,11
,2022-02035,-104.9963505,39.7446662,1/26/2022 23:53,23:53,11,0,1,14TH ST & CHAMPA ST,1,3,0,0,1,1,0,0,25,0,0,1,0,2,4,1,13
,2022-02036,-104.9772594,39.69259943,1/28/2022 8:04,8:04,5,0,1,I-25 & S EMERSON ST,1,1,0,0,3,4,0,0,60,0,0,0,0,1,1,1,16
,2022-02037,-104.9145887,39.67846287,1/29/2022 12:34,12:34,3,0,1,E EVANS AVE & S MONACO ST,1,1,0,0,1,2,0,0,35,0,0,0,0,2,4,2,13
,2022-02038,-104.9127897,39.740079,1/12/2022 23:21,23:21,15,0,0,E COLFAX AVE & N MONACO ST,1,3,0,0,1,4,0,0,30,0,0,0,0,0,2,2,16
,2022-02039,-104.9862324,39.72229882,1/29/2022 0:03,0:03,6,0,0,LINCOLN ST N & E 4TH AVE,1,3,0,0,1,4,0,0,30,0,0,0,0,0,4,3,1
,2022-02040,-104.9034358,39.79355015,1/29/2022 14:47,14:47,1,0,0,N QUEBEC ST & E 53RD PL,1,1,0,0,1,1,0,0,40,0,0,0,0,0,2,2,13
,2022-02129,-105.0532505,39.68954652,1/27/2022 6:29,6:29,3,0,2,S SHERIDAN BLVD & W FLORIDA AVE,2,3,0,0,1,1,0,0,40,0,0,0,0,2,2,2,13
,2022-02163,-104.833819,39.77286982,1/30/2022 1:20,1:20,5,0,0,I-70 & I-225,1,3,0,0,6,4,0,0,65,0,0,0,0,0,1,1,2
,2022-02170,-104.9827978,39.69110372,1/29/2022 23:28,23:28,6,0,0,S LOGAN ST & E ARKANSAS AVE,1,3,0,0,2,4,0,0,30,0,0,0,0,0,4,2,7
,2022-02171,-104.9776096,39.73686652,1/30/2022 1:05,1:05,3,0,0,N CLARKSON ST & E 13TH AVE,1,3,0,0,1,3,0,0,35,0,0,0,0,0,4,2,13
,2022-02172,-104.9697114,39.74091857,1/11/2022 1:47,1:47,8,0,0,PARK AVE & N HUMBOLDT ST,1,3,0,0,1,1,0,0,30,0,0,0,0,0,4,2,13
,2022-02173,-104.9428661,39.79456499,1/28/2022 10:59,10:59,6,0,0,E 54TH AVE & N JACKSON ST,14,1,0,0,1,4,0,0,25,0,0,0,0,0,4,2,11
,2022-02174,-104.9406122,39.74011551,1/29/2022 22:00,22:00,12,0,0,N COLORADO BLVD & E COLFAX AVE,1,3,0,0,1,3,0,0,35,0,0,0,0,0,2,2,14
,2022-02175,-105.0532245,39.65717193,1/30/2022 16:28,16:28,3,0,1,S SHERIDAN BLVD & W COLGATE PL,1,1,0,0,1,1,0,0,40,0,0,0,0,3,2,2,16
,2022-02176,-104.8994757,39.73057554,1/20/2022 18:41,18:41,12,0,0,E 8TH PL & N SYRACUSE ST ,1,3,3,0,1,4,0,0,,0,0,0,0,0,4,3,16
,2022-02190,-104.921736,39.65311143,1/30/2022 18:27,18:27,3,0,0,E HAMPDEN AVE & S IVANHOE ST,1,3,1,0,1,1,0,0,25,0,0,0,0,0,2,2,11
,2022-02195,-104.9829503,39.75111569,1/29/2022 23:13,23:13,12,0,0,PARK AVE W & WELTON ST,1,3,0,0,1,4,0,0,35,0,0,0,0,0,4,2,13
,2022-02197,-104.7626952,39.79843458,1/30/2022 16:21,16:21,8,0,0,E 56TH AVE & N DUNKIRK ST,1,1,0,0,1,1,0,0,45,0,0,0,0,0,4,2,13
,2022-02199,-105.0185648,39.74767938,1/8/2022 17:53,17:53,11,0,1,I-25 SB EXIT GORE PT TO & 20TH ST ,1,4,0,0,1,14,0,0,40,0,1,0,0,3,1,1,1
,2022-02261,-104.9055813,39.76927397,1/31/2022 16:17,16:17,3,0,0,N PONTIAC ST & E 38TH AVE,1,1,0,0,1,1,0,0,25,0,0,0,0,0,4,2,3
,2022-02264,-105.0017782,39.75967152,1/13/2022 18:28,18:28,12,0,0,20TH ST & LITTLE RAVEN ST,1,3,1,0,1,3,0,0,35,0,0,0,0,1,4,2,16
,2022-02266,-104.8470297,39.77400525,1/31/2022 6:57,6:57,12,0,0,I-70 & N PEORIA ST,1,1,0,0,1,4,0,0,55,0,0,0,0,0,1,2,13
,2022-02267,-105.020367,39.68246079,1/29/2022 8:20,8:20,6,0,0,S CLAY ST & W JEWELL AVE,4,1,0,1,1,4,0,0,25,0,0,0,0,0,4,2,16
,2022-02268,-104.8940509,39.73721635,1/31/2022 2:17,2:17,6,0,0,ULSTER ST N & E 13TH AVE,4,5,1,0,1,9,0,0,25,0,0,0,0,0,4,2,16
,2022-02271,-104.9593249,39.77999371,1/19/2022 15:19,15:19,15,0,0,I-70 & N YORK ST,11,1,0,0,1,4,0,0,55,0,0,0,0,0,1,2,9
,2022-02272,-104.9875749,39.71116361,1/31/2022 0:44,0:44,15,0,0,BROADWAY & 300 BLK S,1,3,0,0,1,4,0,0,30,0,0,0,0,1,4,3,7
,2022-02273,-105.1041253,39.62513085,1/7/2022 18:50,18:50,6,0,0,9500 W BELLWOOD PL & S HOYT ST,4,4,0,0,1,4,0,0,25,0,0,0,0,0,4,2,16
,2022-02274,-104.9394961,39.73827621,1/30/2022 13:10,13:10,10,0,0,E 14TH AVE & N ALBION ST,1,1,0,0,1,1,0,0,30,0,0,0,0,0,4,2,3
,2022-02275,-105.0126877,39.75536708,1/31/2022 10:43,10:43,12,0,0,I-25 & N SPEER BLVD,1,1,0,0,1,4,0,0,55,0,0,0,0,0,1,2,7
,2022-02278,-105.0047562,39.76115807,1/31/2022 7:22,7:22,12,0,0,I-25 & 20TH ST,1,1,0,7,1,4,0,0,55,0,0,0,0,0,1,3,16
,2022-02279,-104.9873789,39.75455814,1/15/2022 16:40,16:40,15,0,0,BROADWAY & PARK AVE W,1,1,0,0,1,4,0,0,30,0,0,0,0,0,4,3,1
,2022-02281,-104.8846641,39.74746844,1/24/2022 2:15,2:15,12,0,0,E MONTVIEW BLVD & N CENTRAL PARK BLVD,1,3,0,0,1,1,0,0,35,0,0,0,0,0,4,2,16
,2022-02284,-104.7904699,39.78363776,1/6/2022 18:50,18:50,12,0,0,PENA BLVD INBOUND & E GVR BLVD,9,4,0,2,1,1,0,0,35,0,0,0,0,0,4,2,14
,2022-02286,-104.8929192,39.74008362,1/27/2022 19:34,19:34,6,0,0,E COLFAX AVE & N UINTA ST,9,3,3,0,1,4,0,0,,0,0,0,0,0,2,2,16
,2022-02288,-104.9791539,39.77935673,1/19/2022 15:38,15:38,15,0,0,I-70 & N WASHINGTON ST,1,1,0,0,1,8,0,1,55,0,0,0,0,0,1,2,9
,2022-02290,-104.9929753,39.74725436,1/30/2022 16:10,16:10,15,0,0,CHAMPA ST & 17TH ST,1,1,0,0,1,4,0,0,30,0,0,0,0,0,4,2,13
,2022-02291,-104.9707065,39.73881908,1/31/2022 11:30,11:30,6,0,0,N LAFAYETTE ST & E 14TH AVE,1,1,0,0,1,4,0,0,30,0,0,0,0,0,4,2,13
,2022-02292,-104.9040492,39.62542304,1/29/2022 13:00,13:00,3,0,0,S QUEBEC ST 5000 BLK & E CHENANGO AVE,1,1,0,0,1,1,0,0,25,0,0,0,0,0,4,2,3
,2022-02293,-104.9593074,39.7153953,1/17/2022 10:53,10:53,12,0,0,UNIVERSITY BLVD S & CHERRY CREEK DR SE,1,1,0,0,1,3,0,0,35,0,0,0,0,0,4,2,16
,2022-02294,-105.0532663,39.68905234,1/23/2022 12:37,12:37,15,0,0,S SHERIDAN BLVD & W FLORIDA AVE,1,1,0,1,1,4,0,0,35,0,0,0,0,0,2,2,16
,2022-02295,-105.0252131,39.78834363,1/29/2022 12:35,12:35,6,0,0,N FEDERAL BLVD & W 51ST AVE,1,1,0,0,1,4,0,0,35,0,0,0,0,0,2,3,3
,2022-02296,-105.0043427,39.74777922,1/27/2022 23:27,23:27,10,0,0,AURARIA PKWY & 12TH ST,4,3,0,2,1,1,0,0,25,0,0,0,0,0,4,3,8
,2022-02297,-104.9874755,39.70021285,1/29/2022 12:00,12:00,1,0,0,S BROADWAY & W KENTUCKY AVE,1,1,0,0,1,1,0,0,30,0,0,0,0,0,4,2,3
,2022-02298,-104.9935829,39.74000756,1/31/2022 6:44,6:44,5,0,0,COLFAX AVE W & TREMONT PL,1,3,0,0,3,1,0,0,25,0,0,0,0,0,2,1,1
,2022-02299,-104.847131,39.79286544,1/26/2022 8:45,8:45,10,0,0,N PEORIA ST & E 53RD AVE,11,1,0,0,1,1,0,0,35,0,0,0,0,0,4,2,16
,2022-02304,-104.7626056,39.8129259,1/31/2022 17:35,17:35,3,0,0,N DUNKIRK ST & E 64TH AVE,1,3,0,0,1,1,0,0,25,0,0,0,0,1,4,2,3