id,drcog_id,longitude,latitude,crashtime,time,crashtype,numbkilled,numbinjurd,drcoglocat,rdconditin,lightngcon,roadcntgrd,weatherco,location,roaddescrp,schoolzone,constrzone,splimit,bikeinv,pedinv,sctrinv,motoinv,svrty,rdsystem,ttlvehcls,hcf
,2022-02305,-104.9407894,39.70381962,1/29/2022 13:45,13:45,12,0,0,S COLORADO BLVD & E EXPOSITION AVE,1,1,0,0,1,1,0,0,35,0,0,0,0,0,2,2,3
,2022-02307,-105.047509,39.73169043,1/22/2022 13:24,13:24,12,0,0,WINONA CT N & W 9TH AVE,1,1,1,0,1,4,0,0,25,0,0,0,0,0,4,2,16
,2022-02308,-104.8462926,39.798199,1/28/2022 7:28,7:28,15,0,0,E 56TH AVE & N PEORIA ST,1,1,0,0,1,4,0,0,40,0,0,0,0,0,4,2,1
,2022-02309,-105.0250542,39.72025458,1/17/2022 6:56,6:56,1,0,1,W 2ND AVE & N FEDERAL BLVD,1,2,0,1,1,1,0,0,35,0,0,0,1,3,2,2,13
,2022-02310,-104.9406169,39.70205471,1/29/2022 14:30,14:30,15,0,0,E OHIO AVE & S COLORADO BLVD,1,1,0,0,1,1,0,0,25,0,0,0,0,0,2,2,3
,2022-02311,-105.0369209,39.73579256,1/31/2022 13:00,13:00,6,0,0,NEWTON ST N & W 13TH ST,1,1,1,0,1,4,0,1,25,0,0,0,0,0,4,4,9
,2022-02312,-104.8171792,39.78873708,1/30/2022 18:26,18:26,3,0,0,E 52ND AVE & N DURHAM CT,4,3,0,0,1,1,0,0,25,0,0,0,0,0,4,2,7
,2022-02313,-105.0251799,39.78422127,1/31/2022 10:56,10:56,1,0,0,N FEDERAL BLVD & I-70 EB RAMPS,1,1,0,0,1,1,0,0,35,0,0,0,0,0,2,2,13
,2022-02314,-104.8436204,39.78152046,1/27/2022 12:25,12:25,3,0,0,E ALBROOK DR & N PEORIA ST,4,1,0,0,1,2,0,0,25,0,0,0,0,0,4,2,11
,2022-02315,-105.0250215,39.68590451,1/15/2022 14:05,14:05,12,0,0,S FEDERAL BLVD & W MEXICO AVE,1,1,0,0,1,4,0,0,,0,0,0,0,0,2,3,16
,2022-02316,-104.9394168,39.75889314,1/21/2022 2:08,2:08,6,0,0,ALBION ST & 2931 BLK N ,1,4,0,4,1,4,0,0,25,0,0,0,0,0,4,4,16
,2022-02318,-104.9317355,39.76921488,1/2/2022 10:00,10:00,3,0,0,DAHLIA ST N & 38TH AVE E,4,1,0,0,1,1,0,0,25,0,0,0,0,0,4,2,1
,2022-02319,-104.9873762,39.74335811,1/30/2022 5:50,5:50,10,0,0,N BROADWAY & E 17TH AVE,1,3,0,0,1,1,0,0,30,0,0,0,0,0,4,2,7
,2022-02321,-105.0279503,39.66772171,1/29/2022 10:29,10:29,12,0,0,YALE AVE W & S HAZEL CT,4,1,0,1,1,1,0,0,30,0,0,0,0,0,4,2,13
,2022-02322,-105.0047562,39.76115807,1/31/2022 1:05,1:05,5,0,1,I-25 & 20TH ST,1,3,1,0,3,4,0,0,55,0,0,0,0,2,1,2,16
,2022-02323,-104.7835637,39.77280637,1/31/2022 19:53,19:53,15,0,0,E 40TH AVE & N SALIDA ST,1,3,0,0,1,3,0,0,40,0,0,0,0,0,4,2,13
,2022-02324,-105.0088282,39.72135182,1/14/2022 5:13,5:13,6,0,1,6TH AVE EB OFF RAMP & I-25 SB ON RAMP,1,3,0,0,3,8,0,0,55,0,0,0,0,2,2,2,16
,2022-02325,-105.105833,39.63473745,1/31/2022 6:23,6:23,6,0,0,STANFORD AVE W & S IRIS ST,1,1,0,1,1,4,0,0,25,0,0,0,0,0,4,3,3
,2022-02326,-104.9862277,39.69731473,1/30/2022 9:45,9:45,6,0,0,LINCOLN ST S & MISSISSIPPI AVE E,1,1,0,0,1,4,0,0,25,0,0,0,0,0,4,2,3
,2022-02327,-105.0047562,39.76115807,1/30/2022 21:21,21:21,12,0,0,I-25 & 20TH ST,1,3,1,0,1,4,0,0,55,0,0,0,0,0,1,2,16
,2022-02328,-104.9035084,39.69566164,1/29/2022 10:10,10:10,3,0,0,S QUEBEC ST & E MISSISSIPPI AVE,1,1,0,0,1,1,0,0,30,0,0,0,0,0,4,2,3
,2022-02329,-104.8658663,39.75884744,1/31/2022 17:08,17:08,2,0,1,N HAVANA ST & E 29TH DR,1,1,0,0,1,1,0,0,30,1,0,0,0,2,4,1,11
,2022-02330,-104.8470302,39.77419185,1/31/2022 6:35,6:35,12,0,1,I-70 & N PEORIA ST,1,1,0,0,1,4,0,0,55,0,0,0,0,1,1,2,7
,2022-02331,-104.9873901,39.74000829,1/29/2022 9:15,9:15,1,0,0,W COLFAX AVE & N BROADWAY ST,1,1,0,1,1,1,0,0,30,0,0,0,0,0,2,2,13
,2022-02335,-104.9873288,39.7256391,1/31/2022 12:56,12:56,12,0,0,6TH AVE & BROADWAY ST,1,1,0,0,1,4,0,0,30,0,0,0,0,1,4,2,3
,2022-02337,-104.9588844,39.72561548,1/23/2022 11:55,11:55,10,0,0,E 6TH AVE & N JOSEPHINE ST,1,1,0,0,1,1,0,0,30,0,0,0,0,0,4,2,3
,2022-02341,-104.9037056,39.71705946,2/1/2022 8:55,8:55,12,0,0,E LOWRY BLVD & N QUEBEC ST,2,1,0,0,1,3,0,0,25,0,0,0,0,0,4,2,16
,2022-02346,-104.772117,39.79866672,2/1/2022 7:30,7:30,15,0,0,TOWER RD N & E 56TH AVE,1,1,0,0,1,3,0,0,35,0,0,0,0,0,4,2,1
,2022-02347,-104.7718785,39.83341565,2/1/2022 5:07,5:07,1,0,0,N TOWER RD & PENA BLVD,1,3,0,0,1,3,0,0,,0,0,0,0,0,4,2,16
,2022-02348,-105.0250596,39.68938351,1/31/2022 19:35,19:35,11,0,1,S FEDERAL BLVD & W FLORIDA AVE,1,4,0,0,1,4,0,0,0,0,1,0,0,1,2,1,16
,2022-02352,-105.0016104,39.71711079,2/1/2022 10:42,10:42,6,0,0,N LIPAN ST & W ELLSWORTH AVE,1,1,0,0,1,4,0,0,25,0,0,0,0,0,4,2,16
,2022-02353,-104.8934108,39.63486742,1/9/2022 16:15,16:15,10,0,1,TAMARAC ST S & I-225 FRONTAGE RD S,1,1,0,0,1,1,0,0,35,0,0,0,0,2,4,2,16
,2022-02355,-104.692935,39.83346184,2/1/2022 5:12,5:12,3,0,0,JACKSON GAP ST & PENA BLVD,1,3,1,0,1,1,0,0,35,0,0,0,0,0,4,2,1
,2022-02358,-104.9129765,39.66098218,2/1/2022 6:35,6:35,6,0,0,MONACO ST S & E COLUMBIA PL,1,3,0,0,1,4,0,0,35,0,0,0,0,0,4,2,11
,2022-02360,-104.9979714,39.75146902,1/21/2022 8:35,8:35,15,0,0,17TH ST & BLAKE ST,1,1,0,0,1,1,0,0,30,0,0,0,0,0,4,2,13
,2022-02362,-104.9372274,39.75466836,2/1/2022 7:40,7:40,3,0,0,E 26TH AVE & N BELLAIRE ST,1,1,0,0,1,1,0,0,25,0,0,0,0,0,4,2,11
,2022-02364,-104.9881006,39.75507699,1/31/2022 20:30,20:30,3,0,0,LAWRENCE ST & PARK AVE W,1,3,3,0,1,1,0,0,25,0,0,0,0,0,4,2,3
,2022-02365,-105.0246385,39.72570979,1/31/2022 12:15,12:15,12,0,0,W 6TH AVE WB OFF RAMP & N FEDERAL BLVD,1,1,1,0,1,8,0,0,35,0,0,0,0,0,2,2,10
,2022-02366,-104.9861354,39.73032736,1/29/2022 22:30,22:30,6,0,0,N LINCOLN ST & E 9TH AVE,1,1,1,0,1,2,0,0,35,0,0,0,0,0,4,2,1
,2022-02369,-105.053316,39.70042997,1/26/2022 18:53,18:53,9,0,0,W KENTUCKY AVE & S SHERIDAN BLVD,4,3,0,0,1,2,0,0,35,0,0,0,0,0,2,2,14
,2022-02379,-105.0139411,39.74036804,2/1/2022 6:40,6:40,15,0,0,I-25 & W COLFAX AVE,1,1,0,0,1,14,0,0,55,0,0,0,0,0,1,2,13
,2022-02380,-104.8925052,39.63866572,1/9/2022 16:15,16:15,14,0,1,QUINCY AVE E & S TAMARAC ST,1,1,0,0,1,4,0,0,35,0,0,0,0,2,4,2,16
,2022-02381,-104.8957077,39.62409491,1/31/2022 16:15,16:15,1,0,0,E BELLEVIEW AVE & S ULSTER ST,1,1,0,0,1,2,0,0,35,0,0,0,0,0,4,2,11
,2022-02382,-104.9866363,39.76440034,2/1/2022 9:07,9:07,12,0,0,29TH ST & BRIGHTON BLVD,1,1,0,0,1,1,0,0,25,0,0,0,0,0,4,2,16
,2022-02383,-104.9128721,39.67663123,1/31/2022 18:13,18:13,1,0,0,S MONACO ST & E MEMORIAL WY,1,1,0,0,1,1,0,0,30,0,0,0,0,0,4,2,16
,2022-02387,-105.0133487,39.72550245,1/30/2022 18:07,18:07,12,0,0,I-25 & W 6TH AVE,1,3,1,0,1,8,0,0,45,0,0,0,0,0,1,2,13
,2022-02396,-104.8829699,39.77702125,1/31/2022 14:40,14:40,12,0,0,I-270 & N CENTRAL PARK BLVD,1,1,1,0,1,4,0,0,25,0,0,0,0,0,4,2,13
,2022-02398,-105.0250228,39.72349116,2/1/2022 11:55,11:55,10,0,0,N FEDERAL BLVD & W 5TH AVE,1,1,0,0,1,1,0,0,35,0,0,0,0,0,2,2,3
,2022-02399,-105.0250605,39.68949117,2/1/2022 9:56,9:56,1,0,0,S FEDERAL BLVD & W FLORIDA AVE,1,1,1,0,1,2,0,0,40,0,0,0,0,0,2,3,7
,2022-02410,-104.9869268,39.78048284,2/1/2022 15:35,15:35,15,0,0,E 46TH AVE & N LEAF CT,1,1,1,2,1,4,0,0,30,0,0,0,0,0,4,2,3
,2022-02412,-104.9099318,39.6748541,1/31/2022 20:00,20:00,6,0,0,ILIFF AVE E & S ONEIDA ST,4,3,1,0,1,4,0,0,,0,0,0,0,0,4,2,16
,2022-02416,-104.9406143,39.73828662,2/1/2022 9:35,9:35,3,0,1,N COLORADO BLVD & E 14TH AVE,1,1,0,0,1,1,0,0,30,0,0,0,0,1,2,2,11
,2022-02418,-104.9035154,39.66852421,1/9/2022 19:01,19:01,3,0,0,QUEBEC ST S & HARVARD AVE E,1,3,0,0,1,1,0,0,35,0,0,0,0,0,4,2,7
,2022-02437,-104.9804452,39.75295147,1/3/2022 17:03,17:03,11,0,1,WELTON ST & 25TH ST,1,3,0,0,1,1,0,0,30,0,1,0,0,3,4,1,13
,2022-02438,-104.9864767,39.72604804,1/31/2022 20:08,20:08,15,0,0,E SPEER BLVD & N LINCOLN ST,1,3,1,0,1,4,0,0,30,0,0,0,0,0,4,2,13
,2022-02439,-104.9237575,39.69680503,2/1/2022 7:50,7:50,1,0,0,CHERRY CREEK DR SE & E MISSISSIPPI AVE,1,1,0,0,1,1,0,0,30,0,0,0,0,0,4,2,1
,2022-02440,-104.9791463,39.7797555,2/1/2022 7:45,7:45,15,0,0,I-70 & N WASHINGTON ST,1,1,1,0,1,4,0,0,55,0,0,0,0,0,1,4,14
,2022-02451,-104.9934125,39.74424936,1/28/2022 20:10,20:10,3,0,0,15TH ST & CALIFORNIA ST,4,3,0,0,1,1,0,0,25,0,0,0,0,0,4,2,16
,2022-02457,-105.0248353,39.67864476,2/1/2022 9:15,9:15,15,0,0,EVANS AVE W & S FEDERAL BLVD,1,1,0,1,1,4,0,0,30,0,0,0,0,0,4,2,13
,2022-02458,-105.0438372,39.700392,1/31/2022 20:45,20:45,12,0,0,KENTUCKY AVE W & S TENNYSON ST,4,3,0,0,1,4,0,0,30,0,0,0,0,0,4,2,14
,2022-02471,-104.9919397,39.68757244,2/1/2022 12:22,12:22,1,0,1,S SANTA FE DR & W IOWA AVE,1,1,0,0,1,1,0,0,45,0,0,0,0,1,2,2,11
,2022-02473,-104.87637,39.65302027,1/30/2022 14:50,14:50,12,0,0,E HAMPDEN AVE & S DAYTON ST,1,1,0,0,1,4,0,0,45,0,0,0,0,0,2,3,16
,2022-02485,-105.0532105,39.74062683,1/28/2022 14:30,14:30,11,0,1,N SHERIDAN BLVD & W COLFAX AVE,1,1,0,0,1,4,0,0,0,0,1,0,0,3,2,1,16
,2022-02496,-105.0250361,39.69311413,1/29/2022 12:18,12:18,12,0,0,S FEDERAL BLVD & W LOUISIANA AVE,1,1,0,1,1,4,0,0,35,0,0,0,0,0,2,2,16
,2022-02497,-105.0109567,39.78347141,1/31/2022 16:22,16:22,15,0,0,I-70 & N PECOS ST,1,1,0,0,1,4,0,0,,0,0,0,0,0,1,2,16
,2022-02556,-104.8897675,39.62411964,2/1/2022 17:58,17:58,10,0,0,E BELLEVIEW AVE & S DTC BLVD,7,3,1,2,1,3,0,0,45,0,0,0,0,0,4,2,11
,2022-02557,-104.8970353,39.63859713,1/26/2022 14:09,14:09,3,0,1,E QUINCY AVE & S TAMARAC ST PKWY,1,1,1,0,1,2,0,0,10,0,0,0,0,1,4,2,13
,2022-02562,-104.9991572,39.69959276,2/2/2022 14:56,14:56,3,0,0,S JASON ST & W MISSISSIPPI AVE,9,1,0,0,1,2,0,0,15,0,0,0,0,0,4,2,3
,2022-02564,-104.9594794,39.73504052,1/2/2022 5:10,5:10,6,0,0,2300 BLOCK E 12TH AVE & N JOSEPHINE ST,9,3,0,0,1,4,0,0,30,0,0,0,0,0,4,4,16
,2022-02565,-104.677,39.84414238,2/2/2022 6:03,6:03,5,0,0,PENA BLVD & SNAKES RD,4,3,1,2,2,4,0,0,35,0,0,0,0,0,4,1,7
,2022-02566,-104.9252964,39.67665345,2/1/2022 16:00,16:00,12,0,0,S GRAPE ST & E WARREN AVE,9,1,0,0,1,1,0,0,25,0,0,0,0,0,4,2,3
,2022-02570,-104.9341969,39.69296864,2/2/2022 8:14,8:14,6,0,0,E LOUISIANA AVE & S CHERRY ST,9,2,0,2,1,4,0,0,25,0,0,0,0,0,4,2,16
,2022-02571,-104.877091,39.71927561,2/1/2022 12:00,12:00,10,0,0,N YOSEMITE WY & N DALLAS ST,1,1,0,0,1,1,0,0,25,0,0,0,0,0,4,2,3
,2022-02572,-104.9803124,39.75840889,2/1/2022 18:27,18:27,8,0,0,28TH ST & CURTIS ST,9,3,0,2,1,1,0,0,35,0,0,0,0,0,4,2,11
,2022-02573,-105.044276,39.68043063,1/15/2022 3:33,3:33,6,0,0,S TENNYSON ST & 2042 S TENNYSON ST,2,3,0,0,1,4,0,0,25,0,0,0,0,0,4,2,16
,2022-02576,-104.8907107,39.75381731,2/1/2022 20:30,20:30,6,0,0,CENTRAL PARK BLVD N & N WABASH ST,9,3,0,2,1,4,0,0,30,0,0,0,0,0,4,2,8
,2022-02577,-104.9854808,39.78559757,2/2/2022 9:19,9:19,6,0,0,LINCOLN ST & 4894 BLK N ,9,1,0,2,3,2,0,0,25,0,0,0,0,0,4,2,13
,2022-02578,-105.0169205,39.75049944,2/2/2022 9:26,9:26,15,0,0,I-25 & W 23RD AVE,5,1,0,0,1,4,0,0,55,0,0,0,0,0,1,2,13
,2022-02582,-104.9407877,39.72253916,2/1/2022 17:15,17:15,12,0,0,N COLORADO BLVD & E 4TH AVE,9,1,0,2,1,1,0,0,35,0,0,0,0,0,2,2,3
,2022-02583,-104.9467209,39.71149156,2/1/2022 18:15,18:15,3,0,0,E CHERRY CREEK N DR & E ALAMEDA AVE,9,3,0,2,1,1,0,0,25,0,0,0,0,0,4,2,14
,2022-02584,-105.0001485,39.72570812,2/1/2022 13:00,13:00,15,0,0,W 6TH AVE & N KALAMATH ST,1,1,0,0,1,1,0,0,30,0,0,0,0,0,4,4,3
,2022-02595,-105.015264,39.72566944,2/1/2022 14:47,14:47,15,0,0,I-25 & W 6TH AVE ,5,1,0,2,1,8,0,0,35,0,0,0,0,0,1,2,13
,2022-02596,-104.9827974,39.69116964,2/1/2022 10:45,10:45,3,0,0,E ARKANSAS AVE & S LOGAN ST,1,1,0,0,1,1,0,0,25,0,0,0,0,0,4,2,3
,2022-02597,-105.0250961,39.68949084,1/29/2022 18:31,18:31,12,0,0,FLORIDA AVE W & FEDERAL BLVD S,1,3,0,0,1,1,0,0,40,0,0,0,0,0,2,2,1
,2022-02598,-104.8708044,39.67475846,2/1/2022 19:29,19:29,3,0,0,E ILIFF AVE & S PARKER RD,9,3,0,2,1,1,0,0,35,0,0,0,0,0,2,2,13
,2022-02599,-105.0421113,39.67297716,2/1/2022 7:43,7:43,15,0,0,HARVARD AVE W & S RALEIGH ST,1,1,0,1,1,4,0,0,25,0,0,0,0,0,4,2,16
,2022-02600,-104.9875127,39.68757443,1/26/2022 17:23,17:23,1,0,0,S BROADWAY & E IOWA AVE,1,2,0,0,1,1,0,0,35,0,0,0,0,0,4,3,13
,2022-02615,-105.0019344,39.68217792,2/1/2022 20:40,20:40,3,0,0,W JEWELL AVE & S PLATTE RIVER DR,9,3,1,2,1,14,0,0,30,0,0,0,0,0,4,2,16
,2022-02621,-104.9891466,39.78296055,2/2/2022 16:35,16:35,5,0,0,I-25 & I-70,5,1,1,2,6,4,0,0,55,0,0,0,0,0,1,1,7
,2022-02670,-105.0205381,39.7580395,2/3/2022 9:03,9:03,3,0,0,N CLAY ST & N SPEER BLVD,4,1,0,0,1,1,0,0,30,0,0,0,0,0,4,2,13
,2022-02672,-104.9317401,39.77991753,2/3/2022 11:07,11:07,12,0,2,I-70 & N DAHLIA ST,12,1,0,0,1,4,0,0,55,0,0,0,0,1,1,2,13
,2022-02673,-105.0141494,39.74044681,2/2/2022 22:35,22:35,12,0,0,I-25 & W COLFAX AVE,4,3,0,2,1,4,0,0,55,0,0,0,0,0,1,2,14
,2022-02674,-104.7344115,39.79462018,2/3/2022 18:09,18:09,3,0,0,N  PICADILLY RD & E 54TH AVE,4,3,0,0,1,1,0,0,40,0,0,0,0,0,4,2,8
,2022-02675,-104.9877418,39.75939647,2/3/2022 8:15,8:15,1,0,0,BROADWAY & BLAKE ST,4,1,0,0,1,1,0,0,30,0,0,0,0,0,4,2,16
,2022-02676,-104.9733419,39.76075905,2/2/2022 13:45,13:45,12,0,0,E 31ST AVE & N DOWNING ST,9,1,0,2,1,1,0,0,25,0,0,0,0,0,4,2,13
,2022-02677,-105.0064273,39.78326345,2/3/2022 7:45,7:45,15,0,0,I-70 & N PECOS ST,5,1,1,0,1,4,0,0,55,0,0,0,0,0,1,2,11
,2022-02678,-105.0372809,39.71128353,2/2/2022 16:30,16:30,3,0,0,ALAMEDA AVE W & NEWTON ST S,9,1,0,2,1,1,0,0,25,0,0,0,0,0,2,2,3
,2022-02679,-104.9035476,39.7437855,2/2/2022 20:36,20:36,3,0,0,E 17TH AVE & N QUEBEC ST,4,3,0,0,1,1,0,0,30,0,0,0,0,0,4,2,14
,2022-02680,-105.0139596,39.74044224,2/3/2022 13:13,13:13,15,0,0,I-25 & W COLFAX AVE,12,1,0,0,1,4,0,0,45,0,0,0,0,0,1,3,13
,2022-02684,-104.9406363,39.6729997,2/3/2022 17:48,17:48,12,0,0,S COLORADO BLVD & E WESLEY AVE,11,2,0,0,1,4,0,0,35,0,0,0,0,0,2,2,3
,2022-02687,-104.9497567,39.78010339,2/4/2022 15:46,15:46,15,0,0,I-70 & N STEELE ST,1,1,0,0,1,4,0,0,55,0,0,0,0,0,1,2,13
,2022-02688,-105.0150444,39.74137027,2/3/2022 12:33,12:33,5,0,0,I-25 SB ON RAMP & W COLFAX AVE WB OFF RAMP,4,1,1,0,3,8,0,0,30,0,0,0,0,0,1,1,7
,2022-02690,-104.9005293,39.75770126,2/3/2022 14:15,14:15,10,0,0,N ROSLYN ST & E 29TH AVE,7,1,0,0,1,1,0,0,20,0,0,0,0,0,4,2,8
,2022-02691,-104.8947947,39.6382838,2/2/2022 17:31,17:31,1,0,0,S TAMARAC ST & E QUINCY AVE,5,3,0,2,1,1,0,0,35,0,0,0,0,0,4,2,10
,2022-02692,-104.9734515,39.67311093,2/2/2022 19:00,19:00,6,0,0,S DOWNING ST & E WESLEY AVE,9,3,0,2,1,1,0,0,25,0,0,0,0,0,4,2,3
,2022-02693,-104.9418368,39.72910092,2/3/2022 14:30,14:30,15,0,1,E 8TH AVE & N HARRISON ST,7,1,0,0,1,3,0,0,35,0,0,0,0,1,4,2,1
,2022-02694,-104.7719543,39.84264142,2/3/2022 8:35,8:35,8,0,0,N TOWER RD & E 81ST AVE,4,1,1,0,6,4,0,0,45,0,0,0,0,0,4,2,16
,2022-02695,-105.0520938,39.68913108,1/12/2022 1:28,1:28,6,0,0,S ZENOBIA ST & W FLORIDA AVE,1,3,0,0,1,4,0,0,25,0,0,0,0,0,4,4,1
,2022-02697,-104.9835849,39.7448679,2/3/2022 15:20,15:20,12,0,0,E 18TH AVE & N GRANT ST,14,1,0,0,1,1,0,0,30,0,0,0,0,0,4,2,16
,2022-02698,-104.9815851,39.701802,1/30/2022 20:29,20:29,5,0,0,S PENNSYLVANIA ST & E OHIO AVE,1,3,0,0,2,1,0,0,25,0,0,0,0,0,4,2,16
,2022-02699,-104.9875672,39.67851948,2/3/2022 7:25,7:25,12,0,0,E EVANS AVE & S BROADWAY ST,8,1,0,0,1,4,0,0,35,0,0,0,0,0,4,2,16
,2022-02700,-104.8658148,39.77292319,2/3/2022 12:36,12:36,10,0,0,N HAVANA ST & E 40TH AVE,9,1,0,0,1,1,0,0,35,0,0,0,0,0,4,3,8
,2022-02701,-104.9975972,39.74564563,2/4/2022 8:10,8:10,6,0,0,14TH ST & 1000 BLK,7,1,0,0,1,3,0,0,30,0,0,0,0,0,4,2,16
,2022-02703,-104.9379278,39.7644633,1/27/2022 15:00,15:00,6,0,0,BRUCE RANDOLPH AVE & ASH ST,4,3,0,0,1,4,0,0,30,0,0,0,0,0,4,2,16
,2022-02704,-104.9874345,39.72581682,2/3/2022 5:47,5:47,12,0,0,N BROADWAY ST & W 6TH AVE,14,2,0,0,1,4,0,0,35,0,0,0,0,0,4,2,16
,2022-02705,-104.9366938,39.67845275,2/4/2022 0:54,0:54,3,0,0,E EVANS AVE & S BIRCH ST,5,3,0,0,1,1,0,0,35,0,0,0,0,0,4,2,2
,2022-02706,-105.05299,39.63974652,2/4/2022 7:47,7:47,12,0,0,W QUINCY AVE & S SHERIDAN BLVD,5,1,3,0,1,4,0,0,30,0,0,0,0,0,4,2,3
,2022-02707,-104.9485856,39.71783382,2/4/2022 12:50,12:50,3,0,0,N ADAMS ST & E 1ST AVE,12,1,0,0,1,3,0,0,30,0,0,0,0,0,4,2,13
,2022-02709,-104.9983234,39.74181171,2/3/2022 12:50,12:50,15,0,1,STOUT ST & N SPEER BLVD,4,1,0,0,1,4,0,0,25,0,0,0,0,2,4,2,16
,2022-02710,-104.9129311,39.71168736,2/4/2022 8:41,8:41,15,0,0,S MONACO ST & E ALAMEDA AVE,11,1,0,0,1,4,0,0,35,0,0,0,0,0,4,2,16
,2022-02711,-104.9364271,39.71132748,2/3/2022 12:10,12:10,12,0,0,ALAMEDA AVE E & LEETSDALE DR,11,1,0,0,1,1,0,0,35,0,0,0,0,0,2,2,10
,2022-02712,-104.9067175,39.63415775,2/4/2022 9:52,9:52,12,0,0,I-225 & I-25,1,1,0,0,1,4,0,0,45,0,0,0,0,0,1,2,13
,2022-02713,-105.0532475,39.765697,2/3/2022 12:25,12:25,3,0,1,N SHERIDAN BLVD & W 35TH AVE,4,1,0,0,1,1,0,0,35,0,0,0,0,1,2,2,13
,2022-02714,-105.0131182,39.72551753,2/3/2022 12:04,12:04,12,0,1,I-25 & W 6TH AVE,11,1,0,0,1,4,0,0,55,0,0,0,0,1,1,3,7
,2022-02715,-104.9967738,39.7104204,2/4/2022 8:10,8:10,15,0,0,SANTA FE DR S & ALAMEDA AVE W,1,1,0,0,1,4,0,0,40,0,0,0,0,0,4,2,1
,2022-02716,-104.9884216,39.75347894,2/2/2022 16:33,16:33,3,0,0,ARAPAHOE ST & 22ND ST,9,1,0,2,1,1,0,0,30,0,0,0,0,0,4,2,16
,2022-02717,-104.6929217,39.83447235,2/1/2022 11:20,11:20,12,0,0,N JACKSON GAP ST & PENA WB RAMPS,1,1,0,0,1,3,0,0,35,0,0,0,0,0,4,2,13
,2022-02718,-104.9874308,39.69663426,2/4/2022 0:21,0:21,3,0,1,S BROADWAY ST & MISSISSIPPI AVE E,2,3,0,0,1,1,0,0,30,0,0,0,0,2,4,2,14
,2022-02719,-104.9647558,39.74322445,2/3/2022 17:01,17:01,3,0,1,N HIGH ST & E 17TH AVE,7,1,0,0,1,1,0,0,25,0,0,0,0,1,4,2,14
,2022-02720,-104.9804159,39.70028662,2/3/2022 8:00,8:00,3,0,0,E KENTUCKY AVE & S PEARL ST,9,1,0,0,1,1,0,0,25,0,0,0,0,0,4,2,11
,2022-02721,-105.0434199,39.74033403,2/4/2022 15:25,15:25,15,0,0,COLFAX AVE & 4300 BLK W ,11,1,0,0,1,4,0,0,30,0,0,0,0,0,2,2,13
,2022-02722,-104.8929099,39.71119317,2/4/2022 7:33,7:33,3,0,0,E ALAMEDA AVE & E FAIRMOUNT DR,11,2,0,0,1,1,0,0,40,0,0,0,0,0,4,2,11
,2022-02723,-105.0299615,39.71121547,2/3/2022 16:12,16:12,12,0,1,ALAMEDA AVE W & IRVING ST S,1,1,0,0,1,3,0,0,35,0,0,0,0,1,2,2,3
,2022-02724,-104.990006,39.71133126,2/3/2022 17:31,17:31,10,0,0,S BANNOCK ST & W ALAMEDA AVE,7,2,0,2,1,2,0,0,25,0,0,0,0,0,4,2,1
,2022-02728,-105.012374,39.77144859,2/4/2022 10:37,10:37,6,0,0,N UMATILLA ST & W 40TH AVE,4,1,0,0,1,4,0,0,25,0,0,0,0,0,4,4,16
,2022-02729,-104.9861527,39.72906707,2/4/2022 20:54,20:54,3,0,0,E 8TH AVE & N LINCOLN ST,1,3,0,0,1,1,0,0,45,0,0,0,0,0,4,2,14
,2022-02732,-105.0252437,39.76026749,2/4/2022 11:13,11:13,3,0,0,N FEDERAL BLVD & N SPEER BLVD,11,1,0,0,1,1,0,0,30,0,0,0,0,0,2,2,13
,2022-02734,-104.8753735,39.708898,2/4/2022 10:22,10:22,3,0,0,E ALAMEDA AVE & S DAYTON ST,11,1,0,0,1,1,0,0,35,0,0,0,0,0,4,2,8
,2022-02735,-104.8470297,39.77400525,2/4/2022 16:13,16:13,12,0,1,I-70 & N PEORIA ST,1,1,0,0,1,4,0,0,55,0,0,0,0,2,1,2,13
,2022-02736,-104.8657479,39.77957316,2/4/2022 17:03,17:03,12,0,0,HAVANA ST N & E 45TH AVE,1,1,0,0,1,4,0,0,35,0,0,0,0,0,4,3,13
,2022-02737,-104.9222793,39.77871872,2/4/2022 7:37,7:37,3,0,0,E STAPLETON N DR & N HOLLY ST,4,1,0,2,1,1,0,0,25,0,0,0,0,0,4,2,13
,2022-02738,-105.0526247,39.72541002,2/4/2022 7:49,7:49,12,0,0,W 6TH AVE EB ON SLIP MERGE PT & N SHERIDAN BLVD,12,1,0,0,1,8,0,0,25,0,0,0,0,0,1,4,16
,2022-02740,-105.0064252,39.78313348,2/4/2022 6:45,6:45,12,0,0,I-70 & N PECOS ST,2,2,0,0,1,4,0,0,55,0,0,0,0,0,1,2,16
,2022-02741,-104.9949315,39.76798309,2/3/2022 6:06,6:06,15,0,0,I-25 & PARK AVE W,14,1,0,0,1,4,0,0,55,0,0,0,0,0,1,3,13
,2022-02743,-105.0532127,39.64915357,2/4/2022 13:56,13:56,3,0,0,S SHERIDAN BLVD & DENVER DR,1,1,0,0,1,1,0,0,35,0,0,0,0,0,2,2,13
,2022-02744,-104.7649648,39.78003507,2/3/2022 22:22,22:22,8,0,1,N BISCAY ST & E 46TH AVE,4,3,0,0,1,4,0,0,20,0,0,0,0,2,4,2,10
,2022-02745,-104.9864688,39.7482416,2/3/2022 19:36,19:36,3,0,0,20TH ST & WELTON ST,4,3,0,7,1,1,0,0,30,0,0,0,0,0,4,3,13
,2022-02747,-105.0047562,39.76115807,2/3/2022 15:24,15:24,12,0,1,I-25 & 20TH ST,12,1,1,0,1,4,0,0,55,0,0,0,0,1,1,2,16