id,drcog_id,longitude,latitude,crashtime,time,crashtype,numbkilled,numbinjurd,drcoglocat,rdconditin,lightngcon,roadcntgrd,weatherco,location,roaddescrp,schoolzone,constrzone,splimit,bikeinv,pedinv,sctrinv,motoinv,svrty,rdsystem,ttlvehcls,hcf
,2022-02749,-104.906341,39.63323619,2/2/2022 14:23,14:23,15,0,0,I-25 & I-225 SB/WB OFF RAMP,4,1,0,2,1,4,0,0,55,0,0,0,0,0,1,2,14
,2022-02756,-105.0468419,39.76365156,2/3/2022 14:40,14:40,3,0,0,VRAIN ST N & W 33RD AVE,7,1,1,2,1,9,0,0,,0,0,0,0,0,4,2,10
,2022-02758,-104.9337857,39.74493984,2/3/2022 15:43,15:43,3,0,0,E 18TH AVE & N CHERRY ST,14,1,0,0,1,1,0,0,,0,0,0,0,0,4,2,16
,2022-02760,-104.9760224,39.76441327,2/4/2022 15:15,15:15,15,0,0,LAWRENCE ST & 33RD ST,7,1,0,0,1,1,0,0,35,0,0,0,0,0,4,2,11
,2022-02761,-104.9022681,39.74379435,2/3/2022 9:50,9:50,3,0,0,N QUINCE ST & E 17TH AVE,9,1,0,0,1,1,0,0,,0,0,0,0,0,4,2,16
,2022-02763,-104.9026042,39.76539692,2/4/2022 5:55,5:55,3,0,0,N QUEBEC ST & E 35TH AVE,11,2,0,0,1,1,0,0,40,0,0,0,0,1,4,2,13
,2022-02766,-104.9792537,39.69413359,2/4/2022 8:29,8:29,12,0,0,I-25 & S WASHINGTON ST,2,1,0,0,1,4,0,0,60,0,0,0,0,0,1,2,13
,2022-02767,-104.9182339,39.65307809,2/3/2022 0:10,0:10,5,0,0,I-25 NB OFF RAMP & E HAMPDEN AVE,8,3,1,0,6,8,0,0,65,0,0,0,0,0,1,1,10
,2022-02769,-104.8849493,39.78550571,2/2/2022 22:00,22:00,6,0,0,N YOSEMITE ST & E NORTHFIELD BLVD,9,3,0,2,1,3,0,0,,0,0,0,0,0,4,2,16
,2022-02770,-104.9949315,39.76798309,2/3/2022 6:06,6:06,15,0,0,I-25 & PARK AVE W,4,3,1,0,1,4,0,0,55,0,0,0,0,0,1,2,1
,2022-02772,-104.9895508,39.78026028,2/4/2022 11:58,11:58,12,0,0,I-25 & I-70,2,1,1,0,1,4,0,0,55,0,0,0,0,0,1,3,13
,2022-02775,-104.7470229,39.84446358,2/4/2022 9:25,9:25,15,0,0,E-470  & PENA BLVD,1,1,0,0,1,4,0,0,75,0,0,0,0,0,1,2,16
,2022-02776,-104.9763905,39.72187381,2/4/2022 12:40,12:40,6,0,0,EMERSON ST & 385 BLK N ,4,1,0,0,1,4,0,0,,0,0,0,0,0,4,2,16
,2022-02777,-105.0186607,39.72387631,2/4/2022 7:35,7:35,10,0,0,N BRYANT ST & W 5TH AVE,11,1,0,0,1,3,0,0,25,0,0,0,0,0,4,2,16
,2022-02779,-104.9187748,39.74020746,2/4/2022 14:33,14:33,3,0,0,E COLFAX AVE & N JASMINE ST,1,1,0,0,1,2,0,0,40,0,0,0,0,0,2,2,11
,2022-02780,-104.9733738,39.70721629,2/5/2022 13:53,13:53,12,0,0,S DOWNING ST & E VIRGINIA AVE,1,1,0,0,1,4,0,0,30,0,0,0,0,0,4,2,13
,2022-02781,-104.9919397,39.68757244,2/4/2022 11:18,11:18,1,0,0,S SANTA FE DR & W IOWA AVE,11,1,0,0,1,1,0,0,40,0,0,0,0,0,2,2,11
,2022-02782,-105.0261499,39.75602009,1/28/2022 2:40,2:40,6,0,0,27TH AVE W & 3000 BLK W,4,3,1,0,1,3,0,0,25,0,0,0,0,0,4,3,13
,2022-02785,-104.9875325,39.70145192,2/5/2022 10:59,10:59,3,0,0,S BROADWAY ST & I-25 SB RAMPS,1,1,0,0,1,1,0,0,35,0,0,0,0,0,4,2,16
,2022-02786,-104.9566872,39.72561567,2/5/2022 0:20,0:20,10,0,0,E 6TH AVE & N ELIZABETH ST,1,3,0,0,1,1,0,0,35,0,0,0,0,0,4,2,13
,2022-02787,-104.9895612,39.78010359,2/5/2022 7:08,7:08,5,0,1,I-70 & MM 273,11,2,1,0,6,4,0,0,55,0,0,0,0,2,1,1,11
,2022-02789,-104.8470297,39.77400525,2/5/2022 0:05,0:05,6,0,0,I-70 & N PEORIA ST,1,3,0,0,2,4,0,0,55,0,0,0,0,0,1,2,16
,2022-02790,-104.6929573,39.83185362,2/5/2022 3:06,3:06,3,0,0,E 75TH AVE & N JACKSON GAP WAY,1,3,0,0,1,3,0,0,35,0,0,0,0,0,4,2,10
,2022-02796,-104.9993562,39.76616101,1/24/2022 13:25,13:25,15,0,0,I-25 & PARK AVE W,1,1,1,0,1,4,0,0,55,0,0,0,0,0,1,2,13
,2022-02798,-104.8477678,39.77340743,1/13/2022 13:40,13:40,12,0,0,I-70 EB OFF RAMP & N PEORIA ST,1,1,1,0,1,8,0,0,,0,0,0,0,0,1,2,16
,2022-02800,-104.9671121,39.78013827,1/12/2022 8:25,8:25,15,0,0,I-70 WB ENT GORE PT & N BRIGHTON BLVD,1,1,0,1,1,4,0,0,55,0,0,0,0,0,1,2,16
,2022-02801,-104.8470297,39.77400525,1/13/2022 14:31,14:31,12,0,0,I-70 & N PEORIA ST,1,1,0,0,1,4,0,0,55,0,0,0,0,0,1,2,16
,2022-02807,-105.0346093,39.76194677,2/3/2022 14:00,14:00,6,0,0,LOWELL BLVD N & W 32ND AVE,9,1,0,0,1,4,0,0,25,0,0,0,0,0,4,2,16
,2022-02809,-104.8870271,39.76001141,2/5/2022 4:45,4:45,5,0,0,E MLK BLVD & N WILLOW ST,1,3,0,0,3,4,0,0,35,0,0,0,0,0,4,1,16
,2022-02812,-105.0303883,39.76212639,1/13/2022 0:15,0:15,12,0,0,W 32ND AVE & N IRVING ST,1,3,3,0,1,4,0,0,25,0,0,0,0,0,4,2,1
,2022-02813,-105.0220714,39.76320851,2/5/2022 5:54,5:54,6,0,0,W 33RD AVE & N DECATUR ST,8,5,0,7,1,1,0,0,,0,0,0,0,0,4,2,16
,2022-02814,-105.0408634,39.70631269,1/28/2022 12:00,12:00,6,0,0,S QUITMAN ST & W CUSTER AVE,4,4,0,0,1,4,0,0,25,0,0,0,0,0,4,1,13
,2022-02818,-105.0532564,39.66778641,2/4/2022 19:49,19:49,3,0,0,S SHERIDAN BLVD & W YALE AVE,4,3,1,0,1,1,0,0,40,0,0,0,0,0,2,2,16
,2022-02821,-104.9952965,39.76911591,2/5/2022 15:05,15:05,12,0,0,N FOX ST & W 38TH AVE,1,1,0,0,1,1,0,0,35,0,0,0,0,1,4,2,16
,2022-02822,-104.9810795,39.74487334,2/5/2022 14:06,14:06,3,0,0,E 18TH AVE & PENNSYLVANIA,1,1,3,0,1,1,0,0,20,0,0,0,0,0,4,2,16
,2022-02825,-104.8751265,39.65301903,2/5/2022 3:42,3:42,12,0,0,9700 BLK E HAMPDEN AVE & S DAYTON ST,1,4,0,0,1,4,0,0,35,0,0,0,0,0,4,2,3
,2022-02827,-104.8855975,39.75240339,2/5/2022 1:15,1:15,6,0,0,N XENIA ST & E 25TH AVE,9,3,0,0,3,4,0,0,15,0,0,0,0,0,4,2,3
,2022-02833,-105.0215579,39.72506939,1/20/2022 18:19,18:19,12,0,1,6TH AVE EB ON RAMP TO I-25 & FEDERAL BLVD,1,3,1,0,1,8,0,0,30,0,0,0,0,3,2,4,3
,2022-02837,-104.8708421,39.67478759,2/4/2022 20:00,20:00,11,0,0,S PARKER RD & E ILIFF AVE,1,3,0,0,1,3,0,0,0,0,1,0,0,0,2,1,16
,2022-02839,-104.9078631,39.77333697,2/2/2022 9:54,9:54,6,0,0,SANDOWN RD E & N ONEIDA ST,9,1,0,2,1,4,0,0,30,0,0,0,0,0,4,2,13
,2022-02848,-104.9405291,39.68311149,2/4/2022 10:58,10:58,12,0,0,I-25 & S COLORADO BLVD,1,1,0,0,1,4,0,0,55,0,0,0,0,0,1,2,3
,2022-02849,-104.8753735,39.708898,2/5/2022 16:55,16:55,1,0,0,E ALAMEDA AVE & S DAYTON ST,1,1,0,0,1,1,0,0,40,0,0,0,0,0,4,2,16
,2022-02851,-104.9823271,39.74003028,2/2/2022 13:12,13:12,3,0,1,COLFAX AVE E & LOGAN ST N,14,3,0,0,1,1,0,0,30,0,0,0,0,2,2,3,16
,2022-02856,-104.7905668,39.77351453,2/3/2022 16:43,16:43,12,0,1,N PENA BLVD WB & E 40TH AVE,1,1,1,0,1,14,0,0,65,0,0,0,0,2,2,2,3
,2022-02880,-105.0250961,39.68949084,1/22/2022 15:09,15:09,12,0,0,FLORIDA AVE W & S FEDERAL BLVD,1,1,3,0,1,1,0,0,35,0,0,0,0,0,2,2,1
,2022-02881,-104.9060312,39.73289866,1/21/2022 17:55,17:55,5,0,0,11TH AVE  & 7070 BLK E ,11,2,3,2,3,4,0,0,25,0,0,0,0,0,4,1,5
,2022-02882,-105.0283871,39.75305356,1/30/2022 18:22,18:22,10,0,0,SPEER BLVD N & W 32ND AVE,1,3,3,0,1,3,0,0,35,0,0,0,0,0,4,2,8
,2022-02883,-104.8829688,39.77714068,1/10/2022 2:24,2:24,9,0,1,I-70 & MM 279.90,11,3,3,0,1,4,0,0,55,0,0,0,0,3,1,1,16
,2022-02884,-105.0043198,39.76094363,1/22/2022 3:19,3:19,12,0,0,I-25 & 20TH ST,1,3,3,0,1,4,0,0,55,0,0,0,0,0,1,3,5
,2022-02885,-105.0931904,39.61447679,1/31/2022 18:45,18:45,11,0,1,W CROSS DR  & S WADSWORTH BLVD ,1,3,3,0,1,4,0,0,0,0,1,0,0,1,2,1,16
,2022-02886,-105.0033455,39.74846118,1/27/2022 19:22,19:22,6,0,0,AURARIA PKWY & N SPEER BLVD,4,3,3,0,1,1,0,0,35,0,0,0,0,0,4,2,13
,2022-02887,-105.0365216,39.63850186,1/27/2022 10:47,10:47,5,0,0,QUINCY AVE & 3900 BLK W ,9,1,3,2,3,2,0,0,35,0,0,0,0,0,4,1,7
,2022-02888,-105.0382098,39.78347024,1/22/2022 15:54,15:54,6,0,2,I-70 & N OSCEOLA ST (OFFSET),1,1,3,0,3,4,0,0,55,0,1,0,0,3,1,2,1
,2022-02889,-105.0228988,39.77113872,1/29/2022 15:32,15:32,3,0,0,N ELITO ST  & W 39TH AVE ,1,1,3,0,1,1,0,0,20,0,0,0,0,0,4,2,7
,2022-02890,-104.9823023,39.73688658,1/27/2022 22:35,22:35,12,0,0,N LOGAN ST & E 13TH AVE,9,3,3,2,1,1,0,0,30,0,0,0,0,0,4,2,16
,2022-02891,-105.0383644,39.70802832,1/27/2022 13:14,13:14,3,0,0,W VIRGINIA AVE  & S OSCEOLA ST ,9,1,3,2,1,1,0,0,25,0,0,0,0,0,4,3,13
,2022-02892,-104.9986065,39.72810351,1/29/2022 0:43,0:43,15,0,0,SANTA FE DR & 700 BLK N ,1,3,3,0,1,4,0,0,30,0,0,0,0,0,2,2,3
,2022-02893,-105.0152727,39.72537655,1/22/2022 7:41,7:41,5,0,0,W 6TH AVE COLLECTOR RAMP & I-25 SB/NB OFF RAMP MERGE,4,1,3,0,2,14,0,0,55,0,0,0,0,0,2,1,7
,2022-02894,-105.0189819,39.74638538,1/27/2022 19:10,19:10,5,0,0,N MILE HIGH STADIUM CIR & W 19TH AVE ,4,3,3,0,3,4,0,0,45,0,0,0,0,0,4,1,13
,2022-02895,-104.9035368,39.72197839,1/25/2022 15:45,15:45,15,0,0,N QUEBEC ST  & E 3RD AVE ,14,1,3,2,1,4,0,0,35,0,0,0,0,0,4,2,1
,2022-02896,-105.0397173,39.72267258,1/25/2022 21:00,21:00,6,0,0,N PERRY ST  & W 4TH AVE ,11,1,3,0,1,4,0,0,35,0,0,0,0,0,4,2,16
,2022-02897,-105.0139596,39.74044224,1/28/2022 13:59,13:59,3,0,2,W COLFAX AVE & I-25 SB OFF RAMP,1,1,3,0,1,1,0,0,40,0,0,0,0,1,2,2,8
,2022-02898,-105.0203817,39.67667781,1/28/2022 17:05,17:05,6,0,0,CLAY ST S & W WARREN AVE,7,1,3,7,1,4,0,0,25,0,0,0,0,0,4,2,2
,2022-02899,-105.0064331,39.78425359,1/26/2022 18:17,18:17,15,0,0,PECOS ST N & I-70 WB RAMPS,1,2,3,0,1,6,0,0,30,0,0,0,0,0,1,2,8
,2022-02908,-104.973271,39.71870602,2/5/2022 22:17,22:17,3,0,0,E SPEER BLVD & N DOWNING ST,1,3,0,0,1,1,0,0,30,0,0,0,0,0,4,2,13
,2022-02915,-104.968716,39.68893373,2/5/2022 21:32,21:32,14,0,0,1500 BLK S FRANKLIN ST & E FLORIDA AVE,1,3,0,0,1,4,0,0,25,0,0,0,0,0,4,2,14
,2022-02924,-104.8959486,39.77282339,2/6/2022 15:18,15:18,15,0,0,E 40TH AVE & N ULSTER ST,1,1,0,0,1,4,0,0,30,0,0,0,0,0,4,2,2
,2022-02932,-104.8470109,39.78225078,1/28/2022 7:55,7:55,12,0,1,N PEORIA ST & E ALBROOK DR,4,1,0,0,1,3,0,0,,0,0,0,0,2,4,3,16
,2022-02939,-104.9895612,39.78010359,2/5/2022 7:23,7:23,12,0,1,I-70 & I-25,2,2,1,7,1,14,0,0,55,0,0,0,0,2,1,2,16
,2022-02941,-104.957929,39.68181157,2/6/2022 12:50,12:50,15,0,0,S JOSEPHINE ST & E JEWELL AVE,1,1,0,0,1,4,0,0,25,0,0,0,0,0,4,2,11
,2022-02959,-104.8137793,39.77395839,2/6/2022 6:18,6:18,6,0,1,ANDREWS DR & 15131 BLK E,1,4,0,0,2,4,0,0,25,0,0,0,0,1,4,2,1
,2022-02962,-104.8796425,39.79998078,2/5/2022 19:37,19:37,3,0,0,E 57TH AVE & N BOSTON CT,1,3,0,0,1,3,0,0,25,0,0,0,0,0,4,4,8
,2022-02985,-105.0171925,39.69675714,1/28/2022 15:08,15:08,15,0,0,W MISSISSIPPI AVE & S ALCOTT ST,1,1,0,0,1,4,0,0,40,0,0,0,0,0,4,2,1
,2022-02987,-104.7904699,39.78363776,2/6/2022 18:27,18:27,3,0,1,E GVR BLVD & PENA BLVD INBOUND,1,3,0,0,1,1,0,0,45,0,0,0,0,1,4,2,11
,2022-02989,-105.0139596,39.74044224,2/5/2022 16:58,16:58,12,0,0,I-25 NB & OFF RAMP TO W COLFAX AVE ,1,1,0,0,1,4,0,0,55,0,0,0,0,0,1,4,14
,2022-02991,-104.67404,39.85192349,2/6/2022 14:14,14:14,15,0,0,8500 PENA BLVD & E 80TH AVE,1,1,0,0,1,4,0,0,10,0,0,0,0,0,4,2,13
,2022-02996,-104.9987502,39.75583746,2/5/2022 15:54,15:54,6,0,0,WEWATTA ST & 19TH ST,1,2,3,0,1,4,0,0,,0,0,0,0,0,4,2,16
,2022-02998,-104.8905066,39.74579073,2/5/2022 3:40,3:40,6,0,0,1960 N VERBENA ST & E 19TH AVE,4,3,0,2,1,4,0,0,35,0,0,0,0,0,4,2,14
,2022-02999,-104.9622448,39.73839299,2/4/2022 21:26,21:26,3,0,0,E 14TH AVE & N VINE ST,1,3,0,0,1,1,0,0,25,0,0,0,0,0,4,2,16
,2022-03002,-104.9278827,39.75655947,2/3/2022 7:30,7:30,6,0,0,28TH AVE E & N FAIRFAX ST,9,1,0,0,1,4,0,0,20,0,0,0,0,0,4,2,16
,2022-03004,-105.0911196,39.61723352,2/6/2022 14:32,14:32,1,0,2,S WADSWORTH BLVD & W CRESTLINE AVE,1,1,0,0,1,2,0,0,45,0,0,0,0,1,2,2,3
,2022-03008,-104.9406054,39.74597863,2/5/2022 11:58,11:58,12,0,0,COLORADO BLVD & E 19TH AVE,1,1,0,0,1,4,0,0,30,0,0,0,0,0,2,4,13
,2022-03011,-104.940493,39.78002816,2/5/2022 21:35,21:35,15,0,0,I-70 & EB OFF RAMP TO COLORADO BLVD,1,3,0,0,1,14,0,0,55,0,0,0,0,0,1,2,8
,2022-03019,-105.0531982,39.7273568,1/7/2022 13:05,13:05,12,0,0,6TH AVE W & SHERIDAN BLVD,11,1,0,0,1,4,0,0,,0,0,0,0,0,2,1,16
,2022-03032,-104.9034019,39.7773717,2/6/2022 17:04,17:04,12,0,0,N QUEBEC ST & I-70 EB RAMPS,1,1,1,0,1,4,0,0,55,0,0,0,0,0,2,2,3
,2022-03046,-104.9861301,39.73384751,2/5/2022 23:38,23:38,10,0,0,E 11TH AVE & N LINCOLN ST,1,3,0,0,1,1,0,0,30,0,0,0,0,0,4,2,16
,2022-03128,-104.8642084,39.75950548,2/5/2022 12:58,12:58,3,0,0,E MLK BLVD & N HAVANA ST,1,1,0,0,1,1,0,0,30,0,0,0,0,0,4,3,1
,2022-03132,-104.866026,39.71105167,2/7/2022 11:43,11:43,12,0,0,E ALAMEDA AVE & S HAVANA ST,1,1,0,0,1,3,0,0,40,0,0,0,0,0,4,2,7
,2022-03134,-104.8659794,39.70754656,2/5/2022 21:00,21:00,1,0,1,S HAVANA ST & GALENA WAY,12,3,0,0,1,1,0,0,45,0,0,0,0,2,2,2,7
,2022-03135,-104.940767,39.77994597,2/6/2022 11:49,11:49,12,0,0,N COLORADO BLVD & I-70 EB ON RAMP,1,1,1,0,1,14,0,1,35,0,0,0,0,0,2,2,13
,2022-03141,-104.9594252,39.68278764,2/3/2022 17:21,17:21,3,0,1,S UNIVERSITY BLVD & E BUCHTEL BLVD,8,1,0,0,1,3,0,0,30,0,0,0,0,1,4,3,10
,2022-03143,-105.0001899,39.72723776,2/7/2022 7:49,7:49,12,0,0,700 BLK N KALAMATH ST & E 7TH AVE,2,1,0,0,1,3,0,0,30,0,0,0,0,0,4,2,11
,2022-03144,-105.0055614,39.72202551,2/7/2022 11:02,11:02,12,0,0,400 BLK N OSAGE ST & W 3RD AVE,1,1,0,0,1,4,0,0,25,0,0,0,0,0,4,2,3
,2022-03145,-105.0069805,39.78015234,2/3/2022 14:38,14:38,15,0,0,46TH AVE W & N PECOS ST,4,1,0,0,1,4,0,0,30,0,0,0,0,0,4,2,13
,2022-03146,-105.0252905,39.72134413,2/7/2022 8:47,8:47,12,0,0,N FEDERAL BLVD & W 3RD AVE,1,1,0,0,1,1,0,0,35,0,0,0,0,0,2,2,3
,2022-03149,-104.9403758,39.77288173,2/7/2022 11:33,11:33,12,0,0,4000 BLOCK N PENA BLVD OUTBOUND & E. 40TH AVE,1,1,0,0,1,8,0,0,65,0,0,0,0,0,4,2,7
,2022-03158,-104.8987457,39.73287219,2/4/2022 15:02,15:02,1,0,0,E 11TH AVE & N SYRACUSE ST,7,1,0,0,1,3,0,0,30,0,0,0,0,0,4,2,11
,2022-03160,-105.0056339,39.72537235,1/26/2022 9:00,9:00,12,0,0,W 6TH AVE & N OSAGE ST,11,1,0,0,1,4,0,0,45,0,0,0,0,0,1,2,16
,2022-03163,-105.0009194,39.7519074,2/7/2022 15:19,15:19,11,0,1,16TH ST & WYNKOOP ST,14,5,3,7,1,1,0,0,25,0,1,0,0,2,4,1,16
,2022-03172,-104.9218628,39.69670335,2/3/2022 15:25,15:25,12,0,0,S HOLLY ST & CHERRY CREEK DR NE,11,1,0,0,1,3,0,0,30,0,0,0,0,0,4,2,8
,2022-03174,-104.959746,39.76815525,2/5/2022 1:35,1:35,8,0,0,N YORK ST & E 37TH AVE,4,3,0,0,1,1,0,0,25,0,0,0,0,0,4,2,13
,2022-03176,-104.8674345,39.80240378,2/7/2022 15:21,15:21,6,0,0,5800 BLK N GENEVA ST & E 58TH AVE,1,1,0,0,1,9,0,0,25,0,0,0,0,0,4,2,16
,2022-03181,-105.0345786,39.78586667,2/7/2022 5:28,5:28,6,0,0,N LOWELL BLVD & W 49TH AVE,1,3,0,1,1,4,0,0,30,0,0,0,0,0,4,3,16
,2022-03183,-104.9410796,39.78066009,2/7/2022 15:01,15:01,1,0,0,N COLORADO BLVD & E 46TH AVE,1,1,0,0,1,1,0,0,35,0,0,0,0,0,2,2,13
,2022-03185,-104.9912673,39.74820145,2/6/2022 20:05,20:05,11,0,1,18TH ST & CHAMPA ST,1,3,0,0,1,9,0,0,0,0,1,0,0,1,4,1,16
,2022-03188,-104.8609781,39.77521146,2/6/2022 3:11,3:11,12,0,2,I-70 & N HAVANA ST,1,3,0,0,1,4,0,0,55,0,0,0,0,1,1,3,5
,2022-03190,-104.9222896,39.75333407,2/6/2022 20:52,20:52,6,0,0,HOLLY ST & 2523 BLK N ,1,3,3,7,1,4,0,0,,0,0,0,0,0,4,3,16
,2022-03192,-104.93949,39.74012355,2/6/2022 21:27,21:27,6,0,0,N ALBION ST & E COLFAX AVE,1,3,0,0,1,4,0,0,25,0,0,0,0,0,4,2,2
,2022-03193,-104.9407881,39.71779597,2/6/2022 23:01,23:01,1,0,2,COLORADO BLVD & E 1ST AVE,1,3,0,0,1,1,0,0,35,0,0,0,0,2,2,2,13
,2022-03194,-105.0096828,39.69673346,2/7/2022 8:10,8:10,15,0,0,1800 BLK W MISSISSIPPI AVE & S RARITAN ST,1,1,0,1,1,4,0,0,30,0,0,0,0,0,4,2,13
,2022-03196,-104.9933177,39.67845081,2/4/2022 16:00,16:00,12,0,0,S SANTA FE DR & W EVANS AVE,12,1,0,0,1,1,0,0,30,0,0,0,0,0,2,2,13
,2022-03198,-104.9400729,39.78302201,2/3/2022 9:25,9:25,3,0,0,N MONOCO PKWY & STAPLETON DR NE,4,1,0,2,1,1,0,0,30,0,0,0,0,0,4,2,16
,2022-03212,-104.9475422,39.7726879,2/5/2022 22:30,22:30,6,0,0,3900 BLK N COOK ST & E 40TH AVE,1,2,0,0,1,4,0,0,,0,0,0,0,0,4,2,16
,2022-03213,-105.0143588,39.76217971,2/7/2022 14:57,14:57,6,0,0,N WYANDOT ST & W 32ND AVE,1,1,0,0,1,4,0,0,25,0,0,0,0,0,4,2,16
,2022-03215,-105.0147423,39.75197927,2/6/2022 15:39,15:39,15,0,0,WATER ST & 7TH ST,1,1,0,0,1,1,0,0,30,0,0,0,0,0,4,2,16
,2022-03220,-104.9779614,39.82496888,2/7/2022 15:20,15:20,3,0,1,WASHINGTON ST & 71ST AVE,1,1,0,0,1,2,0,0,10,0,0,0,0,1,4,2,11
,2022-03221,-104.9733592,39.75454834,2/7/2022 1:30,1:30,3,0,0,E 26TH AVE & N DOWNING ST,1,3,0,0,1,1,0,0,35,0,0,0,0,0,4,2,16
,2022-03223,-105.0532476,39.76924104,2/4/2022 16:03,16:03,12,0,0,N SHERIDAN BLVD & E 38TH AVE,11,1,0,0,1,3,0,0,35,0,0,0,0,0,2,2,3
,2022-03225,-105.0345717,39.78375855,2/6/2022 11:45,11:45,3,0,0,N LOWELL BLVD & W 48TH AVE,1,1,0,0,1,1,0,0,30,0,0,0,0,0,4,2,1
,2022-03231,-104.8470148,39.78128958,2/7/2022 13:15,13:15,10,0,0,N PEORIA ST & E 47TH AVE,1,1,0,0,1,4,0,0,35,0,0,0,0,0,4,2,7
,2022-03296,-104.9875816,39.78766731,1/25/2022 12:30,12:30,6,0,0,BROADWAY & E 50TH AVE,7,1,0,2,1,4,0,0,30,0,0,0,0,0,4,2,14
,2022-03302,-105.0090973,39.72185949,2/8/2022 15:07,15:07,15,0,0,I-25 NB EXIT GORE & RAMP TO W 6TH AVE ,1,1,1,0,1,4,0,0,55,0,0,0,0,0,1,2,16
,2022-03304,-104.9610185,39.73687201,1/29/2022 21:00,21:00,6,0,0,N GAYLORD ST & E 13TH AVE,1,1,3,0,3,4,0,0,,0,0,0,0,0,4,2,16
,2022-03305,-105.0112013,39.76684865,2/6/2022 16:40,16:40,3,0,0,W 36TH AVE & N TEJON ST,1,1,0,0,1,2,0,0,20,0,0,0,0,0,4,2,11
,2022-03307,-104.9965605,39.70666643,2/6/2022 13:38,13:38,12,0,2,I-25 NB ENT GORE & S SANTA FE DR INTERCHANGE,1,1,2,0,1,8,0,0,55,0,0,0,0,2,1,2,16
,2022-03308,-104.9826785,39.76023331,1/16/2022 3:03,3:03,6,0,0,28TH ST & LARIMER ST,1,3,0,0,1,4,0,0,25,0,0,0,0,0,4,3,1
,2022-03309,-104.9863697,39.67855443,2/7/2022 15:00,15:00,3,0,0,S LINCOLN ST & E EVANS AVE,1,1,0,0,1,1,0,0,25,0,0,0,0,0,4,2,3
,2022-03310,-105.0485983,39.7693606,2/6/2022 19:14,19:14,1,0,1,W 38TH AVE & N WOLFF ST,1,3,0,0,1,1,0,0,35,0,0,0,0,3,4,2,13
,2022-03311,-104.9941858,39.75426631,2/8/2022 12:15,12:15,12,0,0,1400 BLK 20TH ST & BLAKE ST,1,1,0,0,1,3,0,0,30,0,0,0,0,0,4,2,13
,2022-03312,-105.0064252,39.78313348,2/8/2022 7:32,7:32,12,0,0,I-70 & N PECOS ST,1,1,0,0,1,4,0,0,,0,0,0,0,0,1,2,3
,2022-03313,-104.9503899,39.72560974,2/8/2022 7:11,7:11,12,0,0,3100 BLK E 6TH AVE & ST PAUL ST,1,1,0,0,1,1,0,0,30,0,0,0,0,1,4,2,3
,2022-03314,-105.0296313,39.73693767,2/7/2022 14:23,14:23,6,0,0,3200 BLK W AVONDALE DR & N. IRVING ST,1,2,0,0,1,4,0,0,,0,0,0,0,0,4,2,16
,2022-03315,-104.8851038,39.63957844,2/8/2022 5:49,5:49,15,0,0,I-225 & S YOSEMITE ST,1,4,0,0,1,4,0,0,65,0,0,0,0,0,1,2,2
,2022-03316,-105.0000139,39.7444725,2/7/2022 13:30,13:30,3,0,2,ARAPAHOE ST & N SPEER BLVD,1,1,0,0,1,1,0,0,35,0,0,0,0,2,4,2,3
,2022-03317,-104.9444847,39.70934733,2/8/2022 12:16,12:16,3,0,0,E DAKOTA AVE & E CHERRY CREEK N DR,1,1,0,0,1,1,0,0,30,0,0,0,0,0,4,2,11
,2022-03318,-104.9772539,39.7368673,1/23/2022 6:09,6:09,6,0,0,13TH AVE E & CLARKSON ST N,4,3,0,0,1,4,1,0,30,0,0,0,0,0,4,4,1
,2022-03324,-104.9921712,39.69000206,1/28/2022 23:46,23:46,8,0,2,S SANTA FE DR & W FLORIDA AVE,1,3,0,0,6,3,0,0,45,0,0,0,0,3,2,2,7
,2022-03325,-105.0531118,39.68229227,1/20/2022 17:26,17:26,12,0,0,JEWELL AVE W & SHERIDAN BLVD S,1,3,0,0,1,1,0,0,35,0,0,0,0,0,2,2,1
,2022-03326,-104.989628,39.75252949,2/7/2022 11:15,11:15,3,0,0,21ST ST & ARAPAHOE ST,1,1,0,0,1,1,0,0,25,0,0,0,0,0,4,2,3
,2022-03328,-104.8903216,39.70559525,2/8/2022 6:12,6:12,6,0,0,E FAIRMOUNT DR & VALENTIA ST,1,1,0,0,1,4,0,0,25,0,0,0,0,0,4,2,16
,2022-03330,-104.8424854,39.79815975,2/8/2022 15:25,15:25,12,0,0,12400 BLK E 56TH AVE & N REVERE ST,1,1,0,0,1,4,0,0,45,0,0,0,0,1,4,2,3
,2022-03333,-104.9980471,39.74598911,1/30/2022 12:55,12:55,3,0,1,14TH ST & ARAPAHOE ST,1,1,0,0,1,1,0,0,30,0,0,0,1,2,4,2,13
,2022-03334,-105.0251716,39.71123825,2/8/2022 9:37,9:37,3,0,0,W ALAMEDA AVE & S FEDERAL BLVD,1,1,0,0,1,3,0,0,35,0,0,0,0,0,2,2,13
,2022-03337,-105.0069988,39.7592605,2/8/2022 13:39,13:39,15,0,0,I-25 & W 17TH ST,1,1,0,0,1,4,0,0,55,0,0,0,0,0,1,2,13
,2022-03341,-104.9861152,39.7432802,2/4/2022 0:51,0:51,3,0,0,E 17TH AVE & N LINCOLN ST,9,3,3,0,1,1,0,0,25,0,0,0,0,0,4,2,13
,2022-03342,-104.9449743,39.711492,2/7/2022 13:45,13:45,10,0,0,S MONROE ST & E ALAMEDA AVE,1,1,0,0,1,1,0,0,25,0,0,0,0,0,4,2,1
,2022-03343,-104.9826128,39.72093066,2/8/2022 10:05,10:05,3,0,0,E 3RD AVE & N LOGAN ST,1,1,0,0,1,1,0,0,25,0,0,0,0,0,4,2,8