id,drcog_id,longitude,latitude,crashtime,time,crashtype,numbkilled,numbinjurd,drcoglocat,rdconditin,lightngcon,roadcntgrd,weatherco,location,roaddescrp,schoolzone,constrzone,splimit,bikeinv,pedinv,sctrinv,motoinv,svrty,rdsystem,ttlvehcls,hcf
,2022-03348,-104.9634381,39.76449764,2/7/2022 11:00,11:00,3,0,0,N RACE ST & E BRUCE RANDOLPH AVE,1,1,0,0,1,1,0,0,25,0,0,0,0,0,4,2,11
,2022-03349,-105.0205275,39.75725294,2/7/2022 16:01,16:01,3,0,0,W 28TH AVE & N CLAY ST,1,1,0,0,1,1,0,0,25,0,0,0,0,0,4,2,3
,2022-03350,-104.9319491,39.69659748,1/30/2022 0:06,0:06,6,0,0,E MISSISSIPPI AVE & S DAHLIA ST,1,3,0,0,3,4,0,0,25,0,0,0,0,0,4,2,1
,2022-03353,-104.9668549,39.78024386,2/7/2022 10:00,10:00,3,0,0,N BRIGHTON BLVD & E 46TH AVE,1,1,0,0,1,1,0,0,35,0,0,0,0,0,4,2,1
,2022-03354,-104.9112378,39.62742454,2/7/2022 12:30,12:30,15,0,0,S MONACO ST & E UNION AVE,1,1,3,0,1,1,0,0,30,0,0,0,0,0,4,2,3
,2022-03355,-104.9967483,39.75241743,1/27/2022 20:28,20:28,12,0,0,18TH ST & BLAKE ST,8,3,0,0,1,1,0,0,25,0,0,0,0,0,4,2,16
,2022-03357,-104.9407891,39.7073589,1/8/2022 21:40,21:40,1,0,1,COLORADO BLVD S & CHERRY CREEK DR NE,1,3,0,0,1,1,0,0,40,0,0,0,0,2,2,2,16
,2022-03362,-105.0298169,39.70953653,1/9/2022 3:36,3:36,6,0,0,IRVING ST S & W DAKOTA AVE,1,3,0,0,1,4,0,0,25,0,0,0,0,0,4,2,16
,2022-03365,-104.9923983,39.71118394,2/7/2022 17:40,17:40,12,0,0,W ALAMEDA AVE & S CHEROKEE ST,1,1,0,0,1,3,0,0,30,0,0,0,0,0,4,2,12
,2022-03367,-104.995273,39.74007392,1/6/2022 10:52,10:52,12,0,0,COLFAX AVE W & GLENARM PL,9,1,0,0,1,1,0,0,30,0,0,0,0,0,2,2,13
,2022-03368,-104.866393,39.65710148,2/8/2022 2:16,2:16,15,0,0,S HAVANA ST & E GIRARD AVE,1,3,0,0,1,4,0,0,45,0,0,0,0,0,2,2,3
,2022-03369,-105.0156956,39.67868382,2/7/2022 15:53,15:53,3,0,0,W EVANS AVE & S ZUNI ST,1,1,0,0,1,1,0,0,35,0,0,0,0,0,4,2,13
,2022-03370,-104.9593934,39.67842579,1/23/2022 2:17,2:17,3,0,1,S UNIVERSITY BLVD & E EVANS AVE,1,3,0,0,1,1,0,0,35,0,0,0,0,2,4,2,16
,2022-03375,-104.9594067,39.68723215,1/23/2022 20:53,20:53,5,0,0,UNIVERSITY BLVD S & E IOWA AVE,1,3,1,0,6,4,0,0,30,0,0,0,0,0,4,1,1
,2022-03378,-105.0251716,39.71123825,1/30/2022 17:10,17:10,15,0,0,S FEDERAL BLVD & W ALAMEDA AVE,1,1,0,0,1,4,0,0,35,0,0,0,0,0,2,2,16
,2022-03383,-104.9804704,39.75293211,2/8/2022 10:53,10:53,3,0,0,25TH ST & WELTON ST,1,1,0,0,1,1,0,0,25,0,0,0,0,0,4,2,11
,2022-03384,-104.7648974,39.78372349,1/5/2022 16:00,16:00,3,0,0,GVR BLVD E & ARGONNE ST N,4,1,0,2,1,1,0,0,35,0,0,0,0,0,4,2,16
,2022-03388,-104.7628324,39.80023633,1/10/2022 17:27,17:27,3,0,3,E 57TH AVE & N DUNKIRK ST,1,3,0,0,1,1,0,0,15,0,0,0,0,3,4,2,16
,2022-03390,-105.0129707,39.7549529,1/23/2022 23:51,23:51,5,0,0,I-25 NB LOOP ENT GORE & N SPEER BLVD,1,3,0,0,3,14,0,0,55,0,0,0,0,0,1,1,1
,2022-03392,-104.9827428,39.76057221,1/16/2022 3:03,3:03,6,0,0,LARIMER ST & 28TH ST,1,3,0,0,1,4,0,0,30,0,0,0,0,0,4,2,1
,2022-03393,-105.053224,39.73129368,2/8/2022 11:22,11:22,3,0,1,N SHERIDAN BLVD & W 9TH AVE,1,1,0,0,1,1,0,0,25,0,0,0,0,1,2,2,13
,2022-03465,-105.0532129,39.73842329,2/3/2022 8:09,8:09,12,0,0,SHERIDAN BLVD & 14TH AVE W,4,1,3,0,1,1,0,0,35,0,0,0,0,0,2,2,1
,2022-03466,-104.9410465,39.78005508,2/1/2022 22:41,22:41,12,0,0,I-70 & N COLORADO BLVD ,14,3,3,1,1,4,0,0,55,0,0,0,0,0,1,2,13
,2022-03467,-104.9593885,39.68025292,2/6/2022 13:28,13:28,3,0,0,S UNIVERSITY BLVD & E ASBURY AVE,1,1,3,0,1,1,0,0,30,0,0,0,0,0,4,2,7
,2022-03468,-104.8987479,39.73870572,2/4/2022 7:24,7:24,3,0,0,E 14TH AVE & N SYRACUSE ST ,9,1,3,2,1,1,0,0,30,0,0,0,0,0,4,2,13
,2022-03469,-105.0299694,39.769403,2/6/2022 16:49,16:49,3,0,0,W 38TH AVE  & N IRVING ST ,1,1,3,0,1,1,0,0,35,0,0,0,0,0,4,2,13
,2022-03470,-105.0251008,39.79111414,2/6/2022 18:30,18:30,1,0,0,N FEDERAL BLVD & W 52ND AVE ,1,3,3,0,1,1,0,0,35,0,0,0,0,0,2,2,13
,2022-03471,-104.990257,39.7320536,2/6/2022 13:56,13:56,3,0,1,W 10TH AVE  & N BANNOCK ST ,1,1,3,0,1,1,0,0,25,0,0,0,0,2,4,2,13
,2022-03472,-104.949939,39.71625095,2/3/2022 8:26,8:26,12,0,0,N STEELE ST & E ELLSWORTH AVE,8,1,0,0,1,4,0,0,30,0,0,0,0,0,4,2,16
,2022-03473,-104.9124339,39.74377164,2/7/2022 9:10,9:10,3,0,1,E 17TH AVE & N MONACO ST,1,1,0,0,1,1,0,0,25,0,0,0,0,2,4,2,1
,2022-03475,-104.7863827,39.80588923,2/6/2022 2:16,2:16,9,0,1,PENA BLVD & E 56TH AVE,1,3,0,0,6,4,0,0,65,0,0,0,0,3,4,1,16
,2022-03477,-104.8657469,39.77437157,2/9/2022 16:15,16:15,15,0,0,N HAVANA ST & E 40TH AVE,1,1,2,0,1,3,0,0,40,0,0,0,0,0,4,2,16
,2022-03484,-104.9895612,39.78010359,2/5/2022 7:15,7:15,12,0,0,I-70 & I-25 INTERCHANGE,1,1,0,0,1,4,0,0,55,0,0,0,0,0,1,2,11
,2022-03485,-104.9204359,39.72533348,2/8/2022 13:59,13:59,12,0,0,E 6TH AVE & N IVY LN,1,1,0,0,1,3,0,0,30,0,0,0,0,0,4,3,1
,2022-03490,-104.931652,39.78014385,2/9/2022 9:53,9:53,15,0,0,I-70 & N DAHLIA ST,1,1,0,0,1,4,0,0,55,0,0,0,0,0,1,2,13
,2022-03496,-105.0126363,39.72490295,2/8/2022 14:27,14:27,5,0,1,I-25 & W 6TH AVE,1,1,0,0,1,4,0,0,55,0,0,0,0,1,1,2,13
,2022-03497,-105.042721,39.72797241,2/6/2022 20:06,20:06,6,0,0,660 N STUART ST & W 7 TH AVE,8,3,1,0,1,4,0,0,25,0,0,0,0,0,4,2,16
,2022-03498,-104.9895612,39.78010359,2/8/2022 20:05,20:05,12,0,0,I-70 & I-25,1,3,0,0,1,4,0,0,55,0,0,0,0,0,1,3,13
,2022-03499,-104.811806,39.78389082,2/8/2022 18:40,18:40,3,0,0,N FRASER WAY & E GATEWAY AVE,1,3,0,0,1,1,0,0,25,0,0,0,0,0,4,2,13
,2022-03500,-104.9128116,39.67846224,2/7/2022 16:30,16:30,10,0,0,S MONACO ST & E EVANS AVE,1,1,0,0,1,2,0,0,,0,0,0,0,0,4,2,16
,2022-03501,-104.9079023,39.65318138,2/8/2022 15:15,15:15,12,0,1,E HAMPDEN AVE & S OLEANDER CT,1,1,1,0,1,4,0,0,40,0,0,0,0,1,2,2,16
,2022-03502,-104.9652324,39.67847017,2/8/2022 19:00,19:00,12,0,0,E EVANS AVE & S HIGH ST,1,1,0,0,1,1,0,0,30,0,0,0,0,0,4,2,3
,2022-03503,-104.8239707,39.77742488,2/9/2022 19:40,19:40,12,0,0,14500 BLK E 44TH AVE & E ANDREWS DR,1,3,0,0,1,3,0,0,25,0,0,0,0,0,4,2,7
,2022-03504,-104.9935584,39.78084081,2/9/2022 8:41,8:41,12,0,2,I-70 EB OFF RAMP & I-25 SB ON RAMP,1,1,1,0,1,8,0,0,55,0,0,0,0,1,1,3,16
,2022-03507,-104.833819,39.77286982,2/9/2022 7:15,7:15,12,0,4,I-70 EB OFF RAMP & I-225 SB ON RAMP,1,2,0,0,1,8,0,0,55,0,0,0,0,1,1,2,14
,2022-03510,-104.8905205,39.76001325,1/29/2022 7:45,7:45,3,0,0,N CENTRAL PARK BLVD & E MLK BLVD,1,1,0,0,1,1,0,0,35,0,0,0,0,0,4,3,16
,2022-03511,-104.9780822,39.71109966,2/8/2022 17:15,17:15,12,0,0,E ALAMEDA AVE & S CLARKSON ST,1,1,0,0,1,1,0,0,30,0,0,0,0,0,4,4,3
,2022-03513,-104.8907428,39.72008792,2/8/2022 23:36,23:36,5,0,0,E LOWRY BLVD & N UINTA WAY,1,3,0,0,6,1,0,0,35,0,0,0,0,0,4,1,16
,2022-03515,-104.9875241,39.71486244,2/7/2022 9:28,9:28,12,0,3,S BROADWAY ST & W BAYAUD AVE,1,1,0,0,1,3,0,0,30,0,0,0,0,2,4,2,16
,2022-03517,-104.9025336,39.76737975,2/9/2022 15:27,15:27,11,0,1,QUEBEC ST & E 36TH AVE,1,1,0,0,1,1,0,0,,0,1,0,0,2,4,2,16
,2022-03518,-104.9919437,39.68729508,2/9/2022 12:02,12:02,15,0,0,S SANTA FE DR & W IOWA AVE,1,1,0,0,1,4,0,0,45,0,0,0,0,0,2,2,11
,2022-03519,-105.0310559,39.78742354,2/9/2022 17:00,17:00,6,0,0,W REGIS BLVD & N JULIAN ST AND KNOX CT ALLEY,1,1,0,0,1,9,0,0,20,0,0,0,0,0,4,2,11
,2022-03521,-105.0095372,39.75850486,2/9/2022 13:04,13:04,10,0,0,16TH ST & CENTRAL ST,1,1,1,0,1,4,0,0,30,0,0,0,0,0,4,2,16
,2022-03526,-104.947294,39.72712355,2/9/2022 8:53,8:53,3,0,0,N COOK ST & E 7TH AVE,1,1,0,0,1,1,0,0,25,0,0,0,0,0,4,2,11
,2022-03527,-105.0914137,39.61481672,2/9/2022 14:22,14:22,12,0,0,S WADSWORTH BLVD & W CROSS DR,1,1,0,0,1,4,0,0,40,0,0,0,0,0,2,2,3
,2022-03531,-104.9594472,39.68472353,2/8/2022 20:28,20:28,6,0,1,I-25 & S UNIVERSITY BLVD,1,3,1,0,1,4,0,0,65,0,0,0,0,2,1,2,14
,2022-03537,-104.9027569,39.76086775,2/9/2022 16:33,16:33,15,0,0,3000 BLK N QUEBEC ST & E MLK BLVD,1,1,0,0,1,4,0,0,35,0,0,0,0,0,4,2,7
,2022-03541,-105.0271749,39.67862728,2/8/2022 13:39,13:39,12,0,0,W EVANS AVE & S HAZEL CT,1,1,0,0,1,4,0,0,25,0,0,0,0,0,4,3,3
,2022-03543,-104.9895612,39.78010359,2/9/2022 15:35,15:35,12,0,0,I-25 SB OFF LOOP RAMP TO EB & I-70 ,1,1,1,0,1,8,0,0,55,0,0,0,0,0,1,2,13
,2022-03553,-105.0532752,39.72040356,2/9/2022 7:15,7:15,5,0,0,N SHERIDAN BLVD & W 2ND AVE,1,1,1,0,3,1,0,0,35,0,0,0,0,0,2,1,10
,2022-03556,-104.9120901,39.67846132,2/9/2022 11:12,11:12,3,0,0,E EVANS AVE & S MONACO ST,1,1,0,0,1,2,0,0,35,0,0,0,0,0,4,2,16
,2022-03559,-104.98757,39.68124777,2/9/2022 19:24,19:24,6,0,0,S BROADWAY  & E ASBURY AVE,1,3,0,0,1,4,0,0,30,0,0,0,0,0,4,2,10
,2022-03561,-104.9485845,39.72035239,2/8/2022 19:58,19:58,6,0,1,N ADAMS ST & E 3RD AVE,1,3,0,0,1,4,0,0,,0,0,0,0,2,4,4,6
,2022-03567,-104.9803159,39.77191029,2/3/2022 21:35,21:35,14,0,0,CHESTNUT PL & 17TH ST,9,3,0,0,1,2,0,0,25,0,0,0,0,0,4,2,13
,2022-03575,-105.0475583,39.72641268,2/8/2022 12:42,12:42,6,0,0,N WINONA CT & W 6TH PL,1,1,1,0,1,4,0,0,25,0,0,0,0,0,4,2,16
,2022-03579,-105.0017694,39.76591666,2/9/2022 11:42,11:42,15,0,1,3600 BLK N LIPAN ST & W 35TH AVE,1,1,0,0,1,4,0,0,25,0,0,0,1,3,4,2,16
,2022-03581,-105.0411391,39.69676662,1/22/2022 22:59,22:59,6,0,0,MISSISSIPPI AVE W & S QUITMAN ST,1,3,0,0,1,4,0,0,25,0,0,0,0,0,4,2,1
,2022-03582,-105.0914174,39.61447344,2/6/2022 14:19,14:19,12,0,0,S WADSWORTH BLVD & W CROSS DR,1,1,0,0,1,1,0,0,45,0,0,0,0,0,2,3,13
,2022-03583,-104.9315656,39.7112092,2/8/2022 15:15,15:15,12,0,0,E ALAMEDA AVE & S DAHLIA ST,1,1,3,0,1,1,0,0,30,0,0,0,0,0,4,4,3
,2022-03585,-104.9991195,39.71120695,2/9/2022 10:15,10:15,15,0,0,I-25 & W ALAMEDA AVE,1,1,0,0,1,4,0,0,55,0,0,0,0,0,1,2,3
,2022-03591,-105.0531908,39.68229295,1/28/2022 15:25,15:25,5,0,1,S SHERIDAN BLVD & W JEWELL AVE,11,1,1,0,3,3,0,0,,0,1,0,0,2,2,1,16
,2022-03649,-104.9952589,39.74951766,2/7/2022 14:49,14:49,6,0,0,1700 BLK LAWRENCE ST & 17TH ST,1,1,3,0,1,4,0,0,30,0,0,0,0,0,4,3,10
,2022-03650,-105.0319225,39.78752671,2/7/2022 16:33,16:33,2,0,1,W REGIS BLVD & N KNOX CT,1,1,3,0,1,4,0,0,0,1,0,0,0,1,4,2,16
,2022-03651,-104.9929055,39.73386697,2/7/2022 13:52,13:52,5,0,0,W 11TH AVE & N DELAWARE/ CHEROKEE ALY,1,1,3,0,3,5,0,0,25,0,0,0,0,0,4,1,13
,2022-03652,-104.9929299,39.6966619,2/7/2022 16:22,16:22,10,0,0,W MISSISSIPPI AVE & S PLATTE RIVER DR,1,1,3,0,1,1,0,0,40,0,0,0,0,0,4,2,16
,2022-03653,-105.043198,39.70791626,1/22/2022 22:47,22:47,6,0,0,STUART ST S & W VIRGINIA AVE,1,3,3,0,1,4,0,0,,0,0,0,0,0,4,3,16
,2022-03655,-104.8850162,39.64590754,2/9/2022 13:40,13:40,12,0,0,S YOSEMITE ST & E MANSFIELD AVE,1,1,0,0,1,1,0,0,30,0,0,0,0,0,4,2,12
,2022-03657,-104.9789825,39.77998927,2/9/2022 13:18,13:18,1,0,1,4500 BLK N WASHINGTON ST & E 47TH AVE,1,1,0,0,1,1,0,0,30,0,0,0,0,2,4,2,13
,2022-03660,-105.0041389,39.76415821,2/10/2022 11:03,11:03,6,0,0,N NAVAJO ST & W 34TH AVE,1,1,1,0,1,4,0,0,25,0,0,0,0,0,4,4,16
,2022-03662,-105.0817955,39.63511829,2/9/2022 15:08,15:08,12,0,0,S WADSWORTH BLVD & W STANFORD AVE,1,1,1,0,1,4,0,0,45,0,0,0,0,0,2,2,12
,2022-03663,-104.8300682,39.77278491,2/9/2022 1:56,1:56,5,0,1,I-225 & I-70 WB RAMP FROM N FLYOVER,1,3,3,0,3,8,0,0,65,0,0,0,0,2,1,1,2
,2022-03664,-104.9428542,39.73675924,2/10/2022 12:05,12:05,15,0,0,E 13TH AVE & N JACKSON ST,14,1,0,0,1,4,0,0,30,0,0,0,0,0,4,2,13
,2022-03665,-104.952758,39.78018105,2/10/2022 8:22,8:22,15,0,0,I-70 WB RAMP & N VASQUEZ BLVD,1,1,0,0,1,4,0,0,55,0,0,0,0,0,1,2,13
,2022-03666,-104.9985382,39.75771923,2/9/2022 15:00,15:00,12,0,0,1900 BLK 20TH ST & CHESTNUT PL,1,1,0,0,1,3,0,0,30,0,0,0,0,0,4,2,13
,2022-03669,-104.9761473,39.74484429,2/9/2022 16:35,16:35,15,0,0,E 18TH AVE & N EMERSON ST,1,1,0,0,1,1,0,0,30,0,0,0,0,0,4,2,11
,2022-03672,-105.0297516,39.74027794,2/10/2022 16:48,16:48,12,0,0,W COLFAX AVE & N IRVING ST,1,2,0,0,1,3,0,0,30,0,0,0,0,0,4,2,11
,2022-03673,-105.0030114,39.76202691,2/10/2022 16:29,16:29,12,0,0,I-25 NB ON RAMP & 20TH ST,1,2,1,0,1,4,0,0,55,0,0,0,0,0,1,2,13
,2022-03674,-105.0252858,39.75443352,2/10/2022 13:50,13:50,3,0,0,FEDERAL BLVD & 2535 BLK N,1,1,0,0,1,2,0,0,35,0,0,0,0,0,2,2,11
,2022-03675,-104.9667466,39.78081866,2/9/2022 14:55,14:55,1,0,0,N BRIGHTON BLVD & I-70 WB RAMPS (OLD 46TH AVE),1,1,0,0,1,1,0,0,35,0,0,0,0,0,2,2,16
,2022-03676,-104.9733493,39.75824102,2/11/2022 6:47,6:47,1,0,0,N DOWNING ST & E 29TH AVE,1,1,0,0,1,1,0,0,30,0,0,0,0,0,4,2,7
,2022-03677,-104.9460603,39.71782101,2/10/2022 9:00,9:00,15,0,0,E 1ST AVE & N MADISON ST,1,1,0,0,1,3,0,0,30,0,0,0,0,0,4,2,11
,2022-03678,-105.0488172,39.65326925,2/10/2022 13:00,13:00,15,0,0,HWY 285 & S SHERIDAN BLVD,1,1,0,0,1,4,0,0,65,0,0,0,0,0,2,2,1
,2022-03679,-104.8708044,39.67475846,2/10/2022 8:17,8:17,15,0,0,S PARKER RD & E ILIFF AVE,1,1,0,0,1,4,0,0,35,0,0,0,0,0,2,2,11
,2022-03681,-105.0043198,39.76094363,2/10/2022 11:00,11:00,12,0,1,I-25 & 20TH ST,1,1,1,0,1,8,0,0,35,0,0,0,0,1,1,2,6
,2022-03683,-105.0094614,39.7450071,2/10/2022 7:25,7:25,1,0,0,AURARIA PKWY & 7TH ST,1,1,1,0,1,1,0,0,35,0,0,0,0,0,4,2,1
,2022-03684,-105.0252214,39.78738225,2/10/2022 18:37,18:37,15,0,0,N FEDERAL BLVD & W 50TH AVE,1,3,0,0,1,3,0,0,35,0,0,0,0,0,2,4,11
,2022-03686,-105.0350484,39.72577111,2/10/2022 19:11,19:11,15,0,0,W 6TH AVE & N LOWELL BLVD,1,3,0,7,1,4,0,0,55,0,0,0,0,0,2,2,16
,2022-03687,-104.9731465,39.76934395,2/9/2022 11:39,11:39,15,0,0,3700 BLK WALNUT ST & N DOWNING ST,1,1,0,0,1,4,0,0,30,0,0,0,0,0,4,2,1
,2022-03688,-104.9634422,39.75989679,2/10/2022 16:00,16:00,6,0,0,2900 BLK N RACE ST & 30TH AVE,1,1,0,0,1,4,0,0,35,0,0,0,0,0,4,2,3
,2022-03689,-105.0397021,39.71814775,1/19/2022 11:15,11:15,14,0,0,W 1ST AVE & N PERRY ST,4,1,1,3,6,1,0,0,30,0,0,0,0,0,4,2,1
,2022-03690,-104.8905205,39.76001325,2/10/2022 7:15,7:15,3,0,2,N CENTRAL PARK BLVD & E MLK BLVD,1,1,0,0,1,1,0,0,30,0,0,0,0,2,4,2,11
,2022-03691,-104.9128742,39.6676319,2/10/2022 7:24,7:24,1,0,0,E YALE AVE & S MONACO ST,1,2,0,0,1,1,0,0,35,0,0,0,0,0,4,2,13
,2022-03692,-105.0509252,39.7405655,2/9/2022 13:37,13:37,6,0,0,1500 BLK N YATES ST & W COLFAX AVE,1,1,0,0,1,4,0,0,25,0,0,0,0,0,4,2,14
,2022-03693,-104.9405935,39.67845518,2/5/2022 0:00,0:00,12,0,0,E EVANS AVE & S COLORADO BLVD,2,3,0,0,1,4,0,0,30,0,0,0,0,0,4,2,6
,2022-03694,-104.9156069,39.65316248,2/10/2022 13:31,13:31,15,0,2,E HAMPDEN AVE & S LOCUST ST,1,1,0,0,1,4,0,0,40,0,0,0,0,1,2,2,11
,2022-03695,-104.9925476,39.71118426,2/9/2022 5:56,5:56,12,0,0,W ALAMEDA AVE & S CHEROKEE ST,1,3,0,0,1,3,0,0,30,0,0,0,0,1,4,2,16
,2022-03696,-104.9787502,39.72250142,2/10/2022 11:38,11:38,3,0,0,E 4TH AVE & N WASHINGTON ST,1,1,0,0,1,1,0,0,30,0,0,0,0,0,4,2,11
,2022-03698,-104.9921694,39.69963086,2/11/2022 5:59,5:59,15,0,0,SANTA FE DR S & MISSISSIPPI AVE W,1,1,0,0,1,4,0,0,45,0,0,0,0,0,2,2,16
,2022-03699,-104.9395798,39.78782831,2/10/2022 18:00,18:00,15,0,1,E 50TH AVE & N COLRADO BLVD,1,3,0,1,1,4,0,0,40,0,0,0,0,1,4,2,16
,2022-03700,-104.8829699,39.77702125,2/11/2022 6:00,6:00,12,0,0,I-270 & CENTRAL PARK BLVD N,1,1,0,0,1,4,0,0,55,0,0,0,0,0,1,2,16
,2022-03702,-104.8299026,39.79806026,2/10/2022 17:00,17:00,12,0,0,13600 BLK E 56TH AVE & N WORCHESTER ST,1,1,0,0,1,4,0,0,35,0,0,0,0,1,4,3,11
,2022-03703,-104.9406069,39.74474279,2/10/2022 18:11,18:11,12,0,1,N COLORADO BLVD & E 19TH AVE,1,3,0,0,1,4,0,0,35,0,0,0,0,1,2,2,16
,2022-03704,-104.9827769,39.69300791,2/11/2022 8:32,8:32,3,0,0,LOGAN ST S & LOUISIANA AVE E,1,1,0,0,1,1,0,0,25,0,0,0,0,0,4,2,13
,2022-03705,-104.9875255,39.71478006,1/29/2022 19:22,19:22,12,0,0,E BAYAUD AVE & S BROADWAY,7,3,0,0,1,1,0,0,30,0,0,0,0,0,4,2,1
,2022-03706,-104.9405114,39.76180251,2/12/2022 7:48,7:48,3,0,0,COLORADO BLVD N & MLK BLVD E,4,1,0,0,1,1,0,0,35,0,0,0,0,0,2,2,13
,2022-03708,-105.011024,39.75635598,2/10/2022 15:50,15:50,12,0,0,I-25 & N SPEER BLVD,1,1,1,0,1,4,0,0,55,0,0,0,0,0,1,2,3
,2022-03709,-105.0022781,39.71629025,2/11/2022 6:40,6:40,12,0,0,I-25 & W 6TH AVE,1,1,1,0,1,4,0,0,55,0,0,0,0,0,1,2,1
,2022-03710,-105.0532444,39.75482892,2/11/2022 11:18,11:18,3,0,0,N SHERIDAN BLVD & W 26TH AVE,14,5,3,7,1,1,0,0,30,0,0,0,0,0,2,3,16
,2022-03711,-105.0251344,39.72932999,2/11/2022 15:03,15:03,15,0,3,W 6TH AVE & N FEDERAL BLVD,9,1,1,2,1,4,0,0,55,0,0,0,0,1,2,3,13
,2022-03712,-105.0394557,39.72495728,2/10/2022 17:54,17:54,15,0,0,N PERRY ST & W 5TH AVE,1,2,0,0,1,4,0,0,30,0,0,0,0,0,4,2,13
,2022-03713,-104.8659549,39.71105311,2/10/2022 16:56,16:56,10,0,0,E ALAMEDA AVE & S HAVANA ST,1,2,0,0,1,1,0,0,35,0,0,0,0,0,4,2,3
,2022-03717,-104.9761473,39.74484429,2/10/2022 16:10,16:10,3,0,1,E 18TH AVE & N EMERSON ST,1,1,0,0,1,1,0,0,30,0,0,0,0,1,4,2,11
,2022-03719,-104.9791463,39.7797555,2/11/2022 8:30,8:30,15,0,0,N WASHINGTON ST & I-70 WB RAMPS,1,1,0,0,1,1,0,0,35,0,0,0,0,0,4,2,7
,2022-03721,-105.034643,39.76954783,2/11/2022 10:09,10:09,3,0,0,38TH AVE W & LOWELL BLVD N,1,1,0,0,1,1,0,0,35,0,0,0,0,0,4,2,16
,2022-03723,-105.0252311,39.76917714,2/10/2022 8:49,8:49,15,0,0,N FEDERAL BLVD & W 38TH AVE,1,1,0,0,1,4,0,0,35,0,0,0,0,0,2,2,13
,2022-03726,-104.9175884,39.69796405,2/9/2022 16:35,16:35,6,0,0,1000 BLK S KEARNEY ST & E TENNESSEE AVE,1,1,0,0,1,4,0,0,25,0,0,0,0,0,4,2,16
,2022-03727,-104.9407892,39.70607071,2/9/2022 18:30,18:30,15,0,0,E CHERRY CREEK S DR & S COLORADO BLVD,1,1,0,0,1,1,0,0,25,0,0,0,0,0,4,2,3
,2022-03728,-104.9222,39.6675802,2/10/2022 13:05,13:05,15,0,0,E YALE AVE & I-25 NB OFF RAMP,1,1,0,0,1,3,0,0,30,0,0,0,0,0,1,2,13
,2022-03732,-104.9128116,39.67846224,2/9/2022 11:30,11:30,15,0,0,E EVANS AVE & S MONACO ST,1,1,0,0,1,1,0,0,30,0,0,0,0,0,4,2,3
,2022-03733,-104.8611012,39.76902706,2/10/2022 7:00,7:00,1,0,1,E 37TH AVE & N JOLIET ST,1,1,0,0,1,1,0,0,30,0,0,0,0,1,4,2,11
,2022-03734,-104.9965605,39.70666643,2/10/2022 10:15,10:15,12,0,0,I-25 & S SANTA FE DR,1,1,0,0,1,4,0,0,45,0,0,0,0,0,1,2,3
,2022-03735,-105.0306806,39.76942514,2/10/2022 8:11,8:11,3,0,0,W 38TH AVE & N IRVING ST,1,1,0,0,1,2,0,0,30,0,0,0,0,0,4,2,11
,2022-03736,-104.965216,39.68028492,2/9/2022 22:12,22:12,3,0,0,E ASBURY AVE & S HIGH ST,1,3,0,0,1,1,0,0,25,0,0,0,0,0,4,2,16
,2022-03737,-105.0047562,39.76115807,2/10/2022 7:10,7:10,15,0,0,I-25 & 20TH ST,1,1,0,1,1,4,0,0,,0,0,0,0,0,1,2,16
,2022-03738,-105.0252445,39.76018509,2/10/2022 8:20,8:20,12,0,0,N FEDERAL BLVD & N SPEER BLVD,1,1,1,0,1,1,0,0,35,0,0,0,0,0,2,2,10
,2022-03739,-105.0139596,39.74044224,2/11/2022 11:33,11:33,15,0,0,I-25 & W COLFAX AVE,1,1,0,0,1,4,0,0,45,0,0,0,0,0,1,2,13
,2022-03740,-104.9593442,39.6911481,2/4/2022 17:55,17:55,12,0,1,S UNIVERSITY BLVD & E ARKANSAS AVE,4,4,0,7,1,1,0,0,35,0,0,0,0,2,4,3,13
,2022-03741,-104.9659492,39.76325276,2/9/2022 13:48,13:48,3,0,0,E 33RD AVE & N WILLIAMS ST,1,1,0,0,1,1,0,0,25,0,0,0,0,0,4,4,13
,2022-03746,-105.0089851,39.72176867,2/11/2022 7:41,7:41,12,0,2,I-25 NB EXIT GORE PT TO & 6TH AVE W,1,1,1,0,1,14,0,0,55,0,0,0,0,1,1,3,13
,2022-03747,-104.972101,39.76434251,2/11/2022 8:10,8:10,6,0,0,MARION ST N & BRUCE RANDOLPH AVE E,1,1,0,1,1,4,0,0,25,0,0,0,0,0,4,2,16
,2022-03748,-105.0297062,39.68945792,2/10/2022 23:58,23:58,1,0,0,S IRVING ST & W FLORIDA AVE,1,3,0,0,1,1,0,0,40,0,0,0,0,0,4,2,1
,2022-03749,-104.992036,39.75067007,2/10/2022 17:26,17:26,3,0,0,ARAPAHOE ST & 19TH ST,1,3,0,0,1,1,0,0,30,0,0,0,0,1,4,2,3
,2022-03750,-104.9967957,39.70642408,2/11/2022 7:45,7:45,15,0,0,I-25 SB ON RAMP SPLIT GORE PT & HWY 85 NB OFF RAMP LOOP,1,1,0,0,1,8,0,0,25,0,0,0,0,0,1,3,16
,2022-03751,-104.9406289,39.6784409,2/11/2022 17:15,17:15,12,0,0,COLORADO BLVD S & EVANS AVE E,4,3,0,2,1,1,0,0,40,0,0,0,0,0,2,2,16
,2022-03752,-104.9960832,39.75004691,2/10/2022 7:37,7:37,6,0,0,1300 BLK 17TH ST & LARIMER ST,1,1,0,0,1,4,0,0,,0,0,0,0,0,4,2,16
,2022-03753,-104.9027525,39.76119728,2/11/2022 7:15,7:15,3,0,0,E MLK BLVD & N QUEBEC ST,1,1,0,0,1,1,0,0,35,0,0,0,0,0,4,2,11