id,drcog_id,longitude,latitude,crashtime,time,crashtype,numbkilled,numbinjurd,drcoglocat,rdconditin,lightngcon,roadcntgrd,weatherco,location,roaddescrp,schoolzone,constrzone,splimit,bikeinv,pedinv,sctrinv,motoinv,svrty,rdsystem,ttlvehcls,hcf
,2022-03755,-104.882959,39.77713978,2/10/2022 18:32,18:32,12,0,1,I-70 & N CENTRAL PARK BLVD,1,3,0,0,1,4,0,0,55,0,0,0,0,2,1,2,13
,2022-03757,-104.9861152,39.7432802,2/11/2022 17:47,17:47,11,0,1,17TH AVE E & LINCOLN ST N,7,3,1,2,1,1,0,0,,0,1,0,0,1,4,1,16
,2022-03761,-105.0033455,39.74846118,2/10/2022 19:41,19:41,3,0,0,AURARIA PKWY & N SPEER BLVD,1,3,0,0,1,3,0,0,35,0,0,0,0,0,4,2,1
,2022-03762,-104.9875325,39.70145192,2/10/2022 18:50,18:50,12,0,1,I-25 SB ON RAMP & S BROADWAY ST,1,4,0,0,1,1,0,0,30,0,0,0,0,1,4,2,11
,2022-03765,-104.7863773,39.79838481,2/10/2022 2:42,2:42,15,0,0,PENA BLVD & E 56TH AVE,11,3,0,0,1,1,0,0,65,0,0,0,0,0,4,2,16
,2022-03766,-104.9176481,39.6528668,2/10/2022 15:44,15:44,15,0,0,I-25 NB OFF RAMP & E HAMPDEN AVE,1,1,1,0,1,8,0,0,45,0,0,0,0,0,4,2,16
,2022-03767,-105.0267999,39.65954354,2/12/2022 19:19,19:19,3,0,0,FEDERAL BLVD & 3180 BLK S,1,3,0,0,1,2,0,0,40,0,0,0,0,0,2,2,13
,2022-03769,-104.9987983,39.74003356,2/12/2022 0:42,0:42,3,0,1,COLFAX AVE W & SPEER BLVD NB,4,3,0,2,1,1,0,0,35,0,0,0,0,1,2,2,7
,2022-03771,-104.9719157,39.77030097,2/12/2022 9:28,9:28,12,0,0,38TH ST & WALNUT ST,4,1,0,2,1,4,0,0,30,0,0,0,0,0,4,3,13
,2022-03774,-104.977609,39.73675666,2/12/2022 9:59,9:59,12,0,0,N CLARKSON ST & E 13TH AVE,4,1,1,0,1,3,0,0,30,0,0,0,0,0,4,2,13
,2022-03778,-105.0021832,39.68217847,2/11/2022 18:13,18:13,12,0,0,JEWELL AVE W & PLATTE RIVER DR S,4,4,1,2,6,4,0,0,35,0,0,0,0,0,4,2,14
,2022-03783,-104.9947086,39.74001063,2/11/2022 8:53,8:53,16,0,0,COLFAX AVE W & 520 W COLFAX AVE,1,3,0,0,5,7,0,0,,0,0,0,0,0,3,1,16
,2022-03786,-104.7721186,39.80755349,2/12/2022 7:35,7:35,12,0,0,TOWER RD N & 6000 BLK N,9,1,0,0,1,4,0,0,35,0,0,0,0,0,4,2,3
,2022-03789,-105.0064273,39.78326345,2/12/2022 17:10,17:10,3,0,1,PECOS ST N & I-70 WB RAMPS,1,1,0,0,1,6,0,0,30,0,0,0,0,2,4,2,8
,2022-03790,-105.0281006,39.76298905,2/12/2022 5:47,5:47,6,0,0,GROVE ST N & FAIRVIEW PL W,4,4,1,2,2,4,0,0,20,0,0,0,0,0,4,2,14
,2022-03791,-105.0064252,39.78313348,2/12/2022 7:15,7:15,5,0,0,I-70 & PECOS ST N,9,1,3,7,3,4,0,0,55,0,0,0,0,0,1,2,16
,2022-03792,-105.0472523,39.71339154,2/12/2022 13:43,13:43,8,0,0,S WEIR DR & W CEDAR AVE,7,1,1,0,1,4,0,0,25,0,0,0,0,0,4,2,7
,2022-03793,-104.985887,39.76082996,2/12/2022 1:45,1:45,3,0,0,27TH AVE & BLAKE ST,4,4,0,0,1,1,0,0,25,0,0,0,0,0,4,2,14
,2022-03795,-105.0526699,39.68954489,2/11/2022 19:57,19:57,15,0,1,FLORIDA AVE W & 5100 BLK W,4,3,0,2,1,4,0,0,35,0,0,0,0,1,4,2,1
,2022-03796,-105.0158351,39.76202623,1/7/2022 17:10,17:10,11,0,1,32ND AVE W & ZUNI ST,1,3,0,0,1,2,0,0,25,0,1,0,0,2,4,1,11
,2022-03798,-104.9875503,39.70154957,2/11/2022 22:36,22:36,6,0,0,I-25 & BROADWAY ST S,14,3,0,2,3,4,0,0,55,0,0,0,0,0,1,2,16
,2022-03800,-104.98746,39.68756833,2/10/2022 15:33,15:33,12,0,0,E IOWA AVE & S BROADWAY ST,1,1,0,0,1,4,0,0,25,0,0,0,0,1,4,2,16
,2022-03801,-104.8449562,39.77542892,2/11/2022 23:19,23:19,14,0,0,N QUENTIN ST & E 44TH AVE,4,3,0,2,1,4,0,0,30,0,0,0,0,0,4,2,14
,2022-03802,-104.7907918,39.78363899,2/9/2022 21:11,21:11,12,0,0,E GVR BLVD & N PENA BLVD,1,3,0,0,1,1,0,0,45,0,0,0,0,0,4,2,16
,2022-03806,-104.9768425,39.74617836,2/9/2022 18:12,18:12,11,0,1,E 19TH AVE & PARK AVE,1,4,0,0,1,4,0,0,30,0,1,0,0,2,4,1,16
,2022-03809,-104.9823001,39.73529092,2/11/2022 20:50,20:50,12,0,0,N LOGAN ST & E 12TH AVE,9,3,0,2,1,4,0,0,25,0,0,0,0,0,4,2,13
,2022-03811,-105.0252213,39.78746464,2/9/2022 7:30,7:30,12,0,0,N FEDERAL BLVD & W 50TH AVE,1,1,0,0,1,1,0,0,35,0,0,0,0,0,4,2,3
,2022-03813,-104.8844852,39.79832297,2/11/2022 20:42,20:42,1,0,1,56TH AVE E & CENTRAL PARK BLVD N,9,3,0,2,1,1,0,0,40,0,0,0,0,1,4,2,10
,2022-03814,-104.8449562,39.77542892,2/12/2022 0:04,0:04,6,0,1,N QUENTIN ST & E 44TH AVE,4,3,0,2,1,4,0,0,30,0,0,0,0,2,4,2,14
,2022-03815,-104.8847851,39.65305436,2/7/2022 21:41,21:41,1,0,0,E HAMPDEN AVE & S YOSEMITE ST,1,3,0,0,1,1,0,0,45,0,0,0,0,0,2,2,14
,2022-03818,-105.0299306,39.75848642,2/11/2022 21:17,21:17,3,0,0,29TH AVE W & IRVING ST N,9,3,0,2,1,1,0,0,30,0,0,0,0,0,4,2,14
,2022-03819,-105.0460891,39.71122828,2/12/2022 12:46,12:46,1,0,2,ALAMEDA AVE W & UTICA ST S,11,1,3,0,1,1,0,0,40,0,0,0,0,1,2,3,16
,2022-03824,-105.0252122,39.74280439,2/11/2022 15:27,15:27,16,0,0,FEDERAL BLVD N & 1630 N FEDERAL BLVD,7,1,0,2,5,7,0,0,,0,0,0,0,0,3,2,16
,2022-03825,-105.0141494,39.74044681,2/12/2022 17:05,17:05,12,0,0,COLFAX AVE W & I-25 SB RAMPS,1,1,0,0,1,1,0,0,40,0,0,0,0,0,2,2,3
,2022-03826,-104.9919476,39.68702321,2/8/2022 15:58,15:58,12,0,1,S SANTA FE DR & W IOWA AVE,1,1,1,0,1,4,0,0,40,0,0,0,0,2,2,3,16
,2022-03829,-104.9649478,39.73999242,2/12/2022 7:43,7:43,6,0,0,COLFAX AVE E & HIGH ST N,4,1,0,0,1,3,0,0,30,0,0,0,0,0,2,2,14
,2022-03832,-104.9948632,39.76568234,2/11/2022 10:09,10:09,12,0,0,PARK AVE W & GLOBEVILLE RD,1,1,0,0,1,4,0,1,35,0,0,0,0,0,4,2,16
,2022-03833,-104.9875127,39.68757443,2/11/2022 16:00,16:00,3,0,1,IOWA AVE W & BROADWAY ST S,9,1,0,2,1,1,0,0,30,0,0,0,0,2,4,2,7
,2022-03852,-104.9901985,39.7548296,2/9/2022 12:43,12:43,5,0,0,22ND ST & LARIMER ST,1,1,0,0,3,4,0,0,25,0,0,0,0,0,4,1,16
,2022-03858,-104.9593912,39.67923422,2/12/2022 14:23,14:23,3,0,1,UNIVERSITY BLVD S & 2040 S UNIVERSITY BLVD,11,1,0,0,1,2,0,0,30,0,0,0,0,2,4,2,11
,2022-03859,-104.9986111,39.72890565,2/11/2022 17:22,17:22,15,0,0,SANTA FE DR N & 8TH AVE W,9,2,0,2,1,1,0,0,30,0,0,0,0,0,4,2,11
,2022-03868,-105.0239517,39.78945162,2/9/2022 8:27,8:27,6,0,0,5100 BLK N ELIOT ST & 51ST ST,1,1,0,0,1,4,0,0,25,0,0,0,0,0,4,2,16
,2022-03869,-104.7696023,39.79830149,2/11/2022 16:50,16:50,8,0,0,E 56TH AVE & N ARGONNE ST,4,3,0,2,1,4,0,0,45,0,0,0,0,1,4,2,16
,2022-03918,-104.9040497,39.62834893,2/10/2022 7:35,7:35,15,0,0,I-25 SB ON RAMP ENT GORE PT & E UNION AVE,1,1,0,0,1,4,0,0,65,0,0,0,0,0,1,2,13
,2022-03920,-105.021404,39.75846092,2/11/2022 15:51,15:51,12,0,0,29TH AVE W & SPEER BLVD N,9,1,0,2,1,1,0,0,,0,0,0,0,0,4,2,16
,2022-03929,-105.0249811,39.72519371,2/13/2022 11:16,11:16,3,0,0,FEDERAL BLVD N & HWY 6 EB ON RAMP,1,1,0,0,1,1,0,0,40,0,0,0,0,0,2,2,7
,2022-03930,-104.987397,39.74891255,2/13/2022 3:28,3:28,3,0,0,20TH ST & BROADWAY ST N,2,3,0,0,1,1,0,0,35,0,0,0,0,0,4,2,13
,2022-03932,-104.9285377,39.65310335,2/6/2022 19:00,19:00,12,0,0,E HAMPDEN AVE & S FAIRFAX ST,1,3,0,0,1,4,0,0,45,0,0,0,0,0,2,2,13
,2022-03935,-104.9671803,39.76695253,2/12/2022 5:50,5:50,6,0,0,N GILPIN ST & 3782 N GILPIN ST,4,4,0,0,1,4,0,0,25,0,0,0,0,0,4,4,1
,2022-03949,-104.9409562,39.78376966,2/13/2022 10:34,10:34,15,0,0,E 48TH AVE & N COLORADO BLVD,1,1,0,0,1,4,0,0,25,0,0,0,0,0,4,2,13
,2022-03955,-104.810132,39.77082021,2/9/2022 2:56,2:56,9,0,1,I-70 WB ON RAMP & N CHAMBERS RD,1,3,0,0,2,8,0,0,45,0,0,0,0,1,1,1,8
,2022-03958,-104.972121,39.76075084,2/11/2022 8:09,8:09,15,0,0,E 31ST AVE & N MARION ST,1,1,0,0,1,1,0,0,30,0,0,0,0,0,4,2,16
,2022-03959,-104.9007687,39.78328286,2/9/2022 18:11,18:11,12,0,1,I-270 & QUEBEC ST,1,3,0,0,1,4,0,0,55,0,0,0,0,2,1,2,16
,2022-03965,-104.979769,39.75614234,2/12/2022 22:40,22:40,3,0,2,27TH ST & STOUT ST,1,3,0,0,1,1,0,0,30,0,0,0,0,2,4,5,16
,2022-03968,-104.9861323,39.74000582,2/11/2022 13:54,13:54,11,0,1,COLFAX AVE E & LINCOLN ST N,11,1,0,2,1,1,0,0,0,0,1,0,0,2,2,1,16
,2022-03974,-104.9827942,39.70696147,2/13/2022 15:18,15:18,6,0,0,LOGAN ST S & VIRGINIA AVE E,1,1,0,0,1,4,0,0,30,0,0,0,0,0,4,2,16
,2022-03980,-104.9406873,39.70469892,2/13/2022 14:46,14:46,15,0,0,COLORADO BLVD S & 6TH AVE E,1,1,3,0,1,4,0,0,40,0,0,0,0,0,2,2,13
,2022-03984,-104.9349634,39.74739889,2/11/2022 18:40,18:40,6,0,0,E MONTVIEW BLVD & N CLERMONT ST,14,3,0,2,1,4,0,0,,0,0,0,0,0,4,2,16
,2022-03986,-104.9970894,39.71108569,2/9/2022 9:57,9:57,12,0,0,S SANTA FE DR & W ALAMEDA AVE,1,1,0,0,1,4,0,0,30,0,0,0,0,1,4,2,16
,2022-03987,-105.0343202,39.68221194,2/13/2022 10:00,10:00,12,0,0,W JEWELL AVE & S LOWELL BLVD,1,1,0,0,1,4,0,0,35,0,0,0,0,1,4,2,12
,2022-03989,-104.8097976,39.78374358,2/12/2022 22:24,22:24,1,0,0,GVR BLVD E & CHAMBERS RD N,1,3,0,0,1,1,0,0,35,0,0,0,0,0,4,2,11
,2022-03990,-104.9594472,39.68472353,2/13/2022 16:43,16:43,15,0,0,I-25 & UNIVERSITY BLVD S,1,1,0,0,1,4,0,0,65,0,0,0,0,0,1,2,1
,2022-03993,-104.9997928,39.72570783,2/12/2022 20:45,20:45,12,0,3,6TH AVE W & KALAMATH ST N,2,5,1,0,1,4,0,0,55,0,0,0,0,3,2,2,14
,2022-03998,-105.0139596,39.74044224,2/12/2022 23:16,23:16,12,0,1,COLFAX AVE W & I-25 SB OFF RAMP,1,3,0,0,1,3,0,0,40,0,0,0,0,1,2,2,16
,2022-04003,-105.0570799,39.65294606,2/11/2022 22:46,22:46,8,0,0,HAMPDEN S FRTG 5400 BLK W (NOT CDOT) & S SHERIDAN BLVD,9,3,1,2,1,4,0,0,,0,0,0,0,0,4,2,16
,2022-04011,-104.9776074,39.73645457,2/11/2022 1:00,1:00,6,0,0,1200 BLK N CLARKSON ST & E13TH AVE,1,4,0,0,1,4,0,0,35,0,0,0,0,0,4,3,16
,2022-04012,-104.9721199,39.75889463,2/12/2022 2:00,2:00,6,0,0,MARION ST N & 29TH AVE E,4,3,0,2,1,4,0,0,25,0,0,0,0,0,4,2,13
,2022-04015,-104.9988906,39.74848273,2/12/2022 19:18,19:18,12,0,0,15TH ST & LARIMER ST,5,3,0,0,1,4,0,0,25,0,0,0,0,1,4,2,13
,2022-04017,-104.9668021,39.78052399,2/13/2022 3:03,3:03,1,0,1,BRIGHTON BLVD N & I-70 WB ON RAMP,1,3,0,0,1,1,0,0,35,0,0,0,0,2,4,2,13
,2022-04019,-104.9875428,39.71301835,2/13/2022 1:23,1:23,12,0,0,S BROADWAY ST & W CEDAR AVE,1,3,0,0,1,3,0,0,30,0,0,0,0,0,4,2,16
,2022-04164,-104.9875683,39.67824485,2/11/2022 17:20,17:20,12,0,0,BROADWAY ST S & EVANS AVE E,4,2,0,2,1,4,0,0,,0,0,0,0,0,4,2,16
,2022-04166,-104.9405461,39.68932218,1/27/2022 16:20,16:20,3,0,0,S COLORADO BLVD & E FLORIDA AVE,7,1,0,0,1,1,0,0,25,0,0,0,0,0,2,2,16
,2022-04167,-105.0358101,39.73847935,1/29/2022 2:09,2:09,3,0,0,W 14TH AVE & N MEADE ST,1,3,0,0,1,1,0,0,25,0,0,0,0,0,4,5,16
,2022-04170,-104.9764117,39.72907043,2/13/2022 15:05,15:05,3,0,0,N EMERSON ST & E 8TH AVE,1,1,0,0,1,1,0,0,25,0,0,0,0,1,4,2,13
,2022-04171,-104.9923524,39.68947921,2/12/2022 19:13,19:13,12,0,1,SANTA FE DR S & FLORIDA AVE W,2,3,0,0,1,3,0,0,45,0,0,0,0,2,2,2,3
,2022-04172,-104.9182339,39.65307809,2/5/2022 12:53,12:53,12,0,0,I-25 & E HAMPDEN AVE,1,1,0,0,1,4,0,0,25,0,0,0,0,0,1,2,16
,2022-04173,-104.8296315,39.78013946,2/13/2022 6:00,6:00,6,0,0,ELK DR E & CORNISH CT N,1,2,0,0,1,4,0,0,,0,0,0,0,0,4,3,16
,2022-04174,-104.9840187,39.71074417,2/10/2022 13:00,13:00,6,0,0,300 BLOCK S GRANT ST & ELLSWORTH AVE,1,1,0,0,1,4,0,0,25,0,0,0,0,0,4,2,13
,2022-04175,-104.9812502,39.69617566,1/26/2022 7:54,7:54,12,0,0,I-25 & S LOGAN ST,2,1,0,0,1,4,0,0,,0,0,0,0,0,1,2,16
,2022-04176,-105.0509309,39.74035958,2/10/2022 13:21,13:21,15,0,0,W COLFAX AVE & N YATES ST,1,1,0,0,1,1,0,0,35,0,0,0,0,0,2,3,16
,2022-04178,-105.0268141,39.74345929,1/31/2022 10:12,10:12,1,0,0,N GROVE ST & W 17TH AVE,1,1,0,0,1,2,0,0,25,0,0,0,0,0,4,2,3
,2022-04180,-105.0068859,39.76018476,2/13/2022 19:08,19:08,3,0,0,CENTRAL ST & 18TH ST,1,3,0,0,1,1,0,0,25,0,0,0,0,0,4,2,14
,2022-04181,-104.9034033,39.75473065,2/14/2022 17:03,17:03,11,0,0,QUEBEC ST N & 26TH AVE E,1,1,0,0,1,1,0,0,35,0,1,0,0,0,4,1,13
,2022-04183,-105.0111985,39.72550294,1/28/2022 21:06,21:06,5,0,0,I-25 & W 6TH AVE,1,3,1,0,3,8,0,0,45,0,0,0,0,0,1,1,16
,2022-04184,-104.9873935,39.73685019,2/5/2022 2:38,2:38,3,0,1,N BROADWAY ST & W 13TH AVE,4,3,0,0,1,1,0,0,,0,0,0,0,1,4,2,16
,2022-04185,-104.972287,39.67316087,2/13/2022 20:44,20:44,6,0,1,MARION ST S & E WESLEY AVE,1,3,0,0,1,3,0,0,25,0,0,0,0,2,4,2,1
,2022-04189,-105.0127078,39.75512692,2/13/2022 15:04,15:04,12,0,0,I-25 & 23RD AVE W,1,1,0,0,1,4,0,0,55,0,0,0,0,0,1,2,1
,2022-04194,-104.9899349,39.72904509,2/11/2022 13:30,13:30,10,0,0,W 8TH AVE & N SPEER BLVD,11,1,0,2,1,1,0,0,35,0,0,0,0,0,4,2,13
,2022-04196,-104.9967957,39.70642408,2/5/2022 12:26,12:26,15,0,0,I-25 SB ON RAMP & S SANTA FE DR,1,1,1,1,1,4,0,0,45,0,0,0,0,0,1,2,16
,2022-04199,-105.0404954,39.7439591,2/12/2022 18:50,18:50,5,0,0,17TH AVE W & N QUITMAN ST,4,3,0,2,4,1,0,0,25,0,0,0,0,0,4,1,6
,2022-04201,-105.0251796,39.78438167,2/13/2022 23:33,23:33,5,0,1,FEDERAL BLVD N & I-70 EB OFF RAMP,1,3,0,0,2,1,0,0,35,0,0,0,0,2,2,1,1
,2022-04202,-104.983698,39.75444243,1/27/2022 16:42,16:42,12,0,0,CHAMPA ST & 25TH ST,9,1,0,0,1,4,0,0,25,0,0,0,0,0,4,2,1
,2022-04203,-105.0531476,39.7250097,1/24/2022 14:35,14:35,16,0,0,SHERIDAN BLVD N & 550 N SHERIDAN BLVD,1,1,0,0,5,7,0,0,,0,0,0,0,0,3,3,9
,2022-04204,-104.9401566,39.683025,2/14/2022 7:32,7:32,12,0,0,I-25 & COLORADO BLVD S,1,1,0,0,1,4,0,0,60,0,0,0,0,0,1,2,13
,2022-04205,-105.0349624,39.6675578,2/14/2022 7:39,7:39,12,0,0,LOWELL BLVD S & YALE AVE W,1,1,0,1,1,4,0,0,25,0,0,0,0,0,4,2,3
,2022-04206,-104.989178,39.72094082,2/14/2022 16:15,16:15,3,0,0,W 3RD AVE & N ACOMA ST,1,1,0,0,1,1,0,0,25,0,0,0,0,0,4,2,10
,2022-04207,-104.9684016,39.77033342,2/11/2022 16:00,16:00,6,0,0,FRANKLIN ST N & 3800 BLK N,4,1,0,2,1,3,0,0,25,0,0,0,0,0,4,2,16
,2022-04208,-104.9791539,39.77935673,2/14/2022 9:00,9:00,12,0,0,I-70 & WASHINGTON ST N,1,1,1,0,1,4,0,0,55,0,0,0,0,0,1,2,16
,2022-04211,-104.9497567,39.78010339,1/27/2022 16:12,16:12,15,0,0,I-70 & N STEELE ST,12,2,0,0,1,4,0,0,55,0,0,0,0,0,1,2,16
,2022-04214,-104.9783674,39.73369141,2/5/2022 6:13,6:13,3,0,0,E 11TH AVE & N WASHINGTON ST,4,2,0,1,1,9,0,0,25,0,0,0,0,0,4,2,16
,2022-04215,-104.9874355,39.72563832,2/13/2022 21:16,21:16,3,0,0,E 6TH AVE & N BROADWAY ST,1,3,0,0,1,1,0,0,35,0,0,0,0,0,4,2,16
,2022-04219,-104.9593249,39.77999371,2/14/2022 7:30,7:30,12,0,2,I-70 & YORK ST N,1,2,1,0,1,4,0,0,55,0,0,0,0,1,1,4,7
,2022-04220,-105.0520617,39.65969261,2/13/2022 12:58,12:58,3,0,0,S ZURICH CT & W CORNELL AVE,1,1,0,0,1,1,0,0,25,0,0,0,0,1,4,2,3
,2022-04221,-104.978227,39.75867247,2/2/2022 6:05,6:05,6,0,0,29TH ST & CHAMPA ST,9,3,0,2,1,4,0,0,25,0,0,0,0,0,4,2,14
,2022-04222,-104.9791463,39.7797555,2/10/2022 12:25,12:25,1,0,0,N WASHINGTON ST & I-70 EB RAMPS,1,1,0,0,1,1,0,0,35,0,0,0,0,0,4,2,1
,2022-04223,-105.0227,39.67865149,2/11/2022 14:37,14:37,12,0,0,2700 BLOCK W EVANS AVE & S CLAY ST,11,1,3,2,1,4,0,0,35,0,0,0,0,0,4,3,7
,2022-04227,-104.9319752,39.74019807,1/30/2022 4:12,4:12,6,0,0,COLFAX AVE E & DAHLIA ST N,1,3,0,0,1,3,0,0,35,0,0,0,0,0,2,2,14
,2022-04237,-105.025219,39.78787658,2/14/2022 0:03,0:03,6,0,1,FEDERAL BLVD N & 50TH AVE W,1,3,0,0,1,4,0,0,35,0,0,0,0,1,2,3,14
,2022-04240,-105.0532128,39.73848372,2/6/2022 19:22,19:22,12,0,0,N SHERIDAN BLVD & W 14TH AVE,14,5,3,7,1,1,0,0,,0,0,0,0,0,2,1,16
,2022-04241,-104.8099879,39.79831825,2/14/2022 18:19,18:19,12,0,0,E 56TH AVE & N CHAMBERS RD,1,3,0,0,1,4,0,0,45,0,0,0,0,0,4,3,3
,2022-04242,-104.9405044,39.78002872,2/14/2022 14:44,14:44,12,0,0,I-70 WB OFF RAMP TO & COLORADO BLVD N,1,1,0,0,1,8,0,0,35,0,0,0,0,0,1,2,13
,2022-04243,-104.9783286,39.75724623,2/12/2022 21:57,21:57,6,0,0,STOUT ST & 28TH ST,1,3,0,0,1,4,0,0,25,0,0,0,0,0,4,2,16
,2022-04248,-104.9827933,39.7020023,2/10/2022 13:58,13:58,3,0,0,S LOGAN ST & E OHIO AVE,1,1,0,0,1,1,0,0,30,0,0,0,0,0,4,2,8
,2022-04251,-104.9128703,39.70295589,1/22/2022 8:55,8:55,12,0,0,LEETSDALE DR & MONACO ST S,1,1,0,0,1,4,0,0,35,0,0,0,0,0,2,2,16
,2022-04252,-104.9334122,39.67854797,2/14/2022 15:25,15:25,12,0,1,I-25 NB ON RAMP FROM  & EVANS AVE E,1,1,0,0,1,8,0,0,25,0,0,0,0,1,1,2,3
,2022-04253,-104.9524278,39.75695993,2/2/2022 12:00,12:00,8,0,0,E 28TH AVE & N MILWAUKEE ST,9,1,0,0,1,3,0,0,25,0,0,0,0,0,4,2,13
,2022-04255,-105.0250715,39.69674835,2/10/2022 13:29,13:29,12,0,0,S FEDERAL BLVD & W MISSISSIPPI AVE,1,1,0,0,1,4,0,0,35,0,0,0,0,0,2,3,13
,2022-04256,-104.995148,39.75499351,2/14/2022 16:55,16:55,1,0,1,20TH ST & WAZEE ST,1,1,1,0,1,1,0,0,30,0,0,0,0,1,4,2,11
,2022-04257,-105.0064252,39.78313348,2/14/2022 7:45,7:45,12,0,0,I-70 & PECOS ST N,1,1,1,0,1,4,0,0,55,0,0,0,0,0,1,3,13
,2022-04258,-105.0036068,39.74837039,2/13/2022 3:51,3:51,5,0,0,AURARIA PKWY & 12TH ST,1,3,0,0,3,1,0,0,35,0,0,0,0,0,4,1,13
,2022-04259,-104.9238257,39.69853854,2/14/2022 3:00,3:00,6,0,0,VALE DR E & HUDSON ST S,4,3,0,0,1,4,0,0,,0,0,0,0,0,4,2,16
,2022-04263,-104.987415,39.7528936,2/11/2022 9:25,9:25,3,0,0,N BROADWAY ST & CURTIS ST,11,1,0,0,1,1,0,0,35,0,0,0,0,0,4,2,16
,2022-04264,-104.978766,39.7293243,2/13/2022 10:30,10:30,12,0,0,WASHINGTON ST N & 8TH AVE E,4,1,0,1,1,4,0,0,30,0,0,0,0,0,4,2,13
,2022-04265,-105.0064391,39.78197695,1/28/2022 18:18,18:18,12,0,0,N PECOS ST & W 47TH AVE,1,2,0,0,1,3,0,0,35,0,0,0,0,0,4,2,16
,2022-04269,-104.8789661,39.72447862,2/4/2022 21:54,21:54,6,0,0,ALTON WY N & 550 N ALTON WY,4,3,0,0,1,4,0,0,25,0,0,0,0,0,4,4,16
,2022-04270,-104.9756816,39.7400031,2/9/2022 20:25,20:25,11,0,1,E COLFAX AVE & N OGDEN ST,1,3,0,0,1,4,0,0,0,0,1,0,0,3,2,1,16
,2022-04273,-104.9524278,39.75695993,2/2/2022 12:00,12:00,6,0,0,E 28TH AVE & N MILWAUKEE ST,9,1,0,0,1,4,0,0,25,0,0,0,0,0,4,3,16
,2022-04283,-104.9510136,39.7194036,2/11/2022 16:45,16:45,6,0,0,2ND AVE E & ST PAUL ST N,14,3,0,2,1,4,0,0,25,0,0,0,0,0,4,2,16
,2022-04288,-104.8955056,39.77817104,2/4/2022 18:32,18:32,12,0,0,I-70 & MM 279,1,3,0,0,1,4,0,0,,0,0,0,0,0,1,2,16
,2022-04387,-104.946559,39.67837771,2/11/2022 20:55,20:55,3,0,1,EVANS AVE E & MADISON ST S,9,3,0,2,1,1,0,0,25,0,0,0,0,2,4,2,16
,2022-04394,-104.9008777,39.78315974,2/14/2022 17:12,17:12,12,0,1,I-270 & QUEBEC ST N,1,1,0,0,1,4,0,0,55,0,0,0,0,2,1,2,3
,2022-04395,-105.0292579,39.76939011,2/14/2022 20:58,20:58,3,0,0,38TH AVE W & IRVING ST N,1,3,0,0,1,2,0,0,35,0,0,0,0,0,4,2,8
,2022-04396,-104.9733266,39.72907729,2/15/2022 12:25,12:25,10,0,0,E 8TH AVE & N DOWNING ST,1,1,0,0,1,2,0,0,30,0,0,0,0,0,4,2,13
,2022-04397,-104.9405432,39.68568331,2/14/2022 17:45,17:45,15,0,0,COLORADO BLVD S & MEXICO AVE E,1,1,0,0,1,1,0,0,30,0,0,0,0,0,2,2,3
,2022-04398,-105.0250114,39.68497788,2/15/2022 13:34,13:34,3,0,0,FEDERAL BLVD S & COLORADO AVE (RD W),1,1,0,0,1,1,0,0,25,0,0,0,0,0,2,2,16
,2022-04405,-104.8659308,39.69655927,2/14/2022 16:00,16:00,3,0,0,MISSISSIPPI AVE E & HAVANA ST S,1,1,0,0,1,1,0,0,30,0,0,0,0,0,2,2,3
,2022-04406,-104.7863773,39.79838481,2/15/2022 7:28,7:28,10,0,0,E 56TH AVE & PENA BLVD ,1,1,0,0,1,3,0,0,45,0,0,0,0,1,4,2,13
,2022-04407,-104.9787425,39.7399981,2/3/2022 16:34,16:34,3,0,0,E COLFAX AVE & N WASHINGTON ST,4,2,0,0,1,1,0,0,,0,0,0,0,0,2,3,16
,2022-04409,-104.9570489,39.72018364,2/14/2022 19:00,19:00,6,0,0,COLUMBINE ST N & 200 BLK N,1,3,0,0,1,4,0,0,,0,0,0,0,0,4,3,16
,2022-04423,-104.9836191,39.73684363,2/14/2022 16:25,16:25,11,0,1,GRANT ST N & 13TH AVE E,1,1,0,0,1,1,0,0,30,1,0,0,0,2,4,1,11
,2022-04428,-105.0249413,39.711083,2/15/2022 12:25,12:25,12,0,0,ALAMEDA AVE W & FEDERAL BLVD S,1,1,1,0,1,3,0,0,35,0,0,0,0,0,2,2,3
,2022-04434,-105.0532099,39.74032371,1/23/2022 15:48,15:48,15,0,0,W COLFAX AVE & SHERIDAN BLVD,1,1,0,0,1,1,0,0,,0,0,0,0,0,2,2,16
,2022-04446,-105.0124994,39.77775342,2/14/2022 21:42,21:42,6,0,1,45TH AVE W & UMATILLA ST N,1,3,0,0,1,4,0,0,25,0,0,0,0,2,4,2,16
,2022-04447,-104.9064292,39.63281723,2/15/2022 7:38,7:38,15,0,1,I-25 & MM 200,1,1,0,0,1,4,0,0,65,0,0,0,0,1,1,3,16
,2022-04460,-104.8103003,39.78787038,2/14/2022 18:30,18:30,6,0,0,52ND AVE & GRANBY ST N,1,3,0,0,1,3,0,0,25,0,0,0,0,0,4,2,3
,2022-04464,-104.9116634,39.74378383,2/15/2022 7:22,7:22,3,0,0,N MAGNOLIA ST & E 17TH AVE,1,1,0,0,1,1,0,0,25,0,0,0,0,1,4,2,11
,2022-04467,-104.9899349,39.72904509,2/15/2022 10:09,10:09,10,0,0,SPEER BLVD N & 8TH AVE W,1,1,0,0,1,1,0,0,35,0,0,0,0,0,4,2,13