id,drcog_id,longitude,latitude,crashtime,time,crashtype,numbkilled,numbinjurd,drcoglocat,rdconditin,lightngcon,roadcntgrd,weatherco,location,roaddescrp,schoolzone,constrzone,splimit,bikeinv,pedinv,sctrinv,motoinv,svrty,rdsystem,ttlvehcls,hcf
,2022-04468,-104.847359,39.79824648,2/15/2022 18:03,18:03,12,0,0,E 56TH AVE & N PEORIA ST,1,3,0,0,1,3,0,0,40,0,0,0,0,0,4,2,13
,2022-04469,-104.9129182,39.71121288,2/14/2022 15:15,15:15,12,0,0,ALAMEDA AVE E & MONACO ST S,1,1,0,0,1,1,0,0,,0,0,0,0,0,4,2,16
,2022-04471,-104.9940073,39.73845215,2/15/2022 10:15,10:15,15,0,0,14TH AVE W & N ELATI ST N,1,1,0,0,1,1,0,0,30,0,0,0,0,0,4,2,1
,2022-04475,-104.9222917,39.77721344,2/3/2022 14:35,14:35,12,0,0,HOLLY ST N & 4400 BLK N,4,1,0,0,1,4,0,0,30,0,0,0,0,0,4,2,13
,2022-04481,-104.7744732,39.78371353,2/14/2022 15:16,15:16,12,0,0,YAMPA ST N & GVR BLVD E,1,1,0,0,1,3,0,0,30,0,0,0,0,0,4,2,16
,2022-04484,-105.0227788,39.66533851,2/14/2022 13:30,13:30,6,0,0,AMHERST AVE W & DECATUR ST S,1,1,0,0,1,1,0,0,25,0,0,0,0,0,4,2,8
,2022-04485,-104.9529883,39.74015902,2/14/2022 19:19,19:19,12,0,0,COLFAX AVE E & FILLMORE ST N,1,3,1,0,1,1,0,0,30,0,0,0,0,0,2,2,7
,2022-04487,-105.0017782,39.75967152,2/15/2022 13:35,13:35,12,0,0,20TH ST & LITTLE RAVEN ST,1,1,1,0,1,3,0,0,30,0,0,0,0,0,4,2,13
,2022-04490,-104.9732901,39.71820141,2/15/2022 16:20,16:20,12,0,0,E SPEER BLVD & N DOWNING ST,1,1,0,0,1,1,0,0,30,0,0,0,0,0,4,2,13
,2022-04492,-104.8471788,39.79794042,2/13/2022 20:14,20:14,12,0,1,N PEORIA ST & E 56TH AVE,1,3,0,0,1,3,0,0,40,0,0,0,0,3,4,2,16
,2022-04493,-104.9586481,39.73276701,2/11/2022 21:18,21:18,6,0,0,JOSEPHINE ST N & 11TH AVE E,9,3,1,2,3,4,0,0,30,0,0,0,0,0,4,2,14
,2022-04495,-104.8742488,39.75995147,2/14/2022 18:20,18:20,10,0,0,E MLK BLVD & N EMPORIA ST,1,4,0,0,1,1,0,0,35,0,0,0,0,0,4,2,16
,2022-04506,-104.9027525,39.76119728,2/14/2022 9:15,9:15,3,0,0,N QUEBEC ST & E MLK BLVD,1,1,0,0,1,1,0,0,35,0,0,0,0,1,4,2,16
,2022-04510,-104.833819,39.77286982,2/15/2022 16:13,16:13,12,0,1,I-70 EB OFF RAMP GORE PT TO & I-225 SB,1,1,1,0,1,8,0,0,55,0,0,0,0,1,1,2,9
,2022-04511,-104.9128902,39.69662305,2/15/2022 15:53,15:53,2,0,1,MONACO ST S & MISSISSIPPI AVE E,1,1,0,0,1,1,0,0,0,1,0,0,0,1,4,1,16
,2022-04527,-104.8800955,39.65302391,2/14/2022 18:38,18:38,12,0,0,HAMPDEN AVE E & YOSEMITE ST S,1,3,0,0,1,4,0,0,45,0,0,0,0,0,2,2,1
,2022-04571,-105.0226605,39.71115433,2/11/2022 17:10,17:10,3,0,0,ALAMEDA AVE W & DECATUR ST S ,9,2,3,2,1,1,0,0,25,0,0,0,0,0,2,2,3
,2022-04572,-104.8796449,39.80146545,2/13/2022 15:00,15:00,3,0,1,58TH AVE E & BOSTON CT N ,1,1,3,0,1,1,0,0,25,0,0,0,0,2,4,1,7
,2022-04575,-104.9891814,39.7801983,2/15/2022 16:50,16:50,15,0,0,I-70 & I-25,1,1,0,0,1,4,0,0,45,0,0,0,0,0,1,2,13
,2022-04576,-104.7648899,39.77165455,2/16/2022 8:00,8:00,6,0,0,E 40TH AVE & N ARGONNE ST,1,1,0,0,1,4,0,0,20,0,0,0,0,0,4,2,16
,2022-04579,-104.833819,39.77286982,2/14/2022 14:34,14:34,12,0,0,I-70 & I-225,1,1,0,0,1,4,0,0,55,0,0,0,0,0,1,2,11
,2022-04581,-104.9410796,39.78066009,2/16/2022 7:02,7:02,3,0,0,COLORADO BLVD N & 46TH AVE E,1,1,0,0,1,1,0,0,40,0,0,0,0,0,2,3,11
,2022-04582,-105.0251303,39.72554639,2/16/2022 12:25,12:25,12,0,0,HWY 6 EB OFF RAMP TO  & FEDERAL BLVD N,1,1,1,0,1,8,0,0,35,0,0,0,0,0,2,2,10
,2022-04583,-105.0251303,39.72554639,2/16/2022 15:45,15:45,12,0,0,HWY 6 EB OFF RAMP TO  & FEDERAL BLVD N,11,1,0,2,1,8,0,0,40,0,0,0,0,0,2,2,16
,2022-04584,-104.8917163,39.69666741,2/15/2022 13:30,13:30,3,0,0,VALENTIA ST S & MISSISSIPPI AVE E,1,1,0,0,1,1,0,0,,0,0,0,0,0,4,2,16
,2022-04589,-104.9372864,39.73827944,2/15/2022 16:41,16:41,10,0,0,14TH AVE E & BELLAIRE ST N,1,3,0,0,1,1,0,0,35,0,0,0,0,0,4,2,16
,2022-04591,-104.9826005,39.72260797,2/16/2022 7:28,7:28,15,0,0,E SPEER BLVD & N LOGAN ST,1,1,0,0,1,4,0,0,30,0,0,0,0,0,4,2,16
,2022-04592,-104.7647957,39.80022611,2/16/2022 7:25,7:25,3,0,1,57TH AVE E & CEYLON ST N,1,1,0,0,1,1,0,0,30,0,0,0,0,2,4,2,3
,2022-04593,-105.025149,39.72933001,2/16/2022 8:15,8:15,15,0,0,6TH AVE W & FEDERAL BLVD N,1,1,1,0,1,4,0,0,55,0,0,0,0,0,2,2,11
,2022-04594,-104.9448622,39.73676915,2/16/2022 1:00,1:00,6,0,0,13TH AVE E & MONROE ST N,1,3,0,0,1,4,0,0,,0,0,0,0,0,4,2,16
,2022-04597,-105.0332013,39.65293736,2/16/2022 9:29,9:29,12,0,0,HAMPDEN AVE W & LOWELL BLVD S,1,1,0,0,1,4,0,0,55,0,0,0,0,0,2,2,3
,2022-04600,-104.9991195,39.71120695,2/16/2022 6:35,6:35,15,0,3,I-25 & ALAMEDA AVE W,1,1,0,7,1,4,0,0,55,0,0,0,0,1,1,5,1
,2022-04604,-104.9963233,39.70741437,2/16/2022 7:40,7:40,12,0,2,I-25 NB ON RAMP LOOP FROM & HWY 85 NB,1,1,0,0,1,8,0,0,40,0,0,0,0,1,1,2,16
,2022-04605,-105.0155655,39.7319459,2/16/2022 14:50,14:50,12,0,0,I-25 & 8TH AVE W,11,1,1,2,1,4,0,0,55,0,0,0,0,0,1,2,7
,2022-04614,-105.0251716,39.71123825,2/14/2022 11:10,11:10,15,0,0,W ALAMEDA AVE & S FEDERAL BLVD,1,1,0,0,1,4,0,0,35,0,0,0,0,0,4,2,13
,2022-04619,-105.0155655,39.7319459,2/16/2022 13:57,13:57,12,0,0,I-25 & 8TH AVE W,1,1,1,0,1,4,0,0,55,0,0,0,0,0,1,2,3
,2022-04620,-105.0324814,39.72133913,2/16/2022 8:04,8:04,3,0,0,W 3RD AVE & N KNOX CT,1,1,0,1,1,1,0,0,25,0,0,0,0,0,4,2,13
,2022-04623,-104.9734231,39.68506069,2/12/2022 22:36,22:36,6,0,0,S DOWNING ST & E MEXICO AVE,5,3,0,0,1,4,0,0,30,0,0,0,0,0,4,2,14
,2022-04625,-104.9610025,39.74480508,2/16/2022 9:47,9:47,3,0,0,E 18TH AVE & N GAYLORD ST,1,1,0,0,1,1,0,0,25,0,0,0,0,1,4,2,16
,2022-04628,-104.9035597,39.77851775,2/15/2022 16:15,16:15,12,0,0,I-70 & QUEBEC ST N,1,1,0,0,1,4,0,0,55,0,0,0,0,0,1,2,10
,2022-04630,-104.812563,39.79479851,2/16/2022 9:21,9:21,3,0,0,FAIRPLAY ST N & MAXWELL PL,1,1,0,0,1,1,0,0,25,0,0,0,0,0,4,2,7
,2022-04634,-104.9222796,39.6759567,2/15/2022 12:30,12:30,3,0,0,ILIFF AVE E & HOLLY ST S,1,1,0,0,1,1,0,0,25,0,0,0,0,0,4,2,3
,2022-04635,-105.0898589,39.63137303,2/14/2022 8:21,8:21,3,0,1,S BALSAM WY & W UNION AVE,1,1,0,0,1,1,0,0,30,0,0,0,0,2,4,2,3
,2022-04637,-105.0223666,39.72567558,2/16/2022 13:49,13:49,12,0,1,HWY 6 WB OFF RAMP TO  & FEDERAL BLVD N,1,1,1,0,1,8,0,0,45,0,0,0,0,1,2,3,13
,2022-04640,-105.032475,39.72509121,2/16/2022 6:50,6:50,12,0,1,6TH AVE W & KNOX CT N,1,1,1,0,1,4,0,0,55,0,0,0,0,1,2,2,1
,2022-04642,-104.9820143,39.75036009,2/16/2022 15:50,15:50,3,0,0,GLENARM PL & PARK AVE,9,1,0,2,1,1,0,0,35,0,0,0,0,0,4,2,11
,2022-04643,-105.0332013,39.65293736,2/16/2022 9:29,9:29,12,0,0,HAMPDEN AVE W & LOWELL BLVD S,1,1,0,0,1,4,0,0,55,0,0,0,0,0,2,2,3
,2022-04646,-104.8732686,39.65771654,2/16/2022 16:38,16:38,8,0,0,S DAYTON ST & S ELMIRA ST,7,2,1,2,1,4,0,0,30,0,0,0,0,0,4,2,13
,2022-04650,-104.9875127,39.68757443,2/15/2022 19:15,19:15,3,0,0,E IOWA AVE & S BROADWAY ST,1,3,0,0,1,1,0,0,25,0,0,0,0,0,4,2,3
,2022-04655,-104.9836421,39.75351981,2/5/2022 2:30,2:30,6,0,0,24TH ST & STOUT ST,4,4,1,0,1,4,0,0,25,0,0,0,0,0,4,4,16
,2022-04656,-104.9919219,39.68757247,2/16/2022 0:14,0:14,12,0,1,IOWA AVE W & SANTA FE DR S,1,3,0,0,1,1,0,0,,0,0,0,0,1,2,2,16
,2022-04661,-105.0133487,39.72550245,2/15/2022 13:55,13:55,12,0,0,I-25 & 6TH AVE W,1,1,1,0,1,4,0,0,55,0,0,0,0,0,1,4,13
,2022-04664,-104.70089,39.8367635,2/15/2022 21:50,21:50,3,0,0,78TH AVE E & 24530 E 78TH AVE,1,3,3,0,1,2,0,0,,0,0,0,0,0,4,2,16
,2022-04666,-104.986037,39.73684736,2/11/2022 16:53,16:53,12,0,1,E 13TH AVE & N LINCOLN ST,9,3,1,2,1,3,0,0,30,0,0,0,0,2,4,4,13
,2022-04667,-105.0165222,39.7513218,2/16/2022 6:23,6:23,12,0,0,I-25 & 23RD AVE W,1,2,0,0,1,4,0,0,55,0,0,0,0,0,1,3,16
,2022-04669,-104.9047182,39.65305099,2/15/2022 16:20,16:20,12,0,0,HAMPDEN AVE E & POPLAR ST S,1,1,0,0,1,1,0,0,35,0,0,0,0,0,2,2,3
,2022-04674,-105.025149,39.72933001,2/16/2022 8:38,8:38,12,0,0,6TH AVE W & FEDERAL BLVD N,1,1,1,0,1,4,0,0,55,0,0,0,0,0,2,2,13
,2022-04676,-104.9659366,39.7726118,2/8/2022 13:02,13:02,10,0,0,3954 N WILLIAMS ST & E 40TH AVE,1,1,0,0,1,2,0,0,25,0,0,0,0,0,4,2,1
,2022-04686,-104.991232,39.72974768,2/16/2022 13:34,13:34,3,0,0,N SPEER BLVD & N BANNOCK ST,1,1,0,0,1,1,0,0,30,0,0,0,0,0,4,2,16
,2022-04733,-104.847035,39.77108653,2/17/2022 11:10,11:10,3,0,0,PEORIA ST N & 39TH AVE E,11,1,0,0,1,1,0,0,35,0,0,0,0,0,4,2,1
,2022-04734,-105.0911086,39.61833205,2/18/2022 6:01,6:01,3,0,0,WADSWORTH BLVD S & CRESTLINE AVE W,1,3,0,0,1,1,0,0,30,0,0,0,0,0,2,2,11
,2022-04737,-104.9888068,39.72565046,2/16/2022 15:12,15:12,15,0,0,W 6TH AVE & N ACOMA ST,9,1,0,2,1,4,0,0,35,0,0,0,0,0,4,2,16
,2022-04740,-105.0251691,39.73298246,2/17/2022 15:51,15:51,12,0,0,FEDERAL BLVD N & 10TH AVE W,7,1,0,0,1,1,0,0,35,0,0,0,0,0,2,2,16
,2022-04742,-105.193822,39.72644792,2/18/2022 8:26,8:26,10,0,0,14TH AVE E & 3700 BLK E,1,1,0,0,1,1,0,0,30,0,0,0,0,0,4,2,8
,2022-04743,-104.7611302,39.78537581,2/18/2022 16:53,16:53,10,0,0,FLANDERS WY N & 49TH AVE E,1,1,0,0,1,1,0,0,25,0,0,0,0,0,4,2,10
,2022-04745,-104.9540911,39.78740139,2/16/2022 7:15,7:15,6,0,0,CLAYTON ST N & 50TH AVE E,1,1,0,0,1,1,0,0,25,0,0,0,0,0,4,2,16
,2022-04746,-104.9035638,39.69822459,2/12/2022 19:05,19:05,12,0,0,PARKER RD & S QUEBEC ST,1,3,1,0,1,3,0,0,35,0,0,0,0,0,4,2,3
,2022-04747,-104.8829436,39.78571425,2/16/2022 10:35,10:35,15,0,0,E NORTHFIELD BLVD & N CENTRAL PARK BLVD,1,1,0,0,1,3,0,0,35,0,0,0,0,1,4,3,1
,2022-04749,-104.6654646,39.82150155,2/14/2022 14:20,14:20,16,0,0,VALLEY HEAD ST & 6975 VALLEY HEAD ST,1,1,0,0,5,7,0,0,15,0,0,0,0,0,3,1,13
,2022-04750,-104.9848692,39.72907208,2/17/2022 16:47,16:47,3,0,0,E 8TH AVE & N SHERMAN ST,1,1,0,7,1,1,0,0,30,0,0,0,0,0,4,2,16
,2022-04753,-104.9009283,39.78310264,2/18/2022 15:38,15:38,12,0,0,I-270 & QUEBEC ST N,1,1,0,0,1,4,0,0,55,0,0,0,0,0,1,2,13
,2022-04754,-104.9748129,39.74483569,2/18/2022 15:28,15:28,15,0,0,E 18TH AVE & N OGDEN ST,1,1,0,0,1,4,0,0,45,0,0,0,0,0,4,2,16
,2022-04755,-105.0509169,39.76935472,2/17/2022 15:55,15:55,8,0,3,W 38TH AVE & N YATES ST,4,1,0,0,1,1,0,0,30,0,0,0,0,2,4,2,13
,2022-04760,-104.9948627,39.76566862,2/10/2022 6:22,6:22,6,0,0,PARK AVE & N GLOBEVILLE RD,1,3,0,0,1,3,0,0,35,0,0,0,0,0,4,2,10
,2022-04762,-104.8968737,39.77847212,2/18/2022 14:25,14:25,12,0,1,I-70 & I-270,1,1,1,0,1,4,0,0,55,0,0,0,0,1,1,2,13
,2022-04771,-104.9144471,39.67485636,2/18/2022 7:23,7:23,3,0,2,ILIFF AVE E & LOCUST ST S,1,1,0,0,1,9,0,0,25,0,0,0,0,1,4,2,13
,2022-04776,-104.990008,39.71117084,2/16/2022 18:00,18:00,12,0,0,W ALAMEDA AVE & S BANNOCK ST,9,3,0,2,1,1,0,0,30,0,0,0,0,0,4,2,3
,2022-04777,-104.8510488,39.75534963,2/16/2022 17:28,17:28,5,0,0,26TH AVE E & MLK BLVD E,9,3,0,2,2,1,0,0,35,0,0,0,0,0,4,1,14
,2022-04778,-104.9780905,39.69521364,2/17/2022 15:34,15:34,6,0,0,CLARKSON ST S & ARIZONA AVE E,9,1,0,0,1,4,0,0,25,0,0,0,0,0,4,2,13
,2022-04780,-104.9593852,39.67302955,2/16/2022 14:45,14:45,3,0,0,E WESLEY AVE & S UNIVERSITY BLVD,9,1,0,0,1,1,0,0,25,0,0,0,0,0,4,2,3
,2022-04784,-105.0531489,39.73309419,2/16/2022 14:33,14:33,15,0,0,10TH AVE W & SHERIDAN BLVD N,11,1,0,2,1,1,0,0,30,0,0,0,0,0,2,2,10
,2022-04785,-105.0299694,39.769403,2/17/2022 10:10,10:10,3,0,0,W 38TH AVE & N IRVING ST,4,1,0,0,1,1,0,0,35,0,0,0,0,0,4,3,10
,2022-04788,-104.9034358,39.79355015,2/17/2022 13:55,13:55,1,0,2,N QUEBEC ST & E 53RD PL,1,1,0,0,1,1,0,0,35,0,0,0,0,1,2,3,1
,2022-04790,-104.9786398,39.78184754,2/18/2022 17:55,17:55,3,0,0,N WASHINGTON ST & E 46TH AVE,1,2,0,0,1,1,0,0,35,0,0,0,0,1,4,2,11
,2022-04791,-104.9407889,39.70967932,2/18/2022 12:46,12:46,12,0,1,COLORADO BLVD S & DAKOTA AVE E,1,1,0,0,1,4,0,0,35,0,0,0,0,1,2,2,3
,2022-04792,-104.692935,39.83346184,2/18/2022 14:56,14:56,3,0,0,JACKSON GAP ST N & PENA BLVD,1,3,0,0,1,1,0,0,35,0,0,0,0,0,4,2,16
,2022-04794,-104.8973908,39.69628173,2/17/2022 15:40,15:40,3,0,0,PARKER RD S & MISSISSIPPI AVE E,11,1,1,0,1,1,0,0,40,0,0,0,0,0,2,2,13
,2022-04795,-104.977588,39.73364792,2/18/2022 2:00,2:00,6,0,0,N CLARKSON ST & E 11TH AVE,5,3,0,0,1,4,0,0,,0,0,0,0,0,4,2,16
,2022-04796,-105.0367281,39.69310346,2/17/2022 15:25,15:25,3,0,1,NEWTON ST S & LOUISIANA AVE W,11,1,0,0,1,1,0,0,25,0,0,0,0,2,4,2,16
,2022-04797,-104.9597581,39.75446749,2/16/2022 18:42,18:42,1,0,0,26TH AVE E & YORK ST N,9,3,0,2,1,1,0,0,30,0,0,0,0,0,4,2,7
,2022-04799,-105.0250605,39.68949117,2/16/2022 17:29,17:29,12,0,0,FEDERAL BLVD S & FLORIDA AVE W,9,2,0,2,1,3,0,0,40,0,0,0,0,0,2,2,10
,2022-04802,-105.0456186,39.72010575,2/17/2022 23:24,23:24,6,0,0,N VRAIN ST & W 2ND AVE,1,4,1,0,1,4,0,0,20,0,0,0,0,0,4,2,13
,2022-04805,-104.9647572,39.74163529,2/17/2022 14:50,14:50,3,0,1,N HIGH ST & E 16TH AVE,4,1,0,0,1,1,0,0,35,0,0,0,0,2,4,2,14
,2022-04807,-104.8387698,39.77329409,2/18/2022 0:20,0:20,12,0,2,I-70 & MM 282,1,3,1,0,1,4,0,0,55,0,0,0,0,3,1,3,14
,2022-04809,-104.9740544,39.71888625,2/18/2022 10:00,10:00,15,0,0,E SPEER BLVD & S CORONA ST,1,1,0,0,1,3,0,0,35,0,0,0,0,0,4,2,16
,2022-04810,-104.9684202,39.74945771,2/16/2022 13:18,13:18,3,0,0,N FRANKLIN ST & E 22ND AVE,1,1,0,0,1,1,0,0,25,0,0,0,0,0,4,2,11
,2022-04811,-104.8682597,39.78673637,2/17/2022 10:20,10:20,1,0,1,E 49TH AVE & N GENEVA ST,7,1,0,0,1,2,0,0,30,0,0,0,0,2,4,2,11
,2022-04816,-104.9978995,39.75719382,2/17/2022 22:53,22:53,9,0,0,I-25 HOV NB ON RAMP FROM & 20TH ST,2,4,0,2,1,13,0,0,30,0,0,0,0,0,1,1,13
,2022-04817,-105.0201864,39.72388287,2/17/2022 7:55,7:55,6,0,0,5TH AVE W & BRYANT ST N,9,1,0,2,1,4,0,0,25,0,0,0,0,0,4,2,16
,2022-04818,-105.0404668,39.73300745,2/12/2022 12:00,12:00,6,0,0,QUITMAN ST N & 10TH AVE W,1,1,0,0,1,2,0,0,25,0,0,0,0,0,4,2,16
,2022-04819,-105.0346249,39.64961659,2/17/2022 9:25,9:25,12,0,0,S LOWELL BLVD & W KENYON AVE,14,1,0,0,1,3,0,0,30,0,0,0,0,0,4,2,3
,2022-04821,-104.8490172,39.78238194,2/17/2022 14:10,14:10,3,0,0,E 47TH AVE & N PARIS ST,11,1,0,0,1,1,1,0,35,0,0,0,0,0,4,2,11
,2022-04824,-104.9182339,39.65307809,2/16/2022 16:00,16:00,12,0,0,I-25 & HAMPDEN AVE E,9,1,0,2,1,4,0,0,65,0,0,0,0,0,1,3,3
,2022-04825,-105.0251799,39.78422127,2/17/2022 6:30,6:30,5,0,0,I-70 & FEDERAL BLVD N,4,3,1,2,2,4,0,0,55,0,0,0,0,0,1,2,16
,2022-04827,-105.0167809,39.75128884,2/18/2022 18:20,18:20,15,0,0,I-25 & 23RD AVE W,1,2,0,0,1,4,0,0,,0,0,0,0,0,1,2,16
,2022-04828,-105.0152045,39.72039489,2/7/2022 3:30,3:30,12,0,0,N YUMA ST & W 2ND AVE,1,3,0,0,1,4,0,0,25,0,0,0,0,0,4,2,16
,2022-04829,-105.0532498,39.72565601,2/17/2022 8:24,8:24,3,0,0,SHERIDAN BLVD N & HWY 6 EB OFF RAMP,5,1,1,0,1,1,0,0,40,0,0,0,0,0,2,2,7
,2022-04837,-104.9708842,39.76450766,2/18/2022 7:41,7:41,3,0,0,LAFAYETTE ST N & BRUCE RANDOLPH AVE E,4,1,0,0,1,1,0,0,25,0,0,0,0,0,4,2,1
,2022-04838,-105.0131182,39.72551753,2/17/2022 16:28,16:28,12,0,0,I-25 & 6TH AVE W,1,1,0,0,1,4,0,0,55,0,0,0,0,0,1,3,7
,2022-04841,-104.9451407,39.68058651,2/18/2022 7:36,7:36,3,0,0,S MONROE ST & E BUCHTEL BLVD,1,1,0,0,1,1,0,0,30,0,0,0,0,0,4,2,11
,2022-04843,-104.8470217,39.77959805,2/18/2022 16:26,16:26,1,0,0,46TH AVE E & PEORIA ST N,1,1,0,0,1,1,0,0,40,0,0,0,0,0,4,2,13
,2022-04844,-105.0093332,39.74510224,2/17/2022 14:03,14:03,15,0,0,AURARIA PKWY & 7TH ST,1,1,0,0,1,4,0,0,40,0,0,0,0,1,4,2,13
,2022-04845,-104.9671121,39.78013827,2/16/2022 15:55,15:55,12,0,0,I-70 & BRIGHTON BLVD N,11,1,0,2,1,4,0,0,55,0,0,0,0,0,1,2,14
,2022-04847,-104.9924796,39.69302355,2/16/2022 12:55,12:55,12,0,0,SANTA FE DR S & LOUISIANA AVE W,1,1,0,0,1,1,0,0,40,0,0,0,0,0,2,2,3
,2022-04848,-104.9222766,39.78303996,2/17/2022 12:24,12:24,10,0,0,N HOLLY ST & E 48TH AVE,7,1,0,0,1,1,0,0,25,0,0,0,0,0,4,2,13
,2022-04851,-104.9988995,39.69308762,2/18/2022 14:04,14:04,12,0,0,LOUISIANA AVE W & JASON ST S,7,1,0,0,1,4,0,0,25,0,0,0,0,0,4,2,14
,2022-04852,-104.9522094,39.72254829,2/18/2022 13:10,13:10,5,0,0,4TH AVE E & MILWAUKEE ST N,14,1,1,0,3,1,0,0,25,0,0,0,0,0,4,1,13
,2022-04857,-105.0252736,39.73800673,2/18/2022 8:04,8:04,12,0,0,FEDERAL BLVD N & 14TH AVE W,1,1,0,1,1,4,0,0,35,0,0,0,0,0,2,2,3
,2022-04859,-104.9729789,39.73200868,2/18/2022 17:48,17:48,12,0,0,N DOWNING ST & E 10TH AVE,1,2,0,0,1,4,0,0,35,0,0,0,0,0,4,2,3
,2022-04860,-105.0130163,39.72542371,2/18/2022 8:55,8:55,12,0,0,I-25 & 6TH AVE W,1,1,1,0,1,4,0,0,55,0,0,0,0,0,1,2,16
,2022-04861,-104.9814358,39.71832911,2/18/2022 20:11,20:11,3,0,0,E 1ST AVE & N PENNSYLVANIA AVE,4,4,0,0,1,1,0,0,25,0,0,0,0,0,4,2,13
,2022-04863,-105.0080271,39.76374541,2/6/2022 13:37,13:37,6,0,0,3300 BLK N QUIVAS ST & W 34TH AVE,1,1,0,0,1,4,0,0,25,0,0,0,0,0,4,2,3
,2022-04866,-104.9592364,39.71532004,2/20/2022 14:29,14:29,12,0,0,CHERRY CREEK DR NE & UNIVERSITY BLVD S,1,1,3,0,1,3,0,0,30,0,0,0,0,0,4,2,13
,2022-04867,-105.0369713,39.75850094,1/22/2022 20:46,20:46,6,0,0,N NEWTON ST & W 29TH AVE,1,3,0,0,1,1,0,0,35,0,0,0,0,0,4,3,16
,2022-04868,-104.8905205,39.76001325,2/18/2022 15:27,15:27,3,0,0,CENTRAL PARK BLVD N & MLK BLVD E,1,1,0,0,1,1,0,0,30,0,0,0,0,0,4,2,7
,2022-04869,-104.88333,39.78569405,2/18/2022 15:15,15:15,12,0,0,NORTHFIELD BLVD E & CENTRAL PARK BLVD N,7,1,0,0,1,3,0,0,35,0,0,0,0,0,4,2,7
,2022-04870,-104.8760147,39.65301992,2/19/2022 3:07,3:07,12,0,1,HAMPDEN AVE E & DAYTON ST S,1,4,0,0,1,4,0,0,45,0,0,0,0,1,2,2,7
,2022-04872,-104.811806,39.78389082,2/19/2022 8:20,8:20,3,0,0,E GATEWAY AVE & N FRASER WY,1,1,0,0,1,1,0,0,25,0,0,0,0,1,4,2,7
,2022-04881,-105.02974,39.69674515,2/18/2022 18:15,18:15,3,0,0,S IRVING ST & W MISSISSIPPI AVE,1,3,0,0,1,1,0,0,25,0,0,0,0,0,4,2,11
,2022-04884,-105.0043198,39.76094363,2/18/2022 20:47,20:47,1,0,0,20TH ST & I-25 SB ON RAMP,1,3,0,0,1,1,0,0,35,0,0,0,0,0,4,2,16
,2022-04890,-104.9408904,39.67836647,2/18/2022 18:20,18:20,1,0,0,COLORADO BLVD S & EVANS AVE E,1,3,0,0,1,3,0,0,35,0,0,0,0,0,2,2,13
,2022-04892,-104.7907918,39.78363899,2/3/2022 9:39,9:39,12,0,0,PENA BLVD & GVR BLVD,11,1,0,0,1,1,0,0,45,0,0,0,0,0,4,2,13
,2022-04894,-104.9899349,39.72904509,2/19/2022 16:20,16:20,10,0,0,N SPEER BLVD & W 8TH AVE,1,1,0,0,1,1,0,0,35,0,0,0,0,0,4,2,10
,2022-04895,-105.0165222,39.7513218,2/19/2022 18:56,18:56,12,0,0,I-25 & 23RD AVE W,1,4,0,0,1,4,0,0,55,0,0,0,0,0,1,4,3
,2022-04898,-104.8966024,39.77820476,2/18/2022 22:45,22:45,15,0,0,I-270 EB EXIT GORE PT TO & I-70,1,3,0,0,1,4,0,0,55,0,0,0,0,0,1,2,11
,2022-04900,-104.9406123,39.74007431,2/17/2022 20:20,20:20,1,0,0,COLFAX AVE E & COLORADO BLVD N,1,3,0,0,1,1,0,0,30,0,0,0,0,0,2,2,13
,2022-04905,-104.8905205,39.76001325,2/20/2022 17:21,17:21,3,0,0,CENTRAL PARK BLVD N & MLK BLVD E,1,3,0,0,1,1,0,0,25,0,0,0,0,0,4,2,3
,2022-04908,-104.9597581,39.75446749,2/19/2022 14:50,14:50,3,0,0,N YORK ST & E 26TH AVE,1,1,0,0,1,1,0,0,30,0,0,0,0,0,4,2,13
,2022-04909,-104.9732152,39.71110968,2/16/2022 23:05,23:05,1,0,0,ALAMEDA AVE E & DOWNING ST S,4,3,0,2,1,2,0,0,30,0,0,0,0,0,4,2,16
,2022-04911,-104.8846519,39.74380813,2/18/2022 9:54,9:54,3,0,0,E 17TH AVE & N YOSEMITE ST,1,1,0,0,1,1,0,0,30,0,0,0,0,0,4,2,1
,2022-04915,-105.0191619,39.71208352,2/8/2022 10:50,10:50,12,0,0,200 BLK S CANOSA CT & W ALAMEDA AVE,1,1,1,0,1,3,0,0,25,0,0,0,0,0,4,2,10
,2022-04916,-105.0089851,39.72176867,2/19/2022 22:14,22:14,6,0,1,I-25 NB EXIT GORE PT TO & 6TH AVE W,1,3,0,0,3,4,0,0,55,0,0,0,0,2,1,2,2
,2022-04921,-104.9593324,39.70162039,1/31/2022 15:39,15:39,12,0,0,S UNIVERSITY BLVD & E OHIO AVE,1,1,0,0,1,4,0,0,35,0,0,0,0,0,4,7,16
,2022-04923,-104.9405009,39.76445591,2/16/2022 18:11,18:11,3,0,1,COLORADO BLVD N & BRUCE RANDOLPH AVE E,9,3,0,2,1,1,0,0,35,0,0,0,0,1,2,2,16
,2022-04926,-104.9251986,39.70477872,2/17/2022 10:20,10:20,10,0,0,GILL PL E & GLENCOE ST S,9,1,0,0,1,1,0,0,15,0,0,0,0,0,4,2,16
,2022-04928,-105.0346051,39.74034113,2/20/2022 18:08,18:08,12,0,1,COLFAX AVE W & LOWELL BLVD N,1,3,0,0,1,1,0,0,35,0,0,0,1,2,2,2,1