id,drcog_id,longitude,latitude,crashtime,time,crashtype,numbkilled,numbinjurd,drcoglocat,rdconditin,lightngcon,roadcntgrd,weatherco,location,roaddescrp,schoolzone,constrzone,splimit,bikeinv,pedinv,sctrinv,motoinv,svrty,rdsystem,ttlvehcls,hcf
,2022-04929,-104.8844453,39.79832315,2/20/2022 16:05,16:05,1,0,2,56TH AVE E & CENTRAL PARK BLVD N,1,1,0,0,1,1,0,0,40,0,0,0,0,3,4,2,16
,2022-04932,-104.9410796,39.78066009,2/14/2022 19:41,19:41,15,0,0,COLORADO BLVD N & 46TH AVE E,1,3,0,0,1,4,0,0,35,0,0,0,0,0,2,2,13
,2022-04933,-104.9598579,39.76928858,2/12/2022 23:39,23:39,5,0,0,E 38TH AVE & N YORK ST,1,3,0,0,3,4,0,0,30,0,0,0,0,0,4,1,16
,2022-04934,-105.0123787,39.77347287,1/5/2022 14:14,14:14,14,0,0,N UMATILLA ST & W 41 ST AVE,7,1,1,2,1,4,0,0,25,0,0,0,0,0,4,3,1
,2022-04935,-105.0511547,39.68383623,1/10/2022 16:07,16:07,6,0,0,W COLORADO AVE & S YATES ST,1,1,0,0,1,4,1,0,20,0,0,0,0,0,4,2,13
,2022-04936,-104.7635681,39.79433311,2/19/2022 15:30,15:30,6,0,0,N DANUBE ST & E 55TH AVE,1,1,0,0,1,4,0,0,,0,0,0,0,0,4,2,16
,2022-04943,-105.012935,39.75717525,2/19/2022 17:00,17:00,6,0,0,W 28TH AVE & N VALLEJO ST,1,1,0,0,1,4,0,0,,0,0,0,0,0,4,2,16
,2022-04947,-104.9150525,39.73722592,1/10/2022 7:00,7:00,16,0,0,14TH AVE E & 6220 E 14TH AVE,1,1,0,0,5,7,0,0,,0,0,0,0,0,3,2,16
,2022-04948,-104.98919,39.72502612,2/13/2022 20:05,20:05,11,0,1,ACOMA ST N & 6TH AVE W,1,3,0,0,1,4,0,0,0,0,1,0,0,3,4,1,16
,2022-04955,-104.9388563,39.67188795,2/17/2022 18:17,18:17,11,0,1,DICKENSON PL E & ASH ST S,2,3,0,0,1,4,0,0,0,0,1,0,0,3,4,1,16
,2022-04956,-104.9927191,39.74744493,2/17/2022 20:21,20:21,11,0,1,17TH ST & CHAMPA ST,7,3,0,0,1,1,0,0,25,0,1,0,0,3,4,1,16
,2022-04963,-104.8711596,39.67474913,2/20/2022 16:21,16:21,12,0,0,E ILIFF AVE & S PARKER RD,1,1,0,0,1,4,0,1,35,0,0,0,0,0,4,2,1
,2022-04965,-104.9442007,39.74195556,2/16/2022 14:30,14:30,12,0,0,N GARFIELD ST & E 16TH AVE,7,1,0,0,1,1,0,0,35,0,0,0,0,0,4,2,1
,2022-04967,-105.0086642,39.6786281,1/28/2022 15:20,15:20,3,0,0,W EVANS AVE & S RARITAN ST,1,1,1,0,1,1,0,0,35,0,0,0,0,0,4,2,16
,2022-04969,-104.9223512,39.77828771,2/19/2022 13:25,13:25,12,0,0,I-70 & HOLLY ST N,1,1,0,0,1,4,0,0,55,0,0,0,0,0,1,2,3
,2022-04970,-104.9948167,39.76807347,2/9/2022 8:40,8:40,15,0,0,I-25 & PARK AVE W,1,1,0,0,1,4,0,0,55,0,0,0,0,0,1,2,13
,2022-04979,-104.945086,39.73364354,2/20/2022 0:59,0:59,6,0,1,N MONROE ST & N MONROE ST,1,4,0,0,1,4,0,0,25,0,0,0,0,2,4,2,14
,2022-05105,-104.9923904,39.71173316,2/21/2022 9:17,9:17,6,0,0,CHEROKEE ST S & ALAMEDA AVE W,1,3,0,0,1,4,0,0,,0,0,0,0,0,4,2,16
,2022-05109,-105.0126877,39.75536708,2/3/2022 13:00,13:00,15,0,0,I-25 & SPEER BLVD,1,1,0,0,1,4,0,0,55,0,0,0,0,0,1,2,13
,2022-05110,-104.8968737,39.77847212,2/21/2022 15:03,15:03,15,0,2,I-70 & I-270,1,1,0,0,1,4,0,1,55,0,0,0,0,2,1,3,11
,2022-05116,-104.9933293,39.74699102,2/19/2022 15:02,15:02,15,0,0,CHAMPA ST & 16TH ST,1,1,0,1,1,4,0,0,25,0,0,0,0,0,4,2,13
,2022-05121,-105.0141402,39.74031599,2/18/2022 14:05,14:05,3,0,0,COLFAX AVE W & I-25 SB OFF RAMP,1,1,0,0,1,1,0,0,35,0,0,0,0,0,2,2,13
,2022-05125,-104.9920109,39.73080309,2/19/2022 13:56,13:56,15,0,0,SPEER BLVD N & CHAMPA ST,1,1,0,1,1,4,0,0,35,0,0,0,0,0,4,2,16
,2022-05128,-104.9124086,39.76182719,2/19/2022 13:25,13:25,1,0,0,E MLK BLVD & N MONACO ST,1,1,0,0,1,1,0,0,35,0,0,0,0,0,4,2,8
,2022-05131,-105.0532655,39.7239251,2/20/2022 13:04,13:04,12,0,0,SHERIDAN BLVD N & 5TH AVE W,1,1,0,1,1,3,0,0,35,0,0,0,0,0,2,2,13
,2022-05133,-104.9793168,39.76319939,2/18/2022 18:07,18:07,3,0,0,LARIMER ST & 31ST ST,1,3,0,0,1,1,0,0,10,0,0,0,0,0,4,2,11
,2022-05134,-104.9124307,39.73863156,2/18/2022 14:10,14:10,15,0,0,14TH AVE E & MONACO ST N,1,1,0,0,1,1,0,0,35,0,0,0,0,0,4,2,8
,2022-05137,-104.8962724,39.78438416,2/20/2022 9:20,9:20,3,0,1,TRENTON ST N & SPRUCE WY N,1,1,0,0,1,1,0,0,35,0,0,0,0,3,4,2,16
,2022-05140,-104.9895508,39.78026028,2/19/2022 8:00,8:00,15,0,0,I-25 & I-70,1,1,0,0,1,4,0,0,55,0,0,0,0,0,1,2,16
,2022-05142,-104.9058719,39.76564834,2/20/2022 23:37,23:37,3,0,1,E 35TH AVE & N PONTIAC ST,1,3,3,0,1,1,0,0,25,0,0,0,0,3,4,2,11
,2022-05144,-104.9855642,39.75164988,2/21/2022 2:08,2:08,6,0,0,STOUT ST & 22ND ST,1,3,0,0,1,4,0,0,30,0,0,0,0,0,4,2,16
,2022-05145,-104.9283506,39.67573507,2/6/2022 22:59,22:59,6,0,0,4900 BLOCK E DONALD AVE & S DAHLIA ST,1,4,0,0,1,4,0,0,25,0,0,0,0,0,4,2,1
,2022-05146,-105.0221464,39.67865322,2/11/2022 12:45,12:45,8,0,0,EVANS AVE W & CLAY ST S,1,1,0,0,6,4,0,0,35,0,0,0,0,1,4,3,16
,2022-05149,-104.9163309,39.74017936,2/3/2022 15:15,15:15,1,0,0,N KRAMERIA ST & E COLFAX AVE,8,1,0,2,1,5,0,0,35,0,0,0,0,0,2,2,16
,2022-05151,-104.9687052,39.70749806,2/21/2022 11:18,11:18,3,0,0,VIRGINIA AVE E & FRANKLIN ST S,1,1,0,0,1,1,0,0,25,0,0,0,0,0,4,2,16
,2022-05152,-105.0463325,39.73139102,2/18/2022 14:40,14:40,15,0,0,VRAIN ST N & 9TH ST W,1,1,0,0,1,4,0,0,25,0,0,0,0,0,4,2,11
,2022-05153,-104.9964872,39.75710486,2/14/2022 1:15,1:15,6,0,0,WEWATTA ST & 21ST ST,1,3,3,0,1,3,0,0,25,0,0,0,0,0,4,4,16
,2022-05154,-105.0230082,39.66025554,2/16/2022 6:03,6:03,6,0,0,DECATUR ST S & DARTMOUTH AVE W,1,4,1,0,1,4,0,0,25,0,0,0,0,0,4,2,14
,2022-05155,-104.9919397,39.68757244,2/21/2022 9:26,9:26,3,0,0,SANTA FE DR S & IOWA AVE W,1,1,0,0,1,1,0,0,45,0,0,0,0,0,2,2,3
,2022-05160,-105.0357966,39.74992287,2/20/2022 15:00,15:00,6,0,0,MEADE ST N & 22ND AVE W,1,1,0,0,1,3,0,0,,0,0,0,0,0,4,2,16
,2022-05163,-105.0532394,39.75847368,2/21/2022 0:30,0:30,3,0,0,SHERIDAN BLVD N & 29TH AVE W,1,3,1,0,1,1,0,0,35,0,0,0,0,0,2,2,16
,2022-05166,-104.9998671,39.7500051,2/19/2022 15:10,15:10,15,0,0,BLAKE ST & 15TH ST,1,1,0,0,1,4,0,0,,0,0,0,0,0,4,2,16
,2022-05167,-104.894523,39.63776582,2/13/2022 11:41,11:41,16,0,0,TAMARAC ST S & 4351 S TAMARAC ST,1,1,0,0,5,7,0,0,10,0,0,0,0,0,3,2,11
,2022-05168,-105.000624,39.71114569,2/19/2022 12:56,12:56,10,0,0,PLATTE RIVER DR S & ALAMEDA AVE W,1,1,0,1,1,1,0,0,30,0,0,0,0,0,2,2,13
,2022-05204,-105.0349037,39.71496973,2/20/2022 16:48,16:48,3,0,0,LOWELL BLVD S & BAYAUD AVE W,1,1,0,0,1,1,0,0,25,0,0,0,0,0,4,2,7
,2022-05214,-105.0347228,39.63611118,2/20/2022 22:50,22:50,6,0,0,LOWELL BLVD S & RADCLIFF AVE W,1,3,0,0,1,4,0,0,25,0,0,0,0,0,4,3,12
,2022-05236,-104.8935219,39.63574821,1/13/2022 16:44,16:44,15,0,0,I-225 & S TAMARAC ST,1,2,1,0,1,4,0,0,65,0,0,0,0,0,1,3,16
,2022-05294,-105.0910526,39.62388544,2/17/2022 18:15,18:15,12,0,0,S WADSWORTH BLVD & W BELLEVIEW AVE,1,3,0,0,1,4,0,0,45,0,0,0,0,0,2,2,13
,2022-05397,-104.893194,39.78565325,2/21/2022 20:42,20:42,6,0,0,UINTA ST N & 1710 N UINTA ST,11,4,0,2,1,2,0,0,,0,0,0,0,0,4,2,16
,2022-05399,-104.9511299,39.73836366,2/22/2022 5:36,5:36,15,0,0,14TH AVE E & ST PAUL ST S,9,3,1,2,1,4,0,0,30,0,0,0,0,0,4,2,16
,2022-05400,-104.9903111,39.74932293,2/22/2022 1:25,1:25,3,0,0,19TH ST & CHAMPA ST,4,3,0,0,1,1,0,0,30,0,0,0,0,0,4,2,3
,2022-05401,-104.9497567,39.78010339,2/18/2022 7:25,7:25,12,0,0,I-70 & STEELE ST N,1,1,1,0,1,4,0,0,55,0,0,0,0,0,1,2,16
,2022-05407,-104.9881006,39.75507699,2/22/2022 17:39,17:39,3,0,0,LAWRENCE ST & PARK AVE W,9,2,0,2,1,1,0,0,30,0,0,0,0,0,4,3,3
,2022-05408,-104.9374145,39.67844958,2/22/2022 13:01,13:01,1,0,0,EVANS AVE E & BELLAIRE ST S,1,1,0,0,1,1,0,0,35,0,0,0,0,0,4,2,13
,2022-05409,-104.9876228,39.70753565,2/21/2022 14:05,14:05,14,0,0,S BROADWAY ST & E VIRGINIA AVE,1,1,0,0,1,1,0,0,25,0,0,0,0,0,4,2,3
,2022-05410,-105.0203787,39.68950194,2/21/2022 12:36,12:36,10,0,0,W FLORIDA AVE & S CLAY ST,1,1,1,0,1,1,0,0,30,0,0,0,0,0,4,2,13
,2022-05412,-104.9967041,39.68960124,2/21/2022 19:47,19:47,1,0,0,PLATTE RIVER DR S & FLORIDA AVE W,1,3,0,2,1,1,0,0,40,0,0,0,0,0,4,2,16
,2022-05413,-104.8851038,39.63957844,2/21/2022 11:32,11:32,3,0,0,YOSEMITE ST S & I-225 SB OFF RAMP,1,1,0,0,1,1,0,0,35,0,0,0,0,0,1,2,16
,2022-05414,-104.9885119,39.76585767,2/21/2022 16:25,16:25,15,0,0,ARKINS CT & 29TH ST,1,1,0,0,1,4,0,0,30,0,0,0,0,0,4,2,13
,2022-05415,-104.9485856,39.71783382,2/21/2022 12:40,12:40,6,0,0,ADAMS ST N & 1ST AVE E,1,1,0,0,1,1,0,0,25,0,0,0,0,0,4,2,3
,2022-05417,-105.021744,39.73298948,2/16/2022 16:12,16:12,12,0,0,DECATUR ST N & 10TH AVE W,9,1,1,2,1,1,0,0,25,0,0,0,0,0,4,2,13
,2022-05418,-105.0252771,39.71975017,2/22/2022 6:50,6:50,1,0,0,FEDERAL BLVD N & 2ND AVE W,7,1,0,2,1,2,0,0,35,0,0,0,0,0,2,2,10
,2022-05419,-104.9406144,39.73827289,2/21/2022 23:36,23:36,12,0,0,COLORADO BLVD N & 14TH AVE E,11,3,0,2,1,1,0,0,,0,0,0,0,0,2,2,16
,2022-05420,-104.8660461,39.67078048,2/21/2022 15:20,15:20,15,0,0,HAVANA ST S & PARKER RD S,1,1,0,0,1,1,0,0,,0,0,0,0,0,2,2,16
,2022-05421,-105.0017876,39.67935043,2/16/2022 17:40,17:40,14,0,0,LIPAN ST S & EVANS AVE W,4,4,0,2,1,4,0,0,25,0,0,0,0,0,4,3,14
,2022-05426,-105.0404889,39.7701438,2/20/2022 0:19,0:19,6,0,0,QUITMAN ST N & 38TH AVE W,1,3,0,0,1,4,0,0,25,0,0,0,0,0,4,2,16
,2022-05438,-104.9965605,39.70666643,2/14/2022 6:18,6:18,12,0,0,SANTA FE DR S & I-25 SB ON RAMP,1,1,0,0,1,1,0,0,45,0,0,0,0,0,2,3,3
,2022-05440,-104.967208,39.74481858,2/21/2022 10:00,10:00,3,0,0,N GILPIN ST & E 18TH AVE,1,1,0,0,1,1,0,0,25,0,0,0,0,0,4,2,11
,2022-05442,-104.9667466,39.78081866,2/22/2022 11:00,11:00,12,0,0,BRIGHTON BLVD N & 4600 BLK ,4,1,0,2,1,3,0,0,30,0,0,0,0,0,2,2,10
,2022-05443,-104.982007,39.74002741,2/10/2022 19:30,19:30,15,0,0,E COLFAX AVE & N LOGAN ST,1,3,0,1,1,4,0,0,30,0,0,0,0,0,2,2,16
,2022-05444,-104.9395069,39.73468989,2/21/2022 11:50,11:50,3,0,0,N ALBION ST & E 12TH AVE,1,1,0,0,1,1,0,0,25,0,0,0,0,0,4,2,11
,2022-05445,-104.9034576,39.74007895,2/22/2022 10:23,10:23,3,0,0,COLFAX AVE E & QUEBEC ST N,4,1,0,2,1,1,0,0,35,0,0,0,0,0,2,2,1
,2022-05446,-105.025041,39.68768535,2/22/2022 8:26,8:26,12,0,0,FEDERAL BLVD S & IOWA AVE W,4,1,1,2,1,4,0,0,35,0,0,0,0,0,2,2,10
,2022-05447,-105.0086516,39.7214714,2/22/2022 4:50,4:50,15,0,0,I-25 SB ENT GORE PT FROM & 6TH AVE W,4,3,0,2,1,14,0,0,55,0,0,0,0,0,1,2,16
,2022-05449,-104.9407835,39.74375847,2/20/2022 20:10,20:10,15,0,0,COLORADO BLVD N & 17TH AVE E,1,3,0,0,1,1,0,0,35,0,0,0,0,0,2,2,16
,2022-05452,-105.0462797,39.72552859,2/22/2022 13:29,13:29,3,0,0,VRAIN ST N & 6TH AVE W DR N,11,1,0,0,1,1,0,0,25,0,0,0,0,0,4,2,16
,2022-05462,-104.9863831,39.71007474,2/22/2022 10:51,10:51,10,0,0,LINCOLN ST S & DAKOTA AVE E,12,1,0,1,1,2,0,0,30,0,0,0,0,0,4,2,16
,2022-05468,-104.9269765,39.76559819,2/21/2022 12:43,12:43,12,0,0,E 35TH AVE & N FOREST ST,1,1,0,0,1,1,0,0,25,0,0,0,0,0,4,2,16
,2022-05469,-105.0126877,39.75536708,2/21/2022 14:13,14:13,12,0,0,I-25 & SPEER BLVD N,1,1,0,0,1,4,0,0,55,0,0,0,0,0,1,2,3
,2022-05470,-104.9182339,39.65307809,2/22/2022 12:23,12:23,12,0,0,I-25 & HAMPDEN AVE E,1,1,0,0,1,4,0,0,65,0,0,0,0,0,1,2,1
,2022-05481,-104.9756463,39.75666932,2/22/2022 16:35,16:35,3,0,1,29TH ST & WELTON ST,11,3,0,2,1,1,0,0,30,0,0,0,0,2,4,2,16
,2022-05482,-105.0127078,39.75512692,1/23/2022 18:50,18:50,15,0,0,I-25 & N SPEER BLVD,1,3,0,0,1,4,0,0,,0,0,0,0,0,1,2,16
,2022-05528,-105.0052348,39.74008245,2/16/2022 12:27,12:27,1,0,4,COLFAX AVE W & 7TH ST,1,1,3,0,1,1,0,0,35,0,0,0,0,2,2,2,1
,2022-05529,-105.0165222,39.7513218,2/20/2022 17:54,17:54,15,0,0,I-25 & 23RD AVE W,1,3,3,0,1,4,0,0,65,0,0,0,0,0,1,2,13
,2022-05530,-104.9223512,39.77828771,1/10/2022 3:00,3:00,15,0,0,I-70 & HOLLY ST N,1,3,3,0,1,4,0,0,65,0,0,0,0,0,1,2,14
,2022-05531,-105.0252414,39.71339081,2/16/2022 13:40,13:40,5,0,1,FEDERAL BLVD S & CEDAR AVE W,1,1,3,0,3,4,0,0,45,0,0,0,0,1,2,1,2
,2022-05532,-105.025149,39.72933,2/16/2022 15:13,15:13,15,0,0,FEDERAL BLVD N & 6TH AVE,9,1,3,2,1,1,0,0,30,0,0,0,0,0,2,2,13
,2022-05533,-105.0486715,39.74034782,2/16/2022 17:54,17:54,12,0,0,COLFAX AVE W & WOLFF ST N,9,3,3,2,1,1,0,0,30,0,0,0,0,0,2,2,13
,2022-05534,-104.9081628,39.74981875,2/5/2022 15:20,15:20,12,0,0,E 22ND AVE & N ONEIDA ST,1,1,3,0,1,1,0,0,25,0,0,0,0,0,4,2,5
,2022-05535,-105.0089851,39.72176867,2/14/2022 15:10,15:10,12,0,0,I-25 NB EXIT GORE PT TO  & 6TH AVE W,1,1,3,0,1,14,0,0,65,0,0,0,0,0,1,2,13
,2022-05536,-105.0393185,39.74033742,2/18/2022 19:11,19:11,11,0,1,COLFAX AVE W & PERRY ST N,1,3,3,0,1,1,0,0,25,0,1,0,0,1,2,1,1
,2022-05537,-105.0250215,39.68590451,1/27/2022 12:18,12:18,12,0,0,S FEDERAL BLVD & W MEXICO AVE,9,1,3,2,1,1,0,0,40,0,0,0,0,0,2,3,13
,2022-05538,-104.9917967,39.74672967,2/19/2022 22:56,22:56,15,0,0,17TH ST & STOUT ST,1,3,3,0,1,3,0,0,30,0,0,0,0,0,4,2,13
,2022-05539,-105.02974,39.69674515,2/19/2022 18:53,18:53,3,0,0,S IRVING ST & W MISSISSIPPI AVE,1,3,3,0,1,1,0,0,30,0,0,0,0,1,4,2,3
,2022-05540,-105.0532211,39.73315662,2/17/2022 11:31,11:31,1,0,0,SHERIDAN BLVD & 10TH AVE W,7,1,3,0,1,2,0,0,35,0,0,0,0,0,2,3,1
,2022-05541,-104.9891611,39.78003347,2/10/2022 20:04,20:04,14,0,2,I-25 & I-70,1,4,3,0,1,13,0,0,65,0,0,0,0,1,1,2,1
,2022-05542,-105.0440108,39.76391148,1/15/2022 12:45,12:45,3,0,0,W 33RD AVE & N TENNYSON ST,1,1,3,0,1,1,0,0,25,0,0,0,0,0,4,2,13
,2022-05545,-104.9823614,39.72562158,2/22/2022 18:00,18:00,6,0,0,6TH AVE E & LOGAN ST N,9,3,0,2,1,1,0,0,30,0,0,0,0,0,4,2,1
,2022-05548,-104.898619,39.65307735,2/22/2022 17:24,17:24,12,0,3,HAMPDEN AVE E & TAMARAC ST S,9,2,1,2,1,3,0,0,40,0,0,0,0,1,2,2,13
,2022-05549,-104.9001263,39.78359333,2/14/2022 16:20,16:20,15,0,0,QUEBEC ST N & I-270 WB RAMPS,1,1,0,0,1,1,0,0,35,0,0,0,0,0,2,2,1
,2022-05551,-104.9035861,39.7112519,2/23/2022 16:48,16:48,12,0,0,E ALAMEDA AVE & S QUEBEC ST,1,1,0,0,1,3,0,0,35,0,0,0,0,0,4,2,12
,2022-05554,-104.9250383,39.66749409,2/23/2022 14:50,14:50,12,0,1,I-25 NB OFF RAMP TO & YALE AVE E,11,1,0,0,1,8,0,0,45,0,0,0,0,1,4,2,3
,2022-05555,-104.947379,39.72412105,2/23/2022 9:58,9:58,3,0,0,N COOK ST & E 5TH AVE,9,1,0,0,1,1,0,0,25,0,0,0,0,0,4,2,13
,2022-05559,-105.0346063,39.73475359,2/17/2022 20:50,20:50,6,0,0,N LOWELL BLVD & W 12TH AVE,11,3,1,0,1,3,0,0,25,0,0,0,0,0,4,2,13
,2022-05567,-104.8097976,39.78374358,2/23/2022 8:20,8:20,3,0,0,GVR BLVD E & CHAMBERS RD N,9,1,0,2,1,2,0,0,35,0,0,0,0,0,4,2,13
,2022-05574,-104.7712181,39.77755891,2/22/2022 20:24,20:24,6,0,0,N ANDES ST & 4485 N ANDES ST,9,3,0,2,1,4,0,0,25,0,0,0,0,0,4,2,10
,2022-05575,-104.969302,39.78011094,2/23/2022 7:58,7:58,15,0,1,I-70 & BRIGHTON BLVD N,4,1,0,0,1,4,0,1,55,0,1,0,0,1,1,4,7
,2022-05577,-105.0092774,39.75646087,2/22/2022 18:16,18:16,3,0,0,15TH ST & PLATTE ST,9,3,0,2,1,1,0,0,30,0,0,0,0,0,4,2,1
,2022-05578,-104.9250543,39.67846455,2/23/2022 7:42,7:42,5,0,0,E EVANS AVE & S GRAPE ST,9,1,0,2,3,3,0,0,35,0,0,0,0,0,4,1,16
,2022-05579,-104.9659466,39.76815094,2/23/2022 6:54,6:54,3,0,0,WILLIAMS ST N & 37TH AVE E,4,1,0,2,1,1,0,0,25,0,0,0,0,0,4,2,1
,2022-05580,-104.6718557,39.83997181,2/22/2022 10:42,10:42,12,0,1,PENA BLVD & JACKSON GAP ST N,4,3,0,2,1,4,0,0,45,0,0,0,0,2,4,2,13
,2022-05581,-104.8708044,39.67475846,2/22/2022 14:15,14:15,1,0,0,ILIFF AVE E & PARKER RD S,9,1,0,2,1,1,0,0,30,0,0,0,0,0,2,2,3
,2022-05582,-105.0532286,39.68204753,2/23/2022 9:41,9:41,14,0,0,SHERIDAN BLVD S & JEWELL AVE W,14,1,1,0,1,3,0,0,40,0,0,0,0,0,2,2,3
,2022-05583,-104.9811312,39.72563606,2/22/2022 18:00,18:00,6,0,0,6TH AVE E & PENNSYLVANIA AVE N,9,3,0,2,1,1,0,0,30,0,0,0,0,0,4,2,1
,2022-05584,-104.8589791,39.66028448,2/13/2022 2:30,2:30,5,0,0,E DARTMOUTH AVE & S KENTON ST,5,3,0,0,6,4,0,0,35,0,0,0,0,0,4,1,13
,2022-05585,-104.9663283,39.70749039,2/22/2022 15:30,15:30,3,0,0,S WILLIAMS ST & E VIRGINIA AVE,9,1,0,2,1,1,0,0,25,0,0,0,0,0,4,2,3
,2022-05586,-104.9475641,39.78777845,2/23/2022 13:40,13:40,3,0,0,COOK ST N & 50TH ST E,7,1,0,0,1,2,0,0,35,0,0,0,0,0,4,2,11
,2022-05587,-105.015655,39.76928473,2/22/2022 12:30,12:30,12,0,0,38TH AVE W & ZUNI ST N,11,1,0,2,1,3,0,0,30,0,0,0,0,0,4,2,3
,2022-05588,-105.0015154,39.69670577,2/23/2022 9:15,9:15,3,0,0,S LIPAN ST & W MISSISSIPPI AVE,4,1,1,2,1,1,0,0,30,0,0,0,0,0,4,2,13
,2022-05589,-104.9908308,39.75159036,2/22/2022 20:20,20:20,10,0,0,20TH ST & ARAPAHOE ST,9,3,0,2,1,1,0,0,25,0,0,0,0,0,4,2,8
,2022-05590,-104.9706009,39.72558538,2/22/2022 18:00,18:00,6,0,0,6TH AVE E & LAFAYETTE ST N,9,3,0,2,1,1,0,0,30,0,0,0,0,0,4,2,1
,2022-05591,-105.0379592,39.75850076,2/23/2022 6:20,6:20,6,0,0,29TH AVE W & OSCEOLA ST N,9,1,3,2,3,3,0,0,30,0,0,0,0,0,4,3,2
,2022-05592,-105.0251303,39.72554639,2/14/2022 21:47,21:47,12,0,1,HWY 6 WB OFF RAMP TO  & FEDERAL BLVD N,1,3,0,0,1,8,0,0,55,0,0,0,0,2,2,3,16
,2022-05593,-105.0051505,39.72013291,2/23/2022 11:21,11:21,12,0,0,RIO GRANDE BLVD N & 285 N RIO GRANDE BLVD,1,1,0,0,1,2,0,0,25,0,0,0,0,0,4,2,11
,2022-05594,-104.9035566,39.69852377,2/23/2022 8:54,8:54,12,0,0,QUEBEC ST S & PARKER RD S,9,1,0,0,1,3,0,0,35,0,0,0,0,0,2,2,13
,2022-05595,-104.9929399,39.69666191,2/23/2022 10:28,10:28,12,0,2,PLATTE RIVER DR S & MISSISSIPPI AVE W,11,1,0,0,1,3,0,0,40,0,0,0,0,1,2,3,3
,2022-05596,-104.9733281,39.76517405,2/22/2022 20:31,20:31,8,0,0,DOWNING ST N & ARAPAHOE ST,4,3,0,2,1,1,0,0,35,0,0,0,0,0,4,2,13
,2022-05597,-105.0139596,39.74044224,2/23/2022 14:47,14:47,15,0,0,I-25 & COLFAX AVE W,2,1,1,0,1,4,0,0,55,0,0,0,0,0,1,2,13
,2022-05598,-104.9404553,39.78377163,2/17/2022 16:10,16:10,15,0,0,COLORADO BLVD N & 48TH AVE E,11,1,0,0,1,1,0,0,35,0,0,0,0,0,2,2,13
,2022-05599,-104.8470297,39.77400525,2/22/2022 20:03,20:03,15,0,0,I-70 & PEORIA ST N,9,3,0,2,1,4,0,0,65,0,0,0,0,0,1,3,16
,2022-05600,-104.8966024,39.77820476,2/22/2022 20:53,20:53,5,0,0,I-270 & I-70,9,3,1,2,2,4,0,0,55,0,0,0,0,0,1,1,1
,2022-05601,-105.0263199,39.7181599,2/23/2022 5:25,5:25,12,0,1,1ST AVE W & 3000 BLK W,4,3,0,2,1,3,0,0,30,0,0,0,0,1,4,2,10
,2022-05602,-104.9671664,39.77987417,2/23/2022 5:50,5:50,15,0,0,I-70 & BRIGHTON BLVD N,4,3,0,0,1,4,0,0,55,0,0,0,0,0,1,2,16
,2022-05603,-104.9789964,39.77943422,2/23/2022 7:14,7:14,5,0,0,I-70 & WASHINGTON ST N,5,1,0,0,2,4,0,0,55,0,0,0,0,0,1,3,13
,2022-05604,-104.8470297,39.77400525,2/23/2022 5:30,5:30,15,0,0,I-70 & PEORIA ST N,4,3,1,2,1,4,0,0,55,0,0,0,0,0,1,2,13
,2022-05605,-104.9129732,39.66274037,2/23/2022 7:30,7:30,3,0,0,S MONACO ST & E CORNELL AVE,7,2,0,2,1,1,0,0,35,0,0,0,0,0,4,2,16
,2022-05606,-105.0532498,39.72565601,2/23/2022 14:57,14:57,3,0,1,SHERIDAN BLVD N & HWY 6 EB OFF RAMP,1,1,1,0,1,1,0,0,35,0,0,0,0,1,2,2,3
,2022-05607,-105.0028213,39.74002766,2/23/2022 17:00,17:00,3,0,0,COLFAX AVE W & MARIPOSA ST N,1,2,0,0,1,1,0,0,35,0,0,0,0,0,2,2,3
,2022-05608,-105.0249413,39.711083,2/23/2022 7:00,7:00,12,0,0,ALAMEDA AVE W & FEDERAL BLVD S,4,1,0,2,1,3,0,0,35,0,0,0,0,0,2,2,10
,2022-05609,-104.9684499,39.74000862,2/22/2022 20:50,20:50,3,0,1,COLFAX AVE E & PARK AVE,4,3,0,2,1,1,0,0,30,0,0,0,0,2,2,2,10
,2022-05613,-104.9364083,39.71127266,2/23/2022 8:29,8:29,12,0,1,LEETSDALE DR & ALAMEDA AVE E,9,1,0,2,1,1,0,0,,0,0,0,0,1,2,2,16
,2022-05614,-104.9082109,39.69663871,2/16/2022 20:00,20:00,5,0,0,ONEIDA ST S & MISSISSIPPI AVE E,4,3,0,2,3,1,0,0,25,0,0,0,0,0,4,1,16
,2022-05616,-105.0130799,39.72551487,2/23/2022 2:02,2:02,5,0,0,I-25 & 6TH AVE W,9,3,0,2,2,4,0,0,55,0,0,0,0,0,1,1,13
,2022-05620,-105.0158684,39.76914539,2/22/2022 12:19,12:19,14,0,0,ZUNI ST N & 38TH AVE W,11,1,0,0,1,4,0,0,30,0,0,0,0,0,4,2,13
,2022-05621,-104.938082,39.76217048,2/23/2022 9:50,9:50,12,0,0,N ASH ST & E MLK BLVD,9,1,0,0,1,4,0,0,,0,0,0,0,0,4,2,11
,2022-05622,-104.9139933,39.7462736,2/20/2022 0:31,0:31,8,0,0,LOCUST ST N & 1932 N LOCUST ST,1,3,0,0,1,4,0,0,25,0,0,0,0,0,4,3,16
,2022-05625,-104.9836226,39.72718848,2/19/2022 16:52,16:52,15,0,0,GRANT ST & 7TH AVE E,1,1,0,0,1,4,0,0,25,0,0,0,0,0,4,3,16
,2022-05626,-104.940493,39.78002816,2/23/2022 7:05,7:05,5,0,0,I-70 & COLORADO BLVD N,4,1,1,0,2,4,0,0,55,0,0,0,0,0,1,3,14