id,drcog_id,longitude,latitude,crashtime,time,crashtype,numbkilled,numbinjurd,drcoglocat,rdconditin,lightngcon,roadcntgrd,weatherco,location,roaddescrp,schoolzone,constrzone,splimit,bikeinv,pedinv,sctrinv,motoinv,svrty,rdsystem,ttlvehcls,hcf
,2022-06016,-104.9836228,39.7272846,2/7/2022 15:54,15:54,11,0,1,E 7TH AVE & N GRANT ST,1,1,1,0,1,1,0,0,,0,1,0,0,1,4,1,16
,2022-06020,-105.0484122,39.70179419,2/23/2022 16:14,16:14,6,0,0,S WOLFF ST & W ADA PL,9,1,1,0,1,4,0,0,25,0,0,0,0,1,4,2,16
,2022-06023,-105.0279009,39.77296663,2/24/2022 13:20,13:20,6,0,0,W 41ST AVE & N HOOKER ST,9,1,0,0,1,4,0,0,25,0,0,0,0,0,4,2,2
,2022-06025,-104.9752833,39.73509439,2/25/2022 22:10,22:10,6,0,0,OGDEN ST N & 12TH AVE E,1,3,0,0,1,4,0,0,25,0,0,0,0,0,4,2,16
,2022-06027,-104.8208431,39.77173993,2/24/2022 9:04,9:04,15,0,0,I-70 & I-225,12,1,0,0,1,4,0,0,55,0,0,0,0,0,1,3,16
,2022-06030,-104.9124339,39.74007936,2/26/2022 1:06,1:06,2,0,0,COLFAX AVE E & MONACO ST NB,1,3,0,0,1,1,0,0,0,1,0,0,0,0,2,2,16
,2022-06038,-105.0533804,39.78351369,2/26/2022 7:00,7:00,5,0,0,I-70 & SHERIDAN BLVD N,2,1,0,0,3,4,0,0,55,0,0,0,0,0,1,1,16
,2022-06040,-104.9663525,39.77992496,1/24/2022 0:27,0:27,6,0,2,I-70 & N YORK ST,1,3,0,0,1,4,0,0,55,0,0,0,0,3,1,2,16
,2022-06041,-104.9816801,39.67856931,2/24/2022 14:48,14:48,1,0,0,E EVANS AVE & S PENNSYLVANIA ST,11,1,0,0,1,1,0,0,35,0,0,0,0,1,4,2,16
,2022-06115,-104.9921196,39.68966125,2/27/2022 14:32,14:32,12,0,1,SANTA FE DR S & FLORIDA AVE W,1,1,0,0,1,3,0,0,35,0,0,0,0,1,2,3,13
,2022-06116,-104.9597611,39.74945603,2/26/2022 21:15,21:15,1,0,0,N YORK ST & E 22ND AVE,1,3,0,0,1,1,0,0,30,0,0,0,0,0,4,2,14
,2022-06117,-105.0133596,39.77775779,2/18/2022 23:00,23:00,6,0,0,45TH AVE W & 2231 45TH AVE W,4,2,0,0,3,4,0,0,25,0,0,0,0,0,4,2,14
,2022-06119,-104.9014564,39.65304606,2/15/2022 16:26,16:26,12,0,1,HAMPDEN AVE E & TAMARAC DR S,1,1,0,0,1,3,0,0,,0,0,0,0,1,2,2,16
,2022-06121,-104.9124357,39.7375464,2/27/2022 13:57,13:57,12,0,1,MONACO ST N & E 13TH AVE,1,1,0,0,1,4,0,0,30,0,0,0,0,2,4,3,6
,2022-06123,-104.9934184,39.75365463,2/27/2022 0:16,0:16,15,0,0,MARKET ST & 20TH ST,1,3,0,0,1,1,0,0,25,0,0,0,0,0,4,2,14
,2022-06125,-105.0532905,39.65335611,2/23/2022 20:08,20:08,12,0,1,HAMPDEN AVE W & SHERIDAN BLVD S,11,3,0,2,1,4,0,0,55,0,0,0,0,2,2,2,16
,2022-06128,-104.9835687,39.77941813,2/25/2022 20:45,20:45,5,0,1,GRANT ST N & 46TH AVE E,2,3,0,0,3,1,0,0,25,0,0,0,0,2,4,1,16
,2022-06129,-105.0083108,39.76928753,2/27/2022 2:17,2:17,6,0,1,38TH AVE W & QUIVAS ST N,1,3,1,0,1,4,0,0,35,0,0,0,0,1,4,3,16
,2022-06136,-104.9406184,39.70469656,1/7/2022 17:39,17:39,15,0,0,COLORADO BLVD S & EXPOSITION AVE E,1,3,0,0,1,4,0,0,,0,0,0,0,0,2,2,16
,2022-06138,-104.9656607,39.68623409,2/26/2022 14:15,14:15,12,0,1,I-25 & DOWNING ST S,1,1,0,0,1,4,0,0,55,0,0,0,0,1,1,2,13
,2022-06141,-104.9542052,39.77766556,2/12/2022 2:41,2:41,6,0,0,44TH AVE E & CLAYTON ST N,7,4,0,2,3,4,0,0,25,0,0,0,0,0,4,2,13
,2022-06148,-104.8905205,39.76001325,1/16/2022 17:17,17:17,15,0,0,MLK BLVD E & N CENTRAL PARK BLVD,1,1,0,0,1,1,0,0,25,0,0,0,0,0,4,2,16
,2022-06149,-104.9668961,39.78002533,2/26/2022 11:39,11:39,12,0,0,BRIGHTON BLVD N & I-70 OVERPASS,1,1,0,0,1,4,0,0,,0,0,0,0,0,2,1,16
,2022-06162,-105.0908205,39.62546842,1/10/2022 17:50,17:50,15,0,0,S WADSWORTH BLVD & W BELLEVIEW AVE,1,3,0,0,1,4,0,0,45,0,0,0,0,0,2,2,11
,2022-06163,-105.0251716,39.71123825,2/27/2022 1:30,1:30,12,0,0,FEDERAL BLVD S & ALAMEDA AVE W,1,3,0,0,1,1,0,0,40,0,0,0,0,0,2,2,16
,2022-06177,-104.996208,39.75014479,2/26/2022 15:28,15:28,15,0,0,17TH ST & LARIMER ST,1,1,0,0,1,1,0,0,25,0,0,0,0,0,4,2,8
,2022-06178,-104.8846976,39.73284733,2/27/2022 17:49,17:49,3,0,0,YOSEMITE ST N & E 11TH AVE,1,2,0,0,1,1,0,0,30,0,0,0,0,0,4,2,3
,2022-06179,-104.8849863,39.78235152,2/26/2022 12:45,12:45,8,0,0,YOSEMITE ST N & 1255 N YOSEMITE ST,1,1,0,0,1,4,0,0,10,0,0,0,0,0,4,2,10
,2022-06219,-104.910602,39.76592499,2/19/2022 21:00,21:00,6,0,0,NIAGARA ST N & 35TH AVE E,1,3,0,0,1,4,0,0,25,0,0,0,0,0,4,2,16
,2022-06222,-104.9593733,39.71818815,2/19/2022 23:59,23:59,12,0,2,1ST AVE  & UNIVERSITY BLVD N,1,3,0,0,1,3,0,0,30,0,0,0,0,2,4,3,2
,2022-06233,-104.9787201,39.74485194,2/26/2022 16:17,16:17,2,0,1,18TH AVE E & WASHINGTON ST N,1,1,0,0,1,1,0,0,0,1,0,0,0,2,4,1,16
,2022-06359,-104.9109111,39.71120453,2/25/2022 13:05,13:05,15,0,0,ALAMEDA AVE E & S MAGNOLIA ST,1,1,0,0,1,4,0,0,35,0,0,0,0,0,4,2,13
,2022-06360,-104.9994895,39.74893885,2/27/2022 19:16,19:16,15,0,0,15TH ST & MARKET ST,1,3,0,0,1,1,0,0,25,0,0,0,0,0,4,2,1
,2022-06361,-105.0021775,39.75492296,2/26/2022 9:20,9:20,15,0,0,CHESTNUT PL & 17TH ST,1,1,0,1,1,4,0,0,25,0,0,0,0,0,4,2,13
,2022-06362,-104.9895508,39.78026028,2/28/2022 8:00,8:00,12,0,0,I-25 & I-70,1,1,1,0,1,4,0,0,55,0,0,0,0,0,1,2,3
,2022-06363,-104.986269,39.71476019,2/27/2022 19:56,19:56,11,0,1,LINCOLN ST N & BAYAUD AVE E,1,3,0,0,1,1,0,0,30,0,1,0,0,2,4,1,1
,2022-06368,-104.9734307,39.67851291,2/28/2022 8:34,8:34,1,0,0,EVANS AVE E & S DOWNING ST,1,1,0,0,1,1,0,0,30,0,0,0,0,0,4,2,10
,2022-06371,-105.0572629,39.67542752,2/27/2022 23:14,23:14,6,0,0,WARREN AVE W & S DEPEW ST,1,3,0,0,1,4,0,0,25,0,0,0,0,0,4,2,16
,2022-06373,-105.0090326,39.75781818,2/24/2022 10:15,10:15,12,0,0,I-25 & SPEER BLVD N,1,1,0,0,1,4,0,0,55,0,0,0,0,0,1,2,8
,2022-06374,-104.9498203,39.77315171,2/18/2022 8:59,8:59,15,0,0,STEELE ST N & E 40TH AVE E,1,1,0,1,1,4,0,0,25,0,0,0,0,0,4,2,13
,2022-06375,-104.9593852,39.67302955,1/3/2022 14:11,14:11,1,0,0,S UNIVERSITY BLVD & E WESLEY AVE,2,1,1,0,1,1,0,0,35,0,0,0,0,0,4,2,11
,2022-06377,-105.0042513,39.71771022,2/27/2022 12:59,12:59,12,0,0,I-25 & ALAMEDA AVE W,1,1,0,0,1,4,0,0,55,0,0,0,0,0,1,3,16
,2022-06378,-104.8590119,39.78237334,2/25/2022 6:00,6:00,3,0,0,47TH AVE E & N KINGSTON ST,4,2,0,0,6,1,0,0,30,0,0,0,0,0,4,2,11
,2022-06379,-104.7011345,39.8367655,2/28/2022 16:51,16:51,3,0,0,78TH AVE E & 24530 E 78TH AVE,1,1,0,0,1,2,0,0,,0,0,0,0,0,4,2,16
,2022-06382,-104.7738519,39.77799278,2/25/2022 14:04,14:04,8,0,0,45TH AVE E & N YAMPA ST,9,1,0,0,1,4,0,0,25,0,0,0,0,0,4,2,14
,2022-06385,-105.053134,39.65135301,2/28/2022 11:06,11:06,15,0,0,SHERIDAN BLVD S & HAMPDEN AVE W SERVICE RD,1,1,1,0,1,3,0,0,35,0,0,0,0,0,2,2,10
,2022-06386,-104.9497567,39.78010339,2/28/2022 11:15,11:15,12,0,1,I-70 & STEELE ST N,1,1,0,4,1,4,0,0,55,0,0,0,0,1,1,2,16
,2022-06387,-104.9129561,39.7053713,2/26/2022 7:15,7:15,12,0,0,MONACO ST S & E CENTER AVE,1,1,0,0,1,4,0,0,35,0,0,0,0,1,4,2,1
,2022-06390,-105.0428315,39.73857382,2/25/2022 11:34,11:34,14,0,0,STUART ST N & 14TH AVE W,1,1,0,0,1,4,0,0,,0,0,0,0,0,4,2,16
,2022-06391,-104.9126954,39.76926626,2/25/2022 12:17,12:17,3,0,0,38TH AVE E & N MONACO ST,1,1,0,0,1,1,0,0,25,0,0,0,0,1,4,2,11
,2022-06392,-104.8905205,39.76001325,2/26/2022 23:15,23:15,3,0,0,N CENTRAL PARK BLVD & E MLK BLVD,1,3,0,0,1,1,0,0,35,0,0,0,0,0,4,2,13
,2022-06393,-105.0451483,39.77448628,2/25/2022 15:34,15:34,6,0,0,UTICA ST N & W 43RD AVE,7,1,0,0,1,4,0,0,,0,0,0,0,0,4,2,16
,2022-06396,-105.0131182,39.72551753,2/27/2022 14:00,14:00,12,0,0,I-25 NB OFF RAMP TO  & 6TH AVE W,1,1,0,0,1,8,0,0,35,0,0,0,0,0,1,2,3
,2022-06397,-104.7902367,39.78592292,2/28/2022 7:29,7:29,12,0,0,PENA BLVD & 56TH AVE E,1,1,0,0,1,4,0,0,,0,0,0,0,0,4,3,16
,2022-06399,-104.9595807,39.76074539,2/27/2022 13:55,13:55,11,0,1,31ST AVE E & YORK ST N,1,1,0,0,1,1,0,0,35,0,1,0,0,2,4,1,13
,2022-06400,-104.7718785,39.83344311,2/25/2022 16:45,16:45,15,0,0,TOWER RD N & PENA BLVD ,1,1,1,0,1,3,0,0,40,0,0,0,0,0,4,2,14
,2022-06401,-104.9485856,39.71783382,2/28/2022 18:10,18:10,3,0,0,N ADAMS ST & E 1ST AVE,1,3,0,0,1,1,0,0,25,0,0,0,0,0,4,2,11
,2022-06402,-104.9918482,39.74676755,2/25/2022 10:45,10:45,15,0,0,17TH ST & STOUT ST,1,1,0,0,1,1,0,0,35,0,0,0,0,0,4,2,1
,2022-06405,-104.8810771,39.77696697,2/28/2022 12:00,12:00,12,0,0,I-70 & CENTRAL PARK BLVD N,1,1,0,0,1,4,0,0,55,0,0,0,0,0,1,3,3
,2022-06406,-104.9837203,39.74983388,2/24/2022 19:27,19:27,3,0,0,22ND ST & WELTON ST,4,3,0,0,1,9,0,0,15,0,0,0,0,0,4,2,9
,2022-06407,-104.9212137,39.65311204,2/28/2022 7:59,7:59,12,0,0,HAMPDEN AVE E & IVANHOE ST S,1,1,1,0,1,4,0,0,30,0,0,0,0,0,2,2,11
,2022-06408,-104.9987983,39.74003356,2/27/2022 23:20,23:20,1,0,1,COLFAX AVE W & SPEER BLVD SB,1,3,0,0,1,1,0,0,30,0,0,0,0,1,2,2,13
,2022-06411,-104.9222819,39.70753267,2/28/2022 11:11,11:11,12,0,0,HOLLY ST S & LEETSDALE DR,1,1,1,0,1,1,0,0,30,0,0,0,0,0,2,2,16
,2022-06412,-104.8468943,39.75604665,2/27/2022 21:19,21:19,15,0,0,PEORIA ST N & MLK BLVD E,1,3,0,0,1,4,0,0,35,0,0,0,0,0,4,2,13
,2022-06414,-104.9999707,39.72570797,2/25/2022 12:51,12:51,12,0,1,6TH AVE W & N KALAMATH ST,1,1,0,0,1,4,0,0,35,0,0,0,0,2,4,2,3
,2022-06416,-104.9791539,39.77935673,2/24/2022 18:14,18:14,15,0,2,I-70 & WASHINGTON ST N,5,2,1,0,1,4,0,0,55,0,0,0,0,2,1,2,16
,2022-06420,-104.9047182,39.65305099,2/15/2022 12:00,12:00,15,0,0,HAMPDEN AVE E & POPLAR ST S,1,1,0,0,1,1,0,0,,0,0,0,0,0,2,2,16
,2022-06421,-104.9734437,39.67760366,2/26/2022 12:16,12:16,12,0,0,DOWNING ST S & 2100 BLK S,1,1,0,0,1,4,0,0,30,0,0,0,0,0,4,2,13
,2022-06423,-104.9034597,39.69855731,2/28/2022 18:48,18:48,12,0,0,LEETSDALE DR & QUEBEC ST S,1,3,0,0,1,4,0,0,35,0,0,0,0,0,2,3,13
,2022-06424,-104.9255047,39.66746911,2/28/2022 8:45,8:45,1,0,0,YALE AVE E & HUDSON ST / SERVICE RD,1,1,1,0,1,1,0,0,30,0,0,0,0,0,4,2,11
,2022-06426,-104.9282889,39.65310365,2/26/2022 6:04,6:04,5,0,0,HAMPDEN AVE E & FAIRFAX ST S,1,2,0,0,3,3,0,0,40,0,0,0,0,0,2,1,7
,2022-06443,-104.9986317,39.7305042,2/27/2022 9:33,9:33,3,0,1,9TH AVE W & N SANTA FE DR,1,1,3,0,1,1,0,0,30,0,0,0,0,2,4,2,8
,2022-06524,-104.6726861,39.84979297,2/23/2022 13:00,13:00,12,0,0,PENA BLVD & 8500 BLK N,1,1,3,7,1,4,0,0,15,0,0,0,0,0,2,2,14
,2022-06525,-104.6790069,39.84048097,2/24/2022 9:25,9:25,15,0,0,PENA BLVD & MM 6,2,1,3,0,1,4,0,0,65,0,0,0,0,0,4,2,14
,2022-06526,-104.9350344,39.75194506,2/24/2022 17:18,17:18,8,0,0,N CLERMONT ST & E 50TH AVE,4,1,3,2,1,4,0,0,30,0,0,0,0,1,4,2,13
,2022-06527,-104.7021012,39.8380308,2/23/2022 23:30,23:30,15,0,0,78TH AVE E & 7500 BLK ,7,3,3,2,1,4,0,0,35,0,0,0,0,0,4,2,13
,2022-06528,-104.8937146,39.63547253,2/24/2022 9:28,9:28,15,0,0,I-225 & TAMARAC ST S,5,1,3,2,1,4,0,0,35,0,0,0,0,0,1,2,14
,2022-06529,-105.0346105,39.74972184,2/20/2022 18:37,18:37,6,0,0,LOWELL BLVD N & 22ND AVE W,1,3,3,0,1,4,0,0,25,0,0,0,0,0,4,3,5
,2022-06530,-104.9498908,39.77058225,1/30/2022 16:01,16:01,6,0,0,N STEELE ST & E 38TH AVE,1,1,3,0,1,4,0,0,25,0,0,0,0,0,4,4,14
,2022-06531,-104.9987921,39.67949503,1/16/2022 21:12,21:12,8,0,2,S PLATTE RIVER DR & W JEWELL AVE,1,3,3,0,6,4,0,0,30,0,0,0,0,2,2,2,13
,2022-06532,-105.0237679,39.7338802,2/21/2022 12:10,12:10,16,0,0,10TH AVE W & 2929 W 10TH AVE,1,1,3,0,5,7,0,0,,0,0,0,0,0,3,1,14
,2022-06533,-105.0346051,39.74034113,2/22/2022 10:42,10:42,3,0,1,COLFAX AVE W & LOWELL BLVD N,4,1,3,0,1,1,0,0,25,0,0,0,0,1,2,2,1
,2022-06534,-104.9971408,39.711194,2/28/2022 16:15,16:15,3,0,0,SANTA FE DR S & ALAMEDA AVE W,1,1,0,0,1,1,0,0,30,0,0,0,0,0,2,2,3
,2022-06536,-104.9739119,39.71833382,2/28/2022 16:05,16:05,15,0,0,SPEER BLVD E & CORONA ST N,1,1,0,0,1,1,0,0,30,0,0,0,0,0,4,2,7
,2022-06543,-104.9928582,39.74197904,3/1/2022 9:11,9:11,3,0,0,14TH ST & GLENARM PL,1,1,0,1,1,1,0,0,25,0,0,0,0,0,4,3,13
,2022-06544,-104.9919503,39.75247688,2/19/2022 1:58,1:58,15,0,0,20TH ST & LAWRENCE ST,1,3,0,0,1,4,0,0,30,0,0,0,0,0,4,3,16
,2022-06545,-104.9362255,39.69295864,2/28/2022 10:26,10:26,3,0,0,BIRCH ST S & E LOUISIANA AVE,1,1,1,0,1,1,0,0,25,0,0,0,0,0,4,2,11
,2022-06546,-104.7900395,39.77282906,2/28/2022 8:20,8:20,12,0,0,40TH AVE E & PENA BLVD,1,1,0,0,1,4,0,0,40,0,0,0,0,0,4,2,7
,2022-06550,-105.007746,39.78384404,2/27/2022 17:37,17:37,10,0,0,48TH AVE W & PETERSON CT N,1,2,0,0,1,1,0,0,,0,0,0,0,0,4,2,16
,2022-06553,-105.0020582,39.74867248,2/27/2022 16:15,16:15,3,0,0,BLAKE ST & 14TH ST,1,1,1,0,1,1,0,0,,0,0,0,1,0,4,2,16
,2022-06554,-104.7904699,39.78363776,3/1/2022 7:15,7:15,12,0,0,PENA BLVD & GVR BLVD E,1,1,0,0,1,1,0,0,35,0,0,0,0,0,4,2,11
,2022-06556,-105.0205275,39.75725294,2/28/2022 12:19,12:19,3,0,0,28TH AVE W & CLAY ST N,1,1,1,0,1,1,0,0,25,0,0,0,0,0,4,2,11
,2022-06559,-104.9909924,39.76229621,2/26/2022 17:00,17:00,6,0,0,DENARGO ST & WEWATTA WY,2,3,0,0,3,4,0,0,,0,0,0,0,0,4,2,16
,2022-06561,-104.911939,39.62420857,2/28/2022 17:55,17:55,12,0,0,MONACO ST S & BELLEVIEW AVE E,1,1,0,0,1,1,0,0,25,0,0,0,0,0,2,2,3
,2022-06562,-105.0532679,39.67907674,2/28/2022 14:55,14:55,12,0,0,SHERIDAN BLVD S & EVANS AVE W,1,1,0,0,1,4,0,0,,0,0,0,0,0,2,2,16
,2022-06563,-104.9407892,39.70607071,2/28/2022 18:45,18:45,3,0,0,COLORADO BLVD S & CHERRY CREEK DR SE,1,3,0,0,1,1,0,0,25,0,0,0,0,0,2,2,3
,2022-06564,-104.9327283,39.72923464,2/16/2022 17:36,17:36,12,0,0,E 8TH AVE & N DEXTER ST,9,3,0,2,1,1,0,0,35,0,0,0,0,1,4,2,16
,2022-06567,-104.903689,39.7183643,2/28/2022 11:46,11:46,10,0,0,N QUEBEC ST & E 1ST AVE,1,1,0,0,1,3,0,0,30,0,0,0,0,0,4,2,10
,2022-06569,-104.9406046,39.74670705,3/1/2022 8:56,8:56,12,0,0,COLORADO BLVD N & MONTVIEW BLVD E,1,1,0,0,1,4,0,0,35,0,0,0,0,0,2,2,3
,2022-06571,-104.9222859,39.7112149,2/28/2022 22:40,22:40,3,0,0,ALAMEDA AVE E & S HOLLY ST,1,3,2,0,1,1,0,0,30,0,0,0,0,1,4,2,3
,2022-06572,-105.0252105,39.74333353,2/28/2022 15:26,15:26,1,0,0,FEDERAL BLVD N & 16TH AVE W,1,1,0,0,1,2,0,0,35,0,0,0,0,0,2,3,8
,2022-06574,-104.8753105,39.6711277,3/1/2022 11:24,11:24,6,0,0,DAYTON WY S & E ILIFF AVE,1,1,1,0,1,4,0,0,30,0,0,0,0,0,4,2,16
,2022-06575,-104.9017357,39.78198657,2/28/2022 10:45,10:45,3,0,0,QUEBEC ST & SAND CREEK RD N,1,1,0,0,1,1,0,0,25,0,0,0,0,0,2,2,16
,2022-06577,-104.7905428,39.77612343,3/1/2022 8:11,8:11,12,0,0,PENA BLVD & 40TH AVE E,1,1,0,0,1,4,0,0,65,0,0,0,0,0,4,3,13
,2022-06578,-104.9684478,39.7432381,2/22/2022 12:14,12:14,3,0,0,E 17TH AVE & N FRANKLIN ST,11,1,0,2,1,1,0,0,,0,0,0,0,1,4,2,13
,2022-06580,-104.9574278,39.74018005,3/1/2022 8:15,8:15,11,0,1,COLFAX AVE E & COLUMBINE ST N,1,1,0,0,1,1,0,0,0,0,1,0,0,2,2,1,16
,2022-06581,-104.9899349,39.72904509,3/1/2022 10:17,10:17,12,0,0,N SPEER BLVD & W 8TH AVE,1,1,0,0,1,1,0,0,35,0,0,0,0,0,4,2,3
,2022-06582,-104.8470222,39.7740046,2/28/2022 17:41,17:41,12,0,0,I-70 & PEORIA ST N,1,1,0,0,1,4,0,0,,0,0,0,0,0,1,2,16
,2022-06584,-104.9222661,39.67847173,3/1/2022 13:17,13:17,8,0,0,HOLLY ST S & E EVANS AVE,1,1,0,0,1,1,0,0,30,0,0,0,0,0,4,2,2
,2022-06585,-104.95932,39.71818683,2/28/2022 19:40,19:40,12,0,0,N UNIVERSITY BLVD & E 1ST AVE,1,3,0,0,1,1,0,0,30,0,0,0,0,0,4,2,16
,2022-06586,-104.9873797,39.7448864,3/1/2022 13:15,13:15,3,0,0,18TH AVE E & BROADWAY ST N,1,1,0,0,1,1,0,0,30,0,0,0,0,0,4,2,8
,2022-06597,-104.9848644,39.73843931,3/1/2022 15:10,15:10,11,0,0,14TH AVE E & SHERMAN ST N,1,1,1,0,1,1,0,0,30,0,0,1,0,0,4,2,13
,2022-06598,-104.9034947,39.71128237,2/24/2022 18:35,18:35,1,0,2,ALAMEDA AVE E & QUEBEC ST S,2,3,0,0,1,1,0,0,35,0,0,0,0,3,4,3,16
,2022-06599,-105.0250306,39.72512887,3/1/2022 7:15,7:15,15,0,0,FEDERAL BLVD N & HWY 6 EB OFF RAMP,1,1,0,0,1,1,0,0,35,0,0,0,0,0,2,2,1
,2022-06600,-104.9828238,39.71396524,2/28/2022 20:48,20:48,6,0,0,LOGAN ST S & MAPLE AVE E,1,3,0,0,1,3,0,0,25,0,0,0,0,0,4,2,16
,2022-06602,-105.0030239,39.73209963,3/1/2022 5:40,5:40,6,0,0,10TH AVE W & N MARIPOSA ST,4,3,0,0,1,4,0,0,25,0,0,0,0,0,4,2,10
,2022-06603,-104.8904937,39.76309627,3/1/2022 13:10,13:10,12,0,0,N CENTRAL PARK BLVD & E 33RD AVE,1,1,0,0,1,4,0,0,35,0,0,0,0,0,4,2,13
,2022-06604,-104.7679302,39.83394626,3/1/2022 6:42,6:42,12,0,0,PENA BLVD & 75TH AVE E,1,1,0,0,1,4,0,0,65,0,0,0,0,0,4,2,7
,2022-06605,-104.9634725,39.73918356,2/28/2022 14:54,14:54,10,0,0,RACE ST N & 1400 BLK N,1,1,0,0,1,1,0,0,25,0,0,0,0,0,4,2,11
,2022-06606,-104.9413493,39.71157117,2/28/2022 12:00,12:00,15,0,0,N HARRISON ST & E ALAMEDA AVE,1,1,0,0,1,1,0,0,25,0,0,0,0,0,4,2,1
,2022-06607,-105.0250542,39.72025458,3/1/2022 10:30,10:30,12,0,0,FEDERAL BLVD N & 2ND AVE W,1,1,0,0,1,3,0,0,35,0,0,0,0,0,2,2,3
,2022-06608,-104.9405325,39.75648272,3/1/2022 15:48,15:48,3,0,0,COLORADO BLVD N & 28TH AVE E,1,1,0,0,1,1,0,0,35,0,0,0,0,0,2,2,14
,2022-06610,-104.9754889,39.77301106,3/1/2022 7:20,7:20,15,0,0,38TH ST & BRIGHTON BLVD,1,1,0,0,1,1,0,0,30,0,0,0,0,0,4,2,11
,2022-06612,-105.0252313,39.76925953,3/1/2022 9:38,9:38,1,0,1,FEDERAL BLVD N & 38TH AVE W,1,1,0,0,1,1,0,0,35,0,0,0,0,2,2,2,16
,2022-06615,-104.809849,39.78034555,3/1/2022 8:10,8:10,10,0,0,CHAMBERS RD N & E BOLLING DR,1,1,0,0,1,1,0,0,35,0,0,0,0,0,4,2,1
,2022-06616,-104.9967957,39.70642408,2/19/2022 7:08,7:08,6,0,2,I-25 SB ON RAMP FROM & KALAMATH ST S,1,1,1,0,1,8,0,0,45,0,0,0,0,1,1,2,11
,2022-06617,-104.8849236,39.65305565,2/28/2022 16:21,16:21,12,0,1,HAMPDEN AVE E & YOSEMITE ST S,1,1,1,0,1,2,0,0,45,0,0,0,0,1,2,2,13
,2022-06630,-104.9066742,39.63874849,2/28/2022 14:38,14:38,2,0,1,QUINCY AVE E & OLIVE ST S,1,1,1,0,1,1,0,0,0,1,0,0,0,2,4,1,16
,2022-06717,-105.0138391,39.73837979,2/7/2022 1:41,1:41,5,0,0,I-25 NB OFF RAMP & AURARIA PKWY ON RAMP,1,3,3,0,6,4,0,0,55,0,0,0,0,0,1,1,1
,2022-06718,-105.0139795,39.74044272,2/26/2022 13:37,13:37,12,0,0,I-25 & COLFAX AVE W,1,1,3,0,1,4,0,0,55,0,0,0,0,0,1,2,13
,2022-06719,-105.016104,39.74348421,2/26/2022 0:20,0:20,12,0,0,I-25 & 17TH AVE W,1,3,3,0,1,4,0,0,55,0,0,0,0,0,1,2,13
,2022-06720,-105.0491803,39.72029113,2/25/2022 10:52,10:52,3,0,0,XAVIER ST N & 2ND AVE W,4,1,1,0,1,1,0,0,,0,0,0,0,0,4,2,16
,2022-06721,-104.9968565,39.69006995,1/29/2022 3:17,3:17,15,0,0,PLATTE RIVER DR S & MISSISSIPPI AVE W,1,3,0,0,1,4,0,0,45,0,0,0,0,0,2,2,14
,2022-06722,-104.9740625,39.72195414,3/1/2022 14:52,14:52,15,0,0,CORONA ST N & 4TH AVE E,1,1,0,0,1,1,0,0,30,0,0,0,0,0,4,2,11
,2022-06724,-104.9734405,39.74324899,3/2/2022 11:25,11:25,15,0,0,17TH AVE E & N DOWNING ST,1,1,0,0,1,3,0,0,30,0,0,0,0,0,4,2,16
,2022-06725,-104.9926754,39.6902145,3/2/2022 10:08,10:08,12,0,1,SANTA FE DR S & FLORIDA AVE W,1,1,0,0,1,4,0,0,45,0,0,0,0,1,2,2,7
,2022-06729,-104.9222859,39.7112149,3/1/2022 17:00,17:00,12,0,0,ALAMEDA AVE E & S HOLLY ST,1,1,0,0,1,1,0,0,30,0,0,0,0,0,4,2,3
,2022-06730,-104.9222895,39.75328766,3/2/2022 9:00,9:00,6,0,0,HOLLY ST N & E 25TH AVE,1,1,0,0,1,4,0,0,35,0,0,0,0,0,4,2,16
,2022-06733,-104.9309389,39.67664878,2/26/2022 11:52,11:52,10,0,0,WARREN AVE E & DAHLIA ST E,1,1,0,0,1,4,0,0,25,0,0,0,0,0,4,2,13
,2022-06734,-105.0251008,39.79111414,3/2/2022 15:35,15:35,15,0,1,FEDERAL BLVD N & 52ND AVE W,1,1,0,0,1,1,0,0,35,0,0,0,0,1,2,2,16
,2022-06735,-104.9124382,39.72927898,3/2/2022 13:50,13:50,12,0,0,MONACO ST N & E 8TH AVE,1,1,0,0,1,3,0,0,35,0,0,0,0,1,4,2,3
,2022-06737,-104.9269731,39.70815614,2/28/2022 16:34,16:34,1,0,0,LEETSDALE DR & FOREST ST S,1,1,0,0,1,1,0,0,35,0,0,0,0,0,2,2,7
,2022-06740,-104.9405461,39.68932218,2/15/2022 17:15,17:15,15,0,0,COLORADO BLVD S & FLORIDA AVE E,1,1,0,0,1,1,0,0,,0,0,0,0,0,2,2,16
,2022-06741,-105.0520792,39.76919369,2/22/2022 10:14,10:14,15,0,0,38TH AVE W & 5100 BLK W,4,1,0,2,1,4,0,0,30,0,0,0,0,0,4,2,13
,2022-06742,-104.941822,39.68568581,3/1/2022 18:40,18:40,3,0,0,HARRISON ST S & MEXICO AVE E,1,1,0,0,1,1,0,0,25,0,0,0,0,0,4,2,3
,2022-06743,-104.9548743,39.76196659,2/28/2022 16:40,16:40,3,0,0,CLAYTON ST N & 4530 N CLAYTON ST,1,1,0,7,1,9,0,0,25,0,0,0,0,0,4,2,16
,2022-06745,-104.8999958,39.65751666,2/8/2022 18:54,18:54,3,0,0,S TAMARAC DR & E EASTMAN AVE,1,3,1,0,1,1,0,0,25,0,0,0,0,1,4,2,16