id,drcog_id,longitude,latitude,crashtime,time,crashtype,numbkilled,numbinjurd,drcoglocat,rdconditin,lightngcon,roadcntgrd,weatherco,location,roaddescrp,schoolzone,constrzone,splimit,bikeinv,pedinv,sctrinv,motoinv,svrty,rdsystem,ttlvehcls,hcf
,2022-06746,-104.8897675,39.62411964,3/1/2022 11:16,11:16,1,0,1,BELLEVIEW AVE E & DTC BLVD,1,1,0,0,1,1,0,0,40,0,0,0,0,1,4,2,13
,2022-06747,-105.0250605,39.68949117,2/15/2022 14:23,14:23,12,0,0,FEDERAL BLVD S & FLORIDA AVE W,1,1,0,0,1,3,0,0,40,0,0,0,0,0,2,2,16
,2022-06750,-105.0241374,39.76320987,3/1/2022 15:50,15:50,6,0,0,33RD AVE W & ELIOT ST,1,1,0,0,1,4,0,0,25,0,0,0,0,1,4,3,1
,2022-06751,-105.0518748,39.69648216,2/28/2022 16:28,16:28,6,0,0,ZENOBIA ST S & MISSISSIPPI AVE W,1,1,1,0,1,4,0,0,,0,0,0,0,0,4,2,16
,2022-06753,-104.9851402,39.70571085,3/1/2022 17:03,17:03,3,0,0,S SHERMAN ST & E CENTER AVE,1,1,0,0,1,1,0,0,25,0,0,0,0,1,4,2,13
,2022-06754,-104.9406095,39.74248944,3/2/2022 9:51,9:51,12,0,2,COLORADO BLVD N & 16TH AVE E,1,1,0,0,1,3,0,0,35,0,0,0,0,1,2,4,11
,2022-06755,-104.9875746,39.71117159,2/25/2022 14:56,14:56,10,0,1,BROADWAY ST S & ALAMEDA AVE E,1,1,0,0,1,1,0,0,30,0,0,0,0,1,4,2,13
,2022-06756,-104.9590272,39.72911397,3/1/2022 10:45,10:45,12,0,0,8TH AVE E & JOSEPHINE ST N,1,1,0,0,1,1,0,0,,0,0,0,0,0,4,2,16
,2022-06760,-104.9874968,39.68967466,1/29/2022 1:44,1:44,15,0,0,S BROADWAY & W FLORIDA AVE,1,3,0,0,1,4,0,0,55,0,0,0,0,0,4,2,16
,2022-06761,-104.982314,39.73816171,2/27/2022 7:00,7:00,6,0,0,LOGAN ST N & E 14TH AVE,1,2,0,0,1,4,0,0,25,0,0,0,0,0,4,2,16
,2022-06762,-104.9827953,39.70751074,3/1/2022 15:50,15:50,12,0,0,LOGAN ST S & E VIRGINIA AVE,1,1,0,0,1,1,0,0,30,0,0,0,0,0,4,2,1
,2022-06763,-104.8657424,39.77582352,3/1/2022 6:55,6:55,15,0,0,I-70 & HAVANA ST N,1,1,0,0,1,4,0,0,55,0,0,0,0,0,1,2,11
,2022-06764,-104.9948108,39.76838483,2/26/2022 10:29,10:29,15,0,0,I-25 SB EXIT GORE PT TO  & PARK AVE W,1,1,0,0,1,11,0,0,55,0,0,0,0,0,1,2,16
,2022-06765,-105.0014698,39.74877047,3/2/2022 0:57,0:57,6,0,0,BLAKE ST & 14TH ST,1,3,0,0,1,4,0,0,30,0,0,0,0,0,4,3,14
,2022-06767,-104.8955712,39.71702315,3/1/2022 16:16,16:16,15,0,0,FAIRMOUNT DR E & LOWRY BLVD E,1,1,0,0,1,6,0,0,20,0,0,0,0,0,4,2,13
,2022-06769,-104.8470302,39.77419185,3/2/2022 7:05,7:05,12,0,0,I-70 WB OFF RAMP TO & PEORIA ST N,1,1,0,0,1,8,0,0,45,0,0,0,0,0,1,2,7
,2022-06770,-104.9647558,39.74322445,3/2/2022 10:12,10:12,3,0,0,17TH AVE E & HIGH ST N,1,1,0,0,1,1,0,0,25,0,0,0,0,0,4,2,16
,2022-06771,-104.90968,39.71119989,3/1/2022 17:26,17:26,12,0,0,ALAMEDA AVE E & 6700 BLK E,1,3,0,0,1,4,0,0,45,0,0,0,0,0,4,3,13
,2022-06772,-104.8841392,39.72390023,3/1/2022 17:30,17:30,15,0,0,YOSEMITE ST N & E LOWRY BLVD,1,1,0,0,1,1,0,0,25,0,0,0,0,0,4,2,8
,2022-06780,-104.9034903,39.68022474,3/1/2022 12:47,12:47,5,0,0,QUEBEC ST S & WARREN AVE E,1,1,0,0,2,4,0,0,35,0,0,0,0,0,4,1,3
,2022-06781,-105.0064252,39.78313348,3/1/2022 9:15,9:15,15,0,0,I-70 & PECOS ST N,1,1,0,0,1,4,0,0,55,0,0,0,0,0,1,2,11
,2022-06783,-104.9878185,39.76338853,2/27/2022 21:40,21:40,11,0,1,28TH ST & BROADWAY ST N,1,3,0,0,1,1,0,0,30,0,0,1,0,3,4,1,13
,2022-06784,-104.7611406,39.78372351,3/1/2022 16:43,16:43,12,0,0,FLANDERS WY N & E GVR BLVD,1,1,0,0,1,1,0,0,25,0,0,0,0,0,4,2,13
,2022-06785,-105.0215539,39.69673926,2/22/2022 20:29,20:29,5,0,0,MISSISSIPPI AVE W & DALE CT S,4,3,0,2,2,1,0,0,25,0,0,0,0,0,4,1,14
,2022-06786,-104.9718536,39.73840425,3/2/2022 12:34,12:34,3,0,0,14TH AVE E & N MARION ST,1,1,0,0,1,1,0,0,25,0,0,0,0,0,4,2,16
,2022-06789,-104.980846,39.76067882,3/2/2022 8:15,8:15,3,0,0,LAWRENCE ST & 29TH ST,1,1,0,0,1,1,0,0,30,0,0,0,0,0,4,2,11
,2022-06790,-104.9861527,39.72906707,3/2/2022 7:13,7:13,3,0,0,8TH AVE E & N LINCOLN ST,1,1,0,1,1,1,0,0,30,0,0,0,0,0,4,2,16
,2022-06791,-104.9734138,39.69319675,3/2/2022 8:51,8:51,12,0,0,S DOWNING ST & E LOUISIANA AVE,1,1,0,0,1,3,0,0,30,0,0,0,0,1,4,3,3
,2022-06792,-105.0238584,39.70550465,2/6/2022 2:04,2:04,11,1,0,ELIOT ST (600 BLK S) & W CENTER AVE,1,3,1,0,1,4,0,0,,0,1,0,0,4,4,1,16
,2022-06793,-104.9791463,39.7797555,3/1/2022 7:20,7:20,12,0,0,I-70 & WASHINGTON ST N,1,1,0,0,1,4,0,0,40,0,0,0,0,0,1,2,1
,2022-06794,-104.9670454,39.77989217,3/1/2022 21:38,21:38,15,0,1,I-70 & BRIGHTON BLVD,14,3,3,0,1,4,0,0,55,0,0,0,0,1,1,2,13
,2022-06898,-105.0468396,39.76392618,2/26/2022 19:46,19:46,6,0,0,33RD AVE W & N VRAIN ST,7,3,3,0,1,1,0,0,25,0,0,0,0,0,4,3,14
,2022-06899,-104.9570089,39.78353118,2/28/2022 18:28,18:28,6,0,0,COLUMBINE ST N & 4785 N COLUMBINE ST,1,4,3,0,1,3,0,0,25,0,0,0,0,0,4,4,1
,2022-06900,-105.0324787,39.72454048,2/19/2022 22:10,22:10,6,0,0,KNOX CT N & 5TH AVE W,1,3,3,0,3,4,0,0,30,0,0,0,0,0,4,2,1
,2022-06901,-104.9338287,39.67868209,2/28/2022 14:45,14:45,15,0,0,I-25 & EVANS AVE E,1,1,3,0,1,4,0,0,60,0,0,0,0,0,1,3,7
,2022-06902,-105.0303883,39.76212639,1/13/2022 0:15,0:15,12,0,0,32ND AVE W & N IRVING ST,1,3,3,0,1,4,0,0,25,0,0,0,0,0,4,2,1
,2022-06904,-104.9533805,39.78017746,1/14/2022 23:07,23:07,15,0,0,I-70 & N BRIGHTON BLVD,1,3,0,0,1,4,0,0,55,0,0,0,0,0,1,2,16
,2022-06907,-104.998575,39.71834883,3/3/2022 6:56,6:56,15,0,1,SANTA FE DR N & 1ST AVE W,1,1,0,0,1,3,0,0,35,0,0,0,0,1,4,2,11
,2022-06908,-104.9757517,39.67852686,3/2/2022 12:55,12:55,15,0,0,EVANS AVE E & S OGDEN ST,1,1,0,0,1,1,0,0,35,0,0,0,0,0,4,2,3
,2022-06909,-105.0047562,39.76115807,3/1/2022 15:33,15:33,12,0,0,I-25 & 20TH ST,1,1,0,0,1,4,0,0,55,0,0,0,0,0,1,3,10
,2022-06912,-104.7799957,39.8298898,2/10/2022 5:23,5:23,5,0,0,PENA BLVD & TOWER RD,9,3,0,2,2,4,0,0,65,0,0,0,0,0,4,1,14
,2022-06913,-105.0001815,39.71658568,3/2/2022 18:20,18:20,6,0,0,ELLSWORTH AVE E & KALAMATH ST N,1,1,0,0,1,1,0,0,,0,0,0,0,0,4,2,16
,2022-06914,-105.0141494,39.74044681,3/3/2022 11:16,11:16,12,0,1,COLFAX AVE W & I-25 SB OFF RAMP,1,1,0,0,1,1,0,0,40,0,0,0,0,1,2,2,13
,2022-06916,-104.9597882,39.76199177,3/3/2022 7:45,7:45,12,0,0,E MLK BLVD & N YORK ST,1,1,1,0,1,3,0,0,35,0,0,0,0,1,4,2,14
,2022-06920,-105.0165222,39.7513218,3/1/2022 15:11,15:11,12,0,0,I-25 & 23RD AVE W,1,1,0,0,1,4,0,0,55,0,0,0,0,0,1,2,13
,2022-06922,-104.9034061,39.7772307,3/2/2022 14:29,14:29,3,0,0,QUEBEC ST & I-70 EB RAMPS,1,1,0,0,1,1,0,0,40,0,0,0,0,0,4,4,13
,2022-06926,-104.8844453,39.79832315,3/3/2022 16:16,16:16,1,0,1,CENTRAL PARK BLVD N & 56TH AVE E,1,1,0,0,1,1,0,0,35,0,0,0,0,1,4,2,16
,2022-06948,-105.0252189,39.76202227,3/4/2022 15:11,15:11,12,0,0,FEDERAL BLVD N & 32ND AVE W,1,1,0,0,1,1,0,0,35,0,0,0,0,0,2,2,13
,2022-06949,-104.9455981,39.71149319,3/4/2022 1:29,1:29,15,0,0,CHERRY CREEK DR NE & 3300 BLK E,1,3,0,0,1,4,0,0,30,0,0,0,0,0,4,2,16
,2022-06950,-104.9323273,39.67846219,2/19/2022 19:15,19:15,12,0,0,EVANS AVE E & DHALIA ST S,1,1,0,0,1,4,0,0,,0,0,0,0,0,4,2,16
,2022-06953,-104.9222723,39.67573948,3/2/2022 13:12,13:12,6,0,1,HOLLY ST S & ILIFF AVE E,1,1,0,0,1,4,0,0,30,0,0,0,0,2,4,3,10
,2022-06954,-104.8470302,39.77419185,3/1/2022 7:10,7:10,12,0,0,I-70 & PEORIA ST N,1,1,0,0,1,4,0,0,55,0,0,0,0,0,1,2,10
,2022-06955,-105.0102046,39.75716768,3/2/2022 21:00,21:00,15,0,0,I-25 & 15TH ST,1,3,0,0,1,4,0,0,55,0,0,0,0,0,1,3,10
,2022-06956,-104.9337605,39.67845081,3/3/2022 8:48,8:48,1,0,0,EVANS AVE E & I-25 NB ON RAMP,1,1,0,0,1,1,0,0,35,0,0,0,0,0,4,2,16
,2022-06957,-105.0102709,39.72273268,3/1/2022 10:43,10:43,12,0,1,I-25 & 6TH AVE W,1,1,1,0,1,4,0,0,55,0,0,0,1,3,1,2,16
,2022-06960,-104.9839707,39.77953306,3/3/2022 7:50,7:50,15,0,0,I-70 EB DISTRIBUTOR RAMP TO & WASHINGTON ST,1,1,1,0,1,8,0,0,45,0,0,0,0,0,1,2,3
,2022-06962,-104.9585968,39.73674383,3/3/2022 11:25,11:25,15,0,0,N JOSEPHINE ST & E 13TH AVE,1,1,1,0,1,4,0,0,30,0,0,0,0,1,4,2,13
,2022-06963,-104.840418,39.78276113,3/4/2022 12:55,12:55,5,0,0,N TULSA CT & E ELK PL,1,1,0,0,2,4,0,0,25,0,0,0,0,1,4,1,13
,2022-06964,-104.954614,39.7180343,3/1/2022 17:17,17:17,1,0,0,1ST AVE E & N DETROIT ST,1,1,0,0,1,1,0,0,30,0,0,0,0,0,4,2,11
,2022-06965,-104.9257861,39.74020266,3/2/2022 19:14,19:14,3,0,0,COLFAX AVE E & GLENCOE ST N,1,3,0,0,1,1,0,0,35,0,0,0,0,0,2,2,16
,2022-06967,-105.0167809,39.75128884,3/1/2022 6:48,6:48,12,0,0,I-25 & 23RD AVE W,1,1,0,0,1,4,0,0,55,0,0,0,0,0,1,4,3
,2022-06972,-104.9034255,39.7766179,3/4/2022 15:24,15:24,12,0,0,QUEBEC ST & MM 8.44,1,1,0,0,1,4,0,0,25,0,0,0,0,0,4,3,13
,2022-06981,-104.8997682,39.7112051,3/2/2022 23:09,23:09,5,0,1,ALAMEDA AVE E & QUEBEC ST S,1,3,0,0,2,4,0,0,40,0,0,0,0,3,4,1,16
,2022-06982,-104.9034358,39.79355015,3/2/2022 20:42,20:42,1,0,1,QUEBEC ST N & 53RD PL E,1,3,0,0,1,2,0,0,40,0,0,0,0,1,2,2,13
,2022-06983,-104.9150593,39.73966471,2/22/2022 17:10,17:10,6,0,0,LEYDEN ST N & COLFAX AVE E,1,1,0,0,1,4,0,0,35,0,0,0,0,0,4,2,16
,2022-06984,-104.9234661,39.70756367,3/3/2022 15:48,15:48,3,0,0,LEETSDALE DR & HUDSON ST S,1,1,0,0,1,1,0,0,25,0,0,0,0,0,2,2,13
,2022-06985,-104.987543,39.71299089,3/3/2022 14:21,14:21,3,0,1,BROADWAY ST S & E CEDAR AVE,1,1,0,0,1,1,0,0,30,0,0,0,0,2,4,2,7
,2022-06986,-104.927201,39.70515094,3/2/2022 16:50,16:50,3,0,0,CENTER AVE E & S FOREST ST,1,1,0,0,1,1,0,0,25,0,0,0,0,0,4,2,3
,2022-06987,-104.944202,39.77510763,3/1/2022 15:30,15:30,6,0,0,42ND AVE E & N GARFIELD ST,14,5,0,0,1,3,0,0,30,0,0,0,0,0,4,2,1
,2022-06988,-104.987543,39.71299089,3/2/2022 15:10,15:10,3,0,0,BROADWAY ST S & E CEDAR AVE,1,1,0,0,1,1,0,0,30,0,0,0,0,0,4,2,3
,2022-06991,-104.9902442,39.73653677,3/2/2022 12:35,12:35,6,0,0,BANNOCK ST N & W 13TH AVE,1,1,0,0,1,4,0,0,30,0,0,0,0,0,4,2,13
,2022-06992,-105.0064252,39.78313348,3/3/2022 6:23,6:23,3,0,0,PECOS ST N & I-70 WB OFF RAMP,1,1,0,0,1,6,0,0,35,0,0,0,0,0,1,2,11
,2022-06993,-104.9875841,39.67131539,3/2/2022 17:09,17:09,1,0,1,BROADWAY ST S & E HARVARD AVE,1,1,0,0,1,1,0,0,35,0,0,0,1,3,4,2,11
,2022-06995,-104.7819646,39.82825656,3/3/2022 7:26,7:26,15,0,0,PENA BLVD & 7200 BLK ,1,1,0,0,1,4,0,0,65,0,0,0,0,0,4,2,13
,2022-06997,-104.9744333,39.68033642,3/3/2022 15:26,15:26,15,0,0,ASBURY AVE E & CORONA ST S,1,1,0,0,1,4,0,0,25,0,0,0,0,0,4,2,13
,2022-07000,-104.9987853,39.74143901,3/4/2022 16:47,16:47,11,0,0,STOUT ST & SPEER BLVD N,1,1,0,0,1,1,0,0,0,0,0,1,0,0,4,2,16
,2022-07001,-104.9786812,39.73202724,3/4/2022 15:45,15:45,3,0,1,10TH AVE E & N WASHINGTON ST,1,1,0,0,1,1,0,0,30,0,0,0,0,2,4,2,13
,2022-07002,-104.9646083,39.73505489,2/27/2022 7:49,7:49,6,0,0,N HIGH ST & E 12TH AVE,1,2,0,0,1,3,0,0,10,0,0,0,0,0,4,2,14
,2022-07004,-104.9997779,39.7289198,3/2/2022 16:48,16:48,15,0,0,8TH AVE W & N KALAMATH ST,1,1,0,0,1,4,0,0,30,0,0,0,0,0,4,2,11
,2022-07005,-105.0154043,39.73105331,3/2/2022 16:52,16:52,12,0,0,I-25 & 8TH AVE W,1,1,1,0,1,4,0,0,55,0,0,0,0,0,1,2,3
,2022-07006,-104.9875828,39.66829891,3/2/2022 13:45,13:45,12,0,0,BROADWAY ST S & E YALE AVE,1,1,0,0,1,1,0,0,30,0,0,0,0,0,4,2,3
,2022-07008,-105.0132198,39.72567281,3/2/2022 14:11,14:11,12,0,0,I-25 & 6TH AVE W,1,1,0,0,1,4,0,0,,0,0,0,0,0,1,3,16
,2022-07010,-105.0251716,39.71123825,3/4/2022 9:56,9:56,15,0,0,FEDERAL BLVD S & ALAMEDA AVE W,1,1,0,0,1,1,0,0,35,0,0,0,0,0,2,2,13
,2022-07012,-104.931613,39.67864575,3/3/2022 14:30,14:30,6,0,0,DAHLIA ST S & EVANS AVE E,1,1,0,0,1,2,0,0,25,0,0,0,0,0,4,2,3
,2022-07013,-104.8977375,39.69642794,3/4/2022 10:44,10:44,15,0,0,PARKER RD S & MISSISSIPPI AVE E,1,1,0,0,1,4,0,0,35,0,0,0,0,0,2,2,11
,2022-07015,-104.7721171,39.7983921,3/4/2022 6:55,6:55,1,0,1,TOWER RD N & 56TH AVE E,1,1,0,0,1,1,0,0,45,0,0,0,0,3,4,2,11
,2022-07016,-105.0158354,39.75630377,3/3/2022 15:15,15:15,10,0,0,ZUNI ST N & N SPEER BLVD,1,1,1,0,1,1,0,0,30,0,0,0,0,0,4,2,13
,2022-07017,-104.9222681,39.67811196,3/4/2022 7:35,7:35,3,0,1,HOLLY ST S & EVANS AVE E,1,1,0,0,1,2,0,0,30,0,0,0,0,1,4,2,11
,2022-07021,-104.86579,39.76809188,3/2/2022 13:05,13:05,12,0,0,N HAVANA ST & E SMITH RD,1,1,0,0,1,3,0,0,40,0,0,0,0,0,4,2,11
,2022-07024,-104.7648974,39.78372349,3/4/2022 1:55,1:55,15,0,0,GVR BLVD E & ARGONNE ST N,1,3,0,0,1,4,0,0,40,0,0,0,0,0,4,2,13
,2022-07025,-105.0532099,39.74032371,3/4/2022 14:58,14:58,15,0,0,COLFAX AVE W & SHERIDAN BLVD N,1,1,0,0,1,1,0,0,30,0,0,0,0,0,2,2,13
,2022-07026,-104.959261,39.71111793,3/4/2022 15:15,15:15,1,0,0,ALAMEDA AVE E & UNIVERSITY BLVD S,1,1,1,0,1,1,0,0,30,0,0,0,0,0,4,2,13
,2022-07030,-104.8827892,39.77711852,3/3/2022 14:58,14:58,12,0,0,I-70 & CENTRAL PARK BLVD,1,1,0,0,1,4,0,0,55,0,0,0,0,0,1,3,13
,2022-07033,-105.0251796,39.78438167,3/4/2022 8:58,8:58,3,0,0,FEDERAL BLVD N & I-70 WB OFF RAMP,1,1,0,0,1,1,0,0,35,0,0,0,0,0,2,2,13
,2022-07036,-104.8959921,39.71734883,3/3/2022 11:31,11:31,10,0,0,LOWRY BLVD E & RAMPART WY N,1,1,0,0,1,6,0,0,15,0,0,0,0,0,4,2,8
,2022-07038,-105.0113904,39.74361066,2/10/2022 0:23,0:23,12,0,0,5TH ST & WALNUT ST,1,4,0,0,1,3,0,0,25,0,0,0,0,0,4,2,1
,2022-07040,-105.0250605,39.68949117,2/10/2022 7:48,7:48,3,0,0,S FEDERAL BLVD & W FLORIDA AVE,1,1,0,1,1,1,0,0,40,0,0,0,0,0,2,2,11
,2022-07043,-105.011152,39.77774427,3/2/2022 23:24,23:24,12,0,0,45TH AVE W & TEJON ST N,1,3,0,0,1,1,0,0,35,0,0,0,0,0,4,2,16
,2022-07044,-105.0131182,39.72551753,3/5/2022 14:06,14:06,12,0,0,I-25 NB OFF RAMP TO  & 6TH AVE W,1,1,0,0,1,8,0,0,55,0,0,0,0,0,1,4,16
,2022-07045,-105.0353274,39.77674394,3/5/2022 16:00,16:00,10,0,0,44TH AVE W & N LOWELL BLVD,1,1,0,0,1,2,0,0,30,0,0,0,0,1,4,2,13
,2022-07046,-104.9593852,39.67302955,3/5/2022 12:15,12:15,1,0,2,UNIVERSITY BLVD S & WESLEY AVE E,1,1,0,0,1,1,0,0,35,0,0,0,0,1,4,2,11
,2022-07048,-104.9393059,39.76563314,1/30/2022 2:24,2:24,6,0,0,E 35TH AVE & ALBION ST N,4,4,0,0,1,4,0,0,30,0,0,0,0,0,4,2,14
,2022-07049,-105.0043198,39.76094363,2/25/2022 20:31,20:31,15,0,0,I-25 & 20TH ST,1,3,0,0,1,4,0,0,55,0,0,0,0,0,1,2,1
,2022-07051,-104.7863417,39.7983849,3/4/2022 20:55,20:55,12,0,0,56TH AVE E & PENA BLVD N,1,3,0,0,1,1,0,0,40,0,0,0,0,0,4,2,16
,2022-07052,-104.8398959,39.78389777,3/5/2022 15:13,15:13,6,0,0,ELGIN PL E & TULSA CT N,1,1,1,0,3,4,0,0,20,0,0,0,0,0,4,2,3
,2022-07054,-104.9787218,39.73715879,2/18/2022 10:11,10:11,15,0,0,WASHINGTON ST N & 13TH AVE E,1,1,0,0,1,4,0,0,30,0,0,0,0,0,4,2,13
,2022-07055,-105.0393185,39.74033742,2/7/2022 16:57,16:57,3,0,0,W COLFAX AVE & N PERRY ST,1,1,0,0,1,1,0,0,30,0,0,0,0,0,2,2,9
,2022-07056,-105.0041378,39.76928846,3/4/2022 18:55,18:55,12,0,1,38TH AVE W & N NAVAJO ST,1,2,0,0,1,1,0,0,35,0,0,0,0,2,4,2,8
,2022-07057,-104.9594472,39.68472353,2/3/2022 21:27,21:27,15,0,1,I-25 SB OFF RAMP & S UNIVERSITY BLVD SB RAMP ON,4,3,1,0,1,8,0,0,35,0,0,0,0,2,2,3,14
,2022-07058,-105.0203657,39.71113018,2/17/2022 17:57,17:57,3,0,1,CLAY ST S & ALAMEDA AVE W,7,2,0,0,1,1,0,0,35,0,0,0,0,2,2,2,16
,2022-07060,-105.0141494,39.74044681,2/26/2022 17:09,17:09,15,0,0,I-25 & COLFAX AVE W,1,1,0,0,1,4,0,0,55,0,0,0,0,0,1,2,11
,2022-07061,-104.9884786,39.72564749,3/4/2022 18:45,18:45,12,0,0,6TH AVE W & N ACOMA ST,1,3,0,0,1,4,0,0,30,0,0,0,0,0,4,3,13
,2022-07063,-104.8659728,39.70570236,1/14/2022 9:48,9:48,3,0,2,S HAVANA ST & S GALENA WAY,1,1,0,0,1,1,0,0,40,0,0,0,0,3,2,3,1
,2022-07064,-104.8354076,39.79810589,3/3/2022 13:20,13:20,1,0,0,56TH AVE E & N UVALDA ST,1,1,0,0,1,1,0,0,40,0,0,0,0,0,4,2,7
,2022-07066,-105.0150801,39.730053,3/4/2022 23:44,23:44,15,0,1,I-25 SB & 8TH AVE W,1,3,1,0,1,4,0,0,,0,0,0,0,2,1,2,16
,2022-07067,-104.6929518,39.83240404,3/3/2022 12:14,12:14,12,0,0,JACKSON GAP ST N & 7500 BLK N,1,1,0,0,1,3,0,0,35,0,0,0,0,0,4,2,14
,2022-07071,-104.9873897,39.75051071,2/12/2022 18:40,18:40,11,0,1,BROADWAY ST N & STOUT ST,1,4,0,0,1,4,0,0,0,0,1,0,0,3,4,1,16
,2022-07072,-105.0252312,39.7692458,3/5/2022 0:50,0:50,12,0,0,FEDERAL BLVD N & 38TH AVE W,1,3,3,0,1,1,0,0,35,0,0,0,0,0,2,2,3
,2022-07073,-105.0530574,39.72631264,3/4/2022 22:20,22:20,12,0,0,HWY 6 WB OFF RAMP SLIP TO & SHERIDAN BLVD,1,3,1,0,1,8,0,0,35,0,0,0,0,0,2,2,7
,2022-07074,-104.9826959,39.71473661,2/15/2022 18:30,18:30,6,0,0,E BAYAUD AVE & S LOGAN ST,1,3,0,0,1,1,0,0,,0,0,0,0,0,4,2,16
,2022-07076,-104.956602,39.79360608,2/13/2022 2:04,2:04,12,0,0,BRIGHTON BLVD N & 5300 BLK N,1,3,0,0,1,4,0,0,30,0,0,0,0,0,4,2,1
,2022-07077,-104.9487484,39.78630782,2/4/2022 0:12,0:12,6,0,0,N ADAMS ST & E 49TH AVE,4,3,0,0,1,4,0,0,25,0,0,0,0,0,4,2,16
,2022-07078,-104.9791463,39.7797555,2/18/2022 13:05,13:05,15,0,0,I-70 & WASHINGTON ST N,1,1,1,0,1,4,0,0,55,0,0,0,0,0,1,2,3
,2022-07079,-105.0110281,39.67864749,2/27/2022 20:52,20:52,1,0,1,EVANS AVE W & TEJON ST S,1,3,0,0,1,1,0,0,30,0,0,0,1,3,4,2,14
,2022-07080,-105.0346089,39.79018347,2/9/2022 20:04,20:04,6,0,0,LOWELL BLVD & 5100 BLK N,1,3,1,0,3,4,0,0,35,0,0,0,0,0,4,2,3
,2022-07082,-104.9758029,39.77267124,3/3/2022 18:36,18:36,11,0,1,BRIGHTON BLVD N & 38TH ST,1,3,3,0,1,2,0,0,0,0,0,1,0,2,4,1,16
,2022-07086,-104.9671664,39.77987417,2/19/2022 2:50,2:50,5,0,0,I-70 EB OFF RAMP GORE PT TO  & BRIGHTON BLVD N,1,3,0,0,2,8,0,0,65,0,0,0,0,0,1,1,16
,2022-07088,-104.9965605,39.70666643,2/24/2022 0:08,0:08,5,0,0,I-25 & ALAMEDA AVE W,14,3,1,2,3,4,0,0,55,0,0,0,0,0,1,1,1
,2022-07089,-105.0250361,39.69311413,3/2/2022 15:38,15:38,12,0,1,FEDERAL BLVD S & LOUISIANA AVE W,1,1,0,0,1,3,0,0,40,0,0,0,0,1,2,2,13
,2022-07090,-105.0158685,39.7692827,2/4/2022 21:33,21:33,1,0,0,W 38TH AVE & N ZUNI ST,4,3,0,0,1,3,0,0,25,0,0,0,0,0,4,2,16
,2022-07091,-104.9407892,39.70607071,3/5/2022 9:50,9:50,12,0,0,CHERRY CREEK DR SE & COLORADO BLVD S,11,1,0,2,1,1,0,0,35,0,0,0,0,0,2,2,13
,2022-07092,-105.0265463,39.73293961,3/5/2022 3:30,3:30,6,0,0,10TH AVE W & N GROVE ST,1,3,0,0,1,4,0,0,,0,0,0,0,0,4,2,16
,2022-07093,-104.987404,39.72909482,3/5/2022 8:09,8:09,3,0,1,8TH AVE E & BROADWAY ST N,1,1,0,0,1,1,0,0,30,0,0,0,0,2,4,2,16
,2022-07094,-105.002181,39.74003238,2/13/2022 21:29,21:29,15,0,0,COLFAX AVE W & 1100 BLK W,1,3,0,0,1,4,0,0,30,0,0,0,0,0,2,2,16
,2022-07095,-105.0322716,39.67860224,3/1/2022 12:30,12:30,14,0,0,EVANS AVE W & KNOX CT S,1,1,0,0,1,4,0,0,25,0,0,0,0,0,4,2,12
,2022-07096,-104.9484847,39.73677631,2/16/2022 20:55,20:55,5,0,0,13TH AVE E & ADAMS ST N,9,4,0,2,2,3,0,0,30,0,0,0,0,0,4,1,16
,2022-07098,-104.9034677,39.7292735,2/24/2022 16:39,16:39,15,0,0,QUEBEC ST N & 800 BLK N,1,1,1,0,1,4,0,0,30,0,0,0,0,0,4,2,2
,2022-07102,-104.9094082,39.76181791,3/3/2022 7:47,7:47,2,0,0,NEWPORT ST & MLK BLVD E,1,1,0,0,1,1,0,0,0,1,0,0,0,0,4,1,16
,2022-07103,-104.9368429,39.76446599,3/4/2022 17:20,17:20,2,0,1,BELLAIRE ST N & BRUCE RANDOLPH AVE E,1,1,0,0,1,1,0,0,25,1,0,0,0,3,4,1,16
,2022-07104,-105.025143,39.77968056,3/1/2022 18:40,18:40,12,0,0,FEDERAL BLVD N & 4500 BLK N,1,3,0,0,1,4,0,0,35,0,0,0,0,0,2,2,16
,2022-07109,-105.0227727,39.6669957,3/2/2022 15:45,15:45,10,0,0,DECATUR ST S & YALE AVE W,1,1,0,0,1,1,0,0,,0,0,0,0,0,4,2,16
,2022-07113,-105.0148299,39.72932162,2/14/2022 14:29,14:29,12,0,0,I-25 & 8TH AVE W,1,1,0,0,1,4,0,0,,0,0,0,0,0,1,2,16
,2022-07118,-104.885421,39.74198144,3/4/2022 7:30,7:30,3,0,0,16TH AVE E & N YOSEMITE ST,1,1,0,0,1,1,0,0,30,0,0,0,0,0,4,2,13
,2022-07120,-105.0064252,39.78313348,3/3/2022 0:48,0:48,5,0,1,I-70 WB OFF RAMP EXIT GORE PT TO & PECOS ST N,1,3,0,0,2,8,0,0,35,0,0,0,0,2,1,1,16
,2022-07123,-104.9271801,39.67665192,3/4/2022 7:41,7:41,15,0,0,WARREN AVE E & S GRAPE ST,1,1,0,0,1,4,0,0,25,0,0,0,0,1,4,3,1
,2022-07244,-105.0530585,39.68229181,3/5/2022 21:30,21:30,3,0,0,W JEWELL AVE & S SHERIDAN BLVD,4,3,1,2,1,1,0,0,35,0,0,0,0,0,2,2,16
,2022-07251,-105.0139596,39.74044224,3/6/2022 17:18,17:18,15,0,0,I-25 & COLFAX AVE W,9,4,1,2,1,4,0,0,55,0,0,0,0,0,1,3,13
,2022-07253,-104.9950205,39.75489775,3/6/2022 0:40,0:40,15,0,0,20TH ST & WAZEE ST,7,3,1,2,1,4,0,0,25,0,0,0,0,0,4,4,14