id,drcog_id,longitude,latitude,crashtime,time,crashtype,numbkilled,numbinjurd,drcoglocat,rdconditin,lightngcon,roadcntgrd,weatherco,location,roaddescrp,schoolzone,constrzone,splimit,bikeinv,pedinv,sctrinv,motoinv,svrty,rdsystem,ttlvehcls,hcf
,2022-07254,-104.9045443,39.77198797,3/5/2022 16:16,16:16,3,0,0,E SMITH RD & N POPLAR ST,1,1,0,0,1,3,0,0,30,0,0,0,0,0,4,2,3
,2022-07258,-105.0250702,39.67119885,3/5/2022 21:04,21:04,14,0,2,FEDERAL BLVD S & VASSAR AVE W,7,4,0,2,1,4,0,0,40,0,0,0,0,1,2,2,1
,2022-07261,-104.99889,39.71119349,3/6/2022 9:20,9:20,15,0,1,I-25 & ALAMEDA AVE W,8,1,0,2,1,4,0,0,55,0,0,0,0,1,1,2,13
,2022-07279,-104.9994878,39.74119448,3/6/2022 7:20,7:20,3,0,0,STOUT ST & N SPEED BLVD,7,1,0,2,1,1,0,0,25,0,0,0,0,0,4,2,11
,2022-07282,-104.9129119,39.65316593,3/5/2022 20:36,20:36,3,0,0,HAMPDEN AVE E & MONACO PKWY S,9,3,0,2,1,1,0,0,35,0,0,0,0,0,2,2,16
,2022-07293,-105.0540972,39.6517257,3/1/2022 15:05,15:05,3,0,0,KENYON AVE & LOWELL BLVD S,1,1,0,0,1,1,1,0,25,0,0,0,0,0,4,2,13
,2022-07297,-105.0532579,39.71131553,3/6/2022 7:14,7:14,12,0,0,SHERIDAN BLVD S & ALAMEDA AVE W,9,1,0,2,1,1,0,0,35,0,0,0,0,0,2,2,7
,2022-07303,-105.0667126,39.65194196,3/6/2022 15:35,15:35,16,0,0,KENDALL ST S & 3550 S KENDALL ST,7,1,3,2,5,7,0,0,,0,0,0,0,0,3,2,16
,2022-07305,-104.903236,39.77752212,3/6/2022 0:12,0:12,6,0,0,I-70 EB OFF RAMP SLIP FROM & QUEBEC ST,9,3,0,2,6,8,0,0,30,0,0,0,0,0,1,2,14
,2022-07310,-105.0017939,39.75964687,3/5/2022 21:50,21:50,3,0,0,LITTLE RAVEN ST & 20TH ST,9,3,0,2,1,1,0,0,30,0,0,0,0,0,4,2,14
,2022-07316,-105.0526981,39.72625097,3/5/2022 0:24,0:24,15,0,0,6TH AVE W & SHERIDAN BLVD N,1,4,0,0,1,4,0,0,50,0,0,0,0,0,2,2,13
,2022-07319,-104.882959,39.77713978,3/5/2022 22:31,22:31,15,0,0,I-70 & CENTRAL PARK BLVD N,9,4,0,2,1,4,0,0,55,0,0,0,0,0,1,2,13
,2022-07321,-105.0145838,39.72608532,3/6/2022 2:41,2:41,5,0,0,I-25 SB OFF RAMP TO & HWY 6 WB,5,3,0,2,2,8,0,0,25,0,0,0,0,0,1,1,16
,2022-07323,-104.9842307,39.69878934,3/6/2022 2:43,2:43,12,0,0,I-25 & BROADWAY ST S,4,3,0,2,1,4,0,0,55,0,0,0,0,0,1,3,7
,2022-07337,-104.6903851,39.82475017,3/6/2022 7:16,7:16,14,0,0,JACKSON GAP ST N & 71ST ST ,14,1,3,2,1,4,0,0,35,0,0,0,0,0,4,2,16
,2022-07371,-104.7721171,39.7983921,3/5/2022 22:55,22:55,3,0,0,N TOWER RD & E 56TH AVE,9,3,0,2,1,3,0,0,40,0,0,0,0,1,4,2,1
,2022-07378,-104.9733832,39.74377948,3/5/2022 23:25,23:25,12,0,0,N DOWNING ST & PARK AVE,9,3,0,2,1,1,0,0,35,0,0,0,0,0,4,2,16
,2022-07381,-104.8659431,39.7756404,3/6/2022 1:05,1:05,15,0,0,I-70 & HAVANA ST N,9,3,0,2,1,4,0,0,55,0,0,0,0,0,1,2,16
,2022-07402,-104.9466828,39.74196288,3/6/2022 2:17,2:17,6,0,0,16TH AVE E & N MADISON ST,4,3,0,0,1,4,0,0,30,0,0,0,0,1,4,3,16
,2022-07625,-104.9406166,39.66832282,3/7/2022 15:15,15:15,3,0,0,YALE AVE E & COLORADO BLVD S,1,1,0,0,1,2,0,0,25,0,0,0,0,0,4,2,3
,2022-07628,-104.9769246,39.70183454,3/4/2022 16:42,16:42,15,0,0,EMERSON ST S & OHIO AVE E,1,2,0,0,1,4,0,0,25,0,0,0,0,0,4,2,11
,2022-07630,-104.9769506,39.6922735,3/6/2022 15:47,15:47,12,0,1,I-25 & EMERSON ST S,4,1,2,2,1,4,0,0,60,0,0,0,0,1,1,2,14
,2022-07631,-105.0396335,39.72549874,3/6/2022 16:17,16:17,12,0,0,6TH AVE W & PERRY ST N,4,1,1,2,1,4,0,0,55,0,0,0,0,0,2,2,3
,2022-07632,-104.9957203,39.73685632,3/7/2022 12:51,12:51,10,0,0,13TH AVE W & N SPEER BLVD,1,1,0,0,1,1,0,0,30,0,0,0,0,0,4,2,3
,2022-07633,-105.0811871,39.63873365,1/19/2022 8:03,8:03,15,0,0,QUINCY AVE W & S WADSWORTH BLVD,11,1,0,3,1,4,0,0,45,0,0,0,0,0,4,2,16
,2022-07634,-104.6730606,39.83292264,3/7/2022 12:55,12:55,15,0,0,75TH AVE E & ROBERTS DALE ST N,1,1,0,0,1,1,0,0,45,0,0,0,0,0,4,2,14
,2022-07635,-104.9671664,39.77987417,3/7/2022 13:51,13:51,12,0,0,I-70 & BRIGHTON BLVD N,1,1,0,0,1,4,0,0,55,0,0,0,0,0,1,3,13
,2022-07636,-104.7905734,39.77282797,3/7/2022 21:35,21:35,9,0,1,PENA BLVD & 40TH AVE E,1,3,3,0,3,4,0,0,,0,0,0,0,3,4,1,16
,2022-07637,-104.9407891,39.7073589,3/6/2022 8:46,8:46,3,0,0,COLORADO BLVD S & CHERRY CREEK DR NE,8,1,0,2,1,1,0,0,35,0,0,0,0,0,2,2,13
,2022-07638,-104.9028645,39.77264437,3/7/2022 11:50,11:50,12,0,0,40TH AVE E & N QUEBEC ST,1,1,0,0,1,3,0,0,35,0,0,0,0,0,4,2,1
,2022-07639,-105.0347424,39.63434907,3/7/2022 9:52,9:52,1,0,1,LOWELL BLVD S & TUFTS AVE W,11,1,1,0,1,4,0,0,30,0,0,0,0,1,4,2,8
,2022-07641,-104.9791539,39.77935673,3/8/2022 8:20,8:20,15,0,0,WASHINGTON ST N & I-70 EB OFF RAMP,1,1,0,0,1,1,0,0,30,0,0,0,0,0,4,2,14
,2022-07642,-104.9035021,39.70388246,3/7/2022 17:00,17:00,12,0,0,S QUEBEC ST & E EXPOSITION AVE,1,1,0,0,1,1,0,0,30,0,0,0,0,0,4,2,3
,2022-07643,-104.9594472,39.68485346,3/6/2022 15:47,15:47,5,0,1,I-25 & UNIVERSITY BLVD S,9,3,0,2,2,4,0,0,60,0,0,0,0,3,1,2,16
,2022-07646,-105.0044129,39.76090017,3/7/2022 18:46,18:46,12,0,0,I-25 & 20TH ST,1,3,0,0,1,4,0,0,55,0,0,0,0,0,1,2,13
,2022-07650,-104.99889,39.71119349,3/1/2022 14:50,14:50,12,0,1,I-25 & ALAMEDA AVE W,1,1,1,0,1,4,0,0,55,0,0,0,0,2,1,3,16
,2022-07651,-104.9950502,39.70500359,3/7/2022 5:45,5:45,6,0,0,I-25 & SANTA FE DR S,5,3,1,0,2,4,0,0,55,0,0,0,0,0,1,3,7
,2022-07652,-104.8847898,39.65277974,3/8/2022 11:14,11:14,15,0,0,S YOSEMITE ST & E HAMPDEN AVE,1,1,1,0,1,3,0,0,35,0,0,0,0,0,4,2,10
,2022-07653,-104.940544,39.68663953,3/6/2022 20:44,20:44,10,0,0,COLORADO BLVD S & IOWA AVE E,4,3,0,2,1,2,0,0,40,0,0,0,0,0,2,2,7
,2022-07654,-105.0130163,39.72542371,3/7/2022 9:20,9:20,12,0,1,I-25 & 6TH AVE W,5,1,1,0,1,4,0,0,55,0,0,0,0,1,1,3,16
,2022-07655,-104.9124407,39.73288377,3/7/2022 15:24,15:24,3,0,1,MONACO PKWY N & 11TH AVE E,1,1,0,0,1,1,0,0,25,0,0,0,0,2,4,2,13
,2022-07656,-105.0109007,39.72319496,3/8/2022 11:13,11:13,15,0,0,I-25 & 6TH AVE W,1,1,1,0,1,4,0,0,55,0,0,0,0,0,1,2,14
,2022-07657,-104.8827892,39.77711354,3/7/2022 8:45,8:45,15,0,0,CENTRAL PARK BLVD N & I-70 EB OFF RAMP,5,1,0,0,1,4,0,0,35,0,0,0,0,0,4,2,13
,2022-07658,-105.0298123,39.71022446,3/7/2022 7:00,7:00,6,0,0,S IRVING ST & W NEVADA PL,14,3,1,0,1,4,0,0,25,0,0,0,0,0,4,2,16
,2022-07660,-104.9861162,39.741816,3/6/2022 10:59,10:59,6,0,0,LINCOLN ST N & 16TH AVE E,11,1,2,2,1,4,0,0,,0,0,0,0,0,4,3,16
,2022-07662,-104.9999173,39.72570793,2/27/2022 21:00,21:00,15,0,0,6TH AVE E & KALAMATH ST N,1,3,0,0,1,4,0,0,30,0,0,0,0,0,4,2,14
,2022-07665,-104.8907428,39.72008792,1/15/2022 7:00,7:00,5,0,0,E LOWRY BLVD & N UINTA WAY,1,4,0,0,6,6,0,0,,0,0,0,0,0,4,1,16
,2022-07666,-104.9256031,39.66762029,3/5/2022 18:30,18:30,15,0,0,I-25 & YALE AVE E,4,3,0,2,1,4,0,0,65,0,0,0,0,0,1,2,13
,2022-07667,-105.0324828,39.72561338,3/7/2022 22:00,22:00,12,0,0,N KNOX CT & FRONTAGE RD,1,3,0,0,1,3,0,0,35,0,0,0,0,1,4,2,14
,2022-07668,-104.8470302,39.77419185,3/8/2022 12:10,12:10,15,0,0,I-70 & PEORIA ST N,1,1,0,0,1,4,0,0,55,0,0,0,0,0,1,2,11
,2022-07669,-104.9487537,39.71160528,3/8/2022 7:52,7:52,12,0,0,E CHERRY CREEK S DR & E ALAMEDA AVE,1,1,0,0,1,4,0,0,30,0,0,0,0,0,4,2,3
,2022-07670,-104.9957203,39.73685632,3/8/2022 12:03,12:03,10,0,0,W 13TH AVE & N SPEER BLVD,1,1,0,0,1,1,0,0,30,0,0,0,0,0,4,2,13
,2022-07671,-105.0299694,39.769403,1/4/2022 22:09,22:09,3,0,0,W 38TH AVE & N IRVING ST,1,3,0,0,1,1,0,0,35,0,0,0,0,0,4,2,16
,2022-07672,-104.9837888,39.7207277,2/19/2022 2:19,2:19,6,0,0,N GRANT ST & E 2ND AVE,1,3,0,0,1,4,0,0,25,0,0,0,0,0,4,3,7
,2022-07673,-104.9182339,39.65307809,3/8/2022 18:29,18:29,12,0,0,I-25 & HAMPDEN AVE E,1,2,0,0,1,4,0,0,,0,0,0,0,0,1,2,14
,2022-07674,-105.0251845,39.77206923,3/8/2022 15:38,15:38,15,0,0,FEDERAL BLVD N & 40TH AVE W,1,1,0,0,1,1,0,0,35,0,0,0,0,0,2,2,13
,2022-07675,-104.8011673,39.77095649,3/8/2022 7:40,7:40,3,0,0,40TH AVE E & KITTREDGE ST N,1,1,0,0,1,1,0,0,40,0,0,0,0,0,4,2,13
,2022-07676,-104.9965605,39.70666643,3/7/2022 15:51,15:51,12,0,0,I-25 & SANTA FE DR S,2,1,0,0,1,4,0,0,55,0,0,0,0,0,1,2,16
,2022-07677,-104.9529171,39.74015886,3/2/2022 15:10,15:10,12,0,0,COLFAX AVE E & FILLMORE ST N,1,1,0,0,1,3,0,0,35,0,0,0,0,0,2,2,12
,2022-07678,-105.0142039,39.72058848,3/7/2022 16:20,16:20,6,0,0,WYANDOT ST N & 2ND AVE W,1,1,0,0,1,4,0,0,25,0,0,0,0,0,4,2,13
,2022-07679,-104.8873852,39.62409997,3/7/2022 8:58,8:58,15,0,0,BELLEVIEW AVE E & YOSEMITE ST S,4,1,1,0,1,4,0,0,30,0,0,0,0,0,4,2,16
,2022-07680,-105.0097842,39.76322344,3/6/2022 11:35,11:35,6,0,0,33RD AVE W & N SHOSHONE ST,9,1,1,2,1,4,0,0,25,0,0,0,0,0,4,3,13
,2022-07681,-104.970879,39.75063103,3/1/2022 12:43,12:43,6,0,0,LAFAYETTE ST N & 23RD AVE E,1,1,0,0,1,4,0,0,,0,0,0,0,0,4,3,16
,2022-07683,-105.0532655,39.7239251,3/7/2022 13:23,13:23,15,0,0,SHERIDAN BLVD N & 5TH AVE W,1,1,0,0,1,3,0,0,35,0,0,0,0,0,2,2,16
,2022-07686,-104.9407856,39.72559985,3/7/2022 8:55,8:55,3,0,0,COLORADO BLVD N & 6TH AVE E,12,1,0,0,1,1,0,0,35,0,0,0,0,0,2,2,7
,2022-07687,-104.9407151,39.67845322,3/7/2022 12:32,12:32,1,0,0,EVANS AVE E & COLORADO BLVD S,1,1,0,0,1,2,0,0,35,0,0,0,0,0,4,3,11
,2022-07690,-104.8829699,39.77702125,3/7/2022 2:49,2:49,15,0,0,I-270 & CENTRAL PARK BLVD N,5,3,2,2,1,4,0,0,55,0,0,0,0,0,2,3,16
,2022-07695,-105.0439739,39.77712364,3/8/2022 7:02,7:02,14,0,0,4400 BLK N TENNYSON ST & W 44TH AVE,1,1,0,0,1,4,0,0,30,0,0,0,0,0,4,2,3
,2022-07696,-104.9223345,39.7366803,3/7/2022 10:35,10:35,3,0,0,HOLLY ST N & 13TH AVE E,1,1,0,0,1,1,0,0,30,0,0,0,0,0,4,3,8
,2022-07699,-104.9949315,39.76798309,3/8/2022 6:54,6:54,12,0,0,I-25 & PARK AVE W,1,1,0,0,1,4,0,0,55,0,0,0,0,0,1,2,13
,2022-07700,-104.9963783,39.7256934,3/7/2022 12:44,12:44,10,0,0,6TH AVE W & N GALAPAGO ST,1,1,0,0,1,1,0,0,30,0,0,0,0,0,4,2,13
,2022-07701,-105.0322768,39.74034283,1/3/2022 16:28,16:28,12,0,0,W COLFAX AVE & N KNOX ST,7,2,0,2,1,1,0,0,,0,0,0,0,0,2,2,16
,2022-07702,-105.0110415,39.68229506,3/8/2022 8:10,8:10,3,0,0,W JEWELL AVE & S TEJON ST,1,1,0,0,1,1,0,0,30,0,0,0,0,0,4,2,11
,2022-07703,-104.7721165,39.80016043,3/3/2022 12:55,12:55,12,0,0,N TOWER RD & E 57TH AVE,1,1,1,0,1,3,0,0,45,0,0,0,0,0,4,2,1
,2022-07704,-104.7905179,39.7800129,3/8/2022 15:29,15:29,12,0,0,4600 BLK PENA BLVD INBOUND & E GREEN VALLEY RANCH RD,1,1,0,0,1,14,0,0,65,0,0,0,0,0,4,2,3
,2022-07705,-104.7905374,39.77694731,3/8/2022 14:57,14:57,15,0,0,4100 BLK PENA BLVD INBOUND & E 40TH AVE,1,1,0,0,1,8,0,0,45,0,0,0,0,0,4,2,1
,2022-07706,-105.0297105,39.68855383,1/7/2022 13:05,13:05,12,0,0,1500 BLOCK S IRVING ST & W FLORIDA AVE,11,1,0,0,1,4,0,0,25,0,0,0,0,0,4,2,16
,2022-07707,-104.9902478,39.73448025,3/4/2022 11:26,11:26,6,0,0,BANNOCK ST N & W 11TH AVE,1,1,0,0,1,4,0,0,30,0,0,0,0,0,4,2,3
,2022-07709,-104.9185139,39.65305196,3/7/2022 9:02,9:02,12,0,0,I-25 SB OFF RAMP TO  & HAMPDEN AVE E,1,1,1,0,1,8,0,0,45,0,0,0,0,0,1,2,3
,2022-07710,-104.9832683,39.76684696,2/18/2022 16:40,16:40,12,0,0,BRIGHTON BLVD N & E 31ST ST,1,1,0,0,1,4,0,0,35,0,0,0,0,1,4,4,1
,2022-07711,-104.9172247,39.70522421,3/7/2022 19:01,19:01,12,0,0,LEETSDALE DR & KEARNEY ST S,1,3,0,0,1,4,0,0,35,0,0,0,0,0,2,2,13
,2022-07713,-104.8905205,39.76001325,3/8/2022 10:50,10:50,3,0,1,E MLK  BLVD & N CENTRAL PARK BLVD,1,1,0,0,1,1,0,0,30,0,0,0,0,2,4,2,13
,2022-07714,-104.996198,39.66769169,3/7/2022 6:57,6:57,15,0,0,SANTA FE DR S & EVANS AVE E,4,1,0,0,1,4,0,0,45,0,0,0,0,0,2,4,10
,2022-07719,-104.886003,39.77695704,3/6/2022 21:51,21:51,12,0,0,I-270 & CENTRAL PARK BLVD N,5,3,1,0,1,4,0,0,40,0,0,0,0,0,1,2,3
,2022-07720,-104.9541547,39.73855998,1/17/2022 11:00,11:00,6,0,0,DETROIT ST N & E 14TH AVE,1,1,0,0,1,4,0,0,25,0,0,0,0,0,4,2,13
,2022-07722,-104.9862385,39.71831347,3/7/2022 8:06,8:06,10,0,0,LINCOLN ST N & 1ST AVE E,5,1,0,0,1,3,0,0,35,0,0,0,0,0,4,2,11
,2022-07724,-104.8755227,39.72550075,3/7/2022 7:24,7:24,12,0,0,E LOWRY BLVD & N DAYTON ST,4,1,0,0,1,3,0,0,30,0,0,0,0,0,4,2,13
,2022-07727,-104.9185139,39.65305196,3/7/2022 6:46,6:46,5,0,1,I-25 & HAMPDEN AVE E,5,1,0,0,3,4,0,0,65,0,0,0,0,1,1,1,16
,2022-07729,-105.0528681,39.65616326,2/25/2022 19:34,19:34,8,0,1,DARTMOUTH AVE W & S SHERIDAN BLVD,1,3,0,0,1,4,0,0,35,0,0,0,0,2,4,2,16
,2022-07730,-105.0179858,39.71207353,3/1/2022 10:35,10:35,11,0,1,BRYANT ST S & ALAMEDA AVE W,1,1,0,0,1,4,0,0,0,0,1,0,0,2,4,1,16
,2022-07731,-104.9726885,39.74324003,3/4/2022 7:33,7:33,3,0,0,17TH AVE E & PARK AVE,1,1,0,0,1,1,0,0,30,0,0,0,0,0,4,3,11
,2022-07732,-104.9687266,39.68767356,3/4/2022 14:40,14:40,15,0,0,I-25 & FRANKLIN ST S,1,1,1,0,1,4,0,0,60,0,0,0,0,0,1,2,3
,2022-07733,-104.9684166,39.75878871,3/2/2022 14:29,14:29,6,0,0,FRANKLIN ST N & 29TH AVE E,1,1,0,0,1,4,0,0,25,0,0,0,0,0,4,2,13
,2022-07734,-104.9868338,39.73204275,3/8/2022 15:15,15:15,3,0,0,10TH AVE E & BROADWAY ST N,1,1,1,0,1,2,0,0,30,0,0,0,0,0,4,2,11
,2022-07735,-104.8470302,39.77419185,3/3/2022 8:40,8:40,12,0,0,I-70 WB OFF RAMP TO & PEORIA ST N,1,1,1,0,1,8,0,0,35,0,0,0,0,0,1,2,3
,2022-07736,-104.9874999,39.68940004,3/7/2022 11:50,11:50,6,0,0,BROADWAY ST S & E FLORIDA AVE,1,1,0,0,1,1,0,0,30,0,0,0,0,0,4,2,8
,2022-07738,-104.7233773,39.83357593,3/8/2022 10:58,10:58,12,0,0,7500 BLK PENA BLVD & N TOWER RD,1,3,0,0,1,3,0,0,45,0,0,0,0,0,4,2,1
,2022-07739,-104.9049872,39.63117737,3/5/2022 5:23,5:23,5,0,0,I-25 NB ON RAMP FROM BELLEVIEW AVE TO & MM 199.93,11,3,0,1,1,8,0,0,55,0,0,0,0,0,1,1,16
,2022-07741,-105.0814213,39.66773287,3/6/2022 19:00,19:00,8,0,0,WADSWORTH BLVD S & YALE AVE W,14,3,0,2,1,1,0,0,40,0,0,0,0,0,2,2,13
,2022-07742,-104.9989406,39.74003538,3/8/2022 8:22,8:22,12,0,0,COLFAX AVE W & SPEER BLVD NB,1,1,0,0,1,3,0,0,30,0,0,0,0,0,2,2,1
,2022-07743,-104.9211257,39.74192522,2/23/2022 17:00,17:00,6,0,0,IVANHOE ST N & 16TH AVE E,7,1,0,0,1,4,0,0,35,0,0,0,0,0,4,2,1
,2022-07744,-104.9781777,39.74750077,3/8/2022 17:45,17:45,3,0,0,E 20TH AVE & N WASHINGTON ST,1,3,0,0,1,1,0,0,,0,0,0,0,0,4,2,11
,2022-07746,-104.9828741,39.75107737,3/8/2022 3:25,3:25,8,0,0,500 BLK PARK AVE WEST & WELTON ST,1,3,0,0,1,9,0,0,30,0,0,0,0,0,4,2,16
,2022-07747,-104.9787513,39.7542456,3/8/2022 10:15,10:15,15,0,0,2500 BLK WELTON ST & 26TH ST,1,1,0,0,1,4,0,0,30,0,0,0,0,0,4,2,11
,2022-07748,-104.8942538,39.75099396,3/4/2022 4:52,4:52,6,0,0,23RD AVE E & N ULSTER ST,1,3,0,0,1,4,0,0,30,0,0,0,0,0,4,2,2
,2022-07749,-104.9123936,39.75367257,3/4/2022 20:01,20:01,6,0,0,MONACO ST N & 25TH AVE E,1,4,0,0,1,4,0,0,30,0,0,0,0,0,4,2,1
,2022-07750,-104.9835794,39.7400415,3/6/2022 14:45,14:45,3,0,1,COLFAX AVE E & GRANT ST N,11,1,0,2,1,1,0,0,30,0,0,0,0,1,2,2,11
,2022-07751,-104.8180806,39.77869917,3/5/2022 3:00,3:00,6,0,0,46TH AVE E & ENID WY N,1,4,0,0,1,4,0,0,,0,0,0,0,0,4,3,16
,2022-07752,-104.9798806,39.74495868,3/3/2022 15:19,15:19,6,0,0,PEARL ST N & 18TH AVE E,1,1,0,0,1,4,0,0,,0,0,0,0,0,4,2,16
,2022-07753,-104.7674787,39.80181932,3/5/2022 10:23,10:23,6,0,0,58TH AVE E & N BISCAY ST,1,1,0,0,1,3,0,0,25,0,0,0,0,0,4,2,11
,2022-07754,-105.0105621,39.72293935,3/7/2022 13:48,13:48,12,0,1,I-25 & 6TH AVE W,2,1,1,0,1,4,0,0,55,0,0,0,0,1,1,3,16
,2022-07755,-105.0043198,39.76094363,3/4/2022 15:04,15:04,12,0,0,I-25 & 20TH ST,1,1,0,0,1,4,0,0,55,0,0,0,0,0,1,2,13
,2022-07797,-105.0460891,39.71122828,3/8/2022 13:02,13:02,3,0,0,S UTICA ST & W ALAMEDA AVE,1,1,0,0,1,1,0,0,25,0,0,0,0,0,4,2,3
,2022-07849,-104.9659477,39.76447816,2/12/2022 18:14,18:14,12,0,0,N WILLIAMS ST & E BRUCE RANDOLPH AVE,1,3,0,0,1,3,0,0,25,0,0,0,0,0,4,2,16
,2022-07852,-105.0043198,39.76094363,3/8/2022 16:01,16:01,12,0,1,I-25 & 20TH ST,1,1,0,0,1,4,0,0,55,0,0,0,0,1,1,2,13
,2022-07865,-105.0017593,39.77547578,3/9/2022 8:30,8:30,3,0,0,43RD AVE W & LIPAN ST N,1,1,0,0,1,1,0,0,25,0,0,0,0,0,4,2,11
,2022-07866,-105.0123593,39.78362012,3/8/2022 21:24,21:24,12,0,1,I-70 & PECOS ST N,1,3,1,0,1,4,0,0,55,0,0,0,0,3,1,2,14
,2022-07867,-104.9746626,39.7723865,3/9/2022 8:45,8:45,15,0,0,38TH ST 1600 BLK & BRIGHTON BLVD,1,1,1,2,1,4,0,0,30,0,0,0,0,0,4,2,11
,2022-07868,-104.9239558,39.65299591,3/8/2022 14:30,14:30,12,0,0,HAMPDEN AVE E & HUDSON ST S,1,1,0,0,1,1,0,0,30,0,0,0,0,0,2,3,16
,2022-07869,-105.0252866,39.75836446,3/9/2022 12:37,12:37,12,0,1,FEDERAL BLVD N & 29TH AVE W,1,1,0,0,1,3,0,0,35,0,0,0,0,1,2,2,16
,2022-07870,-105.0001863,39.71840241,3/8/2022 17:00,17:00,10,0,0,N KALAMATH ST & W 1ST AVE,1,1,0,0,1,1,0,0,30,0,0,0,0,0,4,2,8
,2022-07872,-104.8968233,39.6893337,3/9/2022 18:52,18:52,12,0,0,E FLORIDA AVE & S QUEBEC WAY,9,3,0,2,1,3,0,0,35,0,0,0,0,0,4,2,7
,2022-07873,-104.7960153,39.77283023,3/9/2022 9:25,9:25,3,0,0,40TH AVE E & AIRPORT WY N,11,1,0,2,1,1,0,0,40,0,0,0,0,0,4,2,1
,2022-07875,-104.9405975,39.75284428,3/9/2022 10:29,10:29,3,0,0,COLORADO BLVD N & 25TH AVE E,1,1,0,2,1,1,0,0,35,0,0,0,0,0,2,2,11
,2022-07882,-104.9017357,39.78198657,3/9/2022 10:05,10:05,3,0,0,QUEBEC ST & I-270 WB OFF RAMP / SAND CREEK RD N,11,1,0,2,1,1,0,0,40,0,0,0,0,0,2,2,13
,2022-07883,-104.9734218,39.68588459,3/9/2022 0:37,0:37,6,0,0,1600 BLK S DOWNING ST & E MEXICO AVE,1,3,0,0,1,4,0,0,30,0,0,0,0,0,4,2,6
,2022-07884,-104.9532804,39.71803202,3/8/2022 17:55,17:55,15,0,0,E 1ST AVE & N FILLMORE ST,1,1,0,0,1,1,0,0,30,0,0,0,0,0,4,2,3
,2022-07890,-104.9405291,39.68311149,3/9/2022 9:01,9:01,12,0,0,I-25 NB ON RAMP FROM & COLORADO BLVD S,1,1,0,2,1,8,0,0,60,0,0,0,0,0,1,2,16
,2022-07891,-104.8973908,39.69628173,3/9/2022 7:42,7:42,15,0,0,MISSISSIPPI AVE E & PARKER RD S,4,1,0,2,1,3,0,0,35,0,0,0,0,0,4,2,13
,2022-07893,-104.9404562,39.78370299,3/9/2022 13:24,13:24,12,0,1,COLORADO BLVD N & 48TH AVE E,11,1,0,0,1,3,0,0,35,0,0,0,0,2,2,2,13
,2022-07897,-105.0250606,39.68947347,3/8/2022 16:00,16:00,3,0,0,FEDERAL BLVD S & 1568 BLK S,1,1,0,0,1,2,0,0,35,0,0,0,0,0,2,2,3
,2022-07899,-104.9848831,39.72539546,3/9/2022 11:00,11:00,15,0,0,E SPEER BLVD & N SHERMAN ST,9,1,0,2,1,1,0,0,30,0,0,0,0,0,4,2,3
,2022-07916,-104.8987475,39.73727355,3/9/2022 11:20,11:20,3,0,0,E 13TH AVE & N SYRACUSE ST,1,1,0,2,1,1,0,0,30,0,0,0,0,0,4,2,16
,2022-07917,-104.9082858,39.63497838,3/9/2022 2:42,2:42,8,0,2,I-225 NB ON RAMP LOOP FROM & I-25 SB,1,3,1,0,1,8,0,0,45,0,0,0,0,1,1,2,12
,2022-07918,-104.9605646,39.71818713,3/9/2022 9:23,9:23,12,0,0,2200 BLK E 1ST AVE & S UNIVERSITY BLVD,1,1,0,2,1,4,0,0,30,0,0,0,0,0,4,2,11
,2022-07919,-104.9034583,39.73562656,3/9/2022 17:50,17:50,3,0,0,N QUEBEC ST & E 12TH AVE,9,3,1,2,1,1,0,0,25,0,0,0,0,0,4,2,13
,2022-07928,-105.0206876,39.75725169,3/9/2022 8:57,8:57,8,0,0,2700 BLK W 28TH AVE & N CLAY ST,4,1,1,1,1,4,0,0,25,0,0,0,0,0,4,2,13
,2022-07929,-104.9827918,39.70570432,3/8/2022 7:53,7:53,3,0,0,LOGAN ST S & CENTER AVE E,1,1,0,0,1,1,0,0,25,0,0,0,0,0,4,2,13
,2022-07932,-104.9076147,39.70307067,3/8/2022 11:30,11:30,12,0,0,7000 BLOCK E WALS PL & S ONEIDA WAY,1,1,0,0,1,4,0,0,25,0,0,0,0,0,4,2,3
,2022-07964,-105.0148406,39.74172842,2/25/2022 22:46,22:46,12,0,0,I-25 SB ON RAMP LOOP FROM & W COLFAX AVE,1,3,3,0,1,8,0,0,30,0,0,0,0,0,1,2,13
,2022-07965,-105.0460569,39.70775353,3/5/2022 0:28,0:28,12,0,0,UTICA ST S & 500 BLK S,1,4,3,0,1,4,0,0,,0,0,0,0,0,4,3,16
,2022-07966,-105.0124771,39.72469986,2/19/2022 23:54,23:54,15,0,0,I-25 & 6TH AVE W ,1,4,3,0,1,4,0,0,55,0,0,0,0,0,1,2,16
,2022-07967,-104.9952183,39.72891518,3/1/2022 16:50,16:50,11,0,1,8TH AVE W & FOX ST,1,1,3,0,1,4,0,0,30,0,1,0,0,2,4,1,13
,2022-07968,-105.0251699,39.78924311,3/7/2022 21:00,21:00,11,0,1,51ST AVE W & FEDERAL BLVD N ,1,3,3,0,1,1,0,0,35,0,1,0,0,1,2,1,13
,2022-07969,-104.9116634,39.74378383,3/2/2022 15:00,15:00,3,0,0,17TH AVE E & N MAGNOLIA ST ,1,1,3,0,1,1,0,0,30,0,0,0,0,0,4,2,13
,2022-07970,-104.9013981,39.62377418,3/1/2022 18:30,18:30,12,0,0,I-25 & BELLEVIEW AVE E ,1,3,3,0,1,4,0,0,65,0,0,0,0,0,1,4,3
,2022-07971,-104.9835167,39.74784599,3/2/2022 22:35,22:35,6,0,0,TREMONT PL  & 2100 BLK,1,3,3,0,1,4,0,0,,0,0,0,0,0,4,2,13