id,drcog_id,longitude,latitude,crashtime,time,crashtype,numbkilled,numbinjurd,drcoglocat,rdconditin,lightngcon,roadcntgrd,weatherco,location,roaddescrp,schoolzone,constrzone,splimit,bikeinv,pedinv,sctrinv,motoinv,svrty,rdsystem,ttlvehcls,hcf
,2022-07972,-105.0330371,39.76948702,3/6/2022 16:42,16:42,12,0,0,38TH AVE W & N KING ST ,4,1,3,2,1,4,0,0,35,0,0,0,0,0,4,2,13
,2022-07975,-105.0532407,39.78354905,3/10/2022 6:55,6:55,5,0,0,I-70 & SHERIDAN BLVD N,4,1,1,0,2,4,0,0,55,0,0,0,0,0,1,2,14
,2022-07982,-104.9671664,39.77987417,3/10/2022 10:55,10:55,15,0,0,I-70 & BRIGHTON BLVD N,11,1,0,0,1,4,0,0,55,0,0,0,0,0,1,2,11
,2022-07983,-104.9437134,39.67837935,3/10/2022 8:43,8:43,5,0,0,JACKSON ST S & EVANS AVE E,9,1,0,0,3,4,0,0,35,0,0,0,0,0,4,2,16
,2022-07991,-104.9873869,39.74890652,3/10/2022 9:00,9:00,3,0,0,N BROADWAY ST & N BROADWAY ST,4,1,0,2,1,1,0,0,30,0,0,0,0,0,4,2,11
,2022-07992,-104.9461865,39.7304996,3/10/2022 16:18,16:18,3,0,0,E 9TH AVE & N MADISON ST,1,1,0,0,1,1,0,0,25,0,0,0,0,0,4,2,11
,2022-07993,-104.8401427,39.77842479,3/11/2022 12:39,12:39,3,0,1,CROWN BLVD N & ALBROOK DR E,1,1,0,0,1,2,0,0,25,0,0,0,0,2,4,2,1
,2022-07997,-104.8947947,39.6382838,3/10/2022 19:05,19:05,1,0,0,TAMARAC PKWY S & QUINCY AVE E,1,3,0,0,1,1,0,0,45,0,0,0,0,0,4,2,13
,2022-07998,-104.9349237,39.66697099,3/7/2022 16:15,16:15,12,0,0,BROOK DR S & AMHERST AVE E,1,1,0,0,1,1,0,0,,0,0,0,0,0,4,2,16
,2022-08002,-105.0532447,39.78369116,3/10/2022 7:20,7:20,15,0,0,I-70 & SHERIDAN BLVD N,4,1,1,0,1,4,0,0,55,0,0,0,0,0,1,3,1
,2022-08004,-104.9429537,39.7576479,3/9/2022 23:33,23:33,6,0,0,JACKSON ST 2800 BLK N & E 29TH AVE,9,3,1,0,1,4,0,0,25,0,0,0,0,0,4,2,16
,2022-08006,-104.9810748,39.74754618,3/10/2022 12:32,12:32,3,0,0,E 20TH AVE & 22ND ST,11,1,0,0,1,1,0,0,25,0,0,0,0,0,4,2,13
,2022-08007,-104.9752912,39.73686478,3/10/2022 11:48,11:48,3,0,0,E 13TH AVE & N OGDEN ST,7,1,1,0,1,1,0,0,30,0,0,0,0,0,4,2,8
,2022-08009,-104.9617095,39.70748819,3/10/2022 13:26,13:26,3,0,0,S GAYLORD ST & E VIRGINIA AVE,14,1,0,0,1,1,0,0,25,0,0,0,0,1,4,2,11
,2022-08012,-104.9970341,39.71119378,3/10/2022 16:09,16:09,12,0,0,W ALAMEDA AVE & S SANTA FE DR,2,1,0,0,1,4,0,0,35,0,0,0,0,0,4,2,11
,2022-08022,-104.9712337,39.75072639,3/5/2022 2:13,2:13,6,0,0,23RD AVE E & N LAFAYETTE ST,1,3,0,0,1,4,0,0,35,0,0,0,0,0,4,2,16
,2022-08024,-105.0240066,39.76073035,3/10/2022 8:24,8:24,6,0,0,2900 BLOCK W DOUGLAS PL & N FEDERAL BLVD,4,1,1,0,1,1,0,0,25,0,0,0,0,0,4,2,10
,2022-08027,-104.9090961,39.65303403,3/10/2022 9:42,9:42,1,0,0,HAMPDEN AVE E & ONEIDA WY S,14,1,0,0,1,1,0,0,35,0,0,0,0,0,2,2,11
,2022-08031,-105.0300169,39.7181568,3/10/2022 10:20,10:20,3,0,0,W 1ST AVE & N IRVING ST,11,1,0,0,1,1,0,0,25,0,0,0,0,0,4,2,16
,2022-08033,-104.8987254,39.65307719,3/9/2022 13:10,13:10,1,0,1,HAMPDEN AVE E & TAMARAC DR S,9,1,0,0,1,1,0,0,35,0,0,0,0,2,2,2,13
,2022-08038,-104.898728,39.6386011,3/10/2022 10:26,10:26,10,0,0,E QUINCY AVE & S SYRACUSE ST,14,1,1,0,1,2,0,0,35,0,0,0,0,0,4,2,16
,2022-08039,-104.9008596,39.78318013,3/6/2022 13:40,13:40,15,0,0,I-270 & QUEBEC ST N,11,1,0,2,1,4,0,0,55,0,0,0,0,0,2,2,7
,2022-08041,-104.9453714,39.66075645,3/9/2022 12:15,12:15,3,0,0,DARTMOUTH AVE E & MONROE ST S,9,1,0,2,1,1,0,0,25,0,0,0,0,0,4,2,3
,2022-08042,-104.9728893,39.68978428,3/6/2022 15:47,15:47,15,0,1,I-25 & EMERSON ST S,4,1,0,2,1,4,0,0,65,0,0,0,0,2,1,3,13
,2022-08047,-104.9999991,39.725708,3/11/2022 12:21,12:21,12,0,0,W 6TH AVE & N KALAMATH ST,1,1,0,0,1,4,0,0,35,0,0,0,0,0,4,2,3
,2022-08048,-105.0251685,39.71108348,3/9/2022 20:00,20:00,10,0,0,FEDERAL BLVD N & ALAMEDA AVE W,4,3,0,2,1,2,0,0,40,0,0,0,0,0,2,2,7
,2022-08049,-104.8473769,39.77339307,3/10/2022 15:48,15:48,12,0,0,I-70 EB OFF RAMP TO  & PEORIA ST N,2,1,0,0,1,8,0,0,55,0,0,0,0,0,1,2,10
,2022-08050,-105.039114,39.70674564,3/11/2022 7:39,7:39,8,0,0,MORRISON RD & S PATTON CT,1,1,0,0,1,1,0,0,30,0,0,0,0,0,4,2,16
,2022-08051,-104.7718878,39.82547824,3/9/2022 16:01,16:01,1,0,1,TOWER RD N & 71ST AVE E,4,1,0,2,1,1,0,0,45,0,0,0,0,1,4,3,13
,2022-08052,-104.8720615,39.78217391,3/11/2022 6:35,6:35,3,0,0,47TH AVE E & FLORENCE ST N,1,1,0,0,1,1,0,0,25,0,0,0,0,0,4,2,14
,2022-08053,-104.9590272,39.72911397,3/11/2022 13:20,13:20,10,0,0,N JOSEPHINE ST & E 8TH AVE,1,1,0,0,1,1,0,0,25,0,0,0,0,0,4,2,13
,2022-08056,-105.0250197,39.68227101,3/11/2022 5:39,5:39,12,0,0,FEDERAL BLVD S & JEWELL AVE W,1,3,0,1,1,3,0,0,35,0,0,0,0,0,2,2,16
,2022-08057,-104.918131,39.65286083,3/11/2022 7:45,7:45,12,0,0,I-25 & HAMPDEN AVE E,1,1,0,0,1,4,0,0,55,0,0,0,0,0,1,2,14
,2022-08059,-104.9791463,39.7797555,3/10/2022 17:30,17:30,5,0,0,I-70 WB ON RAMP GORE PT & WASHINGTON ST N,2,2,1,0,3,4,0,0,55,0,0,0,0,0,1,2,11
,2022-08061,-105.0358061,39.73740249,3/9/2022 17:38,17:38,6,0,0,1300 BLK N MEADE ST & W 13TH AVE,4,2,1,2,1,4,0,0,25,0,0,0,0,0,4,4,13
,2022-08064,-104.9465694,39.67660071,3/9/2022 15:45,15:45,3,0,0,E WARREN AVE & S MADISON ST,9,1,0,2,1,1,0,0,25,0,0,0,0,0,4,2,3
,2022-08069,-104.9919655,39.68577763,3/10/2022 7:40,7:40,15,0,0,SANTA FE DR S & CHEROKEE ST S,9,1,0,0,1,3,0,0,45,0,0,0,0,0,2,2,13
,2022-08077,-104.8496814,39.77803846,3/9/2022 15:14,15:14,16,0,0,45TH AVE E & 12025 E 45TH AVE,11,1,0,0,5,7,0,0,10,0,0,0,0,0,3,2,13
,2022-08078,-104.931652,39.78014385,3/11/2022 8:35,8:35,15,0,0,I-70 & DAHLIA ST N,1,1,0,0,1,4,0,0,55,0,0,0,0,0,1,2,13
,2022-08080,-104.8470297,39.77400525,3/11/2022 16:20,16:20,12,0,1,I-70 & PEORIA ST N,1,1,1,0,1,4,0,0,55,0,0,0,0,1,1,2,10
,2022-08081,-104.9769115,39.7165298,3/11/2022 8:43,8:43,3,0,0,EMERSON ST N & ELLSWORTH AVE E,11,1,0,0,1,1,0,0,25,0,0,0,0,0,4,2,13
,2022-08088,-104.8972427,39.6961363,2/25/2022 20:35,20:35,12,0,0,S PARKER RD & MISSISSIPPI AVE,1,4,0,0,1,3,0,0,45,0,0,0,0,0,2,2,3
,2022-08092,-105.0532583,39.78564894,3/11/2022 8:10,8:10,5,0,0,SHERIDAN BLVD N & 49TH AVE W,4,1,0,0,3,1,0,0,30,0,0,0,0,0,2,2,16
,2022-08093,-104.9407894,39.70368229,3/11/2022 11:38,11:38,15,0,0,COLORADO BLVD S & EXPOSITION AVE E,1,1,0,0,1,4,0,0,35,0,0,0,0,0,2,2,16
,2022-08095,-104.9986423,39.73155034,3/4/2022 12:49,12:49,6,0,0,N SANTA FE DR & W 10TH AVE,1,1,0,0,1,4,0,0,35,0,0,0,0,0,4,2,13
,2022-08099,-104.9734181,39.68999371,3/10/2022 4:30,4:30,5,0,0,I-25 & DOWNING ST S,14,3,0,0,2,4,0,0,60,0,0,0,0,0,1,1,16
,2022-08100,-105.0130163,39.72542371,3/11/2022 10:51,10:51,12,0,0,I-25 & 6TH AVE W,1,1,0,0,1,4,0,0,55,0,0,0,0,0,1,3,13
,2022-08101,-104.9406186,39.70497119,3/11/2022 16:08,16:08,12,0,0,COLORADO BLVD S & EXPOSITION AVE E,1,2,0,0,1,3,0,0,35,0,0,0,0,0,2,2,8
,2022-08102,-105.0064531,39.76684977,3/10/2022 17:05,17:05,3,0,0,36TH AVE W & PECOS ST N,1,1,0,0,1,1,0,0,25,0,0,0,0,0,4,2,11
,2022-08103,-104.99889,39.71119349,3/11/2022 12:26,12:26,15,0,1,I-25 & ALAMEDA AVE W,1,1,0,0,1,4,0,0,55,0,0,0,0,1,1,2,16
,2022-08106,-105.0544059,39.69679176,3/9/2022 16:04,16:04,1,0,0,MISSISSIPPI AVE W & MORRISON RD,9,1,0,2,1,1,0,0,35,0,0,0,0,0,4,3,8
,2022-08107,-104.9124307,39.73863156,3/8/2022 16:12,16:12,12,0,0,14TH AVE E & MONACO PKWY N,1,1,0,0,1,1,0,0,30,0,0,0,0,0,4,2,13
,2022-08108,-104.9414256,39.67843572,3/11/2022 0:38,0:38,8,0,0,3800 BLK E EVANS AVE & S COLORADO BLVD,1,3,0,0,1,4,0,0,35,0,0,0,0,0,4,2,2
,2022-08111,-104.9416569,39.73048473,2/26/2022 23:16,23:16,6,0,0,9TH AVE E & N HARRISON ST,1,4,0,0,1,4,0,0,25,0,0,0,0,0,4,6,16
,2022-08112,-104.8470297,39.77400525,3/11/2022 13:41,13:41,12,0,2,I-70 EB OFF RAMP TO & PEORIA ST N,1,1,1,0,1,8,0,1,55,0,0,0,0,2,1,2,6
,2022-08113,-105.0047562,39.76115807,3/11/2022 7:17,7:17,12,0,0,I-25 & 20TH ST,1,1,0,1,1,4,0,0,55,0,0,0,0,0,1,2,13
,2022-08114,-104.8207195,39.77867175,2/27/2022 16:00,16:00,11,0,0,DEARBORN ST N & 46TH AVE E,1,1,0,0,1,4,0,0,,0,1,0,0,0,4,1,16
,2022-08115,-104.8753342,39.7233603,3/10/2022 18:50,18:50,10,0,0,DAYTON ST N & 5TH AVE E,1,4,3,0,1,4,0,0,30,0,0,0,0,0,4,2,16
,2022-08116,-104.9407545,39.77932829,3/11/2022 7:16,7:16,3,0,0,COLORADO BLVD N & I-70 EB OFF RAMP,1,1,0,0,1,1,0,0,45,0,0,0,0,0,2,2,3
,2022-08117,-105.0532104,39.73999415,2/26/2022 22:00,22:00,12,0,1,SHERIDAN BLVD N & COLFAX AVE W,1,3,0,1,1,3,0,0,35,0,0,0,0,1,2,2,13
,2022-08119,-104.9769156,39.71428332,2/1/2022 22:07,22:07,6,0,0,S EMERSON ST & E CEDAR AVE,14,3,0,2,1,4,0,0,25,0,0,0,0,0,4,2,16
,2022-08120,-104.9089324,39.62759816,3/12/2022 16:23,16:23,2,0,1,NIAGARA ST S & UNION AVE E,1,1,0,0,1,1,0,0,35,1,0,0,0,3,4,1,10
,2022-08122,-105.0000592,39.74004799,3/10/2022 18:32,18:32,1,0,0,KALAMATH ST N & COLFAX AVE W,1,3,0,0,1,1,0,0,35,0,0,0,0,0,2,2,14
,2022-08123,-104.983872,39.70199515,2/25/2022 20:15,20:15,6,0,0,OHIO AVE E & S GRANT ST,1,4,0,0,1,4,0,0,25,0,0,0,0,0,4,2,16
,2022-08124,-104.98743,39.72661357,3/11/2022 21:30,21:30,12,0,0,SPEER BLVD N & BROADWAY ST N,1,3,0,0,1,3,0,0,35,0,0,0,0,0,4,2,3
,2022-08127,-104.9874683,39.69301926,2/17/2022 16:44,16:44,10,0,0,S BROADWAY ST & E LOUISIANA AVE,11,1,0,0,1,3,0,0,30,0,0,0,0,1,4,3,1
,2022-08128,-104.9532373,39.74015958,2/26/2022 15:45,15:45,15,0,0,COLFAX AVE E & FILLMORE ST N,1,1,0,0,1,3,0,0,30,0,0,0,0,0,2,2,16
,2022-08129,-105.0047562,39.76115807,3/12/2022 16:21,16:21,12,0,0,I-25 & 20TH ST,1,1,0,0,1,4,0,0,55,0,0,0,0,0,1,4,16
,2022-08131,-104.9593788,39.78017762,3/11/2022 8:15,8:15,15,0,0,I-70 & YORK ST N,1,1,0,0,1,4,0,0,55,0,0,0,0,0,2,2,3
,2022-08135,-104.7904699,39.78363776,3/2/2022 19:33,19:33,12,0,2,GVR BLVD E & PENA BLVD,1,3,1,0,1,8,0,0,45,0,0,0,0,2,4,2,13
,2022-08136,-105.0252432,39.76032241,2/21/2022 14:05,14:05,12,0,0,FEDERAL BLVD N & SPEER BLVD N,1,1,0,0,1,3,0,0,35,0,0,0,0,0,2,2,1
,2022-08137,-104.9394303,39.73103171,2/28/2022 14:50,14:50,6,0,0,ALBION ST N & E 9TH AVE,1,1,0,0,1,4,0,0,25,0,0,0,0,0,4,2,13
,2022-08138,-104.9483703,39.74014854,2/8/2022 13:00,13:00,6,0,0,E COLFAX AVE & N ADAMS ST,1,1,0,0,1,1,0,0,,0,0,0,0,0,2,2,16
,2022-08139,-104.9602742,39.78206305,2/20/2022 1:00,1:00,8,0,0,N CLAUDE CT & E 47TH AVE,1,3,0,0,1,4,0,0,20,0,0,0,0,0,4,3,16
,2022-08141,-105.0532839,39.71724356,3/7/2022 14:54,14:54,12,0,0,SHERIDAN BLVD N & ELLSWORTH AVE W,1,1,0,0,1,4,0,0,35,0,0,0,0,0,2,3,3
,2022-08143,-105.0532649,39.71016068,3/12/2022 14:12,14:12,12,0,0,SHERIDAN BLVD S & NEVADA PL W,1,1,1,0,1,3,0,0,40,0,0,0,0,0,2,2,3
,2022-08144,-105.0298583,39.74027785,3/7/2022 19:30,19:30,1,0,0,COLFAX AVE W & IRVING ST N,1,3,0,0,1,1,0,0,35,0,0,0,0,0,2,2,16
,2022-08145,-104.9778056,39.76578449,3/12/2022 13:35,13:35,3,0,1,33RD ST & WALNUT ST,1,1,0,0,1,3,0,0,25,0,0,0,0,2,4,2,13
,2022-08146,-105.04326,39.71052071,1/30/2022 18:00,18:00,6,0,0,NEVADA PL W & S STUART ST,4,4,0,0,1,4,0,0,25,0,0,0,0,0,4,2,16
,2022-08147,-104.9997539,39.69669713,3/11/2022 18:30,18:30,12,0,0,1000 BLK W MISSISSIPPI AVE & S JASON ST,1,3,0,0,1,4,0,0,30,0,0,0,0,1,4,2,1
,2022-08148,-104.959442,39.68481348,3/11/2022 23:52,23:52,1,0,1,UNIVERSITY BLVD S & I-25 SB ON RAMP,1,3,0,0,1,1,0,0,35,0,0,0,0,2,4,2,16
,2022-08149,-104.998575,39.71835982,3/12/2022 13:58,13:58,15,0,0,SANTA FE DR & W 1ST AVE,1,1,0,0,1,4,0,0,30,0,0,0,0,0,4,2,1
,2022-08150,-104.904446,39.71121293,1/14/2022 16:21,16:21,12,0,1,E ALAMEDA AVE & S POPLAR ST,9,2,0,0,1,3,0,0,,0,0,0,0,2,4,2,3
,2022-08151,-104.8470471,39.78623408,3/11/2022 5:51,5:51,1,0,0,N PEORIA ST & E 49TH AVE,2,1,0,0,1,1,0,0,45,0,0,0,0,1,4,2,11
,2022-08153,-104.9880154,39.74035455,3/6/2022 0:26,0:26,5,0,0,COLFAX AVE W & 101 W COLFAX AVE,9,3,0,2,3,4,0,0,35,0,0,0,0,0,2,1,16
,2022-08154,-104.9103236,39.63867841,3/10/2022 8:36,8:36,15,0,0,I-25 & QUINCY AVE E,5,1,0,0,1,4,0,0,65,0,0,0,0,0,1,2,16
,2022-08155,-104.8657292,39.78227352,3/11/2022 18:30,18:30,1,0,0,HAVANA ST N & 47TH AVE E,1,3,0,0,1,1,0,0,35,0,0,0,0,0,4,2,16
,2022-08156,-104.9595234,39.67484205,3/11/2022 19:35,19:35,11,0,1,ILIFF AVE E & UNIVERSITY BLVD S,1,3,3,0,1,4,0,0,0,0,1,0,0,2,4,1,16
,2022-08157,-104.9811258,39.72306598,3/12/2022 8:00,8:00,6,0,0,400 BLK N PENNSYLVANIA ST & E 4TH AVE,1,1,0,0,1,4,0,0,20,0,0,0,0,0,4,2,16
,2022-08158,-104.7721185,39.80742155,2/20/2022 22:10,22:10,12,0,1,N TOWER RD & E 61ST AVE,1,3,0,0,1,4,0,0,40,0,0,0,0,2,4,2,16
,2022-08159,-104.8470143,39.78280001,3/12/2022 17:14,17:14,15,0,0,PEORIA ST N & 47TH AVE E,1,1,0,0,1,3,0,0,40,0,0,0,0,0,4,2,13
,2022-08160,-104.9037651,39.7774967,2/23/2022 16:50,16:50,12,0,0,I-70 EB OFF RAMP SLIP TO  & QUEBEC ST N,2,1,1,0,1,8,0,0,45,0,0,0,0,0,1,2,1
,2022-08161,-105.0128856,39.72486123,2/16/2022 19:14,19:14,15,0,0,HWY 6 WB DISTRIBUTOR RAMP FROM & I-25 SB OFF RAMP ,9,3,1,2,1,8,0,0,25,0,0,0,0,0,2,2,16
,2022-08162,-104.9949315,39.76798309,3/12/2022 11:13,11:13,12,0,0,I-25 & PARK AVE W,1,1,0,0,1,4,0,0,55,0,0,0,0,0,2,3,13
,2022-08163,-104.9873797,39.7448864,3/12/2022 13:20,13:20,15,0,0,E 18TH AVE & N BROADWAY ST,1,1,1,0,1,1,0,0,35,0,0,0,0,0,4,2,11
,2022-08164,-104.9406123,39.74007432,2/6/2022 15:45,15:45,15,0,0,N COLORADO BLVD & E COLFAX AVE,1,1,0,0,1,1,0,0,30,0,0,0,0,0,2,2,1
,2022-08166,-104.8987522,39.73562968,3/10/2022 16:00,16:00,6,0,0,8000 E 12TH AVE & N ULSTER ST,1,1,0,0,1,4,0,0,25,0,0,0,0,1,4,2,3
,2022-08179,-105.0348979,39.7548613,1/31/2022 12:55,12:55,2,0,1,W 26TH AVE & N LOWELL BLVD,1,1,0,0,1,4,0,0,30,1,0,0,0,3,4,1,16
,2022-08180,-104.9862381,39.71842331,2/17/2022 21:50,21:50,11,0,1,LINCOLN ST N & 1ST AVE E,1,3,0,0,1,3,0,0,0,0,1,0,0,3,4,1,16
,2022-08186,-105.0532462,39.69878291,3/9/2022 19:17,19:17,5,0,0,SHERIDAN BLVD S & KENTUCKY AVE W,9,3,0,2,3,4,0,0,35,0,0,0,0,0,2,1,16
,2022-08188,-105.0127078,39.75512692,2/13/2022 21:00,21:00,15,0,0,I-25 & SPEER BLVD N,1,3,0,0,1,4,0,0,55,0,0,0,0,0,2,2,16
,2022-08197,-105.0130163,39.72542371,3/11/2022 11:14,11:14,12,0,0,I-25 & 6TH AVE W,1,1,0,0,1,4,0,0,55,0,0,0,0,0,1,2,16
,2022-08201,-104.9337605,39.67845081,3/10/2022 7:53,7:53,15,0,1,I-25 & EVANS AVE E,5,1,1,0,1,4,0,0,60,0,0,0,0,1,1,2,16
,2022-08212,-104.9406361,39.67845453,3/1/2022 17:43,17:43,8,0,0,EVANS AVE E & COLORADO BLVD S,1,3,0,0,1,1,0,0,35,0,0,0,0,0,2,2,3
,2022-08221,-104.9405458,39.68291817,3/10/2022 12:00,12:00,15,0,0,I-25 SB OFF RAMP TO & COLORADO BLVD S,11,1,1,0,1,8,0,0,,0,0,0,0,0,1,3,13
,2022-08224,-104.9510136,39.71940349,3/8/2022 19:30,19:30,6,0,0,N ST PAUL ST & E 2ND AVE,1,3,0,0,1,4,0,0,25,0,0,0,0,0,4,2,16
,2022-08226,-104.987404,39.72909482,3/10/2022 20:26,20:26,10,0,0,N BROADWAY ST & E 8TH AVE,7,3,0,0,1,1,0,0,35,0,0,0,0,0,4,2,16
,2022-08227,-104.882628,39.77710939,3/11/2022 6:36,6:36,12,0,1,I-70 & CENTRAL PARK BLVD,1,1,0,0,1,4,0,0,55,0,0,0,0,1,1,2,16
,2022-08301,-104.9823023,39.73688658,1/27/2022 23:35,23:35,12,0,0,N LOGAN ST & E 13TH AVE,9,3,3,2,1,1,0,0,30,0,0,0,0,0,4,2,16
,2022-08328,-104.9873901,39.74000829,3/13/2022 10:33,10:33,12,0,0,W COLFAX AVE & N BROADWAY ST,1,1,0,0,1,1,0,0,25,0,0,0,0,0,4,2,3
,2022-08342,-104.9874007,39.73526036,3/12/2022 2:05,2:05,1,0,1,E 12TH AVE & N BROADWAY ST,1,3,0,0,1,1,0,0,30,0,0,0,0,2,4,2,14
,2022-08350,-105.0252054,39.78561197,3/13/2022 6:48,6:48,1,0,1,N FEDERAL BLVD & W 49TH AVE,1,2,0,0,1,1,0,0,35,0,0,0,0,2,4,2,11
,2022-08351,-104.9012208,39.78246078,3/11/2022 15:33,15:33,15,0,1,N NORTHFIELD QUEBEC ST NB & N SAND CREEK RD,1,1,1,0,1,4,0,0,,0,0,0,0,2,2,3,16
,2022-08352,-104.9955217,39.75334522,3/12/2022 16:01,16:01,3,0,1,19TH ST & BLAKE ST,1,1,0,0,1,1,0,0,25,0,0,0,1,2,4,2,1
,2022-08362,-104.9097364,39.71988351,3/12/2022 18:00,18:00,6,0,0,NEWPORT ST N & 1ST AVE E,1,4,0,0,1,4,0,0,30,0,0,0,0,0,4,2,16
,2022-08370,-104.9861736,39.73204058,3/10/2022 11:43,11:43,3,0,0,10TH AVE E & LINCOLN ST N,11,1,0,0,1,1,0,0,25,0,0,0,0,0,4,2,13
,2022-08377,-104.9512337,39.71792708,2/28/2022 17:07,17:07,12,0,0,1ST AVE E & ST PAUL ST,1,1,0,0,1,1,0,0,,0,0,0,0,0,4,2,16
,2022-08386,-104.8304437,39.79379986,3/10/2022 3:30,3:30,6,0,0,XANADU ST N & MAXWELL PL E,4,3,0,2,1,4,0,0,25,0,0,0,0,0,4,2,1
,2022-08392,-104.8589815,39.65946058,3/12/2022 21:00,21:00,6,0,0,KENTON ST & E DARTMOUTH AVE,1,4,0,0,1,4,0,0,25,0,0,0,0,0,4,3,1
,2022-08414,-104.9406123,39.74007432,3/3/2022 14:35,14:35,15,0,0,COLORADO BLVD N & COLFAX AVE E,1,1,0,0,1,1,0,0,35,0,0,0,0,0,2,2,1
,2022-08431,-105.0130163,39.72542371,3/11/2022 6:51,6:51,12,0,0,I-25 & 6TH AVE W,1,1,0,0,1,4,0,0,,0,0,0,0,0,1,3,16
,2022-08446,-105.0293259,39.69128469,3/10/2022 17:07,17:07,3,0,0,ARKANSAS AVE W & IRVING ST S,7,2,0,0,1,2,0,0,,0,0,0,0,0,4,2,16
,2022-08459,-104.9933322,39.67840208,3/12/2022 23:39,23:39,12,0,2,W EVANS AVE & S SANTE FE DR BRIDGE,1,3,0,0,1,3,0,0,35,0,0,0,0,2,4,2,3
,2022-08466,-104.9574846,39.7110696,3/12/2022 18:25,18:25,12,0,0,ALAMEDA AVE E & UNIVERSITY BLVD S,1,2,1,0,1,4,0,0,30,0,0,0,0,0,4,2,3
,2022-08474,-104.9585662,39.76597123,3/12/2022 11:35,11:35,6,0,0,3500 BLK N JOSEPHINE ST & E 35TH AVE,1,1,0,0,1,4,0,0,25,0,0,0,0,0,4,2,16
,2022-08479,-104.9090961,39.65303403,3/13/2022 13:44,13:44,1,0,0,E HAMPDEN AVE & S ONEIDA ST,1,1,0,0,1,1,0,0,45,0,0,0,0,0,4,2,11
,2022-08495,-104.9928218,39.72093978,3/13/2022 17:59,17:59,3,0,0,W 3RD AVE & N DELAWARE ST,1,1,0,0,1,1,0,0,25,0,0,0,0,0,4,2,11
,2022-08496,-104.9895508,39.78026028,2/26/2022 12:26,12:26,12,0,0,I-70 WB OFF RAMP LOOP TO & I-25 SB ,1,1,0,0,1,8,0,0,,0,0,0,0,0,1,2,16
,2022-08497,-105.0011145,39.7490311,3/12/2022 18:51,18:51,6,0,0,BLAKE ST  & 1420 BLK,1,3,0,0,5,7,0,0,,0,0,0,0,0,3,2,11
,2022-08505,-105.0089851,39.72176867,3/12/2022 14:00,14:00,12,0,0,I-25 NB EXIT GORE PT TO & HWY 6 ,1,1,3,0,1,4,0,0,40,0,0,0,0,0,2,2,13
,2022-08535,-104.8881793,39.73870463,3/11/2022 17:10,17:10,3,0,0,E 14TH AVE & N WILLOW ST,1,1,0,0,1,3,0,0,25,0,0,0,0,0,4,2,10
,2022-08536,-104.9875017,39.71657574,3/12/2022 22:50,22:50,2,0,0,BROADWAY ST N & ELLSWORTH AVE E,1,3,0,0,1,4,0,0,40,1,0,0,0,0,4,1,11
,2022-08624,-105.0020949,39.7765774,3/14/2022 2:08,2:08,6,0,2,W 44TH AVE & N LIPAN ST,1,3,0,0,1,4,0,0,25,0,0,0,0,3,4,3,1
,2022-08625,-104.9647573,39.74162356,2/17/2022 14:50,14:50,3,0,1,E 16TH AVE & N COOK ST,4,1,0,0,1,1,0,0,35,0,0,0,0,2,4,2,14
,2022-08627,-105.0532627,39.70043056,3/12/2022 20:15,20:15,12,0,0,KENTUCKY AVE W & SHERIDAN BLVD S,1,3,0,0,1,1,0,0,,0,0,0,0,0,2,2,16
,2022-08628,-105.0397052,39.72014783,2/25/2022 20:00,20:00,6,0,0,PERRY ST N & 2ND AVE W,1,2,0,0,1,4,0,0,,0,0,0,0,0,4,4,16
,2022-08629,-105.0250147,39.71482394,3/14/2022 2:16,2:16,12,0,0,FEDERAL BLVD N & BAYAUD AVE W,1,3,0,0,1,3,0,0,35,0,0,0,0,0,2,2,1
,2022-08630,-104.9791192,39.71110736,3/11/2022 17:15,17:15,15,0,0,ALAMEDA AVE E & WASHIGTON ST S,1,2,1,0,1,4,0,0,30,0,0,0,0,0,4,2,13
,2022-08631,-104.9124339,39.74007936,3/14/2022 10:00,10:00,3,0,1,E COLFAX AVE & N MONOCO ST,1,1,0,0,1,1,0,0,30,0,0,0,0,1,4,2,13
,2022-08632,-105.0372909,39.72598369,3/14/2022 10:18,10:18,6,0,0,NEWTON ST N & 6TH AVE W,1,1,0,0,1,4,0,0,25,0,0,0,0,0,4,2,16
,2022-08633,-104.9791539,39.77935673,3/14/2022 11:28,11:28,12,0,0,I-70 & WASHINGTON ST N,1,1,1,0,1,4,0,0,45,0,0,0,0,0,1,2,13
,2022-08634,-105.0532174,39.65564332,3/13/2022 8:20,8:20,3,0,0,SHERIDAN BLVD S & HWY 285 WB OFF RAMP,1,1,0,1,1,1,0,0,35,0,0,0,0,0,2,2,13
,2022-08635,-104.9992966,39.74506587,3/13/2022 10:53,10:53,11,0,1,13TH ST & ARAPAHOE ST,1,1,0,1,1,1,0,0,0,0,1,0,0,2,4,1,16
,2022-08638,-104.8827688,39.77727111,3/14/2022 11:55,11:55,12,0,0,I-70 & CENTRAL PARK BLVD N,1,1,0,0,1,4,0,0,55,0,0,0,0,0,1,3,1
,2022-08652,-105.0230248,39.74042274,3/14/2022 2:52,2:52,11,0,1,COLFAX AVE W & FEDERAL BLVD N,11,3,0,0,1,4,0,0,40,0,1,0,0,1,2,1,13
,2022-08658,-104.8332255,39.78224899,3/13/2022 4:00,4:00,6,0,0,4800 BLK N CROWN BLVD & E. BLACKHAWK WAY,1,3,0,0,1,4,0,0,,0,0,0,0,0,4,2,16