id,drcog_id,longitude,latitude,crashtime,time,crashtype,numbkilled,numbinjurd,drcoglocat,rdconditin,lightngcon,roadcntgrd,weatherco,location,roaddescrp,schoolzone,constrzone,splimit,bikeinv,pedinv,sctrinv,motoinv,svrty,rdsystem,ttlvehcls,hcf
,2022-08659,-105.0251647,39.66051127,3/14/2022 10:00,10:00,12,0,0,FEDERAL BLVD S & DARTMOUTH AVE W,1,1,2,0,1,1,0,0,40,0,0,0,0,0,2,2,3
,2022-08660,-104.9403385,39.68306724,3/14/2022 7:22,7:22,12,0,1,I-25 & COLORADO BLVD S,1,1,0,0,1,4,0,0,55,0,0,0,0,1,1,3,3
,2022-08661,-105.0033455,39.74846118,3/14/2022 12:49,12:49,3,0,0,N SPEER BLVD & BLAKE ST,1,1,0,0,1,1,0,0,30,0,0,0,0,0,4,2,16
,2022-08662,-104.9674958,39.68711299,3/6/2022 0:09,0:09,12,0,0,I-25 & UNIVERSITY BLVD S,9,3,3,2,1,4,0,0,55,0,0,0,0,0,1,2,16
,2022-08664,-104.9792574,39.69355578,3/13/2022 13:17,13:17,12,0,0,S WASHINGTON ST & E BUCHTEL BLVD,1,1,0,0,1,4,0,0,25,0,0,0,0,0,4,2,16
,2022-08665,-104.9959793,39.76757675,3/14/2022 15:16,15:16,12,0,0,I-25 & PARK AVE W,1,1,0,0,1,4,0,0,55,0,0,0,0,0,1,2,13
,2022-08666,-105.0532477,39.76683623,3/11/2022 12:45,12:45,12,0,0,SHERIDAN BLVD & W 37TH AVE,1,3,0,0,1,4,0,0,35,0,0,0,0,0,4,2,13
,2022-08667,-104.9775482,39.74284665,3/13/2022 4:46,4:46,6,0,0,1600 BLK N CLARKSON ST & E 17TH AVE,1,3,0,0,1,4,0,0,30,0,0,0,0,0,4,2,16
,2022-08671,-104.9406123,39.74007431,3/10/2022 13:15,13:15,12,0,0,COLFAX AVE E & COLORADO BLVD N,1,1,0,0,1,1,0,0,35,0,0,0,0,0,2,2,13
,2022-08672,-104.8657287,39.77562189,3/14/2022 17:59,17:59,12,0,0,I-70 & HAVANA ST N,1,1,0,0,1,4,0,0,55,0,0,0,0,0,1,3,13
,2022-08673,-104.9827227,39.69742292,3/14/2022 9:00,9:00,12,0,0,I-25 & LOGAN ST S,1,1,0,0,1,4,0,0,60,0,0,0,0,0,1,4,13
,2022-08674,-104.9610138,39.74121209,3/12/2022 6:32,6:32,6,0,0,GAYLORD ST N & 16TH AVE E,1,1,0,1,1,4,0,0,25,0,0,0,0,0,4,2,16
,2022-08676,-104.9130998,39.64874215,3/14/2022 8:49,8:49,11,0,1,MONACO ST S & MAGNOLIA WY S,1,1,0,0,1,1,0,0,25,0,1,0,0,1,4,1,11
,2022-08677,-104.9129193,39.7111305,3/13/2022 9:51,9:51,15,0,0,S MONACO ST & E ALAMEDA AVE,1,1,0,0,1,1,0,0,35,0,0,0,0,0,4,2,11
,2022-08678,-104.8919469,39.75098258,3/11/2022 8:06,8:06,3,0,0,23RD AVE E & VALENTIA ST N,1,1,0,0,1,1,0,0,25,0,0,0,0,0,4,2,7
,2022-08679,-104.9057951,39.74008594,3/14/2022 17:25,17:25,12,0,0,COLFAX AVE E & PONTIAC ST N,1,1,0,0,1,1,0,0,35,0,0,0,0,0,2,2,13
,2022-08680,-105.0346166,39.76047822,3/14/2022 10:22,10:22,6,0,0,LOWELL BLVD N & 30TH AVE W,2,1,0,0,1,4,0,0,25,0,0,0,0,0,4,2,16
,2022-08685,-104.918477,39.65297655,3/14/2022 18:07,18:07,12,0,0,HAMPDEN AVE E & I-25 ,1,1,1,0,1,4,0,0,40,0,0,0,0,0,2,2,11
,2022-08687,-105.0275176,39.73125692,3/13/2022 6:57,6:57,6,0,0,HAZEL CT N & 9TH AVE W,1,1,0,1,1,4,0,0,25,0,0,0,0,0,4,2,16
,2022-08691,-104.9476748,39.74378242,3/14/2022 9:30,9:30,3,0,0,17TH AVE E & COOK ST N,1,1,0,0,1,1,0,0,30,0,0,0,0,0,4,2,13
,2022-08693,-104.8827688,39.77727111,3/14/2022 11:40,11:40,12,0,0,I-70 & CENTRAL PARK BLVD N,1,1,0,0,1,4,0,0,55,0,0,0,0,0,1,2,13
,2022-08694,-104.99889,39.71119349,3/14/2022 13:53,13:53,12,0,1,I-25 & ALAMEDA AVE W,1,1,0,0,1,4,0,0,55,0,0,0,0,1,1,3,13
,2022-08699,-105.0639454,39.79006836,3/15/2022 16:50,16:50,12,0,0,I-76 & MM 1,1,1,0,0,1,4,0,0,65,0,0,0,0,0,1,2,13
,2022-08709,-105.0139596,39.74044224,3/14/2022 8:43,8:43,12,0,0,I-25 & COLFAX AVE W,1,1,1,0,1,4,0,0,55,0,0,0,0,0,1,2,3
,2022-08710,-105.0532134,39.73807177,3/14/2022 8:14,8:14,15,0,0,SHERIDAN BLVD & 14TH AVE W,1,1,0,0,1,3,0,0,,0,0,0,0,0,2,2,16
,2022-08712,-104.8778157,39.70692145,3/13/2022 11:40,11:40,11,0,0,CLINTON ST S & CENTER AVE E,1,1,0,0,1,1,0,0,,0,1,0,0,0,4,1,16
,2022-08713,-104.993084,39.74180379,3/13/2022 9:48,9:48,6,0,0,1300 BLK GLENARM PL & 14TH ST,1,1,0,1,1,4,0,0,25,0,0,0,0,0,4,2,16
,2022-08714,-105.0118817,39.72539179,3/14/2022 12:20,12:20,12,0,0,I-25 NB OFF RAMP TO & 6TH AVE W,1,1,1,0,1,8,0,0,55,0,0,0,0,0,1,2,3
,2022-08716,-105.0046004,39.75008937,3/11/2022 17:23,17:23,12,0,0,N SPEER BLVD & WEWATTA ST,1,2,0,0,1,4,0,0,35,0,0,0,0,0,4,2,11
,2022-08724,-104.8450007,39.79818115,3/14/2022 16:01,16:01,12,0,2,56TH AVE & N QUENTIN ST,1,1,0,0,1,1,0,0,40,0,0,0,0,2,4,3,16
,2022-08725,-104.992036,39.75067007,3/14/2022 13:06,13:06,11,0,1,19TH ST & ARAPAHOE ST,1,1,0,0,1,1,0,0,30,0,1,0,0,1,4,1,11
,2022-08817,-104.9498245,39.77290456,2/3/2022 19:30,19:30,1,0,0,E 40TH AVE & N STEELE ST,9,3,0,0,1,1,0,0,35,0,0,0,0,0,4,2,13
,2022-08818,-104.9405432,39.68568331,3/14/2022 10:28,10:28,3,0,0,COLORADO BLVD S & MEXICO AVE E,1,1,0,0,1,1,0,0,40,0,0,0,0,0,2,2,11
,2022-08819,-104.9128996,39.70297137,3/2/2022 22:20,22:20,3,1,0,LEETSDALE DR & S MONACO ST,1,3,0,0,1,1,0,0,40,0,0,0,1,4,2,2,16
,2022-08821,-105.0250215,39.68590451,3/14/2022 22:32,22:32,12,0,1,FEDERAL BLVD S & MEXICO AVE W,1,3,0,0,1,4,0,0,40,0,0,0,0,2,2,3,14
,2022-08825,-104.9776096,39.73686652,3/14/2022 15:00,15:00,3,0,0,E 13TH AVE & N CLARKSON ST,1,1,0,0,1,1,0,0,30,0,0,0,0,1,4,2,13
,2022-08828,-104.7904699,39.78363776,3/14/2022 7:40,7:40,1,0,0,GVR BLVD E & PENA BLVD,1,1,0,0,1,1,0,0,35,0,0,0,0,0,4,2,13
,2022-08829,-105.0043198,39.76094363,3/15/2022 16:13,16:13,12,0,0,I-25 & 20TH ST,1,1,0,0,1,4,0,0,55,0,0,0,0,0,1,4,13
,2022-08830,-105.0251716,39.71123825,3/14/2022 14:43,14:43,12,0,0,FEDERAL BLVD S & ALAMEDA AVE W,1,1,1,0,1,4,0,0,35,0,0,0,0,0,2,2,13
,2022-08831,-105.0532564,39.66778641,3/5/2022 22:20,22:20,3,0,0,SHERIDAN BLVD S & YALE AVE W,4,3,0,2,1,1,0,0,35,0,0,0,0,0,2,2,13
,2022-08833,-105.0298068,39.70401772,3/15/2022 9:00,9:00,3,0,0,S IRVING ST & W EXPOSITION AVE,1,1,0,0,1,1,0,0,25,0,0,0,0,0,4,2,10
,2022-08834,-104.9406299,39.72426188,3/15/2022 8:52,8:52,12,0,0,COLORADO BLVD N & 5TH AVE W,1,1,0,0,1,3,0,0,30,0,0,0,0,0,2,2,11
,2022-08835,-105.0022363,39.75905723,3/14/2022 21:17,21:17,6,0,0,LITTLE RAVEN ST & 19TH ST,1,3,0,0,1,4,0,0,25,0,0,0,0,0,4,2,1
,2022-08838,-105.0252329,39.76331358,3/15/2022 8:35,8:35,12,0,0,FEDERAL BLVD N & HIGHLAND PARK PL W,1,1,0,0,1,4,0,0,35,0,0,0,0,0,2,4,3
,2022-08840,-105.0020034,39.78338929,3/15/2022 14:59,14:59,12,0,0,I-70 & PECOS ST N,1,1,0,0,1,4,0,0,55,0,0,0,0,0,1,2,3
,2022-08841,-104.9971408,39.711194,3/15/2022 12:24,12:24,12,0,0,SANTA FE DR S & ALAMEDA AVE W,1,1,0,0,1,3,0,0,35,0,0,0,0,0,2,2,7
,2022-08842,-104.9075489,39.63547288,3/15/2022 12:17,12:17,15,0,0,I-25 & MM 200.20,1,1,0,0,1,4,0,0,65,0,0,0,0,0,1,2,13
,2022-08843,-105.0038982,39.71118407,3/15/2022 12:15,12:15,3,0,0,ALAMEDA AVE W & NAVAJO ST S,1,1,0,0,1,1,0,0,30,0,0,0,0,0,2,2,11
,2022-08845,-104.9967957,39.70642408,3/15/2022 8:00,8:00,15,0,0,I-25 & SANTA FE DR S,1,1,1,0,1,4,0,0,,0,0,0,0,0,1,2,16
,2022-08846,-105.0148299,39.72932162,3/14/2022 16:00,16:00,12,0,0,I-25 & 8TH AVE W,1,1,0,1,1,4,0,0,55,0,0,0,1,0,1,2,16
,2022-08847,-104.7097478,39.83808207,3/14/2022 15:09,15:09,1,0,1,78TH AVE E & CALAWBA CT N,1,1,0,0,1,1,0,0,45,0,0,0,0,1,4,2,11
,2022-08849,-104.9246155,39.77224948,3/15/2022 12:02,12:02,6,0,0,3900 BLK N GRAPE ST & E 39TH AVE,1,1,0,0,1,4,0,0,25,0,0,0,0,0,4,2,11
,2022-08850,-105.0158354,39.75630377,3/15/2022 14:21,14:21,15,0,0,N SPEER BLVD & N ZUNI ST,1,1,0,0,1,1,0,0,35,0,0,0,0,1,4,2,13
,2022-08851,-104.9986317,39.7305042,3/14/2022 16:23,16:23,3,0,0,W 9TH AVE & N SANTA FE DR,1,1,0,0,1,1,0,0,25,0,0,0,0,0,4,2,1
,2022-08852,-104.9836178,39.7369315,3/15/2022 7:57,7:57,10,0,0,N GRANT ST & E 13TH AVE,1,1,0,0,1,3,0,0,30,0,0,0,0,1,4,2,16
,2022-08866,-104.8297051,39.78913701,3/13/2022 5:08,5:08,5,0,0,14200 BLK E 51ST AVE & N BOILING DR,1,3,0,0,2,4,0,0,25,0,0,0,0,0,4,1,1
,2022-08869,-105.0165222,39.7513218,3/15/2022 11:14,11:14,12,0,0,I-25 & 23RD AVE W,1,1,0,0,1,4,0,0,55,0,0,0,0,0,1,3,13
,2022-08871,-104.9895612,39.78010359,3/15/2022 9:20,9:20,15,0,0,I-70 & I-25 ,1,1,1,0,1,4,0,0,55,0,0,0,0,0,1,2,11
,2022-08872,-104.959161,39.74161555,3/14/2022 14:31,14:31,15,0,0,N JOSEPHINE ST & E 16TH AVE,1,1,0,0,1,1,0,0,30,0,0,0,0,1,4,2,3
,2022-08874,-104.9792275,39.77002516,3/15/2022 13:19,13:19,15,0,0,BRIGHTON BLVD & 35TH ST,1,1,0,0,1,4,0,0,30,0,0,0,0,0,4,2,13
,2022-08875,-104.833819,39.77286982,3/14/2022 23:27,23:27,12,0,1,I-70 & MM 282.30,1,3,0,0,1,4,0,1,,0,0,0,0,1,1,2,16
,2022-08877,-105.0030114,39.76202691,3/15/2022 7:54,7:54,15,0,0,I-25 & 20TH ST,1,1,1,0,1,4,0,0,,0,0,0,0,0,1,5,16
,2022-08879,-104.9257464,39.66757678,3/14/2022 18:49,18:49,12,0,0,I-25 NB OFF RAMP TO & YALE AVE E,1,2,1,0,1,8,0,0,20,0,0,0,0,0,1,2,16
,2022-08880,-104.9082183,39.70027466,3/14/2022 14:50,14:50,12,0,0,LEETSDALE DR & ONEIDA ST S,1,1,0,0,1,1,0,0,35,0,0,0,0,0,2,2,3
,2022-08885,-104.9081644,39.74743352,3/15/2022 18:10,18:10,3,0,1,E MONTVIEW BLVD & E MONTVIEW BLVD / N ONEIDA ST,1,1,0,0,1,1,0,0,25,0,0,0,0,2,4,2,7
,2022-08887,-104.9251969,39.6777639,3/14/2022 15:35,15:35,6,0,0,S GRAPE ST & E EVANS PL,1,1,0,0,1,1,0,0,25,0,0,0,0,0,4,2,3
,2022-08889,-105.0322694,39.78337725,3/15/2022 14:46,14:46,12,0,0,I-70 & LOWELL BLVD N,1,1,0,0,1,4,0,0,55,0,0,0,0,0,1,2,13
,2022-08891,-105.0460849,39.71001307,3/14/2022 9:30,9:30,6,0,0,380 S UTICA ST & W DAKOTA AVE,1,1,0,0,1,4,0,0,,0,0,0,0,0,4,2,16
,2022-08902,-104.9416701,39.79090622,3/7/2022 14:03,14:03,12,0,0,VASQUEZ BLVD N & 52ND AVE E,1,1,0,0,1,4,0,0,25,0,0,0,0,0,2,2,9
,2022-08903,-105.0151528,39.73304297,3/15/2022 7:43,7:43,11,0,1,YUMA ST N & 1050 N YUMA ST,1,1,0,0,1,2,0,0,0,0,0,1,0,2,4,1,16
,2022-08905,-105.0278771,39.76936509,3/15/2022 13:19,13:19,6,0,0,38TH AVE W & GROVE ST N,1,1,0,0,1,4,0,0,30,0,0,0,0,0,4,2,16
,2022-08908,-104.7904937,39.78301728,3/15/2022 15:13,15:13,12,0,0,4700 BLK PENA BLVD INBOUND & GREEN VALLEY RANCH,1,1,0,0,1,4,0,0,45,0,0,0,0,0,4,2,7
,2022-08910,-105.0249812,39.72518363,3/12/2022 7:50,7:50,10,0,0,N FEDERAL BLVD & W 6TH AVE EB OFF RAMP,1,1,0,0,1,3,0,0,35,0,0,0,0,0,2,2,8
,2022-08911,-104.7506286,39.78289432,3/14/2022 17:31,17:31,3,0,0,48TH PL E & IRELAND CT N,1,1,0,0,1,1,0,0,25,0,0,0,0,0,4,2,11
,2022-08912,-104.9406224,39.71156102,3/14/2022 16:30,16:30,1,0,0,E ALAMEDA AVE & S COLORADO BLVD,1,1,0,0,1,1,0,0,30,0,0,0,0,0,4,2,3
,2022-08914,-104.987404,39.72909482,3/14/2022 14:29,14:29,15,0,1,8TH AVE E & BROADWAY ST N,1,1,0,0,1,1,0,0,35,0,0,0,1,2,4,2,11
,2022-08915,-104.8706595,39.71003455,3/15/2022 9:04,9:04,15,0,0,E ALAMEDA AVE (NOT CDOT) & S GALENA WAY,1,1,0,0,1,4,0,0,35,0,0,0,0,0,4,2,16
,2022-08916,-104.6790069,39.84048097,3/15/2022 9:55,9:55,15,0,0,PENA BLVD & MM 4.50,1,1,0,0,1,4,0,0,65,0,0,0,0,0,2,3,11
,2022-08917,-104.9140663,39.76356891,3/14/2022 19:48,19:48,6,0,0,LOCUST ST 3200 BLK N & E 33RD AVE,1,3,0,0,1,4,0,0,25,0,0,0,0,0,4,2,3
,2022-08918,-104.9406248,39.7292275,3/15/2022 18:30,18:30,2,0,1,COLORADO BLVD N & 8TH AVE E,1,1,0,0,1,1,0,0,0,1,0,0,0,2,2,1,16
,2022-08922,-104.9884216,39.75347894,3/14/2022 17:34,17:34,12,0,0,22ND ST & ARAPAHOE ST,1,1,0,0,1,1,0,0,30,0,0,0,0,1,4,2,14
,2022-08925,-104.9935766,39.76860129,3/15/2022 17:15,17:15,15,0,0,I-25 & PARK AVE W,1,1,1,0,1,4,0,0,55,0,0,0,0,0,1,3,16
,2022-08926,-105.0049329,39.76124494,3/15/2022 15:19,15:19,15,0,0,20TH ST & I-25,1,1,0,0,1,4,0,0,45,0,0,0,0,0,1,2,13
,2022-09013,-105.0250187,39.68258529,1/21/2022 22:50,22:50,11,1,0,FEDERAL BLVD & W JEWELL AVE,4,3,3,2,1,4,0,0,0,0,1,0,0,4,2,1,16
,2022-09021,-104.9908436,39.71117542,3/16/2022 8:24,8:24,12,0,0,100 BLK W ALAMEDA AVE & S BANNOCK ST,1,1,0,0,1,4,0,0,30,0,0,0,0,0,4,2,13
,2022-09022,-104.8657848,39.76575753,3/16/2022 6:55,6:55,1,0,2,HAVANA ST N & SMITH RD E,1,2,0,0,1,2,0,0,30,0,0,0,0,1,4,2,13
,2022-09023,-104.9952965,39.76911591,3/16/2022 6:19,6:19,3,0,0,W 38TH AVE & N FOX ST,1,1,0,0,1,1,0,0,30,0,0,0,0,0,4,2,16
,2022-09026,-104.9594472,39.68472353,3/16/2022 17:30,17:30,12,0,0,I-25 & UNIVERSITY BLVD S,1,1,0,0,1,4,0,0,55,0,0,0,0,0,1,2,13
,2022-09028,-104.9405453,39.6882868,3/16/2022 14:13,14:13,15,0,0,COLORADO BLVD S & FLORIDA AVE E,1,1,0,0,1,4,0,0,35,0,0,0,0,0,2,2,16
,2022-09029,-104.9958724,39.70833639,3/16/2022 6:23,6:23,15,0,0,SANTA FE DR S & ALAMEDA AVE W,1,3,0,0,1,4,0,0,45,0,0,0,0,0,2,2,11
,2022-09030,-104.9718784,39.74000964,3/16/2022 18:01,18:01,3,0,0,N MARION ST & E COLFAX AVE,11,1,0,1,1,1,0,0,35,0,0,0,0,0,2,2,14
,2022-09040,-104.9999351,39.72570795,3/15/2022 10:50,10:50,15,0,0,W 6TH AVE & N KALAMATH ST,1,1,0,0,1,3,0,0,35,0,0,0,0,0,4,2,16
,2022-09041,-104.9875325,39.70145192,3/15/2022 19:15,19:15,12,0,2,I-25 & BROADWAY ST S,1,1,0,0,1,4,0,0,65,0,0,0,0,1,1,3,3
,2022-09043,-104.9315418,39.73648792,3/16/2022 17:00,17:00,3,0,0,E 13TH AVE & N DAHLIA ST,11,1,0,1,1,1,0,0,30,0,0,0,0,0,4,2,13
,2022-09044,-104.8171792,39.78873708,3/16/2022 11:37,11:37,3,0,0,DURHAM CT & 52 AVE,1,1,0,0,1,1,0,0,25,0,0,0,0,1,4,2,13
,2022-09050,-104.8470297,39.77400525,3/16/2022 6:45,6:45,12,0,1,I-70 EB OFF RAMP SLIP TO & PEORIA ST N,1,3,0,0,1,8,0,0,35,0,0,0,0,1,1,2,11
,2022-09051,-104.978807,39.77942459,3/16/2022 18:57,18:57,12,0,0,I-70 & WASHINGTON ST N,1,3,0,0,1,4,0,0,55,0,0,0,0,0,1,3,16
,2022-09055,-104.8979574,39.71227198,3/16/2022 4:30,4:30,6,0,0,E CEDAR AVE & S SYRACUSE ST,1,4,0,0,1,4,0,0,25,0,0,0,0,0,4,2,16
,2022-09058,-104.9594252,39.68278764,3/15/2022 18:35,18:35,12,0,0,E BUCHTEL BLVD & S UNIVERSITY BLVD,1,1,0,0,1,1,0,0,30,0,0,0,1,0,4,2,1
,2022-09059,-104.9875672,39.67851948,3/10/2022 23:36,23:36,1,0,1,EVANS AVE W & BROADWAY ST S ,2,3,0,0,1,1,0,0,35,0,0,0,0,2,4,3,16
,2022-09063,-104.9280796,39.77933144,3/16/2022 14:28,14:28,12,0,0,I-70 & DAHLIA ST N,1,1,0,0,1,4,0,0,55,0,0,0,0,0,1,2,3
,2022-09067,-105.0451595,39.74380695,3/16/2022 2:00,2:00,6,0,0,1600 BLK N UTICA ST & E 17TH AVE,1,4,0,0,1,4,0,0,25,0,0,0,0,0,4,2,16
,2022-09073,-104.8847318,39.65305387,3/15/2022 20:15,20:15,12,0,1,HAMPDEN AVE E & YOSEMITE ST S,1,3,0,0,1,1,0,0,40,0,0,0,0,2,2,2,11
,2022-09074,-104.9173474,39.652655,3/15/2022 21:26,21:26,5,0,0,I-25 NB OFF RAMP TO  & HAMPDEN AVE E,1,3,1,0,3,8,0,0,60,0,0,0,0,0,1,1,3
,2022-09075,-105.0438656,39.72827379,3/16/2022 5:30,5:30,3,0,0,W 7TH AVE & N TENNYSON ST,1,3,1,0,1,1,0,0,25,0,0,0,0,0,4,3,11
,2022-09076,-104.975266,39.73286349,3/16/2022 11:15,11:15,3,0,0,OGDEN ST N & 1000 BLK N,1,1,0,0,1,2,0,0,25,0,0,0,0,0,4,2,3
,2022-09077,-104.9316086,39.67887532,3/16/2022 6:25,6:25,6,0,0,DAHLIA ST S & EVANS AVE E,1,3,0,1,1,4,0,0,25,0,0,0,0,0,4,2,16
,2022-09078,-104.9965501,39.70665233,3/16/2022 9:03,9:03,12,0,0,SANTA FE DR S & I-25,1,1,0,0,1,1,0,0,40,0,0,0,0,0,2,2,16
,2022-09079,-104.9822382,39.74002949,3/16/2022 10:28,10:28,6,0,0,COLFAX AVE E & LOGAN ST N,1,1,0,0,1,4,0,0,,0,0,0,0,0,2,2,16
,2022-09080,-104.9890234,39.77644701,3/16/2022 6:41,6:41,5,0,0,I-25 NB OFF RAMP & 44TH AVE W,1,2,0,0,3,8,0,0,55,0,0,0,0,0,1,1,3
,2022-09081,-104.7744899,39.78361946,3/16/2022 15:46,15:46,12,0,1,GVR BLVD E & YAMPA ST,1,1,0,0,1,1,0,0,35,0,0,0,0,2,4,2,2
,2022-09086,-104.9934184,39.75365463,3/16/2022 17:49,17:49,1,0,1,20TH ST & MARKET ST,1,1,0,1,1,1,0,0,30,0,0,0,0,3,4,2,11
,2022-09087,-104.9429096,39.72911047,3/16/2022 7:42,7:42,10,0,0,N JACKSON ST & E 8TH AVE,1,1,0,0,1,1,0,0,30,0,0,0,0,0,4,2,14
,2022-09089,-105.0529723,39.78303747,3/11/2022 7:15,7:15,12,0,0,I-70 EB OFF RAMP & SHERIDAN BLVD N,4,1,0,0,1,8,0,0,35,0,0,0,0,0,4,2,16
,2022-09090,-104.9753259,39.74000371,3/16/2022 14:47,14:47,3,0,0,COLFAX AVE E & OGDEN ST N,1,1,0,0,1,1,0,0,35,0,0,0,0,0,2,2,14
,2022-09091,-105.0006422,39.71118438,3/15/2022 12:00,12:00,2,0,0,ALAMEDA AVE W & PLATTE RIVER RD S,1,1,0,0,1,1,0,0,0,1,0,0,0,0,2,1,16
,2022-09092,-104.9129217,39.65302476,3/16/2022 6:59,6:59,12,0,0,HAMPDEN AVE E & MONACO ST S,1,1,0,0,1,4,0,0,40,0,0,0,0,0,2,2,16
,2022-09094,-104.8827688,39.77727111,3/16/2022 6:00,6:00,12,0,0,I-70 & CENTRAL PARK BLVD N,1,3,0,0,1,4,0,0,55,0,0,0,0,0,1,2,16
,2022-09096,-105.0040138,39.76089171,3/16/2022 7:43,7:43,15,0,0,I-25 NB ON RAMP & 20TH ST,1,1,0,0,1,8,0,0,35,0,0,0,0,0,4,2,13
,2022-09097,-104.9251965,39.67846378,3/16/2022 12:50,12:50,14,0,0,S GRAPE ST & E EVANS AVE,1,1,0,0,1,1,0,0,25,0,0,0,0,0,4,2,3
,2022-09099,-104.9875255,39.71478006,3/16/2022 0:53,0:53,12,0,0,E BAYAUD AVE & S BROADWAY ST,1,3,0,0,1,1,0,0,30,0,0,0,0,0,4,2,16
,2022-09101,-104.9687199,39.69840257,3/15/2022 16:30,16:30,12,0,0,E TENNESSEE AVE & S FRANKLIN ST,1,1,0,0,1,1,0,0,25,0,0,0,0,0,4,2,3
,2022-09103,-105.0247166,39.71572476,3/16/2022 14:39,14:39,12,0,0,W ARCHER PL & S FEDERAL BLVD,1,1,1,0,1,4,0,0,25,0,0,0,0,0,4,2,3
,2022-09214,-105.0215234,39.71115037,3/10/2022 16:01,16:01,6,0,0,W ALAMEDA AVE  & S DALE CT ,1,1,3,0,1,3,0,0,25,0,0,0,0,1,4,2,10
,2022-09215,-105.0481669,39.7165936,3/11/2022 3:26,3:26,6,0,0,4800 BLOCK W ELLSWORTH AVE & N XAVIER  ST ,4,3,3,0,1,4,0,0,25,0,0,0,0,0,4,2,14
,2022-09216,-105.0001609,39.71481792,2/12/2022 20:53,20:53,8,0,2,KALAMATH ST N & BAYAUD AVE E ,1,3,3,0,1,3,0,0,40,0,0,0,0,3,4,2,5
,2022-09217,-104.9895508,39.78026028,3/6/2022 20:31,20:31,9,0,0,I-70 WB OFF RAMP LOOP TO  & I-25 SB,4,3,3,2,1,8,0,0,55,0,0,0,0,0,1,1,1
,2022-09218,-104.9405996,39.75104031,3/2/2022 23:00,23:00,3,0,0,COLORADO BLVD N & 23RD AVE E ,1,3,3,0,1,1,0,0,30,0,0,0,0,0,2,2,13
,2022-09219,-105.0165222,39.7513218,2/18/2022 19:45,19:45,12,0,0,I-25 & 23RD AVE W ,1,3,3,0,1,4,0,0,55,0,0,0,0,0,1,4,16
,2022-09220,-105.0109999,39.71118307,3/17/2022 9:57,9:57,12,0,0,W ALAMEDA AVE & S TEJON ST,11,1,0,2,1,3,0,0,30,0,0,0,0,0,4,2,3
,2022-09221,-104.9730168,39.73853855,3/17/2022 8:53,8:53,15,0,0,1400 BLK N DOWNING ST & E 14TH AVE,7,1,0,2,1,4,0,0,30,0,0,0,0,1,4,2,16
,2022-09224,-104.982683,39.7226602,3/17/2022 14:20,14:20,15,0,0,400 BLK E SPEER BLVD & N LOGAN ST,11,1,0,2,1,4,0,0,,0,0,0,0,0,4,2,16
,2022-09225,-105.0126877,39.75536708,3/17/2022 12:25,12:25,12,0,0,I-25 & SPEER BLVD N,11,1,0,2,1,4,0,0,55,0,0,0,0,0,1,2,16
,2022-09226,-105.0252736,39.73800673,3/17/2022 12:24,12:24,3,0,1,FEDERAL BLVD N & 14TH AVE W,4,1,0,4,1,1,0,0,30,0,0,0,0,1,2,2,13
,2022-09227,-105.0155934,39.69313831,3/17/2022 14:25,14:25,3,0,0,ZUNI ST S & LOUISIANA AVE W,11,1,0,0,1,1,0,0,25,0,0,0,0,0,4,2,3
,2022-09231,-105.0095671,39.74514605,3/16/2022 23:00,23:00,10,0,0,N AURARIA PKWY & 7TH AVE,11,3,0,1,1,3,0,0,35,0,0,0,0,0,4,2,14
,2022-09234,-104.9920029,39.73079222,3/16/2022 20:01,20:01,12,0,0,SPEER BLVD & 800 BLK N ,11,3,0,1,1,4,0,0,35,0,0,0,0,0,4,2,13
,2022-09235,-105.0107367,39.69311547,3/17/2022 15:09,15:09,3,0,0,W LOUISIANA AVE & S SHOSHONE ST,11,1,0,0,1,1,0,0,25,0,0,0,0,0,4,2,11
,2022-09236,-104.897422,39.69625559,3/18/2022 12:04,12:04,12,0,0,MISSISSIPPI AVE E & PARKER RD S,1,1,0,0,1,3,0,0,35,0,0,0,0,0,2,2,16
,2022-09242,-104.8804066,39.6540656,3/9/2022 17:08,17:08,6,0,0,E GIRARD AVE & S AKRON ST,9,3,1,2,1,4,0,0,25,0,0,0,0,0,4,3,16
,2022-09245,-105.0017616,39.77052168,3/18/2022 9:17,9:17,15,0,0,LIPAN ST N & 39TH AVE W,14,5,3,7,1,1,0,0,30,0,0,0,0,0,4,2,13
,2022-09248,-104.9980145,39.74002359,3/16/2022 14:12,14:12,15,0,0,SPEER BLVD N & COLFAX AVE W,1,1,0,0,1,1,0,0,30,0,0,0,0,0,2,2,8
,2022-09249,-104.763769,39.78600574,3/18/2022 8:04,8:04,6,0,0,4800 BLOCK N CATHAY CT & N ARGONNE ST,1,1,0,0,1,4,1,0,25,0,1,0,0,0,4,2,3
,2022-09250,-105.0127004,39.75514564,3/17/2022 6:30,6:30,12,0,0,I-25 & SPEER BLVD N,7,2,0,0,1,4,0,0,55,0,0,0,0,0,1,2,13
,2022-09251,-105.0047562,39.76115807,3/17/2022 15:27,15:27,15,0,0,20TH ST & I-25 SB OFF RAMP,1,1,0,0,1,1,0,0,30,0,0,0,0,0,4,2,13
,2022-09252,-104.9485482,39.74014894,3/18/2022 0:27,0:27,6,0,0,COLFAX AVE E & ADAMS ST N,1,3,0,0,1,4,0,0,30,0,0,0,0,0,2,2,1
,2022-09254,-104.9734307,39.67851291,3/18/2022 13:25,13:25,1,0,0,EVANS AVE E & DOWNING ST S,1,1,0,0,1,1,0,0,35,0,0,0,0,0,4,2,13