id,drcog_id,longitude,latitude,crashtime,time,crashtype,numbkilled,numbinjurd,drcoglocat,rdconditin,lightngcon,roadcntgrd,weatherco,location,roaddescrp,schoolzone,constrzone,splimit,bikeinv,pedinv,sctrinv,motoinv,svrty,rdsystem,ttlvehcls,hcf
,2022-09255,-105.0346089,39.79017615,3/16/2022 5:25,5:25,6,0,0,5100 BLK N LOWELL BLVD & W 52ND AVE,1,3,0,0,1,4,0,0,25,0,0,0,0,0,4,2,9
,2022-09258,-104.9404955,39.69294239,3/16/2022 21:54,21:54,12,0,0,LOUISIANA AVE 4000 BLK E & S COLORADO BLVD,11,3,1,3,1,3,0,0,30,0,0,0,0,0,4,2,16
,2022-09259,-105.0484541,39.72578691,3/16/2022 23:20,23:20,5,0,0,6TH AVE W FRONTAGE RD NORTH & WOLFF ST N,7,3,1,2,6,4,0,0,30,0,0,0,0,0,4,1,7
,2022-09262,-104.9875325,39.70145192,3/16/2022 16:30,16:30,12,0,0,BROADWAY ST S & I-25 SB RAMPS,1,1,0,0,1,1,0,0,30,0,0,0,0,0,4,2,3
,2022-09263,-104.7721185,39.80738037,3/16/2022 21:29,21:29,11,0,1,TOWER RD N & 61ST AVE E,11,3,0,1,1,1,0,0,40,0,1,0,0,2,4,1,11
,2022-09264,-104.9406185,39.73469057,3/17/2022 7:34,7:34,1,0,0,COLORADO BLVD N & 12TH AVE E,7,1,0,2,1,1,0,0,30,0,0,0,0,0,2,2,11
,2022-09265,-104.97239,39.73371202,3/16/2022 14:50,14:50,3,0,0,N DOWNING-MARION ALY & E 11TH AVE,1,1,0,0,1,9,0,0,35,0,0,0,0,0,4,2,11
,2022-09266,-104.9873901,39.74000829,3/17/2022 2:25,2:25,5,0,0,COLFAX AVE E & BROADWAY ST N,11,3,0,1,3,4,0,0,35,0,0,0,0,0,2,1,14
,2022-09271,-104.8613319,39.79836354,3/18/2022 7:03,7:03,15,0,0,10900 E 56TH AVE & N JOLIET ST,1,1,0,0,1,4,0,0,45,0,0,0,0,0,4,2,13
,2022-09272,-104.847031,39.77811416,3/17/2022 9:10,9:10,12,0,0,4500 BLK N PEORIA ST & E 45TH AVE,7,1,0,2,1,3,0,0,40,0,0,0,0,0,4,2,7
,2022-09273,-104.9954833,39.7495763,3/15/2022 15:27,15:27,6,0,0,17TH AVE E & LAWRENCE ST,1,1,0,0,1,4,0,0,30,0,0,0,0,0,4,2,16
,2022-09275,-104.9405065,39.7719185,3/18/2022 14:10,14:10,12,0,0,COLORADO BLVD N & 40TH AVE E,1,1,0,0,1,4,0,0,35,0,0,0,0,0,2,3,3
,2022-09277,-104.8846847,39.74753524,1/13/2022 21:32,21:32,12,0,0,N CENTRAL PARK BLVD & E MONTVIEW BLVD,1,3,0,0,1,4,0,0,,0,0,0,0,0,4,2,16
,2022-09278,-105.0089851,39.72176867,3/18/2022 9:24,9:24,12,0,0,I-25 NB EXIT GORE PT TO & 6TH AVE W,1,1,0,0,1,11,0,0,55,0,0,0,0,0,1,2,16
,2022-09280,-105.0442937,39.71417369,3/18/2022 14:18,14:18,1,0,0,100 BLOCK S UTICA ST & S WEIR DR,1,1,3,0,1,1,0,0,25,0,0,0,0,1,4,2,16
,2022-09282,-105.0251004,39.73800989,3/17/2022 16:56,16:56,3,0,0,FEDERAL BLVD N & HOWARD PL W,1,1,1,0,1,1,0,0,35,0,0,0,0,0,2,2,14
,2022-09283,-105.0451385,39.72552655,3/18/2022 19:49,19:49,12,0,0,6TH AVE W & UTICA ST N,1,3,0,0,1,4,0,0,55,0,0,0,0,0,2,2,13
,2022-09284,-104.9916909,39.75228897,3/17/2022 12:32,12:32,3,0,0,20TH ST & LAWRENCE ST,11,1,0,2,1,1,0,0,30,0,0,0,0,0,4,2,13
,2022-09286,-105.0347776,39.63174167,3/1/2022 20:45,20:45,11,0,0,LOWELL BLVD S & UNION AVE W,1,3,0,0,1,4,0,0,30,0,1,0,0,0,4,1,14
,2022-09287,-105.0532332,39.69566272,3/5/2022 21:10,21:10,1,0,0,SHERIDAN BLVD S & ARIZONA AVE W,4,3,0,2,1,2,0,0,,0,0,0,0,0,2,2,16
,2022-09288,-104.9071601,39.65318326,2/28/2022 2:04,2:04,9,0,0,HAMPDEN AVE E & OLEANDER CT S,1,3,0,0,2,4,0,0,45,0,0,0,0,0,2,1,1
,2022-09289,-104.931652,39.78014385,3/18/2022 11:55,11:55,12,0,3,I-70 & DAHLIA ST N,1,1,0,0,1,4,0,0,55,0,0,0,0,1,1,2,16
,2022-09290,-104.9129472,39.67485397,3/18/2022 9:41,9:41,15,0,1,ILIFF AVE E & MONACO ST S,1,1,0,0,1,1,0,0,35,0,0,0,0,1,4,2,13
,2022-09291,-104.9791539,39.77935673,3/18/2022 11:49,11:49,3,0,0,WASHINGTON ST N & I-70 EB OFF RAMP,1,1,0,0,1,1,0,0,40,0,0,0,0,0,1,5,13
,2022-09292,-104.9034157,39.7769077,3/18/2022 18:30,18:30,12,0,1,QUEBEC ST & I-70 EB RAMPS,1,1,1,0,1,3,0,0,40,0,0,0,0,1,4,2,3
,2022-09293,-104.8417024,39.78058134,3/17/2022 12:45,12:45,3,0,0,TULSA CT N & ALBROOK DR E,7,1,0,0,1,2,0,0,35,0,0,0,0,0,4,2,1
,2022-09294,-104.9964123,39.7540175,3/12/2022 21:36,21:36,12,0,0,WAZEE ST & 19TH ST,1,3,0,0,1,1,0,0,25,0,0,0,0,0,4,4,16
,2022-09295,-105.0131441,39.7256068,3/18/2022 11:48,11:48,12,0,1,I-25 & 6TH AVE W,1,1,0,0,1,4,0,0,55,0,0,0,0,1,1,2,13
,2022-09301,-105.0394556,39.72549725,3/17/2022 5:02,5:02,15,0,0,W 6TH AVE & N PERRY ST,8,3,1,2,1,4,0,0,55,0,0,0,0,0,4,2,10
,2022-09304,-104.9916909,39.75228897,3/16/2022 17:40,17:40,3,0,0,LAWRENCE ST & 20TH ST,1,1,0,0,1,1,0,0,35,0,0,0,0,0,4,2,11
,2022-09305,-104.9759329,39.75462367,3/17/2022 14:55,14:55,6,0,0,800 BLK E 26TH AVE & N EMERSON ST,1,1,0,0,1,4,0,0,35,0,0,0,0,0,4,2,11
,2022-09307,-105.0249444,39.78462793,3/16/2022 8:50,8:50,12,0,0,I-70 WB OFF RAMP TO & FEDERAL BLVD N,1,1,0,0,1,8,0,0,30,0,0,0,0,0,1,2,16
,2022-09308,-105.0416723,39.74033549,3/3/2022 18:00,18:00,12,0,0,COLFAX AVE W & RALEIGH ST N,1,2,0,0,1,4,0,0,,0,0,0,0,0,2,2,16
,2022-09311,-105.0427093,39.72483745,3/17/2022 1:00,1:00,6,0,0,STUART ST N & 5TH AVE W,1,4,0,0,1,4,0,0,,0,0,0,0,0,4,2,16
,2022-09313,-104.7863773,39.79838481,3/14/2022 17:12,17:12,12,0,0,PENA BLVD INBOUND & E 56TH AVE,1,1,0,0,1,3,0,0,35,0,0,0,0,1,4,2,16
,2022-09314,-104.9369726,39.72922819,3/17/2022 6:13,6:13,6,0,0,4300 BLK E 8TH AVE & N BELLAIRE ST,4,3,0,2,1,4,0,0,30,0,0,0,0,0,4,2,1
,2022-09316,-105.0250485,39.69128019,3/7/2022 19:29,19:29,11,0,1,FEDERAL BLVD S & ARKANSAS AVE W,1,3,0,0,1,4,0,0,0,0,1,0,0,3,2,1,16
,2022-09318,-105.0251018,39.74395064,2/21/2022 9:58,9:58,14,0,0,DICK CONNOR AVE W & FEDERAL BLVD N,1,1,1,0,1,4,0,0,30,0,0,0,0,0,4,2,16
,2022-09319,-104.8952446,39.73870128,3/17/2022 7:38,7:38,3,0,0,E 14TH AVE & N TAMARAC ST,7,1,0,2,1,1,0,0,30,0,0,0,0,0,4,2,13
,2022-09324,-104.99889,39.71119349,3/18/2022 21:41,21:41,12,0,1,I-25 & SANTA FE DR S,1,3,0,0,1,4,0,0,,0,0,0,0,2,1,3,1
,2022-09325,-105.0252211,39.78751957,3/18/2022 13:41,13:41,15,0,0,FEDERAL BLVD N & 50TH AVE W,1,1,0,0,1,4,0,0,45,0,0,0,0,0,2,2,13
,2022-09326,-105.02261,39.68589341,3/19/2022 1:47,1:47,15,0,0,MEXICO AVE W & 2700 BLK W,1,4,0,0,1,4,0,0,,0,0,0,0,0,4,2,16
,2022-09327,-104.9822398,39.76365464,3/19/2022 0:50,0:50,3,0,0,BLAKE ST & 30TH ST,1,3,0,0,1,1,0,0,35,0,0,0,0,0,4,2,16
,2022-09333,-104.9337605,39.67845081,3/18/2022 19:32,19:32,12,0,0,I-25 NB ON RAMP FROM & EVANS AVE E,1,3,0,0,1,8,0,0,20,0,0,0,0,0,1,2,11
,2022-09334,-104.9991195,39.71120695,3/18/2022 20:00,20:00,12,0,1,I-25 & ALAMEDA AVE W,1,3,0,0,1,4,0,0,55,0,0,0,0,1,1,4,16
,2022-09339,-104.9270798,39.75656051,3/6/2022 12:00,12:00,6,0,0,28TH AVE E & N FOREST ST,1,2,0,0,1,3,0,0,20,0,0,0,0,0,4,2,16
,2022-09340,-104.9025336,39.76737975,3/18/2022 7:45,7:45,10,0,0,QUEBEC ST N & 36TH AVE E,1,1,0,0,1,1,0,0,40,0,0,0,0,0,4,2,8
,2022-09341,-104.9733329,39.69000474,3/19/2022 12:44,12:44,12,0,0,I-25 & DOWNING ST S,1,1,0,0,1,4,0,0,65,0,0,0,0,0,1,2,16
,2022-09345,-104.9799108,39.7400086,3/18/2022 23:10,23:10,12,0,0,COLFAX AVE E & PEARL ST N,1,3,0,0,1,1,0,0,,0,0,0,0,0,2,2,16
,2022-09346,-104.9826267,39.71708066,3/19/2022 2:06,2:06,6,0,0,LOGAN ST N & ELLSWORTH VE E,1,3,0,0,3,4,0,0,,0,0,0,0,0,4,2,16
,2022-09350,-104.9934184,39.75365463,3/16/2022 22:39,22:39,11,0,1,20TH ST & MARKET ST,9,3,0,2,1,1,0,0,30,0,1,0,0,1,4,1,11
,2022-09357,-104.9846032,39.78560119,3/16/2022 21:41,21:41,6,0,0,SHERMAN PL N & 4900 BLK N,11,3,0,1,1,4,0,0,25,0,0,0,0,0,4,2,16
,2022-09358,-105.0532117,39.6821566,3/19/2022 13:25,13:25,12,0,1,SHERIDAN BLVD S & JEWELL AVE W,1,1,0,0,1,4,0,0,40,0,0,0,1,2,2,2,16
,2022-09359,-105.0008041,39.75473353,3/18/2022 22:25,22:25,11,0,1,WEWATTA ST & 18TH ST,1,3,0,0,2,2,0,0,0,0,0,1,0,3,4,1,16
,2022-09361,-104.8387346,39.77347549,3/17/2022 18:38,18:38,12,0,4,I-70 & PEORIA ST N,1,1,0,0,1,4,0,0,55,0,0,0,0,3,1,2,3
,2022-09363,-104.9859914,39.73045035,3/19/2022 6:26,6:26,6,0,0,100 BLK E 9TH AVE & LINCOLN ST.,1,1,0,0,1,4,0,0,30,0,0,0,0,0,4,3,8
,2022-09364,-105.0396992,39.71118371,3/18/2022 21:47,21:47,1,0,0,ALAMEDA AVE W & PERRY ST S,1,3,0,0,1,1,0,0,35,0,0,0,0,0,2,3,13
,2022-09368,-104.8203548,39.78262715,3/18/2022 12:16,12:16,6,0,0,4910 N DURHAM CT & E BOLLING DR,1,1,0,0,1,4,0,0,25,0,0,0,0,0,4,2,3
,2022-09369,-105.0914034,39.61577792,3/18/2022 9:26,9:26,12,0,0,WADSWORTH BLVD S & CROSS DR W,1,1,3,0,1,4,0,0,40,0,0,0,0,0,2,2,7
,2022-09370,-105.05776,39.6754235,3/17/2022 22:00,22:00,6,0,0,5600 BLOCK W WARREN AVE & S DEPEW ST,1,3,0,0,1,4,0,0,25,0,0,0,0,0,4,2,1
,2022-09377,-105.0372905,39.72579144,3/18/2022 13:45,13:45,5,0,2,N NEWTON ST & W 6TH AVE,1,1,0,0,4,1,0,0,30,0,0,0,0,2,4,1,14
,2022-09379,-105.014381,39.76444454,3/18/2022 22:13,22:13,6,0,0,34TH AVE W & VALLEJO ST N,1,3,0,0,1,4,0,0,25,0,0,0,0,0,4,6,14
,2022-09380,-104.8706238,39.70797339,3/11/2022 23:55,23:55,6,0,0,400 BLOCK S FULTON ST & E VIRGINIA AVE,1,3,0,0,1,4,0,0,30,0,0,0,0,0,4,2,16
,2022-09382,-104.9025336,39.76737975,3/17/2022 17:41,17:41,15,0,0,36TH AVE E & QUEBEC ST N,1,1,0,0,1,1,0,0,,0,0,0,0,0,4,2,16
,2022-09384,-105.000558,39.7468129,3/17/2022 23:19,23:19,6,0,0,19TH ST & 1200 BL,1,3,0,0,1,4,0,0,30,0,0,0,0,0,4,2,16
,2022-09385,-105.0055488,39.76685127,3/18/2022 7:51,7:51,6,0,1,36TH AVE W & OSAGE ST N,1,1,0,0,1,4,0,0,25,0,0,0,0,2,4,2,16
,2022-09388,-104.996635,39.70788899,3/18/2022 23:35,23:35,15,0,0,I-25 NB ON RAMP LOOP FROM & SANTA FE DR S,1,3,0,0,1,8,0,0,40,0,0,0,0,0,1,2,16
,2022-09394,-104.9176669,39.65294419,3/18/2022 20:26,20:26,12,0,1,I-25 NB OFF RAMP TO  & HAMPDEN AVE E,1,3,1,0,1,8,0,0,35,0,0,0,0,1,1,2,10
,2022-09397,-104.9622353,39.7399798,3/17/2022 22:03,22:03,6,0,0,COLFAX AVE E & VINE ST N,11,3,3,0,1,4,0,0,,0,0,0,0,0,2,2,16
,2022-09496,-104.9874131,39.73843188,3/12/2022 14:06,14:06,12,0,0,W 14TH AVE & N BROADWAY ST,1,1,3,0,1,3,0,0,30,0,0,0,0,0,4,2,16
,2022-09497,-105.0456859,39.7802419,1/14/2022 12:05,12:05,15,0,0,46TH AVE W & 900 BLK W,1,1,3,0,1,4,0,0,35,0,0,0,0,0,4,2,14
,2022-09498,-105.053281,39.71828045,2/25/2022 0:26,0:26,12,0,0,SHERIDAN BLVD N & 1ST AVE W,1,3,3,0,1,3,0,0,35,0,0,0,0,0,2,2,16
,2022-09499,-105.0362126,39.708798,3/11/2022 20:16,20:16,12,0,1,S MEADE ST & MORRISON RD,1,1,3,0,1,1,0,0,35,0,0,0,0,2,4,2,13
,2022-09518,-104.847035,39.77108653,3/19/2022 12:54,12:54,15,0,0,N PEORIA ST & E 39TH AVE,1,1,0,0,1,1,0,0,35,0,0,0,0,1,4,2,13
,2022-09520,-104.9406248,39.7292275,3/2/2022 21:31,21:31,12,0,0,COLORADO BLVD N & 8TH AVE E,1,3,0,0,1,1,0,0,35,0,0,0,0,0,2,2,16
,2022-09523,-104.8454343,39.78461924,3/19/2022 17:18,17:18,6,0,0,4800 N QUENTIN ST & N PEORIA ST / E ANDREWS DR,1,1,0,0,1,4,0,0,25,0,0,0,0,0,4,2,16
,2022-09543,-104.9874125,39.73413668,3/11/2022 14:15,14:15,12,0,0,N BROADWAY ST & E 11TH AVE,1,1,0,0,1,3,0,0,30,0,0,0,0,0,4,3,12
,2022-09546,-104.9764867,39.74617967,3/12/2022 15:31,15:31,12,0,0,PARK AVE & E 19TH AVE,1,1,0,0,1,4,0,0,35,0,0,0,0,0,4,2,16
,2022-09547,-105.0345717,39.78375855,3/20/2022 0:17,0:17,3,0,0,W 48TH AVE & N LOWELL BLVD,1,3,0,0,1,1,0,0,30,0,0,0,0,0,4,2,3
,2022-09548,-105.0455793,39.70219953,3/18/2022 1:00,1:00,6,0,0,OHIO AVE W & MORRISON RD,1,3,0,0,1,3,0,0,,0,0,0,0,0,4,2,16
,2022-09549,-104.9796506,39.72143317,1/23/2022 0:03,0:03,5,0,1,E SPEER BLVD & N PEARL ST,1,3,0,0,3,4,0,0,30,0,0,0,0,2,4,1,1
,2022-09551,-104.9593931,39.67850818,3/9/2022 11:25,11:25,12,0,0,S UNIVERSITY BLVD (NOT CDOT) & E EVANS AVE,1,1,0,0,1,1,0,0,35,0,0,0,0,0,4,3,14
,2022-09563,-104.9034577,39.73723705,3/17/2022 12:50,12:50,12,0,0,1200 BLK N QUEBEC ST & E 13TH AVE,14,1,1,2,1,1,0,0,30,0,0,0,0,0,4,2,13
,2022-09569,-105.0228008,39.66232956,3/19/2022 6:30,6:30,6,0,0,DECATUR ST S & CORNELL AVE W,1,1,3,0,1,4,0,0,,0,0,0,0,0,4,2,16
,2022-09582,-104.9634227,39.7383964,3/19/2022 22:12,22:12,6,0,0,2000 BLK E 14TH AVE & N RACE ST,14,5,0,7,1,4,0,0,30,0,0,0,0,0,4,2,16
,2022-09583,-104.8453667,39.77958268,2/22/2022 14:20,14:20,15,0,0,46TH AVE E & PEORIA ST N,11,1,0,2,1,4,0,0,,0,0,0,0,0,4,2,16
,2022-09585,-105.0347704,39.63240965,3/9/2022 10:01,10:01,6,0,0,3600 BLK W UNION AVE & S LOWELL BLVD,1,1,1,0,1,1,0,0,25,0,0,0,0,0,4,2,16
,2022-09587,-105.0158686,39.76928819,3/6/2022 1:25,1:25,12,0,0,ZUNI ST N & W 38TH AVE,9,3,0,2,1,4,0,0,,0,0,0,0,0,4,2,16
,2022-09594,-104.9783713,39.73841938,3/19/2022 20:30,20:30,8,0,0,700 BLK E 14TH AVE & WASHINGTON ST,1,4,0,7,1,14,0,0,,0,0,0,0,1,4,2,14
,2022-09595,-104.9405114,39.76180251,3/19/2022 16:33,16:33,1,0,0,COLORADO BLVD N & MLK BLVD E,1,1,0,0,1,1,0,0,35,0,0,0,0,0,2,2,11
,2022-09596,-105.0493474,39.71660688,3/12/2022 22:18,22:18,6,0,0,4800 BLK W ELLSWORTH AVE & N XAVIER ST,1,3,0,0,1,4,0,0,25,0,0,0,0,0,4,2,16
,2022-09604,-105.0251112,39.66771796,3/20/2022 0:22,0:22,12,0,1,FEDERAL BLVD S & YALE AVE W,1,3,0,0,1,1,0,0,35,0,0,0,0,2,2,2,14
,2022-09626,-104.9593922,39.67039065,2/20/2022 9:54,9:54,6,0,0,UNIVERSITY BLVD S & HARVARD AVE E,1,1,0,0,1,4,0,0,30,0,0,0,0,0,4,2,11
,2022-09627,-104.9222661,39.67847173,3/19/2022 23:28,23:28,8,0,1,S HOLLY ST & E EVANS AVE,1,3,0,0,1,1,0,0,35,0,0,0,0,2,4,2,16
,2022-09629,-104.8730602,39.67472791,3/19/2022 16:06,16:06,12,0,0,9700 BLK E ILIFF AVE & S DAYTON WAY,1,1,0,0,1,4,0,0,35,0,0,0,0,0,4,2,3
,2022-09638,-104.9852753,39.70571232,2/22/2022 12:27,12:27,6,0,0,E CENTER AVE & S SHERMAN ST,11,1,0,0,1,3,0,0,25,0,0,0,0,0,4,2,16
,2022-09640,-104.9407855,39.72564105,3/19/2022 23:07,23:07,12,0,0,N COLORADO BLVD & E 6TH AVE,1,3,0,0,1,4,0,0,30,0,0,0,0,0,4,2,14
,2022-09642,-104.8470297,39.77400525,3/18/2022 0:45,0:45,3,0,1,PEORIA ST N & I-70 EB OFF RAMP,1,3,0,0,1,1,0,0,35,0,0,0,0,1,4,2,16
,2022-09646,-104.9518464,39.718022,2/25/2022 8:26,8:26,15,0,0,E 1ST AVE & N MILWAUKEE ST,1,1,0,0,1,4,0,0,30,0,0,0,0,0,4,2,16
,2022-09647,-104.9495363,39.77998856,3/20/2022 17:31,17:31,3,0,0,VASQUEZ BLVD N & 46TH AVE E,1,1,0,0,1,1,0,0,30,0,0,0,0,0,2,2,14
,2022-09649,-104.9498693,39.72254536,3/19/2022 20:54,20:54,6,0,0,E 4TH AVE & N STEELE ST,1,3,0,0,3,3,0,0,25,0,0,0,0,0,4,2,16
,2022-09684,-105.0275198,39.70492273,3/19/2022 22:50,22:50,6,0,0,HAZEL CT S & 600 BLK S,1,3,0,0,1,4,0,0,20,0,0,0,0,0,4,2,16
,2022-09686,-104.9810814,39.73838971,3/14/2022 0:50,0:50,6,0,0,N PENNSYLVANIA ST & E 14TH AVE,1,3,0,0,1,4,0,0,30,0,0,0,0,0,4,2,16
,2022-09689,-105.0043198,39.76094363,3/20/2022 3:03,3:03,1,0,1,20TH ST & I-25 SB ON RAMP,1,3,0,0,1,1,0,0,35,0,0,0,0,1,1,2,16
,2022-09690,-104.926137,39.74006458,3/12/2022 17:44,17:44,15,0,0,COLFAX AVE E & GLENCOE ST N,1,2,0,0,1,4,0,0,35,0,0,0,0,0,2,2,16
,2022-09812,-105.0299562,39.76833882,2/26/2022 15:12,15:12,3,0,0,CLYDE PL W & IRVING ST N,1,1,0,0,1,1,0,0,,0,0,0,0,0,4,2,16
,2022-09813,-104.9034577,39.73714642,3/18/2022 13:31,13:31,12,0,0,N QUEBEC ST & E 13TH AVE,1,1,0,0,1,4,0,0,25,0,0,0,0,0,4,2,3
,2022-09814,-104.9827227,39.69742292,3/18/2022 16:38,16:38,12,0,2,I-25 & LOGAN ST S,1,1,0,0,1,4,0,0,55,0,0,0,0,1,1,2,3
,2022-09815,-104.9964723,39.73686262,3/20/2022 11:09,11:09,3,0,0,N SPEER BLVD & W 13TH AVE,1,1,0,0,1,1,0,0,35,0,0,0,0,0,4,2,12
,2022-09819,-105.0345727,39.78344353,3/18/2022 13:19,13:19,15,0,0,I-70 & LOWELL BLVD N,1,1,0,0,1,4,0,0,55,0,0,0,0,0,1,2,13
,2022-09821,-104.9129147,39.65309321,3/20/2022 21:55,21:55,15,0,0,MONACO ST S & HAMPDEN AVE E,1,3,0,0,1,4,0,0,35,0,0,0,0,0,4,2,3
,2022-09822,-104.9671664,39.77987417,3/18/2022 15:45,15:45,6,0,0,I-70 EB OFF RAMP TO & BRIGHTON BLVD N,1,1,0,0,3,8,0,0,,0,0,0,0,0,1,2,16
,2022-09826,-105.0043198,39.76094363,3/18/2022 14:46,14:46,12,0,1,I-25 & 20TH ST,1,1,0,0,1,4,0,0,55,0,0,0,0,1,1,2,13
,2022-09828,-105.0127078,39.75512692,3/21/2022 7:53,7:53,15,0,0,I-25 & SPEER BLVD N,1,1,0,1,1,4,0,0,55,0,0,0,0,0,1,3,16
,2022-09834,-105.0533234,39.72435906,3/21/2022 5:58,5:58,12,0,0,SHERIDAN BLVD N & 5TH AVE W,11,3,0,0,1,4,0,0,35,0,0,0,0,0,2,2,13
,2022-09836,-104.978539,39.73202839,3/20/2022 10:30,10:30,6,0,0,10TH AVE E & WASHINGTON ST N,1,1,0,0,1,4,0,0,30,0,0,0,0,0,4,2,14
,2022-09837,-104.8470297,39.77400525,3/19/2022 19:33,19:33,15,0,0,I-70 & PEORIA ST N,1,4,1,0,1,14,0,0,55,0,0,0,0,0,1,3,16
,2022-09839,-104.7905734,39.77282797,3/20/2022 15:15,15:15,3,0,0,40TH & PENA INBOUND,1,1,0,0,1,3,0,0,40,0,0,0,0,0,4,2,2
,2022-09840,-104.884652,39.74196851,3/20/2022 2:30,2:30,5,0,0,YOSEMITE ST & 16THE AVE E,1,4,0,0,3,1,0,0,30,0,0,0,0,0,4,1,14
,2022-09844,-104.8932061,39.6334344,2/14/2022 22:25,22:25,12,0,0,S DTC BLVD & E TUFTS AVE,1,4,0,0,1,4,0,0,35,0,0,0,0,0,4,2,16
,2022-09848,-105.0001569,39.73401856,3/20/2022 7:55,7:55,6,0,0,KALAMATH ST N & 11TH AVE W,1,1,0,1,1,4,0,0,30,0,0,0,0,0,4,2,16
,2022-09856,-105.0251691,39.73298246,3/20/2022 22:01,22:01,3,0,0,FEDERAL BLVD N & 10TH AVE W,1,3,0,0,1,1,0,0,35,0,0,0,0,0,2,2,13
,2022-09858,-105.0533083,39.72422307,3/21/2022 5:58,5:58,12,0,0,SHERIDAN BLVD N & 5TH AVE W,11,3,0,0,1,4,0,0,35,0,0,0,0,0,2,2,11
,2022-09862,-105.0533234,39.72435906,3/21/2022 5:58,5:58,12,0,0,SHERIDAN BLVD N & 5TH AVE W,11,3,0,0,1,4,0,0,35,0,0,0,0,0,2,2,11
,2022-09863,-105.0062733,39.71118378,1/29/2022 11:19,11:19,3,0,0,ALAMEDA AVE W & PECOS ST S,1,1,0,0,1,1,0,0,35,0,0,0,0,0,2,2,16
,2022-09864,-104.8753735,39.708898,1/14/2022 11:14,11:14,1,1,1,E ALAMEDA AVE & S DAYTON ST,1,1,0,0,1,1,0,0,35,0,0,0,0,4,4,3,16
,2022-09870,-105.0045599,39.74659353,2/8/2022 7:22,7:22,5,0,0,WALNUT ST & 11TH ST,1,1,0,0,3,1,0,0,15,0,0,0,0,0,4,1,8
,2022-09871,-104.9895508,39.78026028,3/18/2022 14:18,14:18,12,0,1,I-70 WB OFF RAMP LOOP TO  & I-25 SB,1,1,0,0,1,8,0,0,,0,0,0,0,1,1,2,16
,2022-09872,-105.0871876,39.62995872,3/21/2022 14:46,14:46,14,0,2,LAYTON AVE W & WADSWORTH WY S,1,1,0,0,1,3,0,0,25,0,0,0,0,1,4,3,1
,2022-09878,-104.9733797,39.70353242,3/20/2022 16:50,16:50,6,0,0,700 BLK S DOWNING ST & E. EXPOSITION AVE,1,1,0,0,1,4,0,0,,0,0,0,0,0,4,2,16
,2022-09879,-105.0167809,39.75128884,3/21/2022 9:50,9:50,12,0,0,I-25 & 23RD AVE W,11,1,0,2,1,4,0,0,55,0,0,0,0,0,1,3,1
,2022-09882,-104.9090961,39.65303403,3/21/2022 10:18,10:18,1,0,2,HAMPDEN AVE E & ONEIDA WY S,11,1,0,2,1,1,0,0,40,0,0,0,0,1,2,4,16
,2022-09883,-105.0440136,39.74019621,2/25/2022 17:23,17:23,6,0,0,TENNYSON ST N & COLFAX AVE W,1,1,0,0,1,2,0,0,25,0,0,0,0,0,4,2,16
,2022-09884,-104.8406341,39.77345711,3/20/2022 15:44,15:44,15,0,0,I-70 & MM 281.90,1,1,0,0,1,4,0,0,55,0,0,0,0,0,1,2,11
,2022-09886,-104.9769075,39.76509221,3/20/2022 0:54,0:54,3,0,0,33RD ST & LARIMER ST,1,3,0,0,1,1,0,0,30,0,0,0,0,0,4,2,1
,2022-09892,-105.0351012,39.66263861,3/10/2022 10:23,10:23,6,0,0,LOWELL BLVD 2900 BLK & W BATES AVE,4,1,1,0,1,4,0,0,25,0,0,0,0,0,4,2,16
,2022-09904,-104.9918825,39.69666007,3/21/2022 5:57,5:57,1,0,0,MISSISSIPPI AVE E & SANTA FE DR S,11,2,0,1,1,1,0,0,35,0,0,0,0,0,2,2,11
,2022-09906,-104.9223321,39.69042359,3/18/2022 16:30,16:30,12,0,1,1400 BLK S HOLLY ST & E EVANS AVE,1,1,0,0,1,4,0,0,30,0,0,0,1,2,4,2,16
,2022-09910,-104.9895499,39.78406139,3/8/2022 16:50,16:50,15,0,0,I-25 & 48TH AVE W,1,1,1,0,1,4,0,0,55,0,0,0,0,0,1,2,16
,2022-09911,-104.8928655,39.73967227,3/6/2022 3:30,3:30,6,0,0,UINTA ST N & E COLFAX AVE,9,4,0,2,1,4,0,0,25,0,0,0,0,1,4,3,16
,2022-09912,-104.9499275,39.71466215,3/19/2022 16:48,16:48,15,0,0,BAYAUD AVE E & STEELE ST S,1,1,3,0,1,1,0,0,,0,0,0,0,0,4,2,16
,2022-09914,-105.0300169,39.71763501,3/19/2022 23:19,23:19,6,0,0,N IRVING ST & W 1ST AVE,1,3,0,0,1,4,0,0,25,0,0,0,0,0,4,4,16
,2022-09983,-104.9987668,39.75789228,3/22/2022 2:03,2:03,6,0,0,20TH ST & CHESTNUT PL,1,3,1,0,1,4,0,0,35,0,0,0,0,0,4,2,14
,2022-09985,-104.9129217,39.65302476,3/21/2022 11:50,11:50,3,0,1,HAMPDEN AVE E & MONACO ST S,11,1,0,0,1,1,0,0,40,0,0,0,0,1,2,2,3
,2022-09986,-104.7744698,39.78178424,3/21/2022 22:55,22:55,3,0,0,N YAMPA ST & E 47TH AVE,1,3,0,0,1,1,0,0,30,0,0,0,0,0,4,2,3