id,drcog_id,longitude,latitude,crashtime,time,crashtype,numbkilled,numbinjurd,drcoglocat,rdconditin,lightngcon,roadcntgrd,weatherco,location,roaddescrp,schoolzone,constrzone,splimit,bikeinv,pedinv,sctrinv,motoinv,svrty,rdsystem,ttlvehcls,hcf
,2022-09987,-104.9216923,39.70473826,3/22/2022 1:50,1:50,6,0,1,S HOLLY ST & E GILL PL,1,3,0,0,1,1,0,0,30,0,0,0,0,2,4,2,16
,2022-09988,-105.0003846,39.7680518,3/21/2022 18:30,18:30,6,0,0,37TH AVE 1000 BLK W & N KALAMATH ST,1,4,0,0,1,4,0,0,25,0,0,0,0,0,4,2,2
,2022-09989,-104.9659949,39.73919356,3/21/2022 15:15,15:15,6,0,0,WILLIAMS ST N & 1400 BLK N,1,1,0,0,1,4,0,0,,0,0,0,0,0,4,2,16
,2022-09991,-104.7640536,39.76978447,3/22/2022 11:00,11:00,6,0,0,19104 E 39TH AVE & E 39TH PL,1,1,0,0,1,4,0,0,15,0,0,0,0,0,4,2,16
,2022-09992,-104.9842992,39.76705782,3/21/2022 13:30,13:30,6,0,0,ARKINS CT & 31ST ST,1,1,0,0,1,4,0,0,25,0,0,0,0,0,4,2,16
,2022-09993,-104.7485396,39.78013199,3/21/2022 8:20,8:20,6,0,0,47TH AVE E & JEBEL ST N,11,1,0,2,1,4,0,0,25,0,0,0,0,0,4,2,3
,2022-09994,-104.8657287,39.77562189,3/22/2022 5:36,5:36,12,0,0,I-70 & HAVANA ST N,1,2,0,7,1,4,0,0,55,0,0,0,0,0,1,2,1
,2022-09995,-104.7155396,39.83201434,3/20/2022 6:05,6:05,10,0,0,E 75TH AVE & GUN CLUB RD,1,3,1,0,1,3,0,0,40,0,0,0,0,0,4,2,8
,2022-09998,-104.9978068,39.74580565,3/22/2022 11:55,11:55,15,0,0,1000 BLK 14TH ST & ARAPAHOE ST,1,1,0,0,1,4,0,0,30,0,0,0,0,0,4,2,8
,2022-09999,-104.9880284,39.74571399,3/21/2022 16:19,16:19,3,0,0,18TH ST & GLENARM PL,1,1,0,0,1,1,0,0,30,0,0,0,0,0,4,2,13
,2022-10003,-104.7715333,39.83348325,3/21/2022 9:15,9:15,12,0,0,PENA BLVD & TOWER RD N,11,1,0,2,1,4,0,0,45,0,0,0,0,0,4,2,1
,2022-10007,-104.9933177,39.67845081,3/21/2022 15:30,15:30,12,0,0,SANTA FE DR S & EVANS AVE W,11,1,0,0,1,1,0,0,45,0,0,0,0,0,2,3,3
,2022-10008,-104.9966588,39.73367976,3/21/2022 13:48,13:48,15,0,0,W 11TH AVE & N GALAPAGO ST,1,1,0,0,1,4,0,0,25,0,0,0,0,0,4,2,1
,2022-10009,-104.992036,39.75067007,3/22/2022 7:55,7:55,3,0,0,19TH ST & ARAPAHOE ST,1,1,0,0,1,1,0,0,30,0,0,0,0,0,4,2,11
,2022-10011,-105.0131182,39.72551753,3/22/2022 14:49,14:49,12,0,0,I-25 & 6TH AVE W,1,1,1,0,1,4,0,0,55,0,0,0,0,0,1,2,7
,2022-10012,-104.9826146,39.72249865,3/22/2022 9:19,9:19,12,0,0,N LOGAN ST & E SPEER BLVD,1,1,0,0,1,3,0,0,25,0,0,0,0,0,4,2,11
,2022-10013,-104.8657544,39.77868612,3/18/2022 14:44,14:44,3,0,2,HAVANA ST N & 45TH AVE E,1,1,0,0,1,1,0,0,40,0,0,0,0,1,4,2,13
,2022-10018,-104.9707807,39.73687205,3/19/2022 17:48,17:48,6,0,0,E 13TH AVE & N LAFAYETTE ST,1,1,0,0,1,4,0,0,45,0,0,0,0,0,4,3,14
,2022-10029,-104.9864688,39.7482416,3/21/2022 11:30,11:30,3,0,0,WELTON ST & 20TH ST,11,1,1,2,1,1,0,0,30,0,0,0,0,0,4,2,16
,2022-10030,-105.0532234,39.65616407,3/22/2022 13:05,13:05,1,0,0,SHERIDAN BLVD S & DARTMOUTH AVE W,1,1,0,0,1,1,0,0,40,0,0,0,0,0,2,2,11
,2022-10031,-104.940096,39.67846283,3/22/2022 10:28,10:28,10,0,0,E EVANS AVE & S COLORADO BLVD,1,1,0,0,1,2,0,0,35,0,0,0,0,0,4,2,10
,2022-10032,-104.8827688,39.77727111,3/22/2022 8:10,8:10,12,0,0,I-70 & CENTRAL PARK BLVD N,1,1,0,0,1,4,0,0,55,0,0,0,0,0,1,2,7
,2022-10033,-104.9895508,39.78026028,3/13/2022 21:00,21:00,15,0,0,I-70 WB OFF RAMP LOOP TO  & I-25 SB,1,3,0,0,1,8,0,0,55,0,0,0,0,0,1,2,16
,2022-10034,-104.9864688,39.7482416,3/20/2022 16:36,16:36,8,0,0,20TH ST & WELTON ST,1,1,0,0,1,1,0,0,30,0,0,0,0,1,4,2,11
,2022-10035,-104.9933503,39.74429839,3/21/2022 19:35,19:35,15,0,0,CALIFORNIA ST & 15TH ST,1,3,0,0,1,4,0,0,30,0,0,0,0,0,4,2,13
,2022-10036,-104.9988093,39.75217605,3/21/2022 18:00,18:00,15,0,0,17TH ST & WAZEE ST,1,1,0,0,1,1,0,0,25,0,0,0,0,0,4,2,3
,2022-10037,-104.9495075,39.72560869,3/22/2022 10:55,10:55,10,0,0,E 6TH AVE (NOT CDOT) & N STEELE ST,1,1,0,0,1,1,0,0,35,0,0,0,0,0,4,2,11
,2022-10038,-104.9787358,39.74167128,3/21/2022 19:30,19:30,3,0,0,E 16TH AVE & N WASHINGTON ST,1,3,0,0,1,1,0,0,25,0,0,0,0,1,4,2,13
,2022-10039,-105.0064273,39.78326345,3/22/2022 15:13,15:13,5,0,0,I-70 WB OFF RAMP EXIT GORE PT TO  & PECOS ST N,1,1,0,0,2,8,0,0,55,0,0,0,0,0,1,2,1
,2022-10040,-104.9863239,39.71297459,3/22/2022 15:28,15:28,10,0,0,S LINCOLN ST & E CEDAR AVE,1,1,0,0,1,1,0,0,30,0,0,0,0,1,4,2,14
,2022-10041,-104.9984511,39.72890551,3/18/2022 8:05,8:05,12,0,0,900 BLK W 8TH AVE & N SANTA FE DR,1,1,0,1,1,4,0,0,30,0,0,0,0,0,4,3,16
,2022-10043,-104.9034032,39.75478094,3/22/2022 12:14,12:14,15,0,0,2500 BLK N QUEBEC ST & E 25TH AVE,1,1,0,0,1,4,0,0,30,0,0,0,0,1,4,2,7
,2022-10044,-104.9101095,39.63837112,3/17/2022 1:06,1:06,15,0,0,I-225 NB ON RAMP LOOP FROM & I-25 SB,7,3,1,2,1,8,0,0,65,0,0,0,0,0,1,2,7
,2022-10045,-105.0252204,39.76215958,3/22/2022 10:07,10:07,12,0,1,FEDERAL BLVD N & 32ND AVE W,1,1,0,0,1,4,0,0,35,0,0,0,0,1,2,2,13
,2022-10046,-104.9659949,39.73919356,3/22/2022 7:41,7:41,6,0,0,WILLIAMS ST & 1400 N ,1,1,0,0,1,4,0,0,30,0,0,0,0,0,4,2,16
,2022-10167,-105.0017679,39.67306348,2/23/2022 15:15,15:15,5,0,0,W WESLEY AVE & S LIPAN ST,4,1,3,0,4,1,0,0,25,0,0,0,0,0,4,1,1
,2022-10168,-104.9980044,39.73526801,3/13/2022 15:17,15:17,12,0,0,900 BLK W 12TH AVE & N SANTA FE DR,1,1,3,0,1,4,0,0,25,0,0,0,0,0,4,2,13
,2022-10169,-105.0131182,39.72551753,3/12/2022 19:10,19:10,15,0,1,HWY 6 EB CONNECT TO  & I-25 NB/SB ON RAMP SPLIT,1,3,3,0,1,8,0,0,65,0,0,0,0,1,2,2,13
,2022-10170,-104.9029079,39.75996713,2/27/2022 2:00,2:00,5,0,0,QUEBEC ST N & E 29TH DR,1,3,3,0,2,4,0,0,35,0,0,0,0,0,4,1,1
,2022-10171,-104.9643862,39.73682107,3/20/2022 8:22,8:22,6,0,0,13TH AVE & 1900 BLK E ,1,1,3,0,1,4,0,0,,0,0,0,0,0,4,3,16
,2022-10172,-104.9931366,39.75523434,3/18/2022 1:37,1:37,12,0,0,21ST ST & BLAKE ST,1,3,3,0,1,4,0,0,30,0,0,0,0,0,4,3,5
,2022-10173,-104.9752898,39.73653523,3/23/2022 9:53,9:53,6,0,0,OGDEN ST N & 13TH AVE E,1,1,0,1,1,4,0,0,25,0,0,0,0,0,4,2,16
,2022-10174,-105.0159214,39.68951388,3/23/2022 7:20,7:20,12,0,0,W FLORIDA AVE & S ZUNI ST,1,1,1,0,1,3,0,0,30,0,0,0,0,0,4,2,11
,2022-10175,-104.9752369,39.74000387,3/23/2022 16:22,16:22,12,0,0,COLFAX AVE E & OGDEN ST N,1,1,0,0,1,3,0,0,30,0,0,0,0,0,2,2,13
,2022-10177,-104.7721185,39.80736664,3/17/2022 10:00,10:00,12,0,2,TOWER RD N & 61ST AVE E,7,1,0,0,1,1,0,0,,0,0,0,0,2,4,1,16
,2022-10178,-104.9416982,39.76986356,3/22/2022 15:02,15:02,6,0,0,HARRISON ST N & 3800 BLK N,1,1,0,0,1,4,0,0,25,0,0,0,0,0,4,4,6
,2022-10182,-105.0015154,39.69670577,3/22/2022 17:00,17:00,12,0,0,W MISSISSIPPI AVE & S LIPAN ST,1,1,0,0,1,1,0,0,30,0,0,0,0,0,4,2,3
,2022-10183,-105.0145187,39.71117741,3/22/2022 18:00,18:00,3,0,0,S YUMA ST & W ALAMEDA AVE,1,1,0,0,1,1,0,0,25,0,0,0,0,0,4,2,3
,2022-10185,-105.0260537,39.6822631,3/23/2022 7:55,7:55,15,0,0,3000 BLK W JEWELL AVE & S GROVE ST,1,1,0,1,1,4,0,0,30,0,0,0,0,0,4,2,13
,2022-10186,-105.0164904,39.73691432,3/23/2022 10:10,10:10,6,0,0,13TH AVE W & ZUNI ST N,1,1,0,0,1,4,0,1,30,0,0,0,0,0,4,2,13
,2022-10187,-104.8470302,39.77419185,3/22/2022 12:50,12:50,12,0,0,PEORIA ST N & I-70 WB RAMPS,1,1,0,0,1,4,0,0,35,0,0,0,0,0,4,3,16
,2022-10189,-104.9919397,39.68757244,3/23/2022 12:33,12:33,1,0,0,SANTA FE DR S & IOWA AVE W,1,1,0,0,1,1,0,1,40,0,0,0,0,0,2,2,8
,2022-10191,-104.9803874,39.7144549,3/21/2022 11:37,11:37,15,0,0,100 BLK S PEARL ST & E BAYAUD AVE,11,1,0,0,1,4,0,0,25,0,0,0,0,0,4,2,1
,2022-10193,-104.9873643,39.72563884,3/12/2022 14:52,14:52,12,0,0,W 6TH AVE & N BROADWAY ST,1,1,0,0,1,4,0,0,30,0,0,0,0,0,4,2,14
,2022-10197,-105.0062733,39.71118378,3/23/2022 7:43,7:43,12,0,0,W ALAMEDA AVE & S PECOS ST,1,1,0,0,1,3,0,0,30,0,0,0,0,0,4,2,3
,2022-10201,-105.0111985,39.72558354,3/21/2022 7:50,7:50,15,0,0,6TH AVE & I-25 NB OFF RAMP,11,1,0,1,1,14,0,0,55,0,0,0,0,0,4,2,16
,2022-10202,-104.9828383,39.71154909,3/23/2022 0:30,0:30,6,0,1,200 BLK S LOGAN ST & E. ALAMEDA AVE,1,3,0,0,1,4,0,0,30,0,0,0,0,2,4,3,16
,2022-10204,-104.9040538,39.63879144,3/23/2022 7:52,7:52,3,0,0,EASTMOOR DR E & QUINCY AVE E,1,1,0,0,1,1,0,0,30,0,0,0,0,0,4,2,14
,2022-10210,-105.0064273,39.78326345,3/23/2022 14:33,14:33,3,0,0,PECOS ST N & I-70 WB OFF RAMP,1,1,0,0,1,6,0,0,20,0,0,0,0,0,1,2,13
,2022-10211,-104.9936691,39.7534598,3/20/2022 20:55,20:55,12,0,0,1900 BLK MARKET ST & 20TH ST,1,3,0,0,1,4,0,0,25,0,0,0,0,0,4,2,16
,2022-10214,-104.9405114,39.76180251,3/23/2022 17:49,17:49,1,0,0,COLORADO BLVD N & MLK BLVD E,1,1,0,7,1,1,0,0,35,0,0,0,0,0,2,2,11
,2022-10215,-105.0156902,39.69676353,3/23/2022 6:25,6:25,3,0,0,ZUNI ST S & MISSISSIPPI AVE W,1,2,0,0,1,1,0,0,25,0,0,0,0,0,4,2,1
,2022-10216,-105.0093004,39.72216891,3/23/2022 13:05,13:05,12,0,0,I-25 NB OFF RAMP TO  & 6TH AVE W,1,1,1,0,1,8,0,0,55,0,0,0,0,0,1,2,1
,2022-10217,-104.898733,39.65427539,3/22/2022 21:00,21:00,11,0,1,GIRARD AVE E & TAMARAC DR S,1,3,0,0,1,1,0,0,25,0,1,0,0,1,4,1,3
,2022-10219,-104.9406312,39.67876771,3/23/2022 6:25,6:25,15,0,0,COLORADO BLVD S & EVANS AVE E,1,2,0,0,1,4,0,0,35,0,0,0,0,0,2,2,11
,2022-10222,-104.8987254,39.65307764,3/22/2022 15:50,15:50,1,0,0,HAMPDEN AVE E & TAMARAC DR S,1,1,0,0,1,1,0,0,40,0,0,0,0,0,2,2,13
,2022-10239,-104.9406169,39.70205471,3/22/2022 14:00,14:00,12,0,0,COLORADO BLVD S & OHIO AVE E,1,1,0,0,1,1,0,0,35,0,0,0,0,0,2,3,3
,2022-10241,-104.959387,39.68052756,3/22/2022 21:44,21:44,15,0,0,UNIVERSITY BLVD S & ASBURY AVE E,1,3,0,0,1,4,0,0,30,0,0,0,0,0,4,2,16
,2022-10242,-105.0062574,39.7148245,3/23/2022 8:02,8:02,10,0,0,W BAYAUD AVE & S PECOS ST,1,1,0,0,1,1,0,0,30,0,0,0,0,0,4,2,1
,2022-10244,-104.7013199,39.83802611,3/21/2022 22:45,22:45,12,0,0,24000 BLK E 78TH AVE & JACKSON GAP,1,3,0,0,1,4,0,0,35,0,0,0,0,0,4,2,8
,2022-10246,-105.0131182,39.72551753,3/23/2022 14:57,14:57,12,0,1,I-25 & 6TH AVE W,1,1,1,0,1,4,0,0,55,0,0,0,0,2,1,4,3
,2022-10248,-105.0229069,39.76928744,3/23/2022 12:05,12:05,12,0,0,38TH AVE W & ELIOT ST N,1,1,0,0,1,3,0,0,,0,0,0,0,0,4,2,16
,2022-10249,-104.9410064,39.67844604,3/22/2022 20:10,20:10,12,0,0,3900 E EVANS AVE & S COLORADO BL,1,3,0,0,1,3,0,0,35,0,0,0,0,1,4,2,13
,2022-10254,-105.023778,39.6967351,3/23/2022 7:15,7:15,12,0,1,2900 BLK W MISSISSIPPI AVE & S ELIOT ST,1,1,0,0,1,1,0,0,30,0,0,0,0,2,4,2,11
,2022-10256,-105.0346945,39.67859644,3/23/2022 7:37,7:37,12,0,0,3600 BLK W EVANS AVE & S LOWELL BLVD,1,1,0,1,1,4,0,0,30,0,0,0,0,0,4,2,16
,2022-10259,-104.9791463,39.7797555,3/23/2022 12:26,12:26,12,0,0,I-70 & WASHINGTON ST N,1,1,0,0,1,13,0,0,55,0,0,0,0,0,1,2,13
,2022-10260,-105.0220286,39.75240765,3/23/2022 0:00,0:00,6,0,0,24TH AVE W & DECATUR ST N,1,3,0,0,1,4,0,0,25,0,0,0,0,0,4,2,16
,2022-10266,-105.0066112,39.75132255,3/22/2022 23:37,23:37,12,0,0,1900 BLK N SPEER BLVD & N ZUNI ST,1,3,0,0,1,4,0,0,35,0,0,0,0,0,4,2,13
,2022-10267,-104.9209801,39.67846025,3/22/2022 12:00,12:00,6,0,0,EVANS AVE E & IVANHOE ST S,1,1,0,0,1,1,0,0,30,0,0,0,0,0,4,2,3
,2022-10297,-104.9965605,39.70666643,3/23/2022 16:00,16:00,15,0,0,I-25 NB ENT GORE PT FROM & SANTA FE DR S,1,1,0,0,1,14,0,0,65,0,0,0,0,0,1,2,1
,2022-10298,-105.0816994,39.62982054,3/24/2022 8:02,8:02,15,0,0,WADSWORTH BLVD S & LAYTON AVE W,1,1,0,1,1,4,0,0,45,0,0,0,0,0,2,2,13
,2022-10299,-105.0346048,39.74395243,3/23/2022 8:56,8:56,3,0,0,W 17TH AVE & N LOWELL BLVD,1,1,0,0,1,1,0,0,25,0,0,0,0,0,4,2,10
,2022-10300,-104.9910461,39.75549023,3/24/2022 10:48,10:48,3,0,0,22ND ST & MARKET ST,1,1,0,0,1,1,0,0,25,0,0,0,0,1,4,2,16
,2022-10301,-105.0252321,39.76324421,3/24/2022 16:46,16:46,12,0,0,FEDERAL BLVD N & 33RD AVE W,1,1,0,0,1,4,0,0,35,0,0,0,0,0,2,2,3
,2022-10304,-104.9124339,39.74007936,3/23/2022 8:22,8:22,12,0,0,COLFAX AVE E & MONACO PKWY SB,1,1,0,0,1,1,0,0,35,0,0,0,0,0,2,2,16
,2022-10305,-104.9874803,39.6911686,3/23/2022 15:00,15:00,6,0,0,ARKANSAS AVE E & BROADWAY ST S,1,1,0,0,1,1,0,0,,0,0,0,0,0,4,2,16
,2022-10306,-104.991992,39.74265036,3/25/2022 6:15,6:15,6,0,0,1400 BLK GLENARM PL & 15TH ST,1,2,0,0,1,4,0,0,25,0,0,0,0,0,4,2,3
,2022-10308,-105.0351995,39.69309768,3/24/2022 19:06,19:06,6,0,0,3600 BLK W LOUISIANA AVE & S MEADE ST,1,4,0,0,1,4,0,0,25,0,0,0,0,0,4,3,1
,2022-10309,-104.995148,39.75499351,3/24/2022 22:33,22:33,11,0,0,20TH ST & WAZEE ST,1,3,3,0,1,1,0,0,0,0,0,1,0,0,4,2,16
,2022-10312,-105.029681,39.7404185,3/25/2022 14:08,14:08,12,0,0,COLFAX AVE W & 3200 BLK W,1,1,0,0,1,4,0,0,35,0,0,0,0,0,2,2,13
,2022-10313,-104.8470454,39.77483638,3/25/2022 14:05,14:05,15,0,0,PEORIA ST N & I-70 WB ON RAMP,1,1,0,0,1,1,0,0,,0,0,0,0,0,4,2,16
,2022-10314,-104.882818,39.78234193,3/24/2022 15:20,15:20,1,0,1,CENTRAL PARK BLVD N & 47TH AVE E,1,1,0,0,1,1,0,0,,0,0,0,0,1,4,2,13
,2022-10315,-104.9888411,39.73511174,3/24/2022 10:45,10:45,6,0,0,1100 BLK N ACOMA ST & E 12TH AVE,1,1,0,0,1,4,0,0,,0,0,0,0,0,4,2,16
,2022-10319,-104.9670454,39.77989217,3/25/2022 11:56,11:56,12,0,0,I-70 & BRIGHTON BLVD N,1,1,0,0,1,4,0,0,55,0,0,0,0,0,1,3,13
,2022-10321,-104.9597858,39.71818875,3/25/2022 13:36,13:36,12,0,0,E 1ST AVE & N UNIVERSITY BLVD,1,1,0,0,1,4,0,0,30,0,0,0,0,0,4,2,16
,2022-10326,-104.9405105,39.71465531,3/25/2022 6:13,6:13,12,0,0,LEETSDALE DR & COLORADO BLVD S,1,2,0,0,1,3,0,0,30,0,0,0,0,0,2,2,16
,2022-10327,-105.025149,39.72933001,3/23/2022 14:50,14:50,15,0,0,6TH AVE W & FEDERAL BLVD N,1,1,0,0,1,4,0,0,55,0,0,0,0,0,2,2,11
,2022-10328,-104.8951613,39.65307876,3/24/2022 7:14,7:14,12,0,0,HAMPDEN AVE E & TAMARAC DR S,1,1,1,0,1,4,0,0,45,0,0,0,0,0,2,2,11
,2022-10329,-104.9005448,39.75501441,3/24/2022 8:50,8:50,15,0,0,N ROSLYN ST & E 26TH AVE,1,1,0,0,1,4,0,0,25,0,0,0,0,0,4,2,13
,2022-10330,-104.9405232,39.75884253,3/24/2022 10:15,10:15,12,0,0,COLORADO BLVD N & 29TH AVE E,1,1,0,0,1,4,0,0,35,0,0,0,0,0,2,2,13
,2022-10338,-104.9923983,39.71118394,3/24/2022 7:30,7:30,3,0,1,CHEROKEE ST S & ALAMEDA AVE W,1,1,0,0,1,1,0,0,,0,0,0,0,2,4,2,16
,2022-10340,-104.8931855,39.63340553,3/23/2022 7:21,7:21,1,0,1,DTC BLVD S & TUFTS AVE E,1,1,0,0,1,1,0,0,35,0,0,0,0,1,4,2,16
,2022-10343,-104.9407856,39.72559985,3/23/2022 8:00,8:00,3,0,0,COLORADO BLVD & E 6TH AVE,1,1,0,0,1,1,0,0,35,0,0,0,0,0,4,2,10
,2022-10344,-104.9876497,39.76498714,3/19/2022 10:51,10:51,6,0,0,2800 BLK DELGANY ST & 29TH ST,1,1,0,0,1,4,0,0,25,0,0,0,0,0,4,2,13
,2022-10345,-104.995998,39.67843468,3/24/2022 13:42,13:42,12,0,0,W EVANS AVE & S GALAPAGO ST,1,1,1,0,1,4,0,0,35,0,0,0,0,0,4,2,16
,2022-10346,-104.8955365,39.65307862,3/24/2022 7:15,7:15,12,0,0,HAMPDEN AVE E & TAMARAC DR S,1,1,1,0,1,4,0,0,45,0,0,0,0,0,2,2,11
,2022-10347,-104.9903152,39.73999858,3/23/2022 13:00,13:00,15,0,0,COLFAX AVE W & BANNOCK ST N,1,1,0,0,1,1,0,0,25,0,0,0,0,0,2,2,3
,2022-10348,-104.8470297,39.77400525,3/23/2022 16:53,16:53,12,0,1,I-70 EB OFF RAMP SLIP TO  & PEORIA ST N,1,1,0,0,1,8,0,0,30,0,0,0,0,1,1,2,11
,2022-10349,-105.001885,39.75967221,3/23/2022 22:48,22:48,12,0,0,2000 BLK 20TH ST & 20TH ST / LITTLE RAVEN ST,1,3,0,7,1,14,0,0,30,0,0,0,0,0,4,2,7
,2022-10350,-105.0139411,39.74036804,3/24/2022 15:27,15:27,12,0,0,I-25 & COLFAX AVE W,1,1,0,0,1,4,0,0,55,0,0,0,0,0,1,2,13
,2022-10355,-105.0532788,39.78356097,3/18/2022 12:25,12:25,12,0,1,SHERIDAN BLVD N & 48TH AVE W,1,1,0,0,1,4,0,0,35,0,0,0,0,1,2,2,13
,2022-10356,-104.9405475,39.69121668,3/24/2022 15:57,15:57,12,0,0,COLORADO BLVD S & ARKANSAS AVE E,1,1,1,0,1,3,0,0,35,0,0,0,0,0,2,2,13
,2022-10357,-104.9888419,39.77995864,3/24/2022 7:40,7:40,15,0,0,I-70 & I-25,1,1,0,0,1,4,0,0,55,0,0,0,0,0,1,2,11
,2022-10359,-104.8605781,39.66028135,3/23/2022 8:23,8:23,3,0,0,DARTMOUTH AVE E & KENTON ST S,1,1,0,0,1,2,0,0,35,0,0,0,0,0,4,2,16
,2022-10360,-104.9407876,39.72411251,3/22/2022 15:30,15:30,12,0,0,COLORADO BLVD N & 5TH AVE W,1,1,0,0,1,1,0,0,,0,0,0,0,0,2,3,16
,2022-10361,-104.9791539,39.77935673,3/24/2022 8:55,8:55,12,0,0,I-70 EB OFF RAMP SLIP TO & WASHINGTON ST N,1,1,0,0,1,8,0,0,40,0,0,0,0,0,1,2,13
,2022-10362,-104.917637,39.7781851,3/23/2022 13:58,13:58,15,0,1,I-70 EB ENT GORE PT FROM & HOLLY ST N,1,1,0,0,1,14,0,0,55,0,0,0,0,2,1,2,16
,2022-10363,-104.912755,39.77820065,3/23/2022 20:45,20:45,12,0,0,I-70 & QUEBEC ST N,1,3,0,0,1,4,0,0,55,0,0,0,0,0,1,2,11
,2022-10364,-104.9836191,39.73684363,3/23/2022 14:00,14:00,10,0,0,E 13TH AVE & N GRANT ST,1,1,0,0,1,1,0,0,30,0,0,0,0,0,4,2,3
,2022-10365,-104.982595,39.76203307,3/23/2022 16:28,16:28,3,0,0,WALNUT ST & 29TH ST,1,1,0,0,1,1,0,0,30,0,0,0,0,0,4,2,14
,2022-10366,-104.7979599,39.78378637,3/24/2022 7:15,7:15,3,0,0,E GVR BLVD & N MEMPHIS ST,1,1,0,0,1,1,0,0,40,0,0,0,0,0,4,2,11
,2022-10368,-104.7590057,39.77838616,3/22/2022 11:30,11:30,6,0,0,FLANDERS WY N & SCOTT PL E,1,1,0,0,1,4,0,0,25,0,0,0,0,0,4,4,1
,2022-10369,-105.0251716,39.71123825,3/24/2022 13:56,13:56,12,0,0,FEDERAL BLVD S & ALAMEDA AVE W,1,1,1,0,1,3,0,0,40,0,0,0,0,0,2,2,16
,2022-10370,-104.9565177,39.67659939,3/24/2022 13:00,13:00,3,0,0,COLUMBINE ST S & WARREN AVE E,1,1,0,0,1,1,0,0,25,0,0,0,0,0,4,2,13
,2022-10371,-104.9613507,39.72910918,3/23/2022 12:00,12:00,15,0,0,E 8TH AVE & N GAYLORD ST,1,1,0,0,1,1,0,0,30,0,0,0,0,0,4,2,3
,2022-10373,-104.9337605,39.67845081,3/24/2022 11:42,11:42,12,0,1,I-25 NB ON RAMP FROM & EVANS AVE E,1,1,1,0,1,8,0,0,30,0,0,0,0,2,4,2,16
,2022-10382,-104.908766,39.62419815,3/24/2022 19:45,19:45,12,0,0,BELLEVIEW AVE 6700 BLK E  & S NIAGARA ST,1,3,0,7,1,4,0,0,40,0,0,0,0,0,4,3,3
,2022-10383,-104.9741655,39.7685637,3/25/2022 9:55,9:55,3,0,0,36TH ST & WALNUT ST,1,1,0,0,1,1,0,0,25,0,0,0,0,0,4,2,11
,2022-10384,-105.0033455,39.74846118,3/25/2022 8:25,8:25,15,0,0,AURARIA PKWY & N SPEER BLVD,1,1,0,0,1,1,0,0,35,0,0,0,0,0,4,2,13
,2022-10385,-104.9873883,39.74376995,3/25/2022 14:50,14:50,15,0,0,BROADWAY ST N & 17TH ST,1,1,0,0,1,4,0,0,35,0,0,0,0,0,4,2,11
,2022-10387,-104.9998963,39.74594726,3/25/2022 12:00,12:00,10,0,0,LAWRENCE ST & SPEER BLVD N,1,1,0,0,1,1,0,0,35,0,0,0,0,0,4,2,8
,2022-10389,-104.9845228,39.72563206,3/24/2022 16:00,16:00,15,0,0,200 BLK E 6TH AVE & N SHERMAN ST,1,5,0,0,1,4,0,0,35,0,0,0,0,0,4,2,8
,2022-10390,-104.9594352,39.72082021,3/25/2022 14:02,14:02,15,0,0,N UNIVERSITY BLVD & E 3RD AVE,1,1,0,0,1,4,0,0,30,0,0,0,0,0,4,2,16
,2022-10391,-104.9406123,39.74007431,3/24/2022 20:22,20:22,12,0,0,COLFAX AVE E & COLORADO BLVD N,1,3,0,0,1,1,0,0,40,0,0,0,0,0,2,2,13
,2022-10392,-105.0251716,39.71123825,3/24/2022 21:15,21:15,12,0,0,W ALAMEDA AVE & S FEDERAL BLVD,1,3,0,0,1,3,0,0,35,0,0,0,0,0,4,2,13
,2022-10393,-105.0250847,39.7004053,3/25/2022 8:58,8:58,12,0,2,FEDERAL BLVD S & KENTUCKY AVE,1,3,0,0,1,3,0,0,40,0,0,0,0,2,2,3,14
,2022-10394,-104.9593288,39.69839718,3/24/2022 19:14,19:14,1,0,0,S UNIVERSITY BLVD & E TENNESSEE AVE,1,2,0,0,1,1,0,0,30,0,0,0,0,1,4,3,13
,2022-10395,-104.9722429,39.6823497,3/25/2022 8:02,8:02,6,0,0,1800 BLK S MARION ST & E JEWELL AVE,1,5,0,7,1,4,0,0,,0,0,0,0,0,4,2,16
,2022-10396,-104.9730122,39.73881102,3/24/2022 9:40,9:40,11,0,1,DOWNING ST N & 1400 BLK N,1,1,0,0,1,9,0,0,0,0,0,1,0,1,4,1,16
,2022-10397,-104.9524151,39.7620705,3/24/2022 17:30,17:30,6,0,0,3400 BLK N MILWAUKEE ST & E 35TH AVE,1,1,0,0,1,4,0,0,,0,0,0,0,0,4,2,16
,2022-10404,-105.0532099,39.7403237,3/25/2022 13:21,13:21,15,0,0,SHERIDAN BLVD N & COLFAX AVE W,1,1,0,0,1,1,0,0,,0,0,0,0,0,2,2,16
,2022-10410,-105.0252327,39.76329913,3/24/2022 15:52,15:52,12,0,0,N FEDERAL BLVD & W 33RD AVE,1,1,0,0,1,3,0,0,35,0,0,0,0,0,4,2,13
,2022-10411,-104.9405009,39.76445591,3/24/2022 17:41,17:41,3,0,0,COLORADO BLVD N & BRUCE RANDOLPH AVE E,1,1,0,0,1,1,0,0,35,0,0,0,0,0,2,2,13
,2022-10413,-104.8904569,39.76731943,3/26/2022 13:00,13:00,15,0,0,E 36TH AVE & N CENTRAL PARK BLVD,1,1,0,0,1,4,0,0,35,0,0,0,0,0,4,2,13
,2022-10414,-104.9875017,39.71657574,3/25/2022 16:15,16:15,15,0,0,BROADWAY ST N & ELLSWORTH AVE W,1,1,0,0,1,4,0,0,,0,0,0,0,0,4,2,16