id,drcog_id,longitude,latitude,crashtime,time,crashtype,numbkilled,numbinjurd,drcoglocat,rdconditin,lightngcon,roadcntgrd,weatherco,location,roaddescrp,schoolzone,constrzone,splimit,bikeinv,pedinv,sctrinv,motoinv,svrty,rdsystem,ttlvehcls,hcf
,2022-10417,-104.8716741,39.65469857,3/26/2022 12:46,12:46,9,0,0,GIRARD AVE E & FLORENCE ST S,1,1,0,0,1,2,0,0,25,0,1,0,0,0,4,1,13
,2022-10422,-104.9405106,39.77290992,3/24/2022 13:00,13:00,12,0,0,COLORADO BLVD N & 40TH AVE E,1,1,0,0,1,1,0,0,35,0,0,0,0,0,2,2,13
,2022-10423,-104.8417024,39.78058134,3/26/2022 20:25,20:25,3,0,2,N TULSA CT & E ALBROOK DR,1,3,0,0,1,1,0,0,30,0,0,0,0,2,4,2,1
,2022-10424,-104.9009829,39.62400888,3/26/2022 11:00,11:00,15,0,0,I-25 NB ON RAMP FROM & BELLEVIEW AVE E,1,1,0,0,1,8,0,0,65,0,0,0,0,0,1,2,16
,2022-10425,-104.9122561,39.74007954,3/26/2022 16:24,16:24,12,0,1,COLFAX AVE E & MONACO ST NB,1,1,0,0,1,3,0,0,30,0,0,0,0,2,2,2,11
,2022-10427,-105.0572274,39.67548273,3/25/2022 20:39,20:39,6,0,0,2100 BLK S DEPEW ST & W WARREN AVE,1,3,0,0,1,4,0,0,25,0,0,0,0,0,4,2,16
,2022-10428,-105.0000592,39.74004799,3/26/2022 17:33,17:33,3,0,0,COLFAX AVE W & KALAMATH ST N,1,1,0,0,1,1,0,0,30,0,0,0,0,0,2,2,8
,2022-10429,-105.0089851,39.72176867,3/25/2022 13:35,13:35,12,0,0,I-25 NB EXIT GORE PT TO & 6TH AVE W,1,1,1,0,1,11,0,0,45,0,0,0,0,0,1,2,7
,2022-10437,-104.9947099,39.76090758,3/26/2022 15:53,15:53,1,0,1,PARK AVE W & FOX ST,1,1,0,0,1,1,0,0,35,0,0,0,0,3,4,2,13
,2022-10438,-104.9919873,39.74130953,3/23/2022 13:38,13:38,2,0,1,14TH ST & TREMONT PL,1,1,0,0,1,1,0,0,25,1,0,0,0,1,4,1,16
,2022-10441,-104.77206,39.79253669,3/23/2022 9:20,9:20,12,0,0,N TOWER RD & N TOWER RD,1,1,0,0,1,4,0,0,25,0,0,0,0,0,4,3,11
,2022-10443,-105.0252054,39.78561197,3/25/2022 20:37,20:37,3,0,1,FEDERAL BLVD N & 49TH AVE W,1,3,0,0,1,1,0,0,25,0,0,0,0,1,2,2,13
,2022-10447,-105.0220788,39.75482936,3/25/2022 15:40,15:40,1,0,0,W 26TH AVE & N DECATUR ST,1,1,0,0,1,1,0,0,30,0,0,0,0,0,4,2,16
,2022-10448,-105.0531453,39.72539592,3/25/2022 21:56,21:56,12,0,0,SHERIDAN BLVD S & HWY 6 EB ON RAMP,1,3,0,0,1,1,0,0,,0,0,0,0,0,2,2,16
,2022-10453,-105.0139596,39.74044224,3/24/2022 23:13,23:13,12,0,3,COLFAX AVE W & I-25 NB OFF RAMP,1,3,0,0,1,1,0,0,40,0,0,0,0,1,1,2,16
,2022-10457,-104.9216426,39.70386467,3/26/2022 14:57,14:57,3,0,0,S HOLLY ST & E EXPOSITION AVE,1,1,0,0,1,1,0,0,35,0,0,0,0,0,4,2,11
,2022-10458,-104.7472136,39.7786783,3/26/2022 17:24,17:24,11,0,0,45TH AVE E & LISBON ST N,1,1,0,0,1,4,0,0,0,0,1,0,0,0,4,1,16
,2022-10459,-104.900516,39.75932632,3/20/2022 2:10,2:10,6,0,0,E 29TH DR & N ROSLYN ST,1,3,0,0,1,4,0,0,30,0,0,0,0,0,4,2,16
,2022-10474,-105.0532598,39.71333216,3/24/2022 19:34,19:34,12,0,1,SHERIDAN BLVD S & CEDAR AVE W,1,3,0,0,1,1,0,0,45,0,0,0,0,2,2,2,16
,2022-10548,-105.0126877,39.75536708,3/25/2022 17:58,17:58,15,0,0,I-25  & SPEER BLVD N,1,1,0,0,1,13,0,0,55,0,0,0,0,0,1,2,13
,2022-10551,-104.9875455,39.6839661,3/27/2022 3:49,3:49,5,0,0,BROADWAY ST S & COLORADO AVE E,1,3,0,0,2,1,0,0,30,0,0,0,0,0,4,1,2
,2022-10552,-105.0334254,39.7402763,3/26/2022 13:48,13:48,1,0,0,N KING ST & W COLFAX AVE,1,1,0,0,1,1,0,0,25,0,0,0,0,0,4,2,16
,2022-10556,-105.0250605,39.68949117,3/26/2022 22:51,22:51,15,0,0,FEDERAL BLVD S & FLORIDA AVE W,1,3,0,0,1,1,0,0,35,0,0,0,0,0,2,2,1
,2022-10558,-104.9965949,39.68930784,3/27/2022 7:44,7:44,3,0,0,W FLORIDA AVE & S PLATTE RIVER DR,1,1,3,0,1,1,0,0,30,0,0,0,0,0,4,2,1
,2022-10561,-104.9439734,39.74013839,3/25/2022 10:12,10:12,12,0,0,COLFAX AVE E & GARFIELD ST N,1,1,0,0,1,1,0,0,35,0,0,0,0,0,2,3,13
,2022-10562,-105.0394912,39.72454563,3/26/2022 19:34,19:34,6,0,0,4000 BLK W 5TH AVE & N PERRY ST,1,4,0,0,1,1,0,0,,0,0,0,0,0,4,2,16
,2022-10565,-104.9597773,39.74168703,3/26/2022 15:47,15:47,12,0,0,N YORK ST & E 16TH AVE,1,5,3,7,1,4,0,0,30,0,0,0,0,0,4,2,13
,2022-10576,-104.9953336,39.74945884,3/26/2022 22:10,22:10,15,0,0,17TH ST & LAWRENCE ST,1,3,0,0,1,1,0,0,30,0,0,0,0,0,4,2,16
,2022-10591,-105.0126877,39.75536708,3/25/2022 19:15,19:15,12,0,0,I-25 & SPEER BLVD N,1,2,0,0,1,4,0,0,55,0,0,0,0,0,1,2,13
,2022-10594,-104.9405461,39.68932218,3/26/2022 8:56,8:56,15,0,1,E FLORIDA AVE & S COLORADO BLVD,1,1,0,0,1,1,0,0,40,0,0,0,0,2,4,5,11
,2022-10595,-104.9862613,39.72564692,3/25/2022 19:43,19:43,11,0,1,LINCOLN ST N & SPEER BLVD E,1,3,0,0,1,1,0,0,30,0,0,1,0,3,4,1,16
,2022-10616,-104.9622353,39.7399798,3/25/2022 19:00,19:00,11,0,1,COLFAX AVE E & VINE ST N,1,2,0,0,1,4,0,0,0,0,1,0,0,3,2,1,16
,2022-10628,-105.0150499,39.72932217,3/25/2022 22:14,22:14,15,0,0,I-25 & 8TH AVE W,1,3,0,0,1,4,0,0,55,0,0,0,0,0,1,2,16
,2022-10631,-104.7863773,39.79838481,3/27/2022 10:26,10:26,5,0,1,56TH & PENA BLVD,1,1,0,0,3,4,0,0,65,0,0,0,0,1,4,1,10
,2022-10658,-104.941824,39.73639734,3/27/2022 1:35,1:35,6,0,0,N HARRISON ST & E 13TH AVE,1,3,0,0,1,4,0,0,25,0,0,0,0,0,4,4,16
,2022-10684,-104.8098793,39.7731883,3/28/2022 14:59,14:59,3,0,0,E 40TH AVE & N CHAMBERS RD,1,1,0,0,1,1,0,0,40,0,0,0,0,0,4,2,3
,2022-10687,-104.9128062,39.77402297,3/28/2022 6:10,6:10,10,0,0,MONACO ST N & 42ND AVE E,1,3,3,0,1,1,0,0,35,0,0,0,0,0,4,3,16
,2022-10689,-104.7655425,39.77527373,3/27/2022 23:39,23:39,6,0,0,E MITCHELL PL & N BISCAY ST,1,3,0,0,1,4,0,0,25,0,0,0,0,0,4,2,1
,2022-10701,-104.9524049,39.76866351,3/17/2022 17:22,17:22,6,0,0,3700 BLOCK N MILWAUKEE ST & N MILWAUKEE ST,1,2,0,0,1,4,0,0,,0,0,0,0,0,4,2,14
,2022-10705,-104.7751,39.77799238,3/28/2022 15:56,15:56,6,0,1,18250 BLK E 45TH AVE & N WALDEN CT,1,1,0,0,1,4,0,0,25,0,0,0,0,1,4,2,2
,2022-10712,-104.9846388,39.779721,3/28/2022 9:11,9:11,9,0,1,I-70 & I-25,1,1,1,0,1,4,0,0,55,0,0,0,0,1,1,1,13
,2022-10715,-105.0064435,39.76442878,3/26/2022 0:56,0:56,6,0,0,W 34TH AVE & N PECOS ST,1,3,0,0,1,4,0,0,30,0,0,0,0,0,4,4,3
,2022-10716,-104.9998749,39.7419339,3/26/2022 19:56,19:56,3,0,0,KALAMATH ST N & SPEER BLVD N,1,3,0,0,1,14,0,0,25,0,0,0,0,0,4,2,13
,2022-10717,-104.7767619,39.83177401,3/28/2022 8:43,8:43,15,0,0,7400 BLK PENA BLVD INBOUND & N TOWER RD,1,1,0,0,1,4,0,0,65,0,0,0,0,0,4,2,1
,2022-10718,-105.0532128,39.73848372,3/28/2022 15:23,15:23,1,0,0,SHERIDAN BLVD & 14TH AVE W,1,1,0,0,1,1,0,0,35,0,0,0,0,0,2,2,13
,2022-10719,-104.9991495,39.6966933,3/28/2022 7:03,7:03,3,0,0,W MISSISSIPPI AVE & S JASON ST,1,1,0,1,1,1,0,0,30,0,0,0,0,0,4,2,16
,2022-10720,-105.0509176,39.77825366,3/27/2022 16:05,16:05,6,0,0,4400 BLK N YATES ST & W 45TH AVE,1,1,0,0,1,4,0,0,25,0,0,0,0,0,4,2,1
,2022-10721,-105.0096062,39.76322311,3/26/2022 20:32,20:32,3,0,0,W 33RD AVE & N SHOSHONE ST,1,4,1,0,1,1,0,0,25,0,0,0,0,0,4,2,8
,2022-10722,-105.0015227,39.69892505,3/23/2022 8:16,8:16,3,0,0,KENTUCKY AVE W & LIPAN ST S,1,1,0,0,1,1,0,0,25,0,0,0,0,0,4,7,16
,2022-10723,-105.0052346,39.74014355,3/28/2022 8:09,8:09,3,0,2,COLFAX AVE W & OSAGE ST N,1,1,0,0,1,1,0,0,35,0,0,0,0,1,2,2,1
,2022-10724,-105.0049533,39.75008687,3/27/2022 13:00,13:00,11,0,0,CHOPPER CIR & SPEER BLVD N,1,1,0,0,1,1,0,0,30,0,0,1,0,0,4,2,13
,2022-10725,-104.9670454,39.77989217,3/27/2022 7:19,7:19,15,0,0,I-70 & BRIGHTON BLVD N,1,1,0,0,1,4,0,0,55,0,0,0,0,0,1,2,14
,2022-10752,-105.0187308,39.74761677,3/27/2022 10:55,10:55,5,0,1,I-25 SB DISTRIBUTOR RAMP TO  & MILE HIGH STADIUM CIR,1,1,1,0,2,8,0,0,35,0,0,0,1,1,1,1,8
,2022-10753,-104.9792766,39.69116082,3/27/2022 21:57,21:57,3,0,0,S WASHINGTON ST & E ARKANSAS AVE,1,3,0,0,1,1,0,0,25,0,0,0,0,0,4,2,8
,2022-10758,-105.0167809,39.75128884,3/27/2022 13:36,13:36,12,0,0,I-25 & 23RD AVE W,1,1,0,0,1,4,0,0,55,0,0,0,0,0,1,3,3
,2022-10759,-105.0165803,39.75127513,3/27/2022 21:13,21:13,15,0,0,I-25 & 23RD AVE W,1,4,0,0,1,4,0,0,55,0,0,0,0,0,1,2,16
,2022-10775,-104.9671121,39.78013827,3/27/2022 21:15,21:15,5,0,1,I-70 & BRIGHTON BLVD N,1,3,0,0,3,4,0,0,55,0,0,0,0,2,1,1,16
,2022-10778,-105.0297876,39.68508871,3/27/2022 2:11,2:11,14,0,1,1700 BLK S IRVING ST & W COLORADO AVE,1,3,0,0,1,4,0,0,30,0,0,0,0,2,4,2,14
,2022-10864,-104.833819,39.77286982,3/24/2022 6:55,6:55,12,0,1,I-70 EB OFF RAMP TO & I-225 SB,1,1,1,0,1,8,0,0,55,0,0,0,0,1,1,3,1
,2022-10869,-104.9647699,39.73999159,3/27/2022 23:30,23:30,6,0,0,COLFAX AVE E & HIGH ST N,1,3,0,0,1,4,0,0,30,0,0,0,0,0,2,2,1
,2022-10870,-104.9948632,39.76568234,3/28/2022 13:29,13:29,12,0,2,PARK AVE W & GLOBEVILLE RD N,1,1,0,0,1,1,0,0,35,0,0,0,0,1,4,2,13
,2022-10874,-104.9875137,39.68749205,3/28/2022 10:04,10:04,15,0,1,S BROADWAY ST & E IOWA AVE,1,1,0,0,1,2,0,0,35,0,0,0,1,2,4,2,11
,2022-10876,-105.0252866,39.75847431,3/28/2022 9:20,9:20,3,0,0,FEDERAL BLVD N & 29TH AVE W,1,1,0,0,1,1,0,0,35,0,0,0,0,0,2,2,11
,2022-10884,-104.9874502,39.72094395,3/10/2022 11:50,11:50,3,0,0,3RD & BROADWAY,2,1,0,0,1,1,0,0,30,0,0,0,0,0,4,2,13
,2022-10887,-104.9145885,39.70386156,3/29/2022 11:00,11:00,3,0,0,LEETSDALE DR & EXPOSITION AVE E,1,1,0,0,1,1,0,0,30,0,0,0,0,0,2,2,1
,2022-10888,-104.9746144,39.76148093,3/29/2022 9:10,9:10,10,0,0,CHAMPA ST & 32ND ST,1,1,0,0,1,1,0,0,25,0,0,0,0,0,4,2,12
,2022-10889,-105.0532203,39.73364271,3/28/2022 15:06,15:06,15,0,0,SHERIDAN BLVD & 10TH AVE W,1,1,1,0,1,4,0,0,35,0,0,0,0,0,2,2,1
,2022-10892,-104.9124376,39.73713445,3/29/2022 10:10,10:10,10,0,0,N MONACO ST & E 13TH AVE,1,1,0,0,1,1,0,0,25,0,0,0,0,0,4,2,8
,2022-10893,-104.9647552,39.74481052,3/29/2022 8:06,8:06,3,0,0,E 18TH AVE & N HIGH ST,11,1,0,1,1,1,0,0,35,0,0,0,0,0,4,2,16
,2022-10895,-104.9593427,39.6931002,3/28/2022 8:54,8:54,12,0,0,S UNIVERSITY BLVD & E LOUISIANA AVE,1,1,0,0,1,3,0,0,30,0,0,0,0,0,4,2,11
,2022-10896,-104.9943294,39.76568068,3/28/2022 18:49,18:49,15,0,1,GLOBEVILLE RD & PARK AVE W,1,3,0,0,1,4,0,0,35,0,0,0,0,2,4,2,1
,2022-10899,-104.9761458,39.74511893,3/28/2022 7:49,7:49,3,0,0,EMERSON ST N & 18TH AVE E,1,1,0,0,1,2,0,0,25,0,0,0,0,0,4,2,1
,2022-10902,-104.9182399,39.65309085,3/29/2022 7:30,7:30,15,0,0,I-25 & HAMPDEN AVE E,1,3,0,0,1,4,0,0,60,0,0,0,0,0,1,2,16
,2022-10904,-104.9403385,39.68306724,3/21/2022 8:15,8:15,5,0,0,I-25 & COLORADO BLVD,1,1,3,0,1,4,0,0,,0,0,0,0,0,1,1,16
,2022-10906,-104.8905205,39.76001325,3/29/2022 6:30,6:30,3,0,0,N CENTRAL PARK BLVD & E MLK BLVD,1,2,0,0,1,1,0,0,40,0,0,0,0,0,4,2,13
,2022-10917,-104.8708044,39.67475846,3/28/2022 12:15,12:15,12,0,0,E ILIFF AVE & S PARKER RD,1,1,0,0,1,1,0,0,35,0,0,0,0,0,2,4,3
,2022-10924,-105.0396965,39.71140616,3/29/2022 13:12,13:12,12,0,1,S PERRY ST & W ALAMEDA AVE,1,1,1,0,1,3,0,0,30,0,0,0,0,1,4,2,3
,2022-10926,-105.0524199,39.6533573,3/22/2022 12:33,12:33,15,0,0,HWY 285 & MM 256.59,1,1,1,6,1,4,0,0,65,0,0,0,0,0,2,3,14
,2022-10929,-104.9891611,39.78003347,3/28/2022 17:08,17:08,12,0,0,I-70 & I-25,1,1,3,0,1,4,0,0,55,0,0,0,0,0,1,2,14
,2022-10930,-104.8987396,39.74379687,3/29/2022 13:15,13:15,3,0,0,E 17TH AVE & N SYRACUSE ST,11,1,0,1,1,1,0,0,30,0,0,0,0,0,4,2,13
,2022-10932,-105.0250236,39.71844771,3/29/2022 11:27,11:27,1,0,2,FEDERAL BLVD N & 1ST AVE W,1,1,0,0,1,1,0,0,40,0,0,0,0,2,2,2,10
,2022-10933,-104.9098002,39.71836256,3/29/2022 7:55,7:55,12,0,0,1ST AVE E & NEWPORT ST N,11,1,0,0,1,1,0,0,,0,0,0,0,0,4,1,16
,2022-10939,-104.8755528,39.65301945,3/29/2022 7:42,7:42,12,0,0,HAMPDEN AVE E & DAYTON ST S,1,1,1,0,1,3,0,0,45,0,0,0,0,0,2,2,3
,2022-10940,-104.9928582,39.72893831,3/28/2022 17:17,17:17,3,0,0,N DELAWARE ST & W 8TH AVE,1,1,0,0,1,1,0,0,25,0,0,0,0,0,4,2,10
,2022-10941,-105.0385033,39.7174915,3/28/2022 16:22,16:22,6,0,0,100 BLK N OSCEOLA ST & W 1ST AVE,1,1,1,0,1,4,0,0,25,0,0,0,0,0,4,2,13
,2022-10943,-104.9030201,39.65304846,3/29/2022 11:56,11:56,1,0,1,HAMPDEN AVE E & MM 0.82,1,1,1,0,1,2,0,0,45,0,0,0,0,1,2,2,8
,2022-10944,-104.9988778,39.72890888,3/24/2022 7:45,7:45,12,0,0,900 BLK W 8TH AVE & N SANTA FE DR,1,1,0,0,1,3,0,0,30,0,0,0,0,1,4,3,1
,2022-10968,-104.9927191,39.74744493,3/29/2022 12:40,12:40,10,0,1,17TH ST & CHAMPA ST,1,1,0,0,1,1,0,0,30,0,0,0,0,1,4,2,8
,2022-10969,-104.9792464,39.77824709,3/29/2022 14:46,14:46,15,0,0,4400 BLK N WASHINGTON ST & W 45TH AVE,1,1,0,0,1,4,0,0,35,0,0,0,0,0,4,2,13
,2022-10981,-104.9034009,39.77829351,3/29/2022 7:50,7:50,12,0,0,QUEBEC ST & I-70 EB RAMPS,1,1,1,0,1,3,0,0,40,0,0,0,0,0,4,2,13
,2022-10982,-105.0251799,39.78422127,3/29/2022 11:42,11:42,15,0,0,I-70 EB ENT GORE PT FROM & FEDERAL BLVD N,1,1,0,0,1,14,0,0,55,0,0,0,0,0,1,2,13
,2022-10983,-104.8254605,39.73936354,2/25/2022 22:25,22:25,12,0,6,I-25 & COLFAX AVE E,1,3,3,0,1,4,0,0,35,0,0,0,0,3,1,4,1
,2022-10984,-105.0397133,39.72105118,2/20/2022 1:58,1:58,6,0,0,PERRY ST N & 3RD AVE W,1,3,3,0,1,4,0,0,30,0,0,0,0,0,4,2,5
,2022-10988,-104.9821241,39.74486872,3/30/2022 7:30,7:30,12,0,0,18TH AVE E & LOGAN ST N,1,1,0,0,1,4,0,0,35,0,0,0,0,0,4,2,13
,2022-10990,-104.9991195,39.71120695,3/29/2022 22:20,22:20,15,0,0,I-25 & ALAMEDA AVE W,11,3,1,1,1,4,0,0,55,0,0,0,0,0,1,2,16
,2022-10992,-104.9947796,39.76270596,2/24/2022 12:15,12:15,15,0,0,PARK AVE W & DELGANEY ST,7,1,0,0,1,4,0,0,35,0,0,0,0,0,4,2,13
,2022-10994,-104.9222821,39.70734591,3/29/2022 13:40,13:40,12,0,0,LEETSDALE DR & HOLLY ST S,11,1,0,0,1,1,0,0,35,0,0,0,0,0,2,2,3
,2022-10996,-105.0532596,39.77852384,3/29/2022 14:50,14:50,12,0,0,SHERIDAN BLVD N & 45TH AVE W,11,1,0,1,1,4,0,0,35,0,0,0,0,0,2,3,13
,2022-10997,-104.6929075,39.83797528,3/29/2022 18:35,18:35,15,0,0,78TH AVE E & JACKSON GAP ST N,4,1,0,3,1,1,0,0,45,0,0,0,0,0,4,2,1
,2022-10999,-104.8975397,39.78549881,3/30/2022 7:32,7:32,12,0,0,N SAND CREEK RD & N NORTHFIELD QUEBEC ST NB,1,1,0,0,1,4,0,0,35,0,0,0,0,0,4,2,13
,2022-11001,-104.8474365,39.77145712,3/6/2022 14:36,14:36,8,0,0,PEORIA WY N & E 39TH AVE,7,1,0,2,1,1,0,0,,0,0,0,0,0,4,2,8
,2022-11002,-104.9787879,39.75958346,3/21/2022 15:26,15:26,6,0,0,2900 BLK CURTIS ST & 29TH ST,1,1,0,0,1,4,0,0,25,0,0,0,0,0,4,2,13
,2022-11003,-104.8848952,39.6491284,3/30/2022 12:39,12:39,12,0,0,YOSEMITE ST S & KENYON AVE E,1,1,0,0,1,1,0,0,35,0,0,0,0,0,4,2,3
,2022-11004,-104.9074797,39.77821398,3/29/2022 22:28,22:28,12,0,0,I-70 EB EXIT GORE PT TO & STAPLETON DR SE,1,3,0,0,1,4,0,0,75,0,0,0,0,0,1,2,13
,2022-11005,-104.9916909,39.75228897,3/30/2022 15:23,15:23,1,0,1,20TH ST & LAWRENCE ST,1,1,0,0,1,1,0,0,30,0,0,0,1,2,4,2,11
,2022-11006,-104.882959,39.77713978,3/30/2022 7:00,7:00,15,0,0,I-70 & CENTRAL PARK BLVD N,1,1,0,0,1,4,0,0,55,0,0,0,0,0,1,2,1
,2022-11007,-104.9721008,39.76450728,3/27/2022 13:30,13:30,3,0,0,E BRUCE RANDOLPH AVE & N MARION ST,1,1,0,0,1,1,0,0,,0,0,0,0,0,4,2,16
,2022-11008,-104.8967344,39.68933342,3/5/2022 19:25,19:25,12,0,0,FLORIDA AVE E & QUEBEC WY S,4,3,1,2,1,1,0,0,35,0,0,0,0,0,4,2,13
,2022-11009,-104.8568801,39.78236844,3/24/2022 10:00,10:00,15,0,0,E 47TH AVE & N LIMA ST,1,1,0,0,1,4,0,0,35,0,0,0,0,0,4,2,11
,2022-11010,-105.0531919,39.68228373,3/30/2022 10:04,10:04,12,0,0,W JEWELL AVE & S SHERIDAN BLVD,1,1,0,0,1,1,0,0,30,0,0,0,0,0,4,2,10
,2022-11011,-104.9036502,39.69863138,3/21/2022 14:36,14:36,12,0,0,LEETSDALE DR & QUEBEC ST S,11,1,0,0,1,3,0,0,45,0,0,0,0,0,2,2,6
,2022-11015,-104.9971408,39.711194,3/29/2022 15:40,15:40,12,0,0,SANTA FE DR S & ALAMEDA AVE W,11,1,0,1,1,1,0,0,40,0,0,0,0,0,2,2,2
,2022-11016,-104.9546815,39.69311678,3/29/2022 13:22,13:22,6,0,0,CLAYTON ST S & LOUISIANA AVE E,1,1,0,0,1,4,0,0,25,0,0,0,0,0,4,2,13
,2022-11018,-104.7592513,39.78136868,3/23/2022 14:50,14:50,15,0,0,FLANDERS WY N & 47TH AVE E,1,1,0,6,1,4,0,0,,0,0,0,0,0,4,2,16
,2022-11019,-104.881767,39.77703033,3/29/2022 20:10,20:10,15,0,0,I-70 & CENTRAL PARK BLVD,11,3,0,1,1,4,0,0,55,0,0,0,0,0,1,2,16
,2022-11020,-105.0334208,39.7365709,3/30/2022 15:13,15:13,3,0,0,KING ST N & 13TH AVE W,1,1,0,0,1,1,0,0,25,0,0,0,0,0,4,2,13
,2022-11021,-104.7361594,39.79199105,3/19/2022 18:58,18:58,6,0,0,5232 N PERTH ST & E 52ND PL,1,3,0,0,1,4,0,0,25,0,0,0,0,0,4,2,16
,2022-11022,-104.9634751,39.73860253,3/30/2022 12:09,12:09,12,0,0,1400 BLK N RACE ST & E 14TH AVE,1,1,0,0,1,4,0,0,25,0,0,0,0,0,4,2,16
,2022-11023,-104.9522387,39.68150428,3/29/2022 17:50,17:50,12,0,0,E BUCHTEL BLVD & S MILWAUKEE ST,11,1,0,0,1,1,0,0,25,0,0,0,0,0,4,3,3
,2022-11027,-105.0248143,39.7329867,3/6/2022 18:23,18:23,6,0,1,10TH AVE W & FEDERAL BLVD N,9,3,1,2,1,4,0,0,25,0,0,0,0,1,4,2,14
,2022-11028,-105.0154416,39.7405844,3/24/2022 4:32,4:32,5,0,1,I-25 SB OFF RAMP TO  & COLFAX AVE W,1,3,1,0,2,8,0,0,40,0,0,0,0,2,1,1,16
,2022-11030,-104.8851167,39.63929362,2/24/2022 11:49,11:49,3,0,0,YOSEMITE ST S & I-225 SB OFF RAMP,1,1,0,0,1,1,0,0,30,0,0,0,0,0,4,2,16
,2022-11038,-104.940612,39.74032843,3/24/2022 14:49,14:49,15,0,0,COLORADO BLVD & COLFAX AVE E,1,1,0,0,1,3,0,0,35,0,0,0,0,0,2,2,16
,2022-11040,-104.8846482,39.73991856,2/20/2022 0:46,0:46,6,0,0,YOSEMITE ST N & COLFAX AVE,1,3,0,0,1,4,1,0,30,0,0,0,0,0,4,3,16
,2022-11041,-104.9952578,39.67131963,3/16/2022 6:58,6:58,15,0,0,SANTA FE DR S & EVANS AVE W,1,1,0,1,1,4,0,0,55,0,0,0,0,0,2,2,16
,2022-11043,-104.9764579,39.73686925,3/11/2022 23:40,23:40,12,0,0,900 BLK 13TH AVE & N EMMERSON ST,1,3,0,0,1,4,0,0,35,0,0,0,0,0,4,2,1
,2022-11044,-104.9823198,39.74486785,3/30/2022 9:17,9:17,3,0,1,E 18TH AVE & N LOGAN ST,1,1,0,0,1,1,0,0,25,0,0,0,0,1,4,2,16
,2022-11045,-104.8990022,39.64214455,3/25/2022 21:05,21:05,6,0,0,ROSEMARY WY S & 4143 S ROSEMARY WY,1,4,0,0,3,4,0,0,25,0,0,0,0,0,4,2,13
,2022-11046,-104.7788864,39.83061992,3/29/2022 14:54,14:54,12,0,0,6000 BLK PENA BLVD OUTBOUND & E 56TH AVE,11,1,0,1,1,4,0,0,65,0,0,0,0,0,4,2,2
,2022-11051,-104.9671705,39.7582397,3/26/2022 22:12,22:12,5,0,0,WILLIAMS ST N & 2801 WILLIAMS ST N,1,4,0,0,5,4,0,0,,0,0,0,0,0,3,1,1
,2022-11054,-104.9127897,39.740079,3/29/2022 16:54,16:54,12,0,0,COLFAX AVE E & MONACO ST SB,11,1,0,1,1,3,0,0,35,0,0,0,0,0,2,2,16
,2022-11058,-104.91256,39.72533832,3/30/2022 5:48,5:48,15,0,0,N MONACO ST & E 6TH AVE,1,3,0,0,1,4,0,0,30,0,0,0,0,0,4,2,8
,2022-11059,-104.9648961,39.67842072,3/28/2022 20:15,20:15,15,0,0,EVANS AVE E & HIGH ST S,1,3,0,0,1,4,0,0,35,0,0,0,0,0,4,2,16
,2022-11060,-105.0124771,39.72469986,3/20/2022 2:53,2:53,5,0,0,I-25 & 6TH AVE W,1,3,1,0,3,4,0,0,55,0,0,0,0,0,1,1,1
,2022-11062,-104.903422,39.77822311,3/24/2022 16:25,16:25,12,0,0,I-70 & QUEBEC ST N,1,1,0,0,1,4,0,0,55,0,0,0,0,0,1,2,16
,2022-11064,-104.9810865,39.74250008,3/6/2022 15:40,15:40,6,0,0,PENNSYLVANIA ST N & 16TH ST,9,1,0,2,1,4,0,0,25,0,0,0,0,0,4,3,16
,2022-11067,-104.93822,39.72530783,3/3/2022 11:50,11:50,3,0,1,6TH AVE E & N ASH ST,1,1,0,0,1,1,0,0,30,0,0,0,0,2,4,3,1
,2022-11068,-104.9980145,39.74002359,3/25/2022 9:06,9:06,3,0,0,COLFAX AVE W & SPEER BLVD NB,1,1,0,0,1,1,0,0,35,0,0,0,0,0,2,2,13
,2022-11070,-105.0064252,39.78313348,3/29/2022 17:22,17:22,12,0,0,I-70 EB ENT GORE PT FROM & PECOS ST N,1,1,0,7,1,14,0,0,55,0,0,0,0,0,1,2,7
,2022-11071,-104.9986704,39.71082361,3/30/2022 1:02,1:02,5,0,0,I-25 & ALAMEDA AVE W,11,3,0,1,3,4,0,0,55,0,0,0,0,0,1,1,16
,2022-11072,-104.9003633,39.78349839,3/30/2022 11:00,11:00,15,0,0,QUEBEC ST & I-270 WB RAMP,1,1,0,0,1,1,0,0,25,0,0,0,0,0,4,2,13
,2022-11073,-104.9597629,39.75822955,3/29/2022 19:23,19:23,3,0,1,YORK ST N & 29TH AVE E,14,5,3,7,1,1,0,0,30,0,0,0,0,2,4,2,3
,2022-11077,-104.8470109,39.78225078,3/29/2022 19:17,19:17,12,0,0,N PEORIA ST & E 47TH AVE,11,3,0,1,1,4,0,0,35,0,0,0,0,0,4,2,13
,2022-11078,-104.9052266,39.74743833,3/16/2022 16:58,16:58,12,0,0,E MONTVIEW BLVD & N QUEBEC ST,1,1,0,0,1,4,0,0,35,0,0,0,0,0,4,3,16
,2022-11080,-104.9219358,39.76184835,3/29/2022 5:25,5:25,11,0,1,MLK BLVD E & HOLLY ST,1,3,0,0,1,4,0,0,0,0,1,0,0,1,4,1,16
,2022-11081,-104.9875756,39.70622525,3/30/2022 13:00,13:00,16,0,0,570 S BROADWAY ST & 570 BLK S,1,1,0,0,5,7,0,0,,0,0,0,0,0,3,2,16