id,drcog_id,longitude,latitude,crashtime,time,crashtype,numbkilled,numbinjurd,drcoglocat,rdconditin,lightngcon,roadcntgrd,weatherco,location,roaddescrp,schoolzone,constrzone,splimit,bikeinv,pedinv,sctrinv,motoinv,svrty,rdsystem,ttlvehcls,hcf
,2022-11083,-104.9887947,39.67852815,3/29/2022 16:00,16:00,2,0,1,ACOMA ST S & EVANS AVE W,11,1,0,1,1,1,0,0,30,1,0,0,0,1,4,1,16
,2022-11084,-105.0093394,39.76322489,3/6/2022 10:48,10:48,6,0,0,33RD AVE W & N. SHOSHONE ST,4,1,0,2,1,4,0,0,25,0,0,0,0,0,4,2,1
,2022-11087,-104.9736242,39.76627792,3/12/2022 22:10,22:10,3,0,0,35TH ST & LAWRENCE ST,1,3,0,0,1,1,0,0,25,0,0,0,0,0,4,2,16
,2022-11089,-104.987404,39.72909482,3/29/2022 12:46,12:46,10,0,0,8TH AVE E & BROADWAY ST N,11,1,0,0,1,1,0,0,30,0,0,0,0,0,4,2,16
,2022-11091,-104.9506383,39.74018083,3/30/2022 13:31,13:31,11,0,1,ST PAUL ST & COLFAX AVE,1,1,0,0,1,9,0,0,,0,1,0,0,2,2,1,16
,2022-11095,-105.0268007,39.74155044,3/29/2022 22:21,22:21,6,0,0,1555 N GROVE ST & N CONEJOS ST,11,3,0,1,1,4,0,0,25,0,0,0,0,0,4,2,16
,2022-11096,-105.0532671,39.78485398,3/25/2022 18:00,18:00,15,0,0,SHERIDAN BLVD N & 4800 BLK N,1,1,0,0,1,4,0,0,,0,0,0,0,0,2,2,16
,2022-11100,-104.6726896,39.84927906,3/29/2022 21:10,21:10,16,0,1,PENA BLVD & 8400 BLK / DIA AIRPORT ,1,3,0,0,5,4,0,0,10,0,1,0,0,1,3,1,1
,2022-11101,-104.9558233,39.70385,3/30/2022 7:26,7:26,2,0,1,EXPOSITION AVE E & ELIZABETH ST S,1,1,0,0,1,1,0,0,25,1,0,0,0,1,4,1,11
,2022-11153,-104.9986665,39.73461326,2/19/2022 16:30,16:30,6,0,0,SANTA FE DR N & 11TH AVE W ,1,3,3,0,1,4,0,0,30,0,0,0,0,0,4,2,13
,2022-11154,-105.0251295,39.75570354,2/1/2022 15:29,15:29,12,0,2,FEDERAL BLVD N & 2600 BLK N,9,1,3,2,1,4,0,0,35,0,0,0,0,1,2,4,13
,2022-11155,-105.0131816,39.72025472,3/25/2022 9:48,9:48,3,0,0,2ND AVE W & VALLEJO ST N,1,1,3,0,1,1,0,0,25,0,0,0,0,0,4,2,3
,2022-11159,-104.9034947,39.71128237,2/24/2022 18:35,18:35,1,0,3,ALAMEDA AVE & QUEBEC ST S,2,3,0,0,1,1,0,0,35,0,0,0,0,3,4,3,13
,2022-11160,-105.0150499,39.72932217,3/30/2022 11:44,11:44,15,0,0,I-25 & 8TH AVE W,1,1,0,0,1,4,0,0,55,0,0,0,0,0,1,2,8
,2022-11167,-104.9405471,39.69069535,3/31/2022 13:40,13:40,12,0,0,COLORADO BLVD S & FLORIDA AVE E,1,1,0,0,1,4,0,0,35,0,0,0,0,0,2,2,13
,2022-11173,-104.9281814,39.76288005,3/26/2022 21:05,21:05,6,0,0,THRILL PL E & 5132 E THRILL PL,1,3,0,0,1,4,0,0,,0,0,0,0,0,4,2,16
,2022-11176,-104.9406243,39.71465852,3/31/2022 7:26,7:26,12,0,0,LEETSDALE DR & COLORADO BLVD S,1,1,0,0,1,1,0,0,30,0,0,0,0,0,2,2,11
,2022-11177,-104.9895612,39.78010359,3/31/2022 7:35,7:35,12,0,0,I-70 & I-25,1,1,1,0,1,4,0,0,55,0,0,0,0,0,1,2,11
,2022-11185,-104.9595155,39.71818931,3/31/2022 12:51,12:51,12,0,1,E 1ST AVE & N UNIVERSITY BLVD,1,1,0,0,1,3,0,0,30,0,0,0,0,1,4,2,16
,2022-11188,-104.9928582,39.72893831,3/31/2022 14:21,14:21,3,0,3,N DELAWARE ST & W 8TH AVE,1,1,0,0,1,1,0,0,25,0,0,0,0,1,4,2,13
,2022-11192,-105.0057616,39.72562869,3/31/2022 14:45,14:45,1,0,0,N OSAGE ST & W 6TH AVE ,1,1,0,0,1,3,0,0,35,0,0,0,0,0,4,2,13
,2022-11194,-104.9139807,39.74048451,3/31/2022 9:34,9:34,6,0,0,1500 BLK N LOCUST ST & E COLFAX AVE,1,1,0,0,1,4,0,0,,0,0,0,0,0,4,2,16
,2022-11197,-104.8183286,39.77563016,3/31/2022 3:00,3:00,6,0,0,N EUGENE WAY & E 45TH AVE,1,3,0,0,1,3,0,0,,0,0,0,0,0,4,2,16
,2022-11200,-104.9798826,39.7455135,3/31/2022 17:20,17:20,6,0,0,N PEARL ST & E 19TH AVENUE,1,1,0,7,1,4,0,0,,0,0,0,0,0,4,2,5
,2022-11201,-104.8905513,39.7400852,3/31/2022 13:30,13:30,3,0,0,N VERBENA ST & E COLFAX AVE,1,1,0,0,1,3,0,0,35,0,0,0,0,0,2,2,1
,2022-11202,-104.9874099,39.75267299,3/30/2022 12:59,12:59,10,0,0,22ND ST & N BROADWAY ST,1,1,0,0,1,1,0,0,30,0,0,0,0,0,4,2,16
,2022-11205,-104.9934053,39.69106665,3/31/2022 17:02,17:02,3,0,0,S SANTA FE DR & W FLORIDA AVE,1,2,0,0,1,2,0,0,45,0,0,0,0,0,2,2,13
,2022-11207,-105.0499078,39.70957939,3/31/2022 8:27,8:27,5,0,1,W DAKOTA AVE & S XAVIER ST,1,1,0,1,2,4,0,0,25,0,0,0,0,2,4,1,10
,2022-11208,-104.9405965,39.78003319,3/31/2022 8:53,8:53,12,0,1,I-70 & N COLORADO BLVD,1,1,0,0,1,4,0,1,55,0,0,0,0,1,1,2,8
,2022-11210,-104.9791463,39.7797555,3/20/2022 22:00,22:00,15,0,0,I-70 & WASHINGTON ST N,1,3,0,0,1,4,0,0,55,0,0,0,0,0,1,2,1
,2022-11212,-105.018638,39.72573066,3/27/2022 0:55,0:55,15,0,0,6TH AVE W & BRYANT ST N,1,3,0,0,1,4,0,0,55,0,0,0,0,0,2,3,16
,2022-11214,-104.993009,39.7486007,3/29/2022 11:49,11:49,15,0,0,1700 BLK CURTIS ST & N CURTIS ST,1,1,0,0,1,4,0,0,25,0,0,0,0,0,4,2,16
,2022-11219,-104.9874683,39.69301926,3/30/2022 14:45,14:45,6,0,0,LOUISIANA AVE E & BROADWAY ST S,1,1,0,0,1,1,0,0,25,0,0,0,0,0,4,2,3
,2022-11220,-104.91798,39.77866581,3/31/2022 13:56,13:56,10,0,0,STAPLETON DR NE & I-70 WB OFF RAMP,1,1,0,0,1,2,0,0,30,0,0,0,0,0,4,2,11
,2022-11221,-104.9930042,39.69666227,3/31/2022 20:20,20:20,12,0,0,400 BLK W MISSISSIPPI AVE & S SANTA FE DR,1,3,0,0,1,3,0,0,30,0,0,0,0,0,4,2,13
,2022-11224,-104.9936605,39.75928458,3/31/2022 12:55,12:55,15,0,0,PARK AVE W & WEWATTA ST,1,1,0,0,1,4,0,1,35,0,0,0,0,0,4,2,13
,2022-11229,-104.9185139,39.65305196,3/31/2022 6:51,6:51,3,0,0,HAMPDEN AVE E & I-25 SB OFF RAMP,1,1,0,0,1,1,0,0,30,0,0,0,0,0,2,2,16
,2022-11230,-105.0432584,39.71254686,3/25/2022 14:30,14:30,6,0,0,STUART ST S & CEDAR AVE W,1,1,1,0,3,4,0,0,25,0,0,0,0,0,4,2,16
,2022-11233,-104.8827844,39.77744352,3/31/2022 7:35,7:35,15,0,1,I-270 & CENTRAL PARK BLVD N,1,1,0,0,1,4,0,0,55,0,0,0,0,1,1,2,11
,2022-11235,-104.9400745,39.7144813,2/28/2022 17:11,17:11,12,0,0,LEETSDALE DR & BAYAUD AVE E,1,3,0,0,1,4,0,0,,0,0,0,0,0,2,2,16
,2022-11237,-104.994091,39.78102302,3/29/2022 16:09,16:09,15,0,0,I-70 EB OFF RAMP TO  & I-25 NB ON RAMP,11,1,1,1,1,8,0,0,45,0,0,0,0,0,1,2,13
,2022-11239,-104.9406143,39.73828662,3/31/2022 10:15,10:15,3,0,1,COLORADO BLVD N & 14TH AVE E,1,1,0,0,1,1,0,0,25,0,0,0,0,1,2,2,16
,2022-11240,-104.9497571,39.78003339,3/31/2022 10:45,10:45,3,0,0,STEELE ST N & I-70 EB OFF RAMP,1,1,0,0,1,1,0,0,25,0,0,0,0,0,2,2,1
,2022-11241,-104.9407892,39.70607071,3/30/2022 15:45,15:45,15,0,0,E CHERRY CREEK S DR & S COLORADO BLVD,1,1,0,0,1,1,0,0,25,0,0,0,0,0,2,2,3
,2022-11242,-104.901832,39.78172141,3/30/2022 17:07,17:07,15,0,0,N QUEBEC ST & N SANDSCREEK DR,1,1,0,0,1,3,0,0,40,0,0,0,0,0,2,2,13
,2022-11244,-104.9128742,39.6676319,3/31/2022 17:42,17:42,12,0,0,E YALE AVE & S MONACO ST,1,1,0,0,1,4,0,0,35,0,0,0,0,0,4,2,14
,2022-11245,-104.9826005,39.72260797,3/30/2022 18:00,18:00,15,0,0,E SPEER BLVD & N LOGAN ST,1,1,0,0,1,1,0,0,30,0,0,0,0,0,4,2,3
,2022-11247,-104.8662423,39.67032285,4/1/2022 6:23,6:23,12,0,1,SB ON SLIP RAMP FROM SB PARKER RD & S HAVANA ST,1,1,0,0,1,8,0,0,35,0,0,0,0,1,2,2,11
,2022-11251,-105.0205471,39.67865823,3/31/2022 20:39,20:39,1,0,1,EVANS AVE W & CLAY ST S,1,3,0,0,1,2,0,0,35,0,0,0,1,2,4,2,11
,2022-11252,-104.8657424,39.77582352,4/1/2022 6:30,6:30,12,0,0,I-70 & N HAVANA ST,1,2,1,0,1,4,0,0,,0,0,0,0,0,1,3,16
,2022-11253,-104.9861297,39.73392441,3/31/2022 15:55,15:55,12,0,0,LINCOLN ST N & 11TH AVE W,1,1,0,0,1,1,0,0,35,0,0,0,0,0,4,3,3
,2022-11254,-104.8844084,39.79838382,4/1/2022 7:55,7:55,12,0,1,E 56TH AVE & N CENTRAL PARK BLVD,1,1,0,0,1,3,0,0,40,0,0,0,0,1,4,2,3
,2022-11255,-104.9232346,39.65299673,3/31/2022 5:54,5:54,15,0,0,HAMPDEN AVE E & HUDSON ST S,1,3,1,0,1,4,0,0,40,0,0,0,0,0,2,2,11
,2022-11264,-104.9780822,39.71109966,4/1/2022 7:39,7:39,1,0,0,E ALAMEDA AVE & S CLARKSON ST,1,1,1,1,1,1,0,0,30,0,0,0,0,0,4,2,13
,2022-11266,-105.0087865,39.77606311,3/29/2022 6:59,6:59,6,0,0,RARITAN ST N & 44TH AVE W,1,1,0,0,1,4,0,0,25,0,0,0,0,0,4,2,16
,2022-11268,-105.0532045,39.69191352,3/31/2022 16:45,16:45,1,0,1,SHERIDAN BLVD & 14TH AVE E,1,1,0,0,1,1,0,0,35,0,0,0,0,1,2,2,13
,2022-11269,-104.9251972,39.65310737,3/31/2022 9:13,9:13,12,0,2,HAMPDEN AVE E & GRAPE ST S,1,1,0,0,1,1,0,0,40,0,0,0,0,1,2,2,16
,2022-11271,-105.0167809,39.75128884,4/1/2022 3:17,3:17,12,0,0,I-25 & W 23RD AVE,1,3,0,0,1,4,0,0,55,0,0,0,0,0,1,2,3
,2022-11274,-105.0150499,39.72932217,4/1/2022 14:20,14:20,12,0,1,I-25 & W 8TH AVE,1,1,0,0,1,4,0,0,55,0,0,0,0,1,1,2,13
,2022-11275,-104.9059372,39.63218287,3/31/2022 15:27,15:27,12,0,0,I-25 & MM 200,1,1,2,0,1,14,0,0,65,0,0,0,0,0,1,2,3
,2022-11277,-104.9965605,39.70666643,4/1/2022 11:11,11:11,15,0,0,I-25 & S SANTA FE DR,1,1,0,0,1,4,0,0,55,0,0,0,0,0,2,2,16
,2022-11281,-104.8814202,39.65306081,4/1/2022 10:23,10:23,3,0,0,E HAMPDEN AVE & S AKRON ST,1,1,0,0,1,2,0,0,40,0,0,0,0,0,2,2,11
,2022-11283,-104.9818611,39.69672069,4/1/2022 16:39,16:39,12,0,1,I-25 & W MISSISSIPPI AVE,1,1,1,0,1,4,0,0,,0,0,0,0,1,1,2,16
,2022-11286,-104.9404395,39.71465331,4/1/2022 6:58,6:58,12,0,0,LEETSDALE DR & S COLORADO BLVD,1,1,0,0,1,3,0,0,30,0,0,0,0,0,2,2,3
,2022-11287,-104.9503801,39.78020398,4/1/2022 7:20,7:20,12,0,0,I-70 & N VASQUEZ BLVD,1,1,0,0,1,4,0,0,55,0,0,0,0,0,1,3,1
,2022-11288,-105.0532498,39.72565601,3/30/2022 22:26,22:26,1,0,2,SHERIDAN BLVD N & HWY 6 EB ON RAMP,1,3,1,0,1,1,0,0,40,0,0,0,0,1,2,2,13
,2022-11289,-104.9337799,39.7433973,4/2/2022 17:00,17:00,3,0,0,E 17TH AVE & N CHERRY ST,1,1,0,0,1,1,0,0,30,0,0,0,0,0,4,2,13
,2022-11291,-105.0202643,39.7404378,4/2/2022 16:19,16:19,12,0,0,W COLFAX AVE & N FEDERAL BLVD,1,1,0,0,1,4,0,0,35,0,0,0,0,0,2,4,14
,2022-11295,-105.0001492,39.72568066,4/1/2022 20:13,20:13,12,0,0,N KALAMATH ST & W 6TH AVE,1,1,0,0,1,3,0,0,35,0,0,0,0,0,4,4,16
,2022-11296,-105.0532675,39.70973585,4/1/2022 19:27,19:27,12,0,0,S SHERIDAN BLVD & W DAKOTA AVE,1,2,0,0,1,4,0,0,35,0,0,0,0,0,2,2,14
,2022-11303,-105.029099,39.7623508,4/2/2022 20:35,20:35,12,0,0,N GROVE ST & N SPEER BLVD,1,3,0,0,1,4,0,0,35,0,0,0,0,0,4,2,13
,2022-11305,-104.9105005,39.73980668,4/1/2022 23:00,23:00,6,0,0,NIAGARA ST & COLFAX AVE,1,3,0,0,1,4,0,0,25,0,0,0,0,0,4,2,14
,2022-11307,-104.9441996,39.74377635,4/1/2022 20:31,20:31,6,0,0,N GARFIELD ST & E 17TH AVE,1,3,0,0,1,1,0,0,25,0,0,0,0,0,4,4,1
,2022-11308,-104.9582391,39.78012355,4/2/2022 15:14,15:14,15,0,0,I-70 & N JOSEPHINE ST,1,1,0,0,1,4,0,0,65,0,0,0,0,0,1,3,1
,2022-11310,-104.8417024,39.78058134,4/1/2022 15:58,15:58,1,0,3,E ALBROOK DR & N TULSA CT,1,1,0,0,1,1,0,0,25,0,0,0,0,2,4,2,13
,2022-11311,-104.9733924,39.71472896,4/1/2022 20:15,20:15,1,0,0,E BAYAUD AVE & S DOWNING ST,1,3,0,0,1,1,0,0,30,0,0,0,0,0,4,2,16
,2022-11312,-105.0532479,39.79106417,4/2/2022 10:08,10:08,10,0,0,W 52ND AVE & N SHERIDAN BLVD,1,1,1,0,6,1,0,0,35,0,0,0,0,0,2,2,7
,2022-11314,-104.9895499,39.78406139,4/1/2022 16:11,16:11,12,0,0,I-25 & W 48TH AVE,1,1,0,0,1,4,0,0,55,0,0,0,0,0,1,2,13
,2022-11315,-104.9895646,39.75528707,4/1/2022 22:31,22:31,10,0,0,LARIMER ST & 2200 BLK ,1,3,3,0,1,12,0,0,25,0,0,0,0,0,4,2,16
,2022-11316,-104.9761791,39.69172265,4/2/2022 11:10,11:10,12,0,1,I-25 & S EMERSON ST,1,1,0,0,1,4,0,0,60,0,0,0,0,2,1,2,3
,2022-11322,-104.9851993,39.78921726,4/1/2022 14:15,14:15,12,0,0,E 51ST AVE & N SHERMAN ST,1,1,1,0,1,1,0,0,25,0,0,0,0,0,4,2,13
,2022-11325,-104.9862519,39.72414041,4/2/2022 10:40,10:40,10,0,0,N LINCOLN ST & E 5TH AVE,1,1,0,0,1,1,0,0,30,0,0,0,0,1,4,2,1
,2022-11326,-104.959442,39.68481348,4/2/2022 16:50,16:50,3,0,0,I-25 NB OFF RAMP & S UNIVERSITY BLVD,1,1,0,0,1,1,0,0,,0,0,0,0,0,1,2,16
,2022-11327,-105.0047803,39.76116991,4/1/2022 23:00,23:00,3,0,0,20TH ST & I-25,1,3,1,0,1,1,0,0,25,0,0,0,0,0,4,2,13
,2022-11329,-104.870533,39.75911359,4/2/2022 10:04,10:04,15,0,0,FULTON ST & 2900 BLK N ,1,1,0,0,1,3,0,0,25,0,0,0,0,0,4,2,14
,2022-11330,-104.9907016,39.75711098,4/2/2022 0:29,0:29,3,0,0,PARK AVE WEST & BLAKE ST,1,3,0,0,1,1,0,0,30,0,0,0,0,0,4,3,14
,2022-11340,-104.8846885,39.73420675,3/30/2022 19:43,19:43,10,0,3,SB N YOSEMITE & E RICHTROFEN,1,3,0,0,1,1,0,0,30,0,0,0,0,2,4,4,16
,2022-11344,-105.0274424,39.69713721,3/31/2022 9:12,9:12,6,0,0,1000 BLK S HAZEL CT & W MISSISSIPPI AVE,1,1,0,1,1,4,0,0,25,0,0,0,0,0,4,2,16
,2022-11347,-104.9139467,39.64557486,3/31/2022 14:20,14:20,15,0,0,I-25 & HAMPDEN AVE E,1,1,0,0,1,4,0,0,55,0,0,0,0,0,1,2,8
,2022-11349,-104.9404403,39.7618042,3/29/2022 16:20,16:20,12,0,0,E MLK BLVD & N COLORADO BLVD,11,1,0,1,1,1,0,0,35,0,0,0,0,0,2,5,16
,2022-11353,-104.7721171,39.7983921,3/30/2022 22:20,22:20,3,0,1,56TH AVE E & TOWER RD N,1,3,1,0,1,1,0,0,45,0,0,0,0,2,4,2,13
,2022-11505,-105.0360826,39.71116714,3/28/2022 11:01,11:01,3,0,0,ALAMEDA AVE W & MEADE ST S,1,1,0,0,1,1,0,0,25,0,0,0,0,0,2,2,1
,2022-11509,-105.0251344,39.72932999,4/2/2022 22:55,22:55,12,0,0,W 6TH AVE & N FEDERAL BLVD,1,3,0,0,1,4,0,0,55,0,0,0,0,0,2,2,14
,2022-11512,-104.9410796,39.78066009,4/2/2022 6:26,6:26,12,0,0,COLORADO BLVD & E 46TH AVE,1,2,1,0,1,1,0,0,35,0,0,0,0,0,2,2,1
,2022-11514,-105.0063046,39.75137589,4/3/2022 0:02,0:02,5,0,1,N SPEER BLVD & WEWATTA ST,1,3,1,0,1,4,0,0,35,0,0,0,0,1,4,1,14
,2022-11526,-104.9874803,39.6911686,4/2/2022 16:06,16:06,12,0,0,E ARKANSAS AVE & S BROADWAY ST,1,1,0,0,1,1,0,0,30,0,0,0,0,0,4,2,3
,2022-11537,-105.0441889,39.72552681,4/1/2022 22:10,22:10,15,0,0,W 6TH AVE & N SHERIDAN BLVD,1,3,0,0,1,4,0,0,55,0,0,0,0,0,2,2,7
,2022-11566,-105.0911003,39.61915593,3/30/2022 8:06,8:06,15,0,0,S WADSWORTH BLVD & W CRESTLINE AVE,11,1,0,2,1,4,0,0,45,0,0,0,0,0,2,2,13
,2022-11688,-105.0532578,39.71133201,4/1/2022 16:08,16:08,3,0,0,SHERIDAN BLVD S & ALAMEDA AVE W,1,1,0,0,1,1,0,0,30,0,0,0,0,0,2,2,11
,2022-11720,-105.0532423,39.69688096,1/17/2022 19:10,19:10,12,0,1,S SHERIDAN BLVD & W MISSISSIPPI AVE,1,3,3,0,1,1,0,0,40,0,0,0,0,1,2,3,13
,2022-11721,-105.0250817,39.70765614,1/15/2022 16:57,16:57,1,0,1,W VIRGINIA AVE & S FEDERAL BLVD ,1,3,3,0,1,1,0,0,40,0,0,0,0,1,2,2,14
,2022-11722,-104.9322447,39.77994959,1/10/2022 3:00,3:00,15,0,0,I-70 & MM 277,1,3,3,0,1,4,0,0,65,0,0,0,0,0,1,2,14
,2022-11725,-105.0355113,39.78341421,4/4/2022 13:42,13:42,12,0,0,I-70 & N FEDERAL BLVD,1,1,0,0,1,4,0,0,55,0,0,0,0,0,1,4,10
,2022-11726,-104.9935151,39.73386651,4/2/2022 22:37,22:37,12,0,0,W 11TH AVE & N SPEER BLVD,1,3,0,0,1,1,0,0,,0,0,0,0,0,4,2,16
,2022-11729,-105.0004445,39.75901279,4/3/2022 2:06,2:06,12,0,0,2000 BLK 20TH ST & CHESTNUT PL,1,3,1,0,1,4,0,0,35,0,0,0,0,1,4,7,1
,2022-11730,-105.0139596,39.74044224,4/3/2022 13:25,13:25,15,0,0,I-25 & W COLFAX AVE,1,1,0,0,1,4,0,0,55,0,0,0,0,0,1,2,1
,2022-11731,-105.0324789,39.76212619,4/2/2022 12:24,12:24,6,0,0,3400 BLK W 32ND AVE & N JULIAN ST,1,1,0,0,1,4,0,0,25,0,0,0,0,0,4,2,11
,2022-11732,-104.9509899,39.7256095,4/4/2022 19:02,19:02,12,0,0,6TH AVE (NOT CDOT) & ST PAUL ST,1,1,0,0,1,4,0,0,30,0,0,0,0,1,4,2,10
,2022-11733,-104.9389473,39.74138503,4/1/2022 7:57,7:57,3,0,0,N ALBION ST & E 16TH AVE,1,1,0,0,1,1,0,0,25,0,0,0,0,0,4,2,11
,2022-11734,-104.9753634,39.767624,4/1/2022 18:05,18:05,3,0,0,WALNUT ST & 35TH ST,1,1,0,0,1,1,0,0,25,0,0,0,0,0,4,2,11
,2022-11735,-104.8312791,39.77265208,4/4/2022 0:08,0:08,12,0,0,I-70 & I-225,1,3,0,0,1,4,0,0,55,0,0,0,0,0,1,2,3
,2022-11736,-105.0029665,39.76865353,4/1/2022 12:43,12:43,12,0,0,MARIPOSA ST & 3700 BLK N ,1,1,1,0,1,4,0,0,,0,0,0,0,0,4,2,16
,2022-11739,-104.893794,39.63568973,4/3/2022 16:03,16:03,15,0,2,S TAMARAC ST & I-225,1,1,0,0,1,4,0,0,35,0,0,0,0,1,4,2,13
,2022-11743,-104.8556016,39.77474672,4/2/2022 17:19,17:19,12,0,1,I-70 & N PEORIA ST,1,1,0,0,1,4,0,0,55,0,0,0,0,3,1,5,3
,2022-11750,-104.9057238,39.63417632,4/3/2022 7:42,7:42,5,0,1,I-225 SB OFF RAMP & I-25 SB ON RAMP,1,1,1,0,3,8,0,0,55,0,0,0,1,3,1,1,1
,2022-11751,-104.9956667,39.72412426,4/1/2022 20:26,20:26,6,0,0,600 BLK W 5TH AVE & N GALAPAGO ST,1,3,0,0,1,4,0,0,25,0,0,0,0,0,4,2,16
,2022-11754,-104.994533,39.74470261,4/4/2022 10:25,10:25,10,0,0,1400 BLK STOUT ST & 15TH ST,1,1,0,0,1,2,0,0,30,0,0,0,0,0,4,2,11
,2022-11755,-104.9582052,39.7438228,4/2/2022 22:52,22:52,6,0,0,E 17TH AVE & E 18TH AVE,1,4,0,0,1,4,0,0,20,0,0,0,0,0,4,4,14
,2022-11756,-105.0239569,39.78833355,4/3/2022 0:43,0:43,6,0,0,ELIOT ST & 5000 BLK N ,1,3,0,0,1,4,0,0,25,0,0,0,0,0,4,2,16
,2022-11757,-104.8470104,39.78238809,3/12/2022 16:00,16:00,10,0,1,N PEORIA ST & E ALBROOK DR,1,1,0,0,6,1,0,0,45,0,0,0,0,3,4,2,10
,2022-11758,-105.0015649,39.7111843,4/2/2022 7:38,7:38,15,0,0,ALAMEDA AVE 1200 BLK W  & S LIPAN ST,1,1,0,0,1,4,0,0,35,0,0,0,0,0,4,2,11
,2022-11765,-105.0252126,39.72526349,4/4/2022 10:54,10:54,12,0,1,N FEDERAL BLVD & W 6TH AVE EB RAMPS,1,1,0,0,1,3,0,0,35,0,0,0,0,1,2,2,13
,2022-11767,-105.0015824,39.69033364,4/4/2022 5:58,5:58,3,0,0,LIPAN ST & 1400 BLK S ,1,3,1,0,1,3,0,0,30,0,0,0,0,0,4,2,16
,2022-11772,-105.0140248,39.74079002,4/3/2022 2:11,2:11,12,0,0,I-25 & W COLFAX AVE,1,4,0,0,1,4,0,0,55,0,0,0,0,0,1,2,16
,2022-11779,-105.0428376,39.74033452,4/3/2022 22:36,22:36,15,0,0,W COLFAX AVE & N STUART ST,1,3,0,0,1,1,0,0,30,0,0,0,0,0,2,2,16
,2022-11780,-104.9684684,39.73840789,4/1/2022 16:55,16:55,3,0,0,E 14TH AVE & N FRANKLIN ST,1,1,0,0,1,1,0,0,35,0,0,0,0,0,4,2,11
,2022-11782,-104.9828584,39.67490164,4/4/2022 8:18,8:18,3,0,0,E ILIFF AVE & S LOGAN ST,1,1,0,0,1,1,0,0,30,0,0,0,0,0,4,2,1
,2022-11783,-104.9594494,39.66029038,4/4/2022 10:39,10:39,10,0,0,S UNIVERSITY BLVD & E DARTMOUTH AVE,1,1,0,0,1,3,0,0,30,0,0,0,0,0,4,2,11
,2022-11792,-104.8470297,39.77400525,4/1/2022 12:30,12:30,12,0,0,I-70 EB OFF RAMP & N PEORIA ST,1,1,0,0,1,8,0,0,25,0,0,0,0,0,1,2,3
,2022-11795,-104.9405342,39.75607077,4/1/2022 8:01,8:01,15,0,1,N COLORADO BLVD & E 28TH AVE,1,1,0,0,1,4,0,0,35,0,0,0,0,1,2,2,11
,2022-11796,-104.9873963,39.73622952,4/1/2022 10:15,10:15,12,0,0,N BROADWAY ST & E 13TH AVE,1,1,0,0,1,4,0,0,35,0,0,0,0,0,4,2,13
,2022-11797,-104.9910461,39.75549023,4/3/2022 9:56,9:56,3,0,0,22ND ST & MARKET ST,1,1,0,1,1,1,0,0,25,0,0,0,0,0,4,2,13
,2022-11800,-104.9157839,39.67846327,4/3/2022 17:51,17:51,12,0,0,6300 BLK E EVANS AVE & S LEYDEN ST,1,1,0,0,1,4,0,0,35,0,0,0,0,1,4,2,16
,2022-11801,-104.9918357,39.75610664,4/1/2022 7:25,7:25,15,0,0,22ND ST & BLAKE ST,1,1,1,0,1,4,0,0,25,0,0,0,0,0,4,2,11
,2022-11804,-104.7719401,39.79837731,4/1/2022 5:00,5:00,12,0,0,E 56TH AVE & N TOWER RD,1,3,3,0,1,4,0,0,40,0,0,0,0,0,4,3,16
,2022-11807,-104.9875981,39.70933647,4/1/2022 15:30,15:30,3,0,1,E DAKOTA AVE & S BROADWAY,1,1,0,0,1,1,0,0,25,0,0,0,0,2,4,2,13
,2022-11810,-104.9405122,39.77329164,4/3/2022 11:46,11:46,15,0,0,N COLORADO BLVD & E 40TH AVE,1,1,0,0,1,4,0,0,35,0,0,0,0,0,2,2,3
,2022-11811,-104.8942893,39.76733586,4/3/2022 13:00,13:00,12,0,1,E 36TH & N ULSTER ST,1,1,0,0,1,4,0,0,35,0,0,0,0,3,4,2,13
,2022-11812,-105.0348835,39.71127081,4/4/2022 10:20,10:20,1,0,0,W ALAMEDA AVE & S LOWELL BLVD,1,1,1,0,1,1,0,0,35,0,0,0,0,0,4,2,11
,2022-11814,-104.9405114,39.7618025,4/2/2022 20:26,20:26,1,0,0,E MLK JR BLVD & N COLORADO BLVD,1,3,0,0,1,1,0,0,35,0,0,0,0,0,2,2,11
,2022-11829,-104.992023,39.68925622,4/5/2022 8:07,8:07,15,0,0,S SANTA FE DR & E FLORIDA AVE,1,1,0,0,1,4,0,0,45,0,0,0,0,0,2,2,1
,2022-11830,-104.9185139,39.65305196,3/14/2022 7:30,7:30,12,0,0,I-25 & HAMPDEN AVE E,1,1,3,0,1,4,0,0,55,0,0,0,0,0,1,2,16
,2022-11835,-105.0140457,39.74031403,3/25/2022 23:27,23:27,15,0,0,HWY 40 EB  & I-25 NB ON RAMP LOOP,1,3,1,0,1,14,0,0,,0,0,0,0,0,2,2,16
,2022-11837,-104.9406686,39.65301356,4/4/2022 6:12,6:12,12,0,0,S COLORADO BLVD & E HAMPDEN AVE,1,1,0,0,1,3,0,0,35,0,0,0,0,0,2,2,16
,2022-11838,-105.0202132,39.72026404,3/31/2022 3:38,3:38,3,0,0,2600 BLK W 2ND AVE & N CLAY ST,1,3,0,0,1,9,0,0,25,0,0,0,0,0,4,2,13
,2022-11839,-104.940493,39.78002816,4/5/2022 8:00,8:00,15,0,0,I-70 & N COLORADO BLVD,1,1,1,0,1,4,0,0,55,0,0,0,0,0,1,2,1