id,drcog_id,longitude,latitude,crashtime,time,crashtype,numbkilled,numbinjurd,drcoglocat,rdconditin,lightngcon,roadcntgrd,weatherco,location,roaddescrp,schoolzone,constrzone,splimit,bikeinv,pedinv,sctrinv,motoinv,svrty,rdsystem,ttlvehcls,hcf
,2022-11840,-104.8524308,39.77290799,2/15/2022 7:51,7:51,6,0,0,40TH AVE E & NOME ST N,1,1,0,0,1,4,0,0,35,0,0,0,0,0,4,2,2
,2022-11841,-105.0001783,39.728713,4/5/2022 12:30,12:30,15,0,0,700 BLK N KALAMATH ST & W. 8TH AVE.,1,1,0,0,1,4,0,0,30,0,0,0,0,0,4,2,13
,2022-11842,-104.9407884,39.71460379,4/3/2022 19:22,19:22,12,0,1,S COLORADO BLVD & E BAYAUD AVE,1,1,1,0,1,3,0,0,,0,0,0,0,1,2,2,16
,2022-11843,-105.0250197,39.68227101,4/5/2022 15:22,15:22,12,0,0,S FEDERAL BLVD & W JEWELL AVE,1,1,0,0,1,3,0,0,40,0,0,0,0,0,2,2,16
,2022-11846,-104.9949398,39.76568293,3/24/2022 17:52,17:52,12,0,0,PARK AVEW & N GLOBEVILLE  RD,1,1,0,0,1,4,0,0,35,0,0,0,0,1,4,2,11
,2022-11847,-104.8937874,39.6356719,3/16/2022 15:00,15:00,12,0,0,TAMARAC ST S & I-225 SB RAMPS,1,1,0,0,1,1,0,0,35,0,0,0,0,0,4,2,7
,2022-11848,-104.9794458,39.69299887,4/5/2022 10:28,10:28,12,0,0,E LOUISIANA AVE & S WASHINGTON ST,1,1,0,0,1,3,0,0,25,0,0,0,0,0,4,2,7
,2022-11854,-105.0396866,39.71331905,3/29/2022 3:45,3:45,6,0,0,S PERRY ST & W CEDAR AVE,1,3,1,0,1,4,0,0,25,0,0,0,0,0,4,2,16
,2022-11855,-104.9492798,39.74015062,4/1/2022 21:55,21:55,6,0,0,E COLFAX AVE & STEELE ST,1,3,0,0,1,4,0,0,30,0,0,0,0,0,2,2,2
,2022-11856,-105.0439421,39.78350358,4/5/2022 8:20,8:20,12,0,0,I-70 & N TENNYSON ST,1,1,1,0,1,4,0,1,55,0,0,0,0,0,1,2,3
,2022-11857,-104.7534304,39.76928325,4/5/2022 10:05,10:05,3,0,0,N HIMALAYA RD & E 38TH AVE,1,1,0,0,1,3,0,0,35,0,0,0,0,0,4,2,1
,2022-11862,-105.0141494,39.74044681,4/4/2022 19:40,19:40,15,0,0,I-25 & W COLFAX AVE,1,3,1,0,1,4,0,0,55,0,0,0,0,0,1,2,13
,2022-11865,-105.0437604,39.77659618,4/5/2022 13:05,13:05,6,0,0,4300 BLK W 44TH AVE & N. TENNYSON ST,1,1,0,0,1,4,0,0,,0,0,0,0,0,4,2,16
,2022-11866,-105.0087098,39.69672883,4/3/2022 19:59,19:59,2,0,1,S RARITAN ST & W MISSISSIPPI AVE,1,4,0,0,1,4,0,0,25,1,0,0,0,3,4,1,16
,2022-11868,-104.9406143,39.73828662,2/18/2022 14:05,14:05,15,0,0,14TH AVE E & COLORADO BLVD N,12,1,0,0,1,1,0,0,30,0,0,0,0,0,2,2,13
,2022-11869,-104.9405109,39.77298956,4/1/2022 0:23,0:23,12,0,2,N COLORADO BLVD & E 40TH AVE,1,3,0,0,1,3,0,0,,0,0,0,0,2,2,2,16
,2022-11870,-105.0236066,39.76226323,4/5/2022 8:25,8:25,6,0,0,3200 BLK N ELIOT ST & W 32ND AVE,1,1,0,1,1,1,0,0,25,0,0,0,0,0,4,2,13
,2022-11872,-104.9444415,39.68048768,4/4/2022 10:56,10:56,10,0,1,3700 BLK E BUCHTEL BLVD & S MONROE ST,1,1,0,0,1,2,0,0,35,0,0,0,0,2,4,2,11
,2022-11873,-104.9046426,39.75101672,4/5/2022 15:35,15:35,3,0,0,E 23RD AVE & N POPLAR ST,1,1,0,0,1,1,0,0,25,0,0,0,0,0,4,2,13
,2022-11879,-104.987397,39.74891255,4/5/2022 10:40,10:40,3,0,0,20TH ST & N BROADWAY ST,1,1,0,0,1,1,0,0,30,0,0,0,0,0,4,2,13
,2022-11880,-105.0250485,39.69128019,4/5/2022 16:29,16:29,12,0,0,S FEDERAL BLVD & ARKANSAS AVE,1,1,0,0,1,4,0,0,35,0,0,0,0,0,2,3,13
,2022-11881,-105.0531142,39.66778557,4/5/2022 13:00,13:00,12,0,0,W YALE AVE & S SHERIDAN BLVD,1,1,0,0,1,3,0,0,30,0,0,0,0,0,4,2,3
,2022-11882,-104.8470222,39.7740046,4/5/2022 15:24,15:24,12,0,0,I-70 & N PEORIA ST,1,1,1,0,1,4,0,0,55,0,0,0,0,0,1,2,7
,2022-11883,-104.9875683,39.67824485,4/5/2022 13:22,13:22,12,0,0,2100 BLK S BROADWAY ST & E EVANS AVE,1,1,0,0,1,3,0,0,35,0,0,0,0,0,4,2,3
,2022-11884,-104.8922346,39.71107356,4/5/2022 16:55,16:55,3,0,3,E ALAMEDA AVE & E FAIRMOUNT DR,1,1,0,6,1,3,0,0,40,0,0,0,0,1,4,3,3
,2022-11886,-104.9733929,39.71110895,3/16/2022 13:45,13:45,12,0,0,DOWNING ST S & ALAMEDA AVE E,1,1,0,0,1,1,0,0,,0,0,0,0,0,4,2,16
,2022-11887,-105.0412813,39.6967674,4/2/2022 22:53,22:53,6,0,0,4000 BLK W MISSISSIPPI AVE & S QUITMAN ST,1,3,1,0,1,4,0,0,25,0,0,0,0,0,4,2,13
,2022-11889,-105.016016,39.74047255,4/5/2022 7:53,7:53,12,0,0,W COLFAX AVE & I-25,1,1,0,0,1,4,0,0,40,0,0,0,0,0,2,4,3
,2022-11891,-104.8107105,39.77504126,4/5/2022 8:40,8:40,12,0,0,E ANDREWS DR & N GRANBY WAY,1,1,0,0,1,1,0,0,25,0,0,0,0,0,4,2,13
,2022-11895,-104.980835,39.69662576,3/17/2022 12:01,12:01,6,0,0,MISSISSIPPI AVE E & PEARL ST S,11,1,3,2,1,4,0,0,25,0,0,0,0,0,4,2,16
,2022-11897,-105.0394739,39.74033729,4/4/2022 14:17,14:17,3,0,0,W COLFAX AVE & KALAMATH ST,1,1,0,0,1,1,0,0,35,0,0,0,0,0,2,2,1
,2022-11899,-105.0481213,39.70041906,4/4/2022 15:58,15:58,15,0,0,W KENTUCKY AVE & MORRISON RD,1,1,0,0,1,1,0,0,25,0,0,0,0,0,4,2,7
,2022-11900,-104.9732858,39.73840631,4/4/2022 17:00,17:00,6,0,0,1100 BLK E 14TH AVE & N DOWNING ST,1,1,0,0,1,4,0,0,,0,0,0,0,0,4,2,16
,2022-11901,-104.9035613,39.69580517,4/3/2022 21:35,21:35,11,0,1,S QUEBEC ST & E MISSISSIPPI AVE,1,3,0,0,1,4,0,0,35,0,1,0,0,2,4,1,13
,2022-11902,-104.9919409,39.68749006,4/4/2022 7:55,7:55,12,0,0,S SANTA FE DR & W IOWA AVE,1,1,0,0,1,3,0,0,45,0,0,0,0,0,2,2,11
,2022-11904,-105.015706,39.74310424,4/3/2022 2:18,2:18,12,0,0,I-25 & W COLFAX AVE,1,4,0,0,1,4,0,0,55,0,0,0,0,0,1,2,16
,2022-11906,-105.0156819,39.68565581,4/4/2022 20:46,20:46,6,0,0,1721 S ZUNI ST & W MEXICO AVE,1,3,0,0,1,4,0,0,25,0,0,0,0,0,4,3,3
,2022-11907,-104.98508,39.76542126,4/3/2022 23:20,23:20,12,0,0,2900 BLK N BRIGHTON BLVD & 30TH ST,1,3,0,0,1,4,0,0,30,0,0,0,0,0,4,2,16
,2022-11908,-105.0485075,39.72703595,3/31/2022 16:25,16:25,16,0,0,WOLFF ST N & 645 WOLFF ST N,1,1,0,0,5,7,0,0,,0,0,0,0,0,3,3,16
,2022-11911,-104.9594472,39.68485346,4/5/2022 13:34,13:34,12,0,0,I-25 NB OFF RAMP & S UNIVERSITY BLVD,1,1,1,0,1,8,0,0,45,0,0,0,0,0,4,2,13
,2022-11912,-104.8905205,39.76001325,4/1/2022 11:14,11:14,2,0,1,N CENTRAL PARK BLVD & E MLK BLVD,1,1,0,0,1,1,0,0,35,1,0,0,0,3,4,1,11
,2022-11913,-104.9920022,39.68917541,4/5/2022 6:22,6:22,12,0,0,S SANTA FE DR & E FLORIDA AVE,1,1,0,0,1,3,0,0,45,0,0,0,0,0,2,4,3
,2022-11914,-105.0001515,39.73527198,4/5/2022 12:31,12:31,15,0,2,N KALAMATH ST & W 12TH AVE,1,1,0,0,1,1,0,0,30,0,0,0,0,1,4,2,13
,2022-11915,-105.0017567,39.77561308,4/4/2022 17:52,17:52,6,0,0,4300 BLK N LIPAN ST & 43RD AVE,1,1,0,0,1,4,0,0,30,0,0,0,0,0,4,2,3
,2022-11916,-104.9929153,39.69666188,4/5/2022 15:20,15:20,3,0,0,W MISSISSIPPI AVE & SB S SANTA FE DR,1,1,0,0,1,1,0,0,35,0,0,0,0,0,2,2,3
,2022-11917,-104.9610025,39.74480508,4/4/2022 15:00,15:00,3,0,0,N GAYLORD ST & E 18TH AVE,1,1,0,0,1,1,0,0,25,0,0,0,0,0,4,2,3
,2022-11918,-104.8935564,39.63642393,4/5/2022 18:03,18:03,12,0,0,I-225 SB OFF RAMP SLIP & S TAMARAC ST,1,1,1,6,1,8,0,0,35,0,0,0,0,0,1,2,3
,2022-11919,-104.9852983,39.74920057,4/4/2022 11:40,11:40,1,0,0,21ST ST & WELTON ST,1,1,0,0,1,1,0,0,25,0,0,0,0,0,4,2,1
,2022-11920,-105.05325,39.70065042,4/5/2022 9:43,9:43,15,0,0,S SHERIDAN BLVD & W KENTUCKY AVE,1,1,1,0,1,3,0,0,35,0,0,0,0,0,2,2,11
,2022-11921,-104.9428865,39.7381886,3/21/2022 11:40,11:40,6,0,0,JACKSON ST N & 14TH AVE E,1,1,0,0,1,4,0,0,25,0,0,0,0,0,4,2,16
,2022-11923,-104.9129792,39.65875239,4/4/2022 10:30,10:30,3,0,0,S MONACO ST & E EASTMAN AVE,1,1,0,0,1,1,0,0,25,0,0,0,0,0,4,2,3
,2022-11926,-105.0236259,39.75110035,4/5/2022 13:58,13:58,15,0,0,2200 BLK N ELIOT ST & W 23RD AVE,1,1,0,0,1,4,0,0,25,0,0,0,0,0,4,2,16
,2022-11940,-104.9161632,39.73986953,4/5/2022 10:45,10:45,12,0,0,1400 BLK N KRAMERIA ST & E COLFAX AVE,1,1,1,0,1,2,0,0,30,0,0,0,0,0,4,2,11
,2022-11943,-104.8751836,39.78219352,4/4/2022 7:50,7:50,15,0,0,E 47TH AVE & N DALLAS ST,1,1,0,0,1,4,0,0,35,0,0,0,0,0,4,2,11
,2022-11946,-104.9425226,39.68362053,4/5/2022 16:03,16:03,12,0,1,I-25 & S COLORADO BLVD,1,1,1,0,1,4,0,0,60,0,0,0,0,1,1,2,16
,2022-11947,-104.8987254,39.65307764,4/4/2022 14:00,14:00,12,0,0,S TAMARAC DR & E HAMPDEN AVE,1,1,0,0,1,1,0,0,25,0,0,0,0,0,2,2,3
,2022-11950,-104.9567145,39.74160417,4/5/2022 12:10,12:10,12,0,0,E 16TH AVE & N ESPLANADE PKWY,1,1,0,0,1,4,0,0,25,0,0,0,0,0,4,2,13
,2022-11972,-105.053234,39.74721194,2/25/2022 6:42,6:42,15,0,0,SHERIDAN BLVD & W 20TH AVE,1,1,0,0,1,4,0,0,35,0,0,0,0,0,2,2,11
,2022-11984,-105.053234,39.74721194,1/30/2022 17:29,17:29,5,0,0,SHERIDAN BLVD & W 20TH AVE ,1,2,0,0,1,4,0,0,35,0,0,0,0,0,2,2,13
,2022-11991,-105.0532354,39.74762389,2/10/2022 15:07,15:07,3,0,0,SHERIDAN BLVD & W 20TH AVE,1,1,0,0,1,2,0,0,35,0,0,0,0,0,2,2,13
,2022-12004,-105.0141494,39.74044681,4/6/2022 15:24,15:24,12,0,0,I-25 & W COLFAX AVE,1,1,0,0,1,4,0,0,55,0,0,0,0,0,1,2,16
,2022-12007,-105.0139167,39.72546529,4/6/2022 13:56,13:56,12,0,0,W 6TH AVE & I-25,1,1,0,0,1,4,0,0,55,0,0,0,0,0,2,3,16
,2022-12012,-105.0026475,39.74762721,4/6/2022 12:53,12:53,12,0,0,N SPEER BLVD & AURARIA PKWY,1,1,0,0,1,1,0,0,35,0,0,0,0,0,4,2,16
,2022-12014,-104.8754678,39.7983373,4/6/2022 18:57,18:57,3,0,0,E 56TH AVE & N DALLAS ST,1,1,0,0,1,1,0,0,45,0,0,0,0,0,4,2,11
,2022-12015,-105.0255047,39.72933043,4/6/2022 11:04,11:04,15,0,0,W 6TH AVE & N FEDERAL BLVD,1,1,1,0,1,4,0,0,25,0,0,0,0,0,2,2,13
,2022-12016,-104.7863523,39.80011453,4/5/2022 16:06,16:06,5,0,0,PENA BLVD OUTBOUND & E 56TH AVE,1,1,1,6,1,4,0,0,45,0,0,0,0,0,4,1,13
,2022-12017,-104.9406296,39.72370017,4/6/2022 7:51,7:51,15,0,0,N COLORADO BLVD & E 4TH AVE,1,2,0,0,1,4,0,0,35,0,0,0,0,0,2,2,11
,2022-12018,-105.0133487,39.72550245,4/6/2022 11:49,11:49,15,0,1,I-25 & W 6TH AVE,1,1,0,0,1,4,0,0,25,0,0,0,0,1,1,2,13
,2022-12019,-104.903492,39.7717692,4/5/2022 10:25,10:25,3,0,1,N QUEBEC ST & E SMITH RD,1,1,0,0,1,1,0,0,35,0,0,0,0,2,4,2,8
,2022-12021,-104.9745638,39.7448354,4/1/2022 19:00,19:00,6,0,0,900 BLK E 18TH AVE & N OGDEN ST,1,1,0,1,1,4,0,0,30,0,0,0,0,0,4,2,16
,2022-12022,-104.9835898,39.74167587,4/6/2022 8:53,8:53,2,0,0,N GRANT ST & E 16TH AVE,1,1,0,0,1,1,0,0,30,1,0,0,0,0,4,1,13
,2022-12025,-104.9583909,39.71962411,4/6/2022 15:05,15:05,6,0,0,200 BLK N JOSEPHINE ST & E 3RD AVE,1,1,0,0,1,4,0,0,35,0,0,0,0,0,4,2,16
,2022-12026,-105.0339237,39.71033129,4/6/2022 8:49,8:49,3,0,0,W NEVADA PL & MORRISON RD,1,1,0,0,1,1,0,0,25,0,0,0,0,0,4,2,3
,2022-12027,-105.0252116,39.78383455,4/6/2022 1:09,1:09,1,0,1,N FEDERAL BLVD & I-70 EB RAMPS,1,3,0,6,1,1,0,0,35,0,0,0,0,2,2,2,1
,2022-12028,-105.0416637,39.73403459,4/6/2022 11:19,11:19,6,0,0,RALEIGH ST & 1057 N ,1,1,0,0,5,7,0,0,,0,0,0,0,0,3,2,16
,2022-12032,-104.9873894,39.75638817,4/3/2022 2:17,2:17,11,0,1,24TH ST & N BROADWAY ST,1,3,3,0,1,1,0,0,,0,1,0,0,3,4,1,16
,2022-12036,-104.9971408,39.711194,4/5/2022 14:20,14:20,3,0,0,W ALAMEDA AVE (NOT CDOT) & S SANTA FE DR (NOT CDOT),1,1,0,0,1,1,0,0,30,0,0,0,0,0,4,2,3
,2022-12037,-104.9873935,39.73685019,4/6/2022 15:08,15:08,6,0,0,N BROADWAY ST & E 13TH AVE,1,1,0,0,1,1,0,0,35,0,0,0,0,0,4,2,16
,2022-12038,-104.9205935,39.70693201,4/5/2022 20:45,20:45,15,0,0,LEETSDALE DR 5700 BLK  & S HOLLY ST,1,3,0,0,1,4,0,0,40,0,0,0,0,0,4,2,1
,2022-12040,-105.0006301,39.71115859,4/6/2022 12:02,12:02,12,0,0,PLATTE RIVER DR 300 BLK S & W ALAMEDA AVE,1,1,0,0,1,3,0,0,30,0,0,0,0,0,4,2,10
,2022-12041,-105.025149,39.72933001,4/6/2022 7:49,7:49,12,0,0,W 6TH AVE & N FEDERAL BLVD,1,1,1,0,1,4,0,0,55,0,0,0,0,0,1,2,13
,2022-12044,-104.9129415,39.70386144,4/5/2022 17:30,17:30,15,0,0,S MONACO ST & E EXPOSITION AVE,1,1,0,0,1,1,0,0,30,0,0,0,0,0,4,4,3
,2022-12045,-104.9178399,39.6533628,4/6/2022 10:37,10:37,12,0,0,I-25 ON RAMP & E HAMPDEN AVE,1,1,1,0,1,8,0,0,65,0,0,0,0,0,1,2,13
,2022-12046,-105.0532628,39.70694762,4/6/2022 8:40,8:40,10,0,1,S SHERIDAN BLVD & W BINGHAM PL,1,1,1,0,1,4,0,0,35,0,0,0,0,3,2,2,1
,2022-12047,-105.0251799,39.78422127,4/6/2022 3:43,3:43,15,0,0,I-70 & N FEDERAL BLVD,1,3,3,6,1,4,0,0,55,0,0,0,0,0,1,2,13
,2022-12061,-104.9354999,39.74339619,4/6/2022 15:00,15:00,3,0,0,N CLERMONT ST & E 17TH AVE,1,1,0,0,1,1,0,0,35,0,0,0,0,0,4,2,11
,2022-12063,-104.9597665,39.75071751,4/6/2022 12:30,12:30,3,0,1,E 23RD AVE & N YORK ST,1,1,0,0,1,1,0,0,30,0,0,0,0,1,4,2,1
,2022-12066,-104.9124086,39.76182719,4/5/2022 16:30,16:30,15,0,0,E MLK BLVD & N MONACO ST,1,1,0,0,1,1,0,0,30,0,0,0,0,0,4,2,3
,2022-12069,-105.0064252,39.78313348,4/6/2022 17:17,17:17,12,0,0,I-70 & N PECOS ST,1,1,0,0,1,4,0,0,55,0,0,0,0,0,1,3,16
,2022-12073,-104.9234332,39.74006763,4/5/2022 22:58,22:58,11,0,1,E COLFAX AVE & N HUDSON ST,1,3,0,6,1,1,0,0,0,0,1,0,0,2,2,2,16
,2022-12075,-104.9447137,39.73833524,4/4/2022 22:37,22:37,6,0,0,3600 BLK E 14TH AVE & N MONROE ST,1,3,1,0,1,4,0,0,30,0,0,0,0,0,4,3,16
,2022-12081,-104.8657292,39.78227352,4/5/2022 17:50,17:50,1,0,0,E 47TH AVE & N HAVANA ST,1,1,0,6,1,1,0,0,45,0,0,0,0,0,4,2,13
,2022-12084,-105.0029984,39.7516197,2/20/2022 1:54,1:54,3,0,5,15TH ST & WEWATTA ST,1,3,0,0,1,1,0,0,30,0,1,0,0,3,4,2,14
,2022-12090,-105.0139411,39.74036804,4/6/2022 14:28,14:28,12,0,0,I-25 & W COLFAX AVE,1,1,1,0,1,4,0,0,55,0,0,0,0,0,1,2,7
,2022-12092,-104.9895612,39.78010359,4/6/2022 15:05,15:05,12,0,1,I-25 & I-70,1,1,0,0,1,4,0,0,55,0,0,0,0,1,1,2,13
,2022-12095,-104.947273,39.74014602,4/6/2022 18:21,18:21,6,0,0,E COLFAX AVE & N COOK ST,1,1,0,0,1,4,0,0,35,0,0,0,0,0,2,2,13
,2022-12109,-104.8660409,39.67097363,3/22/2022 16:20,16:20,12,0,0,S HAVANA ST & S PARKER RD,1,1,1,0,1,1,0,0,45,0,0,0,0,0,4,2,11
,2022-12138,-104.9586082,39.73526702,3/26/2022 23:47,23:47,6,0,0,JOSEPHINE ST N & 12TH AVE E,1,3,0,0,1,4,0,0,30,0,0,0,0,0,4,2,16
,2022-12142,-104.8987254,39.65307764,4/6/2022 10:20,10:20,15,0,0,E HAMPDEN AVE & S TAMARAC DR,1,1,0,0,1,1,0,0,,0,0,0,0,0,2,2,16
,2022-12143,-104.964755,39.74518127,4/6/2022 14:22,14:22,6,0,0,N HIGH ST & E 18TH AVE,1,1,0,0,1,4,0,0,25,0,0,0,0,0,4,2,12
,2022-12147,-104.9585707,39.76073253,4/6/2022 1:58,1:58,3,0,1,E 31ST AVE & N JOSEPHINE ST,1,3,1,0,1,1,0,0,30,0,0,0,0,2,4,2,11
,2022-12148,-104.9593796,39.6818159,4/7/2022 18:24,18:24,15,0,0,UNIVERSITY BLVD 1900 S (NOT CDOT) & E JEWELL AVE,1,1,0,0,1,4,0,0,30,0,0,0,0,0,4,2,11
,2022-12149,-104.9182339,39.65307809,4/6/2022 14:45,14:45,15,0,0,E HAMPDEN AVE & I-25 NB RAMPS,1,1,0,0,1,1,0,0,35,0,0,0,0,0,2,2,3
,2022-12150,-105.0127004,39.75514564,4/7/2022 6:49,6:49,12,0,0,I-25 & N SPEER BLVD,1,1,0,0,1,4,0,0,55,0,0,0,0,0,1,3,13
,2022-12151,-104.8816104,39.79998906,4/8/2022 8:20,8:20,3,0,0,N BEELER CT & E 57TH AVE,1,1,0,0,1,1,0,0,25,0,0,0,0,0,4,2,11
,2022-12152,-105.0251008,39.79111414,4/7/2022 16:38,16:38,1,0,1,N FEDERAL BLVD & W 52ND AVE,1,1,0,0,1,3,0,0,45,0,0,0,1,1,2,2,11
,2022-12156,-105.0139596,39.74044224,4/8/2022 11:51,11:51,12,0,0,I-25 & W COLFAX AVE,1,1,1,0,1,4,0,0,55,0,0,0,0,0,1,2,16
,2022-12163,-105.0047803,39.76116991,4/8/2022 12:53,12:53,12,0,0,20TH ST & I-25,1,1,0,0,1,1,0,0,30,0,0,0,0,0,4,2,13
,2022-12165,-104.9940708,39.73359404,4/7/2022 8:35,8:35,3,0,0,SPEER BLVD & E 11TH AVE,1,1,0,0,1,1,0,0,30,0,0,0,0,0,4,2,3
,2022-12167,-104.9942062,39.67845945,4/6/2022 14:06,14:06,5,0,1,W EVANS AVE & S SANTA FE DR,1,1,1,7,2,4,0,0,40,0,0,0,0,2,4,1,10
,2022-12168,-105.0284639,39.72707993,4/7/2022 6:54,6:54,12,0,0,W 6TH AVE & N FEDERAL BLVD,1,1,0,1,1,4,0,0,55,0,0,0,0,0,2,2,13
,2022-12169,-104.9361602,39.74739721,4/6/2022 16:51,16:51,12,0,1,N BIRCH ST & E MONTVIEW BLVD,1,1,0,0,1,1,0,0,30,0,0,0,0,2,4,2,13
,2022-12170,-104.9635794,39.6853605,4/7/2022 17:55,17:55,12,0,0,I-25 & S UNIVERSITY BLVD,1,1,0,0,1,4,0,0,,0,0,0,0,0,1,3,16
,2022-12172,-105.0148299,39.72932162,4/7/2022 15:03,15:03,12,0,1,I-25 & W 8TH AVE,1,1,0,0,1,4,0,0,55,0,0,0,0,1,1,3,7
,2022-12174,-104.9819607,39.72907223,4/7/2022 17:37,17:37,12,0,0,E 8TH AVE & N LOGAN ST,1,1,0,0,1,4,0,0,25,0,0,0,0,1,4,3,3
,2022-12175,-104.9240376,39.6969742,4/6/2022 17:50,17:50,15,0,0,5300 BLK E CHERRY CREEK S DR & E MISSISSIPPI AVE,1,2,0,0,1,4,0,0,30,0,0,0,0,0,4,2,1
,2022-12178,-104.9498032,39.71858352,4/7/2022 16:35,16:35,15,0,0,100-BLK N STEELE ST & E 1ST AVE,1,2,0,0,1,4,0,0,25,0,0,0,0,0,4,2,13
,2022-12180,-105.0157081,39.68951438,4/7/2022 9:45,9:45,3,0,0,W FLORIDA AVE & S ZUNI ST,1,1,0,1,1,1,0,0,25,0,0,0,0,0,4,2,13
,2022-12185,-105.022314,39.68949488,4/7/2022 16:31,16:31,12,0,0,2700 BLK W FLORIDA AVE & S DECATUR ST,1,1,0,0,1,1,0,0,35,0,0,0,0,0,4,2,1
,2022-12188,-105.0032338,39.75278367,4/7/2022 12:15,12:15,6,0,0,CHESTNUT PL & DELGANY ST,1,1,0,0,1,4,0,0,25,0,0,0,0,0,4,2,13
,2022-12191,-104.6711576,39.83799657,4/7/2022 15:00,15:00,6,0,0,SHADY GROVE ST & 7800 N ,1,1,0,0,1,4,0,0,15,0,0,0,0,0,4,2,1
,2022-12193,-104.9980145,39.74002359,4/7/2022 10:48,10:48,10,0,0,N SPEER BLVD & W COLFAX AVE,14,5,3,7,1,1,0,0,30,0,0,0,0,0,2,2,13
,2022-12194,-105.0109999,39.71118307,4/6/2022 17:00,17:00,10,0,0,W ALAMEDA AVE & S TEJON ST,1,1,0,0,1,1,0,0,35,0,0,0,0,0,4,2,3
,2022-12195,-104.9406224,39.71156102,4/7/2022 16:20,16:20,12,0,1,E ALAMEDA AVE & S COLORADO BLVD,1,1,0,0,1,3,0,0,35,0,0,0,0,2,2,2,3
,2022-12196,-104.8987479,39.73870572,4/7/2022 17:35,17:35,10,0,0,EB E 14TH AVE & N SYRACUSE ST,1,1,0,0,1,1,0,0,30,0,0,0,0,0,4,2,13
,2022-12198,-105.0064252,39.78313348,4/8/2022 7:58,7:58,12,0,0,I-70 & N PECOS ST,1,1,0,0,1,8,0,0,20,0,0,0,0,0,1,2,13
,2022-12205,-104.9161547,39.72563353,4/8/2022 12:25,12:25,10,0,0,E 6TH AVE & N KRAMERIA ST,1,1,0,0,1,1,0,0,30,0,0,0,0,0,4,2,11
,2022-12206,-104.9140828,39.76586559,4/7/2022 21:52,21:52,6,0,0,N LOCUST ST & E 35TH AVE,1,3,0,0,1,4,0,0,,0,0,0,0,0,4,2,1
,2022-12208,-104.9733893,39.70023682,4/8/2022 15:17,15:17,12,0,0,600 BLK S DOWNING ST & E EXPOSITION AVE,1,1,0,0,1,4,0,0,30,0,0,0,1,0,4,2,3
,2022-12209,-105.0251716,39.71123825,4/8/2022 7:52,7:52,15,0,0,W ALAMEDA AVE & S FEDERAL BLVD,1,1,0,0,1,4,0,0,40,0,0,0,0,0,2,2,1
,2022-12211,-104.8905205,39.76001325,4/7/2022 13:54,13:54,3,0,0,N CENTRAL PARK BLVD & E MLK BLVD,1,1,0,0,1,1,0,0,35,0,0,0,0,1,4,2,13
,2022-12218,-104.9593372,39.69477441,4/7/2022 12:55,12:55,10,0,0,S UNIVERSITY BLVD & E ARIZONA AVE,1,1,0,0,1,1,0,0,30,0,0,0,0,0,4,2,8
,2022-12223,-105.0252859,39.75484073,4/7/2022 11:53,11:53,3,0,1,N FEDERAL BLVD & W 26TH AVE,1,1,0,0,1,1,0,0,35,0,0,0,0,1,2,2,13
,2022-12224,-104.9085568,39.67845676,4/6/2022 19:46,19:46,15,0,0,E EVANS AVE & S ONIEDA ST,1,3,3,0,1,4,0,0,35,0,0,0,0,0,4,2,16
,2022-12225,-104.9883629,39.74410535,4/6/2022 22:26,22:26,3,0,1,17TH ST & TREMONT PL,1,3,3,0,1,1,0,0,20,0,0,0,0,2,4,2,14
,2022-12228,-104.9038078,39.72688144,4/6/2022 13:30,13:30,3,0,0,E 7TH AVE & N QUEBEC ST,1,1,0,0,1,1,0,0,25,0,0,0,0,0,4,2,3
,2022-12229,-104.9124086,39.76182719,4/7/2022 12:50,12:50,1,0,2,E MLK BLVD & N MONACO ST,1,1,0,0,1,1,0,0,35,0,0,0,0,2,4,2,11
,2022-12230,-104.9406271,39.71955126,4/7/2022 9:29,9:29,12,0,0,N COLORADO BLVD & E 2ND AVE,1,1,0,0,1,4,0,0,35,0,0,0,0,0,2,2,11
,2022-12231,-104.940626,39.71765218,4/7/2022 10:10,10:10,12,0,0,N COLORADO BLVD & E 1ST AVE,1,1,0,0,1,3,0,0,35,0,0,0,0,0,2,2,16
,2022-12232,-104.9467406,39.72412023,4/8/2022 15:55,15:55,12,0,0,E 5TH AVE & MONROE ST,1,1,1,0,1,9,0,0,25,0,0,0,0,0,4,2,13
,2022-12234,-104.9920576,39.68939091,4/7/2022 7:41,7:41,10,0,0,W FLORIDA AVE & S SANTA FE DR,1,1,0,0,1,1,0,0,35,0,0,0,0,0,4,2,16
,2022-12236,-105.01189,39.72406431,4/8/2022 14:29,14:29,12,0,0,I-25 & W 6TH AVE,1,1,1,0,1,4,0,0,55,0,0,0,1,0,1,3,16
,2022-12237,-105.0531756,39.72490448,4/7/2022 7:47,7:47,15,0,0,N SHERIDAN BLVD & W 6TH AVE,1,1,1,0,1,1,0,0,55,0,0,0,0,0,2,2,11
,2022-12238,-104.9730879,39.73515807,4/8/2022 13:12,13:12,6,0,0,1100 BLK E 12TH AVE & N DOWNING ST,1,1,0,0,1,4,0,0,30,0,0,0,0,0,4,2,16
,2022-12240,-104.9874979,39.71885353,4/9/2022 11:43,11:43,15,0,0,100 BLK N BROADWAY ST & E CEDAR AVE,1,1,0,0,1,4,0,0,25,0,0,0,0,0,4,2,3
,2022-12243,-104.9949315,39.76798309,4/8/2022 18:12,18:12,12,0,1,I-25 & PARK AVE W,1,2,0,0,1,4,0,0,55,0,0,0,0,1,1,2,13
,2022-12245,-104.9993562,39.76616101,4/7/2022 23:39,23:39,12,0,3,I-25 & W 38TH AVE,1,4,0,0,1,4,0,0,55,0,0,0,0,2,1,2,13