id,drcog_id,longitude,latitude,crashtime,time,crashtype,numbkilled,numbinjurd,drcoglocat,rdconditin,lightngcon,roadcntgrd,weatherco,location,roaddescrp,schoolzone,constrzone,splimit,bikeinv,pedinv,sctrinv,motoinv,svrty,rdsystem,ttlvehcls,hcf
,2022-12246,-104.9508283,39.67841354,4/8/2022 7:38,7:38,8,0,0,E EVANS AVE & S ST PAUL ST,1,1,0,0,1,1,0,0,30,0,0,0,0,0,4,3,16
,2022-12247,-104.9959967,39.67789228,4/7/2022 17:02,17:02,15,0,0,S GALAPAGO ST & W EVANS AVE,1,1,0,0,1,4,0,0,25,0,0,0,0,0,4,2,3
,2022-12248,-104.882818,39.78234193,4/8/2022 15:14,15:14,1,0,1,E 47TH AVE & N CENTRAL PARK BLVD,1,1,0,0,1,1,0,0,40,0,0,0,0,2,4,2,11
,2022-12249,-105.0032604,39.75408269,4/7/2022 12:33,12:33,6,0,0,1600 BLK CHESTNUT PL & 16TH ST,1,1,0,0,1,4,0,0,25,0,0,0,0,0,4,2,16
,2022-12250,-104.9936605,39.75928458,4/8/2022 10:35,10:35,12,0,0,PARK AVE W & WEWATTA ST,1,1,0,0,1,4,0,0,30,0,0,0,0,0,4,2,13
,2022-12251,-104.9406249,39.7291863,4/7/2022 22:05,22:05,12,0,0,N COLORADO BLVD & E 8TH PL,1,3,0,0,1,3,0,0,35,0,0,0,0,0,2,2,16
,2022-12254,-105.0192435,39.78200889,4/6/2022 18:55,18:55,6,0,0,W 47TH AVE & N BRYANT ST,1,2,0,0,1,4,0,0,25,0,0,0,0,0,4,2,11
,2022-12256,-105.0531908,39.68229294,4/8/2022 20:17,20:17,1,0,0,S SHERIDAN BLVD & W JEWELL AVE,1,3,0,0,1,1,0,0,40,0,0,0,0,0,2,2,1
,2022-12257,-104.9647131,39.74932108,4/8/2022 0:18,0:18,6,0,0,2100 BLK N HIGH ST & E 22ND AVE,1,4,0,0,1,4,0,0,20,0,0,0,0,0,4,5,7
,2022-12258,-104.9908453,39.72333353,4/9/2022 0:30,0:30,5,0,0,BANNOCK ST & 400 BLK N ,1,3,3,0,3,4,0,0,35,0,0,0,0,0,4,1,16
,2022-12259,-104.9787709,39.72534931,4/9/2022 2:52,2:52,15,0,0,500 BLK N WASHINGTON ST & E 6TH AVE,1,3,0,0,1,4,0,0,30,0,0,0,0,0,4,3,16
,2022-12260,-104.7762074,39.83202209,4/8/2022 23:10,23:10,6,0,0,PENA BLVD & TOWER RD,1,3,0,0,1,4,0,0,65,0,0,0,0,1,4,2,16
,2022-12261,-105.0532345,39.77288453,4/9/2022 15:16,15:16,3,0,1,N SHERIDAN BLVD & W 41ST AVE,1,1,0,0,1,2,0,0,35,0,0,0,0,2,2,2,11
,2022-12269,-104.9150884,39.64753178,4/9/2022 1:53,1:53,6,0,0,MONACO ST & 3855 BLK S ,1,3,1,0,3,4,0,0,30,0,0,0,0,0,4,3,2
,2022-12271,-105.0006032,39.74403106,4/9/2022 9:51,9:51,10,0,0,N SPEER BLVD & ARAPAHOE ST,1,1,0,0,1,3,0,0,30,0,0,0,0,0,4,2,8
,2022-12272,-104.9875127,39.68757443,4/9/2022 15:25,15:25,2,0,1,S BROADWAY ST & E IOWA AVE,14,1,0,0,3,1,0,0,0,1,0,0,0,2,4,1,16
,2022-12274,-104.940643,39.68051369,4/8/2022 20:06,20:06,12,0,0,S COLORADO BLVD & I-25 SB RAMPS,1,3,3,0,1,4,0,0,40,0,0,0,0,0,2,2,14
,2022-12276,-104.6726896,39.84927906,4/9/2022 18:06,18:06,12,0,0,PENA BLVD & 8400 BLK,1,1,0,0,1,4,0,0,,0,0,0,0,0,4,2,10
,2022-12277,-104.983599,39.72907201,4/8/2022 23:29,23:29,10,0,0,E 8TH AVE & N GRANT ST,1,3,3,0,1,1,0,0,35,0,0,0,0,0,4,2,8
,2022-12282,-104.8282839,39.78855397,4/9/2022 16:15,16:15,14,0,1,E 51ST AVE & N CROWN BLVD,1,1,0,0,1,1,0,0,25,0,0,0,1,2,4,2,16
,2022-12285,-104.9403385,39.68306724,4/7/2022 7:54,7:54,12,0,1,I-25 & S COLORADO BLVD,1,1,0,0,1,4,0,0,60,0,0,0,0,1,1,4,16
,2022-12286,-104.9577703,39.67302397,4/7/2022 17:08,17:08,10,0,0,E WESLEY AVE & S JOESEPHINE ST,1,1,0,0,1,9,0,0,25,0,0,0,0,0,4,2,1
,2022-12289,-105.0064273,39.78326345,4/8/2022 13:41,13:41,3,0,0,I-70 & N PECOS ST,1,1,0,0,1,6,0,0,20,0,0,0,0,0,1,2,13
,2022-12291,-104.9733904,39.74483508,4/7/2022 20:33,20:33,3,0,0,E 18TH AVE & N DOWNING ST,1,3,0,0,1,1,0,0,30,0,0,0,0,1,4,2,3
,2022-12292,-105.0418519,39.69857742,4/7/2022 11:20,11:20,6,0,1,4100 BLK W TENNESSEE AVE & S QUITMAN ST,1,1,0,0,1,4,0,0,25,0,0,0,0,2,4,2,16
,2022-12295,-104.9470944,39.7383499,4/8/2022 22:29,22:29,6,0,0,E 14TH AVE & N COOK ST,1,3,0,0,1,4,0,0,35,0,0,0,0,0,4,3,16
,2022-12297,-104.9480217,39.711006,4/8/2022 12:15,12:15,2,0,0,E ALAMEDA AVE & E CHERRY CREEK S DR,1,1,0,0,1,1,0,0,25,1,0,0,0,0,4,1,13
,2022-12302,-104.9835849,39.7448679,4/8/2022 17:14,17:14,11,0,1,E 18TH AVE & N GRANT ST,1,5,0,7,1,1,0,0,0,0,0,1,0,3,4,1,16
,2022-12369,-105.0322767,39.74034279,1/3/2022 16:28,16:28,12,0,0,W COLFAX AVE & N KNOX CT,7,2,0,2,1,1,0,0,30,0,0,0,0,0,2,2,16
,2022-12382,-105.0276085,39.76922295,4/5/2022 9:43,9:43,6,0,0,N GROVE ST & W 38TH AVE,1,1,0,0,1,4,0,0,25,0,0,0,0,0,4,2,13
,2022-12391,-104.8826934,39.76363785,4/4/2022 16:27,16:27,11,0,0,N AKRON CT & E 33RD AVE,1,1,0,0,1,4,0,0,25,0,1,0,0,0,4,1,16
,2022-12392,-104.8830654,39.77621014,3/25/2022 8:48,8:48,12,0,0,I-70 EB OFF RAMP & CENTRAL PARK BLVD N,1,1,0,0,1,8,0,0,,0,0,0,0,0,4,2,16
,2022-12393,-104.7593836,39.78380415,4/10/2022 13:47,13:47,10,0,0,N GENOA ST & E GVR BLVD,1,1,0,7,1,3,0,0,35,0,0,0,0,1,4,2,13
,2022-12394,-104.8097976,39.78374358,3/17/2022 16:24,16:24,15,0,0,CHAMBERS RD N & GVR BLVD E,11,1,0,0,1,1,0,0,40,0,0,0,0,0,4,2,1
,2022-12396,-104.9734246,39.68981364,4/10/2022 18:23,18:23,15,0,0,I-25 & S DOWNING ST,1,2,0,0,1,4,0,0,,0,0,0,0,0,1,2,16
,2022-12397,-104.99707,39.75082379,4/9/2022 18:34,18:34,12,0,0,17TH ST & MARKET ST,1,3,3,7,1,3,0,0,35,0,0,0,0,0,4,2,13
,2022-12398,-104.9864769,39.7575729,3/27/2022 21:49,21:49,6,0,0,1300 BLK 25TH ST & LARIMER ST,1,3,0,0,1,4,0,0,25,0,0,0,0,0,4,3,14
,2022-12410,-104.847013,39.78266271,3/30/2022 9:00,9:00,15,0,0,PEORIA ST N & ALBROOK DR E,1,1,0,0,1,4,0,0,,0,0,0,0,0,4,2,16
,2022-12411,-104.9828013,39.68398852,4/3/2022 6:18,6:18,12,0,0,E COLORADO AVE & S LOGAN ST,1,2,0,0,1,4,0,0,,0,0,0,0,0,2,2,16
,2022-12414,-104.8903253,39.7678215,4/3/2022 3:01,3:01,5,0,0,N CENTRAL PARK BLVD & E 36TH AVE,1,3,1,0,3,4,0,0,35,0,0,0,0,0,4,1,16
,2022-12416,-104.8986544,39.65307733,4/4/2022 9:15,9:15,12,0,0,E HAMPDEN AVE & TAMARAC DR S,1,1,0,0,1,3,0,0,40,0,0,0,0,0,4,4,16
,2022-12419,-105.0249863,39.79111264,4/10/2022 20:38,20:38,3,0,0,W 52ND AVE & N FEDERAL BLVD,1,3,0,0,1,1,0,0,35,0,0,0,0,0,4,2,16
,2022-12422,-104.9874121,39.73834949,4/9/2022 13:09,13:09,15,0,0,N BROADWAY ST & 14TH AVE,1,1,0,0,1,4,0,0,35,0,0,0,0,0,4,2,8
,2022-12423,-105.0558695,39.65291321,4/4/2022 2:10,2:10,8,0,3,HAMPDEN S FRTG 5500 W (NOT CDOT) & S SHERIDAN BLVD,1,4,0,0,1,4,0,0,35,0,0,0,0,1,4,2,16
,2022-12424,-105.0244115,39.72513043,4/6/2022 13:12,13:12,3,0,2,N FEDERAL BLVD & 6TH AVE EB RAMPS,1,1,0,0,1,1,0,0,35,0,0,0,0,3,2,2,14
,2022-12426,-105.0038439,39.761019,4/10/2022 2:35,2:35,15,0,0,I-25 NB ON RAMP & 20TH ST,11,3,1,1,1,8,0,0,35,0,0,0,0,0,1,2,16
,2022-12430,-104.8943604,39.76733617,4/10/2022 13:40,13:40,3,0,0,E 36TH AVE & N ULSTER ST,1,1,0,6,1,1,0,0,35,0,0,0,0,0,4,2,13
,2022-12431,-104.9769075,39.71110267,4/9/2022 22:10,22:10,1,0,0,E ALAMEDA AVE & S EMERSON ST,1,3,0,0,1,1,0,0,30,0,0,0,0,0,4,2,16
,2022-12432,-105.013882,39.73957119,4/9/2022 21:39,21:39,12,0,0,I-25 & W COLFAX AVE,1,4,0,0,1,4,0,0,55,0,0,0,0,0,2,3,16
,2022-12434,-105.0158354,39.75630377,3/24/2022 23:18,23:18,15,0,0,N SPEER BLVD & N ZUNI ST,1,3,0,0,1,4,0,0,40,0,0,0,0,0,4,2,16
,2022-12436,-104.8474365,39.77145712,4/10/2022 14:30,14:30,12,0,0,3900 BLK N PEORIA ST & E. 39TH AVE,1,1,0,0,1,4,0,0,35,0,0,0,0,0,4,3,3
,2022-12468,-104.9874099,39.75267299,4/5/2022 11:08,11:08,12,0,0,22ND ST & BROADWAY ST,1,1,0,0,1,1,0,0,,0,0,0,0,0,4,2,16
,2022-12469,-104.9874074,39.7451729,4/9/2022 15:30,15:30,12,0,0,BROADWAY  & 18TH ST,1,1,0,0,1,1,0,0,35,0,0,0,0,0,4,2,8
,2022-12470,-104.9866826,39.75213201,4/5/2022 11:08,11:08,3,0,0,22ND ST & CHAMPA ST,1,1,0,0,1,1,0,0,35,0,0,0,0,0,4,2,16
,2022-12471,-104.847012,39.78197614,3/14/2022 9:54,9:54,12,0,0,N PEORIA ST & E ALBROOK DR,1,1,0,0,1,4,0,0,35,0,0,0,0,1,4,2,16
,2022-12474,-104.760192,39.77653876,4/8/2022 23:07,23:07,6,0,0,E 45TH AVE & N ENSENADA ST,1,3,3,0,1,4,0,0,25,0,0,0,0,0,4,2,1
,2022-12478,-105.0322653,39.76204252,4/10/2022 12:48,12:48,8,0,0,3100 BLK N JULIAN ST & W 32ND AVE,1,1,0,0,1,4,0,0,25,0,0,0,0,0,4,2,8
,2022-12480,-105.0094746,39.75845612,4/7/2022 17:15,17:15,2,0,0,16TH ST & CENTRAL ST,1,1,1,0,1,4,0,0,,1,0,0,0,0,4,1,16
,2022-12481,-104.9775857,39.73064056,4/9/2022 22:49,22:49,6,0,1,900 BLK N CLARKSON ST & E 9TH AVE,1,3,0,0,1,4,0,0,25,0,0,0,0,2,4,3,14
,2022-12484,-105.0118671,39.6894967,4/9/2022 21:28,21:28,5,0,0,W FLORIDA AVE & S TEJON ST,1,3,3,0,6,4,0,0,35,0,0,0,1,0,4,1,1
,2022-12485,-104.9892126,39.77645551,4/9/2022 19:59,19:59,12,0,0,I-25 & W 44TH AVE,1,3,1,0,1,4,0,0,55,0,0,0,0,0,1,3,3
,2022-12490,-104.9733872,39.74324898,4/9/2022 20:19,20:19,3,0,0,E 17TH AVE & N DOWNING ST,1,3,0,0,1,1,0,0,30,0,0,0,0,0,4,2,10
,2022-12492,-104.9025336,39.76737975,4/9/2022 12:50,12:50,11,0,1,E 36TH AVE & N QUEBEC ST,1,1,0,0,1,1,0,0,0,0,1,0,0,2,4,1,16
,2022-12494,-104.940668,39.77287754,3/27/2022 20:51,20:51,12,0,0,40TH AVE & N COLORADO BLVD,1,3,0,0,1,1,0,0,30,0,0,0,0,0,2,2,16
,2022-12550,-104.928659,39.74020057,4/1/2022 22:57,22:57,3,0,1,E COLFAX AVE & N FAIRFAX ST ,1,3,3,0,1,1,0,0,,0,0,0,1,1,2,2,1
,2022-12551,-104.9784935,39.73999817,4/2/2022 21:30,21:30,6,0,0,E COLFAX AVE & N WASHINGTON ST ,1,3,3,0,1,4,0,0,30,0,0,0,0,0,2,2,16
,2022-12552,-104.957272,39.780155,3/28/2022 15:59,15:59,15,0,0,I-70 & COLUMBINE ST N ,1,1,3,0,1,4,0,0,65,0,0,0,0,0,1,2,7
,2022-12553,-104.9873771,39.75442082,4/1/2022 23:55,23:55,1,0,0,PARK AVE W  & ARAPAHOE ST ,1,3,3,0,1,1,0,0,30,0,0,0,0,0,4,2,13
,2022-12554,-104.9776488,39.76566392,3/25/2022 16:47,16:47,6,0,0,WALNUT ST & 3300 BLK,1,1,3,0,1,1,0,0,30,0,0,0,0,0,4,2,14
,2022-12556,-104.8998866,39.73332375,2/9/2022 0:00,0:00,12,0,1,ROSEMARY ST & 1114 N  ,1,1,3,0,1,5,0,0,,0,0,0,1,3,4,2,13
,2022-12560,-104.9873797,39.7448864,3/26/2022 2:15,2:15,3,0,0,E 18TH AVE & N BROADWAY ST,1,3,0,1,1,1,0,0,30,0,0,0,0,0,4,2,1
,2022-12566,-104.9731966,39.71819607,4/10/2022 2:08,2:08,5,0,1,E 1ST AVE & N DOWNING ST,11,3,0,0,3,1,0,0,30,0,0,0,0,3,4,1,1
,2022-12568,-104.8470302,39.77419185,4/11/2022 12:32,12:32,10,0,0,I-70 WB OFF RAMP & N PEORIA ST,1,1,0,0,1,1,0,0,30,0,0,0,0,0,4,2,3
,2022-12573,-104.9891814,39.7801983,4/8/2022 16:31,16:31,12,0,0,I-70 WB OFF RAMP TO NB I-25 & I-25 ,1,1,0,0,1,8,0,0,55,0,0,0,0,0,1,2,16
,2022-12574,-104.9761473,39.74484429,4/10/2022 17:23,17:23,12,0,1,E 18TH AVE & N EMERSON ST,1,1,0,0,1,1,0,0,,0,0,0,0,1,4,3,15
,2022-12579,-104.9409972,39.72560018,4/10/2022 20:50,20:50,1,0,0,E 6TH AVE & N COLORADO BLVD,1,3,0,0,1,1,0,0,30,0,0,0,0,0,2,2,1
,2022-12584,-105.0238598,39.7038898,4/2/2022 22:03,22:03,3,0,0,W EXPOSITION AVE & S ELIOT ST,1,3,0,0,1,1,0,0,25,0,0,0,0,0,4,2,16
,2022-12593,-104.811806,39.78389082,4/11/2022 15:57,15:57,3,0,0,E GATEWAY AVE & N FRASER WAY,1,1,0,0,1,1,0,0,35,0,0,0,0,0,4,2,13
,2022-12598,-104.8706612,39.77604781,4/10/2022 20:48,20:48,12,0,2,I-70 & N CENTRAL PARK BLVD,1,4,1,0,1,4,0,0,55,0,0,0,0,2,1,6,7
,2022-12599,-104.7762074,39.83202209,3/6/2022 5:35,5:35,12,0,0,PENA BLVD & TOWER RD,11,3,0,2,1,4,0,0,65,0,0,0,0,0,4,2,1
,2022-12602,-104.9034583,39.73562656,4/11/2022 12:22,12:22,6,0,0,7300 E 12TH AVE & N QUEBEC ST,1,1,0,0,1,4,0,0,25,0,0,0,0,0,4,3,14
,2022-12605,-105.0131182,39.72551753,4/11/2022 10:54,10:54,12,0,0,I-25 & W 6TH AVE,1,1,1,0,1,4,0,0,55,0,0,0,0,0,1,2,7
,2022-12606,-104.9697114,39.74091857,4/10/2022 18:40,18:40,3,0,0,PARK AVE & N HUMBOLDT ST,1,1,0,0,1,1,0,0,30,0,0,0,0,0,4,2,11
,2022-12607,-104.985224,39.67856088,3/30/2022 12:00,12:00,12,0,0,EVANS AVE E & SHERMAN ST S,1,1,0,0,1,1,0,0,,0,0,0,0,0,4,2,16
,2022-12624,-104.8098793,39.7731883,4/11/2022 10:48,10:48,10,0,0,N CHAMBERS RD & E 40TH AVE,1,1,0,0,1,1,0,0,40,0,0,0,0,0,4,2,11
,2022-12625,-104.8720076,39.65304264,4/10/2022 20:55,20:55,12,0,0,E HAMPDEN AVE & S FLORENCE ST,1,3,0,0,1,3,0,0,45,0,0,0,0,0,4,2,2
,2022-12629,-104.9775535,39.72399433,4/10/2022 7:40,7:40,6,0,0,400 BLK N CLARKSON ST & E. 5TH AVE,1,1,0,0,1,4,0,0,25,0,0,0,0,0,4,4,3
,2022-12638,-104.9841325,39.72907204,4/9/2022 13:28,13:28,3,0,0,300 BLK E 8TH AVE & N GRANT ST,1,1,1,0,1,9,0,0,10,0,0,0,0,0,4,2,11
,2022-12640,-104.9875373,39.70518129,4/11/2022 8:00,8:00,12,0,0,600 BLK S BROADWAY ST & W CENTER AVE,1,1,0,0,1,4,0,0,40,0,0,0,0,0,4,3,11
,2022-12643,-104.8470308,39.77782579,4/11/2022 6:08,6:08,12,0,0,N PEORIA ST & E 45TH AVE,1,1,0,0,1,4,0,0,45,0,0,0,0,0,4,2,3
,2022-12649,-104.9880589,39.71478291,4/10/2022 21:37,21:37,1,0,1,W BAYAUD AVE & S BROADWAY ST,1,3,0,0,1,9,0,0,25,0,0,0,0,2,4,2,7
,2022-12651,-105.0251595,39.77664793,4/11/2022 14:08,14:08,3,0,2,N FEDERAL BLVD & W 44TH AVE,1,1,0,0,1,1,0,0,35,0,0,0,0,1,2,2,13
,2022-12655,-104.9400295,39.78025594,4/9/2022 1:57,1:57,12,0,1,I-70 WB OFF RAMP & N COLORADO BLVD,1,3,1,0,1,8,0,0,,0,0,0,0,2,1,2,16
,2022-12677,-105.0404901,39.7522182,4/12/2022 9:29,9:29,6,0,0,QUITMAN ST & W 24TH AVE,1,1,0,0,1,4,0,0,25,0,0,0,0,0,4,2,16
,2022-12679,-104.9839919,39.68968091,4/12/2022 1:22,1:22,6,0,0,1400 BLK S GRANT ST & E FLORIDA AVE,1,4,0,0,1,4,0,0,25,0,0,0,0,0,4,3,14
,2022-12680,-105.0250542,39.72025458,4/10/2022 20:00,20:00,15,0,0,FEDERAL BLVD & W 2ND AVE,1,3,0,0,1,4,0,0,30,0,0,0,0,0,2,2,16
,2022-12684,-104.931652,39.78014385,4/12/2022 7:55,7:55,12,0,0,I-70 & N DAHLIA ST,1,1,0,0,1,4,0,0,55,0,0,0,0,0,1,2,13
,2022-12685,-104.9778723,39.72906405,4/11/2022 7:58,7:58,12,0,0,800 BLK E 8TH AVE & N CLARKSON ST,1,1,0,0,1,9,0,0,30,0,0,0,0,0,4,2,10
,2022-12692,-104.9147074,39.67846291,4/11/2022 16:54,16:54,3,0,0,E EVANS AVE & S MONACO ST,1,1,0,0,1,2,0,0,35,0,0,0,0,0,4,2,11
,2022-12693,-104.8097539,39.79026468,2/26/2022 14:53,14:53,3,0,0,53RD AVE E & N CHAMBERS RD,1,1,3,0,1,1,0,0,25,0,0,0,0,1,4,2,1
,2022-12698,-104.9593249,39.77999371,4/11/2022 16:02,16:02,12,0,0,I-70 & N YORK ST,1,1,0,0,1,4,0,0,55,0,0,0,0,0,1,3,7
,2022-12702,-104.9846628,39.78609499,4/2/2022 4:00,4:00,6,0,0,SHERMAN ST & 4916 BLK N ,1,3,0,0,1,4,0,0,25,0,0,0,0,0,4,2,16
,2022-12705,-104.677,39.84414238,4/7/2022 10:00,10:00,6,0,0,PENA BLVD & 8148 BLK,14,1,0,7,1,7,0,0,,0,0,0,0,0,3,2,16
,2022-12706,-104.9828611,39.67672044,4/11/2022 17:00,17:00,3,0,0,E WARREN AVE & S LOGAN ST,1,1,0,0,1,1,0,0,25,0,0,0,0,0,4,2,3
,2022-12709,-104.9875691,39.67934338,3/29/2022 17:00,17:00,5,0,1,BROADWAY ST S & EVANS AVE E,11,1,3,1,3,9,0,0,,0,0,0,0,2,4,1,12
,2022-12713,-104.9593885,39.68025292,4/11/2022 14:00,14:00,12,0,0,S UNIVERSITY BLVD (NOT CDOT) & E ASBURY AVE,1,1,0,0,1,1,0,0,30,0,0,0,0,0,1,2,3
,2022-12718,-104.9861527,39.72906707,4/12/2022 7:15,7:15,3,0,0,E 8TH AVE & N LINCOLN ST,1,1,1,0,1,1,0,0,30,0,0,0,0,0,4,2,13
,2022-12720,-104.906341,39.63323619,4/11/2022 18:40,18:40,12,0,0,I-225 & I-25,1,1,0,0,1,14,0,0,55,0,0,0,0,0,1,2,8
,2022-12722,-104.9858149,39.71388177,4/7/2022 14:06,14:06,6,0,0,E MAPLE AVE & S LINCOLN ST,1,1,0,0,1,4,0,0,25,0,0,0,0,0,4,2,16
,2022-12724,-104.8489036,39.77803737,4/11/2022 17:14,17:14,3,0,0,E 45TH AVE & N PEORIA ST,1,1,0,0,1,2,0,0,35,0,0,0,0,0,4,2,16
,2022-12725,-105.0251595,39.77664793,4/12/2022 14:44,14:44,12,0,0,N FEDERAL BLVD & W 44TH AVE,1,1,0,0,1,1,0,0,30,0,0,0,0,0,2,3,7
,2022-12730,-105.0203844,39.72527413,4/11/2022 18:59,18:59,5,0,1,W 6TH AVE & I-25,1,3,1,0,6,4,0,0,55,0,0,0,0,1,1,1,16
,2022-12731,-105.0079799,39.76928763,4/12/2022 13:30,13:30,12,0,0,W 38TH AVE & N QUIVAS ST,1,1,0,0,1,3,0,0,35,0,0,0,0,0,4,2,3
,2022-12737,-105.0251136,39.66762745,4/11/2022 13:15,13:15,8,0,1,S FEDERAL BLVD & W YALE AVE,1,1,0,0,6,3,0,0,40,0,0,0,0,3,2,2,2
,2022-12744,-104.9745956,39.6929776,4/12/2022 12:01,12:01,12,0,0,E LOUISIANA AVE & S CORONA ST,1,1,0,0,1,3,0,0,30,0,0,0,0,0,4,2,16
,2022-12747,-104.828534,39.77158829,4/11/2022 7:26,7:26,12,0,0,I-70 WB ON RAMP & I-225 NB FLYOVER,1,1,1,0,1,8,0,0,55,0,0,0,0,0,1,2,16
,2022-12750,-104.882959,39.77713978,4/11/2022 16:30,16:30,12,0,1,I-70 & N CENTRAL PARK BLVD,1,1,0,0,1,4,0,0,55,0,0,0,0,1,1,2,16
,2022-12752,-104.9663319,39.71817498,4/12/2022 14:40,14:40,15,0,0,1700 E 1ST AVE & GILPIN ST,1,1,0,0,1,4,0,0,30,0,0,0,0,0,4,2,11
,2022-12753,-104.8470217,39.77959805,4/12/2022 12:06,12:06,3,0,0,N PEORIA ST & E 46TH AVE,1,1,0,0,1,1,0,0,40,0,0,0,0,0,4,2,7
,2022-12754,-105.0250114,39.68497788,4/10/2022 18:49,18:49,15,0,0,S FEDERAL BLVD & W COLORADO AVE,1,1,0,0,1,4,0,0,40,0,0,0,0,0,2,2,1
,2022-12755,-105.0064366,39.78384061,4/11/2022 16:09,16:09,12,0,0,W 48TH AVE & N PECOS ST,1,1,0,0,1,1,0,0,15,0,0,0,0,0,4,2,11
,2022-12756,-105.0015227,39.69892505,4/11/2022 14:40,14:40,3,0,2,W KENTUCKY AVE & S LIPAN ST,1,1,0,0,1,1,0,0,25,0,0,0,0,1,4,2,3
,2022-12758,-105.0141494,39.74044681,4/12/2022 10:58,10:58,12,0,2,W COLFAX AVE & I-25 SB OFF RAMP,1,1,0,0,1,1,0,0,40,0,0,0,0,1,2,3,13
,2022-12759,-104.9813268,39.72563378,4/11/2022 7:27,7:27,15,0,0,400 BLK E 6TH AVE & N PENNSYLVANIA ST,1,1,0,0,1,4,0,0,30,0,0,0,0,0,4,2,11
,2022-12760,-104.9948299,39.69550354,4/12/2022 11:10,11:10,6,0,0,MISSISSIPPI AVE & 700 W ,1,1,0,0,5,7,0,0,10,0,0,0,0,0,3,2,11
,2022-12762,-104.9593934,39.67842579,4/11/2022 18:56,18:56,15,0,0,E EVANS AVE & S UNIVERSITY BLVD,1,1,0,0,1,1,0,0,35,0,0,0,0,0,4,2,11
,2022-12764,-104.9863032,39.70572314,4/11/2022 17:15,17:15,3,0,0,S LINCOLN ST & E CENTER AVE,1,1,0,0,1,1,0,0,30,0,0,0,0,0,4,2,12
,2022-12772,-104.7905014,39.78226482,4/12/2022 18:13,18:13,12,0,0,4600 BLK PENA BLVD INBOUND & GREEN VALLEY RANCH BLVD,1,1,0,0,1,14,0,0,45,0,0,0,0,0,4,2,1
,2022-12792,-104.9500186,39.69657881,4/11/2022 11:57,11:57,2,0,1,S STEELE ST & E MISSISSIPPI AVE,1,1,0,0,1,1,0,0,25,1,0,0,0,3,4,1,11
,2022-12794,-105.0227701,39.71844815,2/20/2022 14:32,14:32,3,0,1,N DECATUR ST & W 1ST AVE,1,1,3,0,1,1,0,0,25,0,0,0,0,2,4,2,7
,2022-12795,-104.9789673,39.76482715,4/8/2022 14:47,14:47,3,0,0,WALNUT ST & 32ND ST,1,1,3,0,1,1,0,0,25,0,0,0,0,0,4,2,13
,2022-12796,-105.0252867,39.75861162,4/6/2022 15:57,15:57,12,0,0,FEDERAL BLVD 2900 BLK N  & W 29TH AVE,1,1,3,0,1,4,0,0,35,0,0,0,0,0,4,2,7
,2022-12797,-104.9915199,39.74839479,4/9/2022 18:24,18:24,2,0,1,CHAMPA ST & 18TH ST,1,1,3,0,1,1,0,0,25,1,0,0,0,1,4,2,13
,2022-12798,-104.9769075,39.76509221,4/8/2022 17:54,17:54,3,0,1,33RD ST & LARIMER ST,1,1,3,0,1,1,0,0,25,0,0,0,0,2,4,2,13
,2022-12799,-104.9497561,39.78021309,4/11/2022 14:26,14:26,10,0,0,N STEELE ST & E 46TH AVE,1,1,0,0,1,1,0,1,25,0,0,0,0,0,2,2,3
,2022-12800,-104.9918664,39.69671359,3/17/2022 22:00,22:00,15,0,0,S SANTA FE DR & W MISSISSIPPI AVE,1,3,0,0,1,3,0,0,45,0,0,0,0,0,4,2,16
,2022-12801,-104.9861232,39.7352747,3/17/2022 23:35,23:35,2,0,1,12TH AVE E & LINCOLN ST N,1,3,0,0,1,1,0,0,0,1,0,0,0,3,4,1,16
,2022-12802,-104.9534172,39.72172383,4/12/2022 22:17,22:17,6,0,0,300 BLK N FILLMORE ST & E 4TH AVE,1,3,0,0,1,4,0,0,25,0,0,0,0,1,4,3,12
,2022-12803,-104.9121803,39.6984427,3/21/2022 11:54,11:54,15,0,0,6500 BLK E TENNESSEE AVE & S MONACO ST,11,1,0,0,1,3,0,0,25,0,0,0,0,0,4,2,1
,2022-12804,-104.9695013,39.73372156,3/19/2022 2:15,2:15,5,0,0,11TH AVE E & HUMBOLDT ST N,1,3,0,0,4,4,0,0,25,0,0,0,0,0,4,1,16
,2022-12805,-104.9407633,39.78004131,4/12/2022 11:22,11:22,12,0,0,N COLORADO BLVD & I-70,1,1,0,0,1,1,0,0,40,0,0,0,0,0,2,2,11
,2022-12806,-104.8470222,39.7740046,4/13/2022 15:16,15:16,12,0,1,I-70 & N PEORIA ST,1,1,0,0,1,4,0,0,55,0,0,0,0,1,1,4,16
,2022-12807,-104.9671664,39.77987417,4/13/2022 6:40,6:40,12,0,0,I-70 & N BRIGHTON BLVD,1,1,0,0,1,4,0,0,55,0,0,0,0,0,1,2,1
,2022-12808,-105.0532307,39.77203353,4/13/2022 17:13,17:13,15,0,0,SHERIDAN BLVD & 4000 BLK N,1,1,0,0,1,4,0,0,35,0,0,0,0,0,2,2,1
,2022-12809,-104.7626865,39.7948385,3/21/2022 14:49,14:49,3,0,0,MAXWELL PL E & DUNKIRK ST N,1,1,0,0,1,1,0,0,25,0,0,0,0,0,4,3,16
,2022-12810,-104.9808786,39.67856955,3/31/2022 14:50,14:50,15,0,0,E EVANS AVE & S PEARL ST,1,1,0,0,1,4,0,0,35,0,0,0,0,0,4,2,1