id,drcog_id,longitude,latitude,crashtime,time,crashtype,numbkilled,numbinjurd,drcoglocat,rdconditin,lightngcon,roadcntgrd,weatherco,location,roaddescrp,schoolzone,constrzone,splimit,bikeinv,pedinv,sctrinv,motoinv,svrty,rdsystem,ttlvehcls,hcf
,2022-12811,-104.9671644,39.77988654,4/13/2022 11:41,11:41,3,0,1,E 46TH S AVE & N BRIGHTON BLVD,1,1,0,0,1,1,0,0,30,0,0,0,0,2,2,2,3
,2022-12812,-105.0054606,39.74758403,3/16/2022 0:19,0:19,12,0,0,AURARIA PKWY & 11TH ST,1,3,0,0,1,1,0,0,,0,0,0,0,0,4,2,3
,2022-12813,-105.026395,39.69674409,4/8/2022 18:38,18:38,3,0,1,W MISSISSIPPI AVE & S GROVE ST,1,1,0,0,1,1,0,0,25,0,0,0,1,3,4,2,7
,2022-12817,-104.986269,39.71476019,4/12/2022 19:00,19:00,10,0,0,S LINCOLN ST & E BAYAUD AVE,1,1,0,0,1,1,0,0,30,0,0,0,0,0,4,2,8
,2022-12818,-104.9815723,39.6930074,4/12/2022 17:15,17:15,6,0,0,S PENNSYLVANIA ST & E LOUISIANA AVE,1,1,0,0,1,1,0,0,,0,0,0,0,0,4,2,16
,2022-12819,-104.8841392,39.72390023,4/13/2022 7:51,7:51,15,0,0,E LOWRY BLVD & N YOSEMITE ST,1,1,0,2,1,6,0,0,30,0,0,0,0,0,4,2,8
,2022-12820,-105.0346673,39.75851901,4/13/2022 7:20,7:20,12,0,0,W 29TH AVE & N LOWELL BLVD,1,1,0,0,1,3,0,0,30,0,0,0,0,0,4,2,3
,2022-12821,-105.0251321,39.78209542,4/2/2022 1:55,1:55,12,0,0,N FEDERAL BLVD & W 47TH AVE,1,3,0,0,1,1,0,0,35,0,0,0,0,0,2,3,14
,2022-12822,-104.9919397,39.68757245,3/25/2022 14:23,14:23,12,0,0,W IOWA AVE & S SANTA FE DR,1,1,0,0,1,4,0,0,45,0,0,0,0,0,4,2,14
,2022-12823,-104.9729036,39.74000789,3/23/2022 13:05,13:05,12,0,0,COLFAX AVE E & DOWNING ST N,1,1,0,0,1,3,0,0,,0,0,0,0,0,2,2,16
,2022-12825,-104.9363807,39.67845414,3/24/2022 16:02,16:02,12,0,0,EVANS AVE E & BIRCH ST S,1,1,0,0,1,1,0,0,35,0,0,0,0,0,4,2,14
,2022-12826,-104.9757393,39.74000299,3/20/2022 22:30,22:30,6,0,0,COLFAX AVE E & 911 E COLFAX AVE,1,3,0,0,1,4,0,0,35,0,0,0,0,0,2,3,16
,2022-12827,-104.8924131,39.63117733,4/1/2022 18:12,18:12,3,0,3,E UNION AVE & S DTC BLVD,1,1,0,0,1,1,0,0,30,0,0,0,0,3,4,2,3
,2022-12828,-104.7721205,39.78480322,4/6/2022 14:16,14:16,12,0,0,4800 BLK N TOWER RD & E GVR BLVD,1,1,0,0,1,1,0,0,40,0,0,0,0,0,4,2,1
,2022-12831,-105.0015871,39.75412437,4/13/2022 14:40,14:40,5,0,1,WEWATTA ST & 1700 BLK ,1,3,1,0,5,7,0,0,10,0,0,0,0,1,3,1,16
,2022-12832,-104.7979599,39.78378637,3/18/2022 15:51,15:51,12,0,0,E GVR BLVD & N MEMPHIS ST,1,1,0,0,1,3,0,0,40,0,0,0,0,1,4,2,16
,2022-12833,-104.9238122,39.66759878,4/13/2022 8:27,8:27,1,0,0,E YALE AVE & S VALLEY RD,1,1,0,0,1,1,0,0,30,0,0,0,0,1,4,3,11
,2022-12834,-104.9181861,39.65297726,4/12/2022 18:00,18:00,12,0,0,E HAMPDEN AVE & I-25,1,1,0,0,1,1,0,0,35,0,0,0,0,0,2,2,3
,2022-12835,-104.9985726,39.72570691,3/25/2022 11:43,11:43,12,0,0,W 6TH AVE & N SANTA FE DR,1,1,0,0,1,1,0,0,30,0,0,0,0,0,4,2,16
,2022-12836,-105.0532542,39.78924255,3/31/2022 6:45,6:45,15,0,0,SHERIDAN BLVD & 5100 BLK N ,1,2,1,0,1,3,0,0,35,0,0,0,0,0,2,2,1
,2022-12837,-104.9934683,39.74284693,4/5/2022 14:40,14:40,2,0,1,WELTON ST & 14TH ST,1,1,0,0,1,2,0,0,0,1,0,0,0,2,4,1,16
,2022-12838,-104.7367474,39.79776631,4/2/2022 17:04,17:04,6,0,0,21629 E RANDOLPH PL & N. ORLEANS ST,1,1,0,0,1,4,0,0,30,0,0,0,0,0,4,2,16
,2022-12839,-104.8470454,39.77483638,4/13/2022 16:40,16:40,10,0,0,I-70 WB OFF RAMP & N PEORIA ST,1,1,0,0,1,1,0,0,45,0,0,0,0,0,4,2,16
,2022-12840,-104.8917157,39.6965911,3/27/2022 20:30,20:30,1,0,0,MISSISSIPPI AVE E & VALENTIA ST S,1,3,0,0,1,1,0,0,,0,0,0,0,0,4,2,16
,2022-12841,-104.9610128,39.74162404,3/19/2022 21:46,21:46,6,0,0,E 16TH AVE & N GAYLORD ST,1,3,3,0,1,4,0,0,25,0,0,0,0,0,4,2,2
,2022-12842,-105.0531836,39.72471235,4/13/2022 12:46,12:46,12,0,1,N SHERIDAN BLVD & W 6TH AVE,1,1,1,0,1,3,0,0,35,0,0,0,0,1,2,2,3
,2022-12843,-104.9733581,39.75080626,4/13/2022 10:27,10:27,12,0,0,2300 BLK N DOWNING ST & E 23RD AVE,1,1,0,0,1,3,0,0,30,0,0,0,0,0,4,2,11
,2022-12845,-104.9929283,39.75133963,4/12/2022 15:40,15:40,10,0,0,LAWRENCE ST & 19TH ST,1,1,0,0,1,1,0,0,30,0,0,0,0,0,4,2,13
,2022-12847,-104.8470195,39.78334926,2/27/2022 21:19,21:19,12,0,0,PEORIA ST N & E 47TH AVE,1,3,0,0,1,4,0,0,,0,0,0,0,0,4,2,16
,2022-12848,-105.0249446,39.71123923,4/2/2022 1:15,1:15,12,0,0,S FEDERAL BLVD & W ALAMEDA AVE,1,3,0,0,1,4,0,0,40,0,0,0,0,0,2,3,7
,2022-12849,-104.9941406,39.73526312,4/13/2022 10:53,10:53,3,0,0,N ELATI ST & W 12TH AVE,1,1,0,0,1,1,0,0,30,0,0,0,0,0,4,2,1
,2022-12851,-104.9823166,39.73843634,3/27/2022 16:43,16:43,10,0,3,E 14TH AVE & N LOGAN ST,1,1,0,0,1,1,0,0,35,0,1,0,0,3,4,2,7
,2022-12852,-104.9891814,39.7801983,2/21/2022 14:32,14:32,15,0,0,I-70 & I-25,1,1,0,0,1,13,0,0,55,0,0,0,0,0,1,2,16
,2022-12853,-104.9798824,39.7369744,4/13/2022 0:30,0:30,6,0,0,1300 BLK N PEARL ST & E 13TH AVE,1,3,0,0,1,4,0,0,25,0,0,0,0,0,4,2,16
,2022-12854,-104.9875741,39.67670604,4/13/2022 10:57,10:57,3,0,0,E WARREN AVE & S BROADWAY ST,1,1,0,0,1,1,0,0,35,0,0,0,0,0,4,3,11
,2022-12855,-105.053258,39.71130455,4/12/2022 19:55,19:55,12,0,0,S SHERIDAN BLVD & W ALAMEDA AVE,1,3,0,0,1,3,0,0,35,0,0,0,0,0,2,3,16
,2022-12856,-105.0442547,39.76936691,4/12/2022 14:55,14:55,12,0,0,W 38TH AVE & N TENNYSON ST,1,1,0,0,1,3,0,0,30,0,0,0,0,0,4,3,3
,2022-12857,-104.9750074,39.68979924,4/13/2022 16:45,16:45,15,0,0,E BUCHTEL BL & S OGDEN ST,1,1,0,0,1,4,0,0,30,0,0,0,0,0,4,2,11
,2022-12858,-105.0284898,39.76225789,4/1/2022 11:00,11:00,6,0,0,3100 BLK N GREEN CT & N SPEER BLVD,1,1,2,0,1,4,0,0,,0,0,0,0,0,4,2,16
,2022-12859,-105.0026475,39.74762721,4/12/2022 14:12,14:12,15,0,0,N SPEER BLVD & AURARIA PKWY,1,1,0,0,1,1,0,0,35,0,0,0,0,0,4,2,16
,2022-12861,-104.9410348,39.67844534,4/12/2022 20:03,20:03,15,0,0,E EVANS AVE & S COLORADO BLVD,1,3,0,0,1,4,0,0,35,0,0,0,0,0,2,2,7
,2022-12863,-104.9517887,39.74015631,4/4/2022 13:08,13:08,6,0,0,E COLFAX AVE & N MILWAUKEE ST,1,1,0,0,1,4,0,0,35,0,0,0,0,0,2,3,16
,2022-12864,-104.6738686,39.84232684,3/27/2022 7:30,7:30,15,0,0,PENA BLVD & 5500 BLK,1,1,0,0,1,4,0,0,65,0,0,0,0,0,4,2,16
,2022-12865,-105.0114249,39.75606387,4/12/2022 14:40,14:40,15,0,0,I-25 & N SPEER BLVD,1,1,0,0,1,4,0,0,55,0,0,0,0,0,1,2,10
,2022-12866,-104.9086867,39.71120756,4/13/2022 6:57,6:57,12,0,0,E ALAMEDA AVE (NOT CDOT) & S NEWPORT WAY,1,1,0,0,1,1,0,0,35,0,0,0,0,0,4,2,2
,2022-12867,-104.9546279,39.72561229,4/13/2022 17:42,17:42,10,0,0,E 6TH AVE (NOT CDOT) & DETROIT ST,1,1,0,0,1,1,0,0,30,0,0,0,0,1,4,2,8
,2022-12868,-104.903422,39.77822311,3/4/2022 22:00,22:00,15,0,0,I-70 & QUEBEC ST N,1,3,0,0,1,4,0,1,55,0,0,0,0,0,1,2,16
,2022-12869,-104.9764394,39.73549615,2/22/2022 12:17,12:17,14,0,0,EMERSON ST N & 13TH AVE E,9,2,0,2,1,4,0,0,25,0,0,0,0,0,4,2,16
,2022-12870,-104.940629,39.67845463,4/12/2022 14:45,14:45,12,0,0,E EVANS AVE & S COLORADO BLVD,1,1,0,0,1,1,0,0,30,0,0,0,0,0,4,2,3
,2022-12871,-104.9425598,39.71149774,3/26/2022 13:51,13:51,3,0,0,ALAMEDA AVE E & JACKSON ST S,1,1,0,0,1,1,0,0,30,0,0,0,0,0,4,2,16
,2022-12872,-104.9405114,39.76180251,4/1/2022 0:37,0:37,3,1,1,N COLORADO BLVD & E MLK BLVD,1,3,0,0,1,1,0,0,35,0,0,0,0,4,2,2,1
,2022-12873,-104.9405374,39.67482055,3/27/2022 15:22,15:22,12,0,0,4000 BLK E ILIFF AVE & S COLORADO BLVD,1,1,3,0,1,3,0,0,35,0,0,0,0,0,4,2,13
,2022-12874,-104.9873079,39.70069578,4/12/2022 9:56,9:56,12,0,0,I-25 ON RAMP & S BROADWAY ST,1,1,0,0,1,8,0,0,55,0,0,0,0,0,1,2,16
,2022-12875,-104.9721099,39.76576946,4/13/2022 7:56,7:56,3,0,0,E 35TH AVE & N MARION ST,1,1,0,0,1,1,0,0,20,0,0,0,0,0,4,2,11
,2022-12877,-105.0141494,39.74044681,3/30/2022 8:35,8:35,15,0,0,I-25 SB DISTRIBUTOR RAMP MERGE GORE PT FROM & COLFAX AVE W / AURARIA PKWY,1,1,0,1,1,8,0,0,35,0,0,0,0,0,1,2,16
,2022-12878,-105.0532498,39.72565601,3/7/2022 2:23,2:23,3,0,2,SHERIDAN BLVD N & HWY 6 WB OFF RAMP,14,3,0,2,1,1,0,0,35,0,0,0,0,3,2,2,1
,2022-12880,-104.9034478,39.74744189,2/25/2022 0:29,0:29,3,0,1,E MONTVIEW BLVD & N QUEBEC ST,1,3,1,0,1,1,0,0,30,0,0,0,0,3,4,2,13
,2022-12882,-104.9128902,39.69662305,4/4/2022 17:00,17:00,6,0,0,E MISSISSIPPI AVE & S MONACO ST,1,1,0,0,1,1,0,0,30,0,0,0,0,0,4,2,16
,2022-12885,-104.93415,39.67496362,4/12/2022 13:00,13:00,6,0,0,S CHERRY ST & E ILIFF AVE,1,1,0,0,1,4,0,0,25,0,0,0,0,0,4,2,1
,2022-12886,-105.0532578,39.71133201,3/23/2022 21:11,21:11,3,0,0,ALAMEDA AVE W & SHERIDAN BLVD S,1,3,0,0,1,1,0,0,45,0,0,0,0,0,2,2,13
,2022-12890,-105.0295839,39.7392373,4/13/2022 10:07,10:07,6,0,0,W 14TH AVE & N IRVING ST,1,1,0,0,1,4,0,0,25,0,0,0,0,0,4,3,16
,2022-12891,-105.0264226,39.69311005,3/5/2022 23:56,23:56,14,0,0,LOUISIANA AVE W & FEDERAL BLVD S,4,3,0,2,1,4,0,0,25,0,0,0,0,0,4,2,1
,2022-12892,-104.7744698,39.78178424,4/12/2022 14:20,14:20,3,0,0,E 47TH AVE & N YAMPA ST,1,1,0,0,1,1,0,0,30,0,0,0,0,0,4,2,16
,2022-12894,-104.8928658,39.75098733,4/13/2022 13:55,13:55,6,0,0,E 23RD AVE & N UNITA ST,1,1,0,0,1,12,0,0,25,0,0,0,0,0,4,2,2
,2022-12896,-104.9658398,39.76815075,3/7/2022 0:02,0:02,6,0,0,37TH AVE E & WILLIAMS ST N,9,3,0,2,1,3,0,0,25,0,0,0,0,0,4,4,14
,2022-12897,-104.9406248,39.71563353,3/19/2022 9:00,9:00,15,0,0,0 BLOCK S COLORADO BLVD & LEETSDALE DR,1,1,0,0,1,4,0,0,35,0,0,0,0,0,4,2,13
,2022-12945,-104.9993451,39.74502571,4/13/2022 20:51,20:51,12,0,0,ARAPAHOE ST & 13TH ST,1,3,0,0,1,3,0,0,30,0,0,0,0,0,4,3,3
,2022-12947,-104.9895612,39.78010359,4/14/2022 6:10,6:10,15,0,0,I-25 & I-70,1,2,0,0,1,4,0,0,55,0,0,0,0,0,1,2,11
,2022-12966,-104.9035386,39.687377,2/5/2022 17:14,17:14,3,0,1,E IOWA ST & S QUEBEC ST,1,1,0,0,1,1,0,0,40,0,0,0,0,2,4,2,16
,2022-12967,-104.9405458,39.68291817,4/9/2022 21:24,21:24,15,0,0,I-25 & E YALE AVE,1,4,0,0,1,4,0,0,65,0,0,0,0,0,1,2,16
,2022-12968,-105.0005903,39.76989351,4/2/2022 3:05,3:05,6,0,0,KALAMATH ST & 3800 BLK N ,1,3,0,0,1,1,0,0,,0,0,0,0,0,4,2,16
,2022-12969,-105.0252981,39.76466507,4/11/2022 7:30,7:30,12,0,1,N FEDERAL BLVD & W 34TH AVE,1,1,0,0,1,3,0,0,35,0,0,0,0,1,2,2,16
,2022-12970,-105.0090973,39.72185949,4/13/2022 10:25,10:25,12,0,0,I-25 NB EXIT GORE PT & W 6TH AVE,1,1,1,0,1,14,0,0,55,0,0,0,0,0,1,4,13
,2022-12971,-104.9986584,39.73381686,3/10/2022 23:55,23:55,15,0,0,N SANTA FE DR & W 11TH AVE,1,3,0,0,1,4,0,0,35,0,0,0,0,1,4,2,16
,2022-12973,-105.0532578,39.71133201,4/14/2022 19:20,19:20,12,0,1,ALAMEDA AVE W & SHERIDAN BLVD S,1,3,1,0,1,3,0,0,30,0,0,0,0,2,2,2,14
,2022-12974,-104.9919397,39.68757244,3/28/2022 9:49,9:49,1,0,0,SANTA FE DR S & IOWA AVE W,1,1,0,0,1,1,0,0,,0,0,0,0,0,2,3,16
,2022-12976,-105.0345717,39.78375855,4/14/2022 10:45,10:45,3,0,0,48TH AVE S DR & LOWELL BLVD N,1,1,0,0,1,1,0,0,,0,0,0,0,0,1,2,16
,2022-12977,-105.0464361,39.65432813,3/27/2022 15:30,15:30,6,0,0,4700 BLK W HAMILTON PL & S WOLFF ST,1,1,0,0,1,4,0,0,,0,0,0,0,0,4,2,16
,2022-12984,-104.9790803,39.77913358,4/14/2022 6:36,6:36,3,0,0,WASHINGTON ST N & I-70 EB OFF RAMP,1,1,0,0,1,1,0,0,30,0,0,0,0,0,4,2,11
,2022-12987,-104.9729173,39.72576913,4/14/2022 14:35,14:35,6,0,0,DOWNING ST N & 6TH AVE E,1,1,3,0,1,4,0,0,30,0,0,0,0,0,4,2,14
,2022-12988,-105.0251799,39.78422127,4/14/2022 16:34,16:34,12,0,0,I-70 & FEDERAL BLVD N,1,1,1,0,1,4,0,0,55,0,0,0,0,0,1,3,2
,2022-12989,-104.9719157,39.77030097,4/14/2022 14:30,14:30,16,0,0,38TH ST & WALNUT ST,14,5,3,7,6,14,0,0,,0,0,0,0,0,4,2,16
,2022-12990,-104.8906678,39.76515003,4/14/2022 11:25,11:25,15,0,0,35TH AVE E & CENTRAL PARK BLVD N,1,1,0,0,1,1,0,0,35,0,0,0,0,0,4,2,8
,2022-12991,-105.0133487,39.72550245,4/13/2022 16:15,16:15,15,0,0,I-25 NB EXIT GORE PT & W 6TH AVE,1,1,0,0,1,4,0,0,,0,0,0,0,0,1,2,16
,2022-12992,-105.0017593,39.77547578,4/13/2022 16:44,16:44,3,0,1,W 43RD AVE & N LIPAN ST,1,1,0,0,1,1,0,0,30,0,0,0,0,1,4,2,8
,2022-12993,-104.8841392,39.72390023,4/14/2022 16:30,16:30,3,0,0,YOSEMITE ST N & LOWRY BLVD E,1,1,0,0,1,6,0,0,35,0,0,0,0,0,4,2,13
,2022-12995,-104.9996857,39.7528911,4/15/2022 14:15,14:15,6,0,0,WYNKOOP ST & 17TH ST,1,1,0,0,1,4,0,0,25,0,0,0,0,0,4,2,11
,2022-12996,-104.9583193,39.71978985,4/15/2022 13:00,13:00,6,0,0,N JOSEPHINE ST & E 2ND AVE,1,1,0,0,1,4,0,0,,0,0,0,0,0,4,2,16
,2022-12997,-105.0006422,39.71118438,4/13/2022 14:00,14:00,12,0,0,W ALAMEDA AVE & S PLATTE RIVER DR,1,1,0,0,1,1,0,0,35,0,0,0,0,0,2,2,3
,2022-12998,-104.8861231,39.78095218,4/14/2022 16:55,16:55,3,0,1,XENIA ST N & 46TH PL E,1,1,1,0,1,1,0,0,20,0,0,0,0,1,4,2,8
,2022-13000,-104.9726885,39.74324003,4/14/2022 10:45,10:45,3,0,1,PARK AVE W & 17TH AVE E,1,1,0,0,1,1,0,0,30,0,0,0,0,1,4,2,16
,2022-13002,-104.8858305,39.73870397,4/14/2022 10:27,10:27,10,0,0,14TH AVE E & XENIA ST N,1,1,0,0,1,1,0,0,30,0,0,0,0,0,4,2,1
,2022-13005,-104.9594539,39.7239911,4/14/2022 22:33,22:33,5,0,0,UNIVERSITY BLVD 400 BLK (NOT CDOT) & E 5TH AVE,1,3,1,0,3,4,0,0,30,0,0,0,0,0,4,1,1
,2022-13009,-105.043994,39.76211981,4/14/2022 17:38,17:38,3,0,0,N TENNYSON ST & W 32ND AVE,1,1,0,0,1,1,0,0,25,0,0,0,0,0,4,2,11
,2022-13010,-104.983615,39.74004182,3/27/2022 0:25,0:25,12,0,0,COLFAX AVE E & GRANT ST N,1,3,0,0,1,1,0,0,30,0,0,0,0,0,2,2,16
,2022-13012,-105.0252313,39.76925953,4/13/2022 22:03,22:03,1,0,2,W 38TH AVE & N FEDERAL BLVD,1,3,0,0,1,1,0,0,35,0,0,0,0,2,2,2,10
,2022-13014,-104.9787091,39.75159426,4/14/2022 22:53,22:53,3,0,2,25TH ST & TREMONT PL,1,3,0,0,1,1,0,0,25,0,0,0,0,2,4,2,11
,2022-13015,-104.903464,39.72724851,4/13/2022 16:15,16:15,15,0,0,600 BLK N QUEBEC ST & E 7TH AVE,1,1,0,0,1,4,0,0,35,0,0,0,0,0,4,2,11
,2022-13016,-104.9047182,39.65305099,4/15/2022 12:10,12:10,1,0,1,HAMPDEN AVE E & POPLAR ST S,1,1,1,0,1,1,0,0,45,0,0,0,0,2,2,2,13
,2022-13018,-104.8486185,39.65933763,4/15/2022 10:45,10:45,3,0,0,PARKER RD S & PEORIA ST S,1,1,0,0,1,2,0,0,45,0,0,0,0,0,2,2,11
,2022-13019,-105.0250875,39.70394961,1/15/2022 19:30,19:30,15,0,0,S FEDERAL BLVD & W EXPOSITION AVE,1,3,0,0,1,3,0,0,,0,0,0,0,0,2,2,16
,2022-13024,-104.9699881,39.77992508,1/21/2022 21:47,21:47,15,0,0,44TH ST & BRIGHTON BLVD N,1,3,0,0,1,4,0,0,,0,0,0,0,0,4,2,16
,2022-13025,-104.9991495,39.6966933,4/13/2022 17:28,17:28,3,0,0,S JASON ST & W MISSISSIPPI AVE,1,1,0,0,1,3,0,0,30,0,0,0,0,0,4,4,16
,2022-13028,-104.9641899,39.71817953,4/14/2022 17:50,17:50,12,0,2,1ST AVE E & RACE ST N,1,1,0,0,1,3,0,0,30,0,0,0,0,2,4,2,3
,2022-13029,-105.0015576,39.71116124,4/9/2022 14:40,14:40,15,0,0,W 6TH AVE & WB CONNECTER SPLIT TO I-25,1,1,3,0,1,8,0,0,,0,0,0,0,0,1,2,16
,2022-13033,-105.0507558,39.77657292,4/13/2022 16:01,16:01,12,0,0,4900 BLK W 44TH AVE & YATES,1,1,0,0,1,4,0,0,30,0,0,0,0,0,4,2,11
,2022-13034,-104.8500074,39.79833705,4/14/2022 15:59,15:59,12,0,0,E 56TH AVE & N OSWEGO ST,1,1,0,0,1,1,0,0,35,0,0,0,0,0,4,3,3
,2022-13035,-104.9791539,39.77935673,4/14/2022 12:45,12:45,12,0,2,I-70 & WASHINGTON ST N,1,1,0,0,1,14,0,0,55,0,0,0,1,2,1,2,13
,2022-13036,-104.7720201,39.81824427,4/13/2022 21:15,21:15,10,0,0,N TOWER RD & E 67TH AVE,1,3,0,0,1,1,0,0,45,0,0,0,0,0,4,2,8
,2022-13038,-104.7863773,39.79838481,4/13/2022 18:18,18:18,12,0,0,PENA BLVD INBOUND & E 56TH AVE,1,3,0,0,1,4,0,0,45,0,0,0,0,0,4,2,13
,2022-13039,-104.8657287,39.77562189,4/14/2022 19:49,19:49,15,0,1,I-70 & HAVANA ST N,1,3,0,0,1,4,0,0,55,0,0,0,0,2,1,2,14
,2022-13040,-104.8098793,39.7731883,4/14/2022 15:06,15:06,15,0,0,E 40TH AVE & N CHAMBERS RD,1,1,0,0,1,4,0,0,40,0,0,0,0,0,4,2,13
,2022-13041,-104.7721483,39.7938778,4/14/2022 8:03,8:03,3,0,0,TOWER RD N & 54TH AVE E,1,1,0,0,1,1,0,0,45,0,0,0,0,0,4,2,7
,2022-13042,-104.9991195,39.71120695,4/14/2022 11:31,11:31,15,0,0,I-25 & ALAMEDA AVE W,1,1,1,0,1,4,0,0,,0,0,0,0,0,1,2,16
,2022-13043,-105.025372,39.75847519,4/14/2022 11:28,11:28,6,0,0,29TH AVE W & FEDERAL BLVD N,1,1,0,1,1,4,0,0,25,0,0,0,0,0,4,2,16
,2022-13044,-104.9874145,39.73371925,3/27/2022 2:07,2:07,6,0,0,1085 N BROADWAY ST & W 11TH AVE,1,3,0,0,1,4,0,0,30,0,0,0,0,0,4,2,16
,2022-13045,-104.9124392,39.72687358,4/15/2022 15:10,15:10,15,0,0,MONACO ST N & 6TH AVE E,1,1,0,0,1,4,0,0,35,0,0,0,0,0,4,2,13
,2022-13046,-104.9792571,39.69356952,4/13/2022 17:00,17:00,15,0,0,E BUCHTEL BLVD & S WASHINGTON ST,1,1,0,0,1,1,0,0,30,0,0,0,0,0,4,2,3
,2022-13047,-104.870911,39.67475566,4/11/2022 11:39,11:39,12,0,0,E ILIFF AVE & S PARKER RD,1,1,3,0,1,3,0,0,40,0,0,0,0,0,2,2,16
,2022-13048,-104.995998,39.67843468,4/13/2022 10:15,10:15,3,0,0,S GALAPAGO ST & W EVANS AVE,1,1,0,0,1,1,0,0,25,0,0,0,0,0,4,2,3
,2022-13049,-104.9907143,39.75710128,2/8/2022 18:49,18:49,15,0,0,PARK AVE & BLAKE ST,1,2,0,0,1,1,0,0,35,0,0,0,0,0,4,2,11
,2022-13050,-104.715473,39.83796272,4/14/2022 2:00,2:00,5,0,0,GUN CLUB RD & 78TH AVE,1,3,0,0,6,1,0,0,25,0,0,0,0,0,4,1,2
,2022-13051,-105.0124605,39.75300029,3/13/2022 23:15,23:15,16,0,0,WATER ST & 700 WATER ST,1,3,3,0,5,7,0,0,,0,0,0,0,0,3,2,16
,2022-13054,-104.9593885,39.68025292,4/13/2022 18:00,18:00,15,0,0,S UNIVERSITY BLVD & E ASBURY AVE,1,1,0,0,1,1,0,0,25,0,0,0,0,0,4,2,3
,2022-13057,-105.0161347,39.68951339,4/14/2022 7:40,7:40,15,0,0,FLORIDA AVE W & ZUNI ST S,1,1,0,1,1,4,0,0,30,0,0,0,0,0,4,2,16
,2022-13058,-104.9224616,39.67847226,4/1/2022 11:51,11:51,15,0,0,E EVANS AVE & S HOLLY ST,1,1,0,0,1,3,0,0,30,0,0,0,0,0,4,2,16
,2022-13060,-104.9777111,39.74749636,4/14/2022 11:25,11:25,6,0,1,20TH AVE E & CLARKSON ST N,1,1,0,0,1,4,0,0,25,0,0,0,1,2,4,2,1
,2022-13063,-104.9747428,39.75597589,4/13/2022 8:22,8:22,3,0,0,29TH ST & GLENARM PL,1,1,0,0,1,1,0,0,25,0,0,0,0,0,4,2,13
,2022-13064,-105.0252859,39.75484073,1/12/2022 12:02,12:02,3,0,1,FEDERAL BLVD N & 26TH AVE W,1,1,0,0,1,1,0,0,35,0,0,0,0,1,2,2,13
,2022-13065,-105.0532578,39.71133201,4/14/2022 20:22,20:22,12,0,0,ALAMEDA AVE W & SHERIDAN BLVD S,1,2,1,0,1,3,0,0,35,0,0,0,0,0,2,2,13
,2022-13067,-104.9985776,39.72253338,4/13/2022 11:20,11:20,3,0,0,W 4TH AVE & N SANTA FE DR,1,1,0,0,1,1,0,0,25,0,0,0,0,0,4,2,3
,2022-13068,-104.9769317,39.69302125,4/14/2022 11:19,11:19,10,0,0,S EMERSON ST & E LOUISIANA AVE,1,1,0,0,1,1,0,0,25,0,0,0,0,0,4,2,16
,2022-13070,-104.9255047,39.66746911,4/14/2022 10:39,10:39,3,0,0,I-25 NB OFF RAMP & E YALE AVE,1,1,0,0,1,1,0,0,30,0,0,0,0,0,4,2,3
,2022-13072,-104.7626952,39.79843458,3/21/2022 14:50,14:50,15,0,0,19000 BLK E 56TH AVE & N DUNKIRK ST,1,1,0,0,1,4,0,0,45,0,0,0,0,0,4,2,16
,2022-13073,-104.9940079,39.7256774,4/2/2022 18:07,18:07,12,0,3,W 6TH AVE & N ELATI ST,1,1,0,0,1,1,0,0,,0,0,0,1,2,4,3,16
,2022-13074,-104.9406279,39.72094951,3/23/2022 4:54,4:54,3,0,0,COLORADO BLVD N & 3RD AVE E,1,3,0,0,1,1,0,0,35,0,0,0,0,0,2,2,16
,2022-13079,-104.9735326,39.73515866,4/14/2022 10:16,10:16,6,0,0,1100 BLK E 12TH AVE & N DOWNING ST,1,1,0,0,1,9,0,0,25,0,0,0,0,0,4,3,1
,2022-13080,-104.9038368,39.72272354,4/14/2022 22:55,22:55,5,0,0,500 BLK N QUEBEC ST & E 6TH AVE,1,3,0,0,3,4,0,0,35,0,0,0,0,0,4,1,2
,2022-13082,-104.9919397,39.68757245,3/12/2022 14:25,14:25,10,0,0,IOWA AVE W & SANTA FE DR S,1,5,3,0,1,1,0,0,,0,0,0,0,0,2,2,16
,2022-13083,-105.0239546,39.78079368,4/15/2022 15:12,15:12,6,0,0,4600 BLK N ELIOT ST & W. 46TH AVE,1,1,0,0,1,4,0,0,,0,0,0,0,0,4,2,16
,2022-13084,-105.0015352,39.74783125,4/15/2022 15:20,15:20,1,0,0,MARKET ST & 14TH ST,1,1,0,0,1,1,0,0,25,0,0,0,0,0,4,2,11
,2022-13085,-105.0531756,39.72490448,4/14/2022 23:01,23:01,12,0,0,W 6TH AVE & N SHERIDAN BLVD,1,3,0,0,1,4,0,0,55,0,0,0,0,0,2,2,13
,2022-13087,-104.9187916,39.67845627,3/11/2022 18:41,18:41,1,0,1,6355 E EVANS AVE & JASMINE ST,1,3,3,0,1,2,0,0,45,0,0,0,0,2,4,3,8
,2022-13088,-104.882959,39.77713978,4/15/2022 1:30,1:30,12,0,3,I-70 & CENTRAL PARK BLVD N,1,3,0,0,1,4,0,0,55,0,0,0,0,1,1,2,14
,2022-13090,-105.0310986,39.76563445,3/26/2022 16:19,16:19,6,0,0,3343 W 35TH AVE & NORTH JULIAN ST,1,1,0,0,1,4,0,0,25,0,0,0,0,0,4,2,16
,2022-13091,-104.9985588,39.71452286,3/11/2022 0:34,0:34,5,0,0,SANTA FE DR S & BAYAUD AVE W,5,3,0,0,2,4,0,0,30,0,0,0,0,0,2,1,16