id,drcog_id,longitude,latitude,crashtime,time,crashtype,numbkilled,numbinjurd,drcoglocat,rdconditin,lightngcon,roadcntgrd,weatherco,location,roaddescrp,schoolzone,constrzone,splimit,bikeinv,pedinv,sctrinv,motoinv,svrty,rdsystem,ttlvehcls,hcf
,2022-13092,-104.9987983,39.74003356,4/14/2022 16:37,16:37,15,0,0,COLFAX AVE W & SPEER BLVD N,1,1,0,0,1,1,0,0,30,0,0,0,0,0,2,2,13
,2022-13093,-104.9991195,39.71120695,4/15/2022 6:51,6:51,12,0,2,I-25 & ALAMEDA AVE W,1,1,0,0,1,4,0,0,55,0,0,0,0,1,1,4,16
,2022-13094,-104.692913,39.83346182,4/14/2022 9:51,9:51,3,0,0,N JACKSON GAP ST & INBOUND PENA BLVD ON RAMP,1,1,0,0,1,1,0,0,35,0,0,0,0,0,4,2,14
,2022-13095,-104.8097277,39.79396743,2/13/2022 16:39,16:39,12,0,0,N CHAMBERS RD & E MAXWELL PL,1,1,0,0,1,4,0,0,30,0,0,0,0,1,4,2,1
,2022-13097,-104.9949315,39.76798309,3/8/2022 7:45,7:45,15,0,0,I-25 & PARK AVE W,1,1,1,0,1,4,0,0,,0,0,0,0,0,1,2,16
,2022-13098,-105.1099005,39.63398961,4/6/2022 18:11,18:11,12,0,0,S KIPLING ST & W STANFORD AVE,1,2,0,0,1,4,0,0,45,0,0,0,0,0,4,2,13
,2022-13104,-105.0451788,39.74033254,4/15/2022 17:30,17:30,1,0,2,COLFAX AVE W & UTICA ST N,1,1,0,0,1,1,0,0,35,0,0,0,0,2,2,2,16
,2022-13105,-105.0252126,39.7252535,4/16/2022 6:35,6:35,12,0,1,FEDERAL BLVD N & HWY 6 EB RAMPS,1,2,0,0,1,1,0,0,45,0,0,0,0,2,2,2,13
,2022-13108,-105.0454675,39.72124452,3/16/2022 15:43,15:43,13,0,1,3RD AVE W & VRAIN ST N,1,1,0,0,1,1,1,0,20,0,1,0,0,1,4,1,16
,2022-13109,-104.9520901,39.75116007,4/15/2022 12:02,12:02,3,0,0,23RD AVE E & STEELE ST N,1,1,0,0,1,2,0,0,35,0,0,0,0,0,4,2,3
,2022-13110,-104.9500516,39.65296516,4/16/2022 15:29,15:29,12,0,0,HAMPDEN AVE E & COLORADO BLVD S,1,1,1,0,1,4,0,0,45,0,0,0,0,0,2,2,3
,2022-13111,-105.0345746,39.78332355,4/15/2022 21:22,21:22,12,0,2,I-70 & LOWELL BLVD N,1,3,0,0,1,4,0,0,65,0,0,0,0,2,1,4,3
,2022-13115,-104.9874355,39.72563832,4/16/2022 2:14,2:14,3,0,1,W 6TH AVE (NOT CDOT) & N BROADWAY ST,1,3,0,0,1,1,0,0,30,0,0,0,0,2,4,2,13
,2022-13116,-104.9874734,39.72441173,4/16/2022 2:07,2:07,12,0,0,500 BLK N BROADWAY ST & 5TH AVE,1,3,0,0,1,3,0,0,30,0,0,0,0,0,4,3,16
,2022-13117,-104.8659309,39.69657301,4/15/2022 16:45,16:45,15,0,0,HAVANA ST S & MISSISSIPPI AVE E,1,4,0,0,1,1,0,0,,0,0,0,0,0,2,2,16
,2022-13118,-104.9811923,39.75907265,4/16/2022 1:46,1:46,15,0,0,28TH ST & ARAPAHOE ST,1,3,0,0,1,1,0,0,25,0,0,0,0,0,4,3,16
,2022-13120,-104.9026042,39.76539692,4/15/2022 14:46,14:46,15,0,0,35TH AVE E & QUEBEC ST N,1,1,0,0,1,1,0,0,30,0,0,0,0,0,4,3,13
,2022-13122,-104.919033,39.65309224,4/16/2022 2:36,2:36,3,0,0,HAMPDEN AVE E & I-25 SB OFF RAMP,1,3,0,0,1,1,0,0,,0,0,0,0,0,4,2,16
,2022-13123,-104.8959886,39.77818589,4/15/2022 13:35,13:35,12,0,1,I-70 & QUEBEC ST N,1,1,0,0,1,4,0,0,,0,0,0,0,1,1,3,16
,2022-13124,-105.0114458,39.72365226,4/16/2022 13:03,13:03,12,0,0,I-25 NB & 6TH AVE E,1,1,3,0,1,4,0,0,55,0,0,0,0,0,1,4,13
,2022-13126,-105.0252269,39.74033101,4/16/2022 14:49,14:49,12,0,0,COLFAX AVE W & FEDERAL BLVD N,1,1,0,0,1,4,0,0,30,0,0,0,0,0,2,2,16
,2022-13128,-104.898755,39.6530929,4/15/2022 19:19,19:19,12,0,2,E HAMPDEN AVE & S TAMARAC DR,1,3,1,0,1,4,0,0,40,0,0,0,0,2,4,3,16
,2022-13132,-104.8753134,39.67194454,3/17/2022 15:35,15:35,15,0,0,DAYTON WY S & HARVARD AVE E,14,1,1,2,1,4,0,0,25,0,0,0,0,0,4,2,16
,2022-13133,-104.8998928,39.7328739,4/15/2022 11:27,11:27,8,0,0,E 11TH AVE & N ROSEMARY ST,1,1,0,0,1,1,0,0,30,0,0,0,0,0,4,2,16
,2022-13134,-104.9941683,39.71934752,4/13/2022 15:10,15:10,6,0,0,500 BLK W 2ND AVE & N ELATI ST,1,1,0,0,1,4,1,0,15,0,0,0,0,0,4,2,16
,2022-13135,-105.0328038,39.72612162,4/14/2022 21:02,21:02,5,0,1,W 6TH AVE & N FEDERAL BLVD,1,3,0,0,6,4,0,0,55,0,0,0,0,3,2,1,16
,2022-13136,-104.9835898,39.74167587,4/12/2022 22:51,22:51,1,0,0,E 16TH AVE & N GRANT ST,1,3,0,0,1,1,0,0,35,0,0,0,0,0,4,2,3
,2022-13144,-105.0361798,39.72549902,4/7/2022 22:40,22:40,6,0,0,N MEADE ST & 6TH AVE FRONTAGE RD S,1,3,0,0,1,4,0,0,30,0,0,0,0,0,4,2,16
,2022-13145,-104.99889,39.71119349,3/12/2022 2:30,2:30,11,1,1,I-25 & MM 208.33,1,3,0,0,1,4,0,0,0,0,1,0,0,4,1,1,16
,2022-13146,-104.9902483,39.73386233,1/14/2022 20:35,20:35,11,0,1,11TH AVE W & BANNOCK ST N,1,3,0,0,1,1,0,0,25,0,1,0,0,3,4,2,16
,2022-13147,-104.974043,39.74324907,3/30/2022 23:31,23:31,11,0,2,17TH AVE E & OGDEN ST N,1,3,0,0,1,4,0,0,30,0,1,0,0,3,4,2,12
,2022-13150,-104.8973908,39.69628173,3/11/2022 21:57,21:57,5,0,0,PARKER RD S & MISSISSIPPI AVE E,1,3,0,0,3,1,0,0,45,0,0,0,0,0,2,2,16
,2022-13153,-104.956244,39.70109184,4/14/2022 13:35,13:35,6,0,0,800 BLK S COLUMBINE ST & E KENTUCKY AVE,1,1,1,0,1,4,0,0,25,0,0,0,0,0,4,2,16
,2022-13158,-105.0148299,39.72932162,4/2/2022 22:51,22:51,15,0,0,I-25 & W 8TH AVE,1,3,0,0,1,4,0,0,55,0,0,0,0,0,1,2,16
,2022-13159,-105.002746,39.75208051,3/20/2022 15:00,15:00,6,0,0,WEWATTA ST & 15TH ST,1,1,0,0,1,4,0,0,30,0,0,0,0,0,4,2,16
,2022-13161,-105.021892,39.74999911,3/11/2022 22:02,22:02,6,0,0,W 22ND AVE & N DECATUR ST,1,3,0,0,1,4,0,0,25,0,0,0,0,0,4,2,16
,2022-13163,-105.025293,39.7748251,3/31/2022 20:17,20:17,11,0,1,4200 BLK  N FEDERAL BLVD & W 42ND AVE,1,3,0,0,1,3,0,0,35,0,1,0,0,3,2,1,16
,2022-13165,-104.8664043,39.65685447,2/12/2022 19:03,19:03,11,0,1,HAVANA ST S & GIRARD AVE E,1,3,0,0,1,3,0,0,0,0,1,0,0,3,2,1,16
,2022-13167,-105.0034428,39.74842736,4/12/2022 1:51,1:51,5,0,0,AURARIA PKWY & N SPEER BLVD,1,3,0,0,3,4,0,0,35,0,0,0,0,0,4,1,16
,2022-13168,-104.8446496,39.78184222,4/2/2022 22:14,22:14,11,0,1,ALBROOK DR & N PEORIA ST,1,3,0,0,1,4,0,0,0,0,1,0,0,3,4,1,16
,2022-13170,-105.0142499,39.7369104,3/23/2022 0:40,0:40,11,1,0,I-25 & W 13TH AVE OVERPASS,1,3,0,0,1,14,0,0,0,0,1,0,0,4,1,1,16
,2022-13177,-104.9920576,39.68939091,4/16/2022 17:42,17:42,12,0,1,SANTA FE DR S & FLORIDA AVE W,1,1,3,0,1,1,0,0,,0,0,0,0,1,2,4,16
,2022-13180,-104.9976246,39.75308518,2/25/2022 18:39,18:39,11,0,1,18TH ST & WAZEE ST,1,3,0,0,1,1,0,0,,0,1,0,0,3,4,1,16
,2022-13230,-104.8888762,39.77766692,4/15/2022 10:54,10:54,9,0,2,I-70 & CENTRAL PARK BLVD N,1,1,0,0,1,4,0,0,55,0,0,0,0,1,1,1,16
,2022-13232,-104.9971408,39.711194,4/14/2022 8:10,8:10,3,0,0,ALAMEDA AVE W & SANTA FE DR S,1,1,0,0,1,1,0,0,35,0,0,0,0,0,4,2,1
,2022-13234,-104.9902813,39.7256572,4/16/2022 15:28,15:28,3,0,1,N BANNOCK ST & W 6TH AVE (NOT CDOT),1,1,0,0,1,1,0,0,25,0,0,0,0,1,4,2,1
,2022-13235,-104.9863697,39.67855443,3/30/2022 15:40,15:40,15,0,0,EVANS AVE E & LINCOLN ST S,1,1,0,0,1,1,0,0,,0,0,0,0,0,4,2,16
,2022-13239,-105.0141494,39.74044681,3/12/2022 22:30,22:30,12,0,0,COLFAX AVE W & I-25 SB OFF RAMP,1,3,0,0,1,1,0,0,40,0,0,0,0,0,2,2,3
,2022-13241,-104.9826107,39.71833567,4/16/2022 21:45,21:45,1,0,0,1ST AVE E & LOGAN ST N,1,3,0,0,1,4,0,0,25,0,0,0,0,0,4,2,16
,2022-13242,-104.9037056,39.71705946,4/15/2022 0:55,0:55,12,0,0,QUEBEC ST N & LOWRY BLVD E,1,3,0,0,1,4,0,0,35,0,0,0,0,0,4,2,13
,2022-13243,-105.0250779,39.709412,4/17/2022 12:53,12:53,12,0,0,FEDERAL BLVD S & DAKOTA AVE W,1,1,1,0,1,3,0,0,,0,0,0,0,0,2,3,16
,2022-13244,-104.979875,39.67031559,4/17/2022 20:42,20:42,16,0,0,PEARL ST N & WASHINGTON ST,14,5,3,7,6,14,0,0,,0,0,0,0,0,4,1,16
,2022-13247,-105.05328,39.71866492,4/17/2022 2:06,2:06,12,0,2,SHERIDAN BLVD N & 1ST AVE W,1,3,0,0,1,1,0,0,35,0,0,0,0,2,2,2,14
,2022-13248,-104.8470217,39.77959805,4/5/2022 15:55,15:55,3,0,1,E 46TH AVE & N PEORIA ST,1,1,0,6,1,1,0,0,30,0,0,0,0,2,4,2,16
,2022-13249,-104.9687409,39.79557759,4/17/2022 18:24,18:24,10,0,0,N FRANKLIN ST & E 54TH AVE,1,1,0,0,1,3,0,0,35,0,0,0,0,1,4,2,13
,2022-13251,-104.8383812,39.77326079,3/25/2022 14:22,14:22,15,0,0,I-70 & I-225,1,1,0,0,1,4,0,0,65,0,0,0,0,0,1,2,13
,2022-13255,-104.9775991,39.73500342,4/16/2022 21:56,21:56,6,0,0,1165 N CLARKSON ST & E 12TH AVE,1,3,0,0,1,4,0,0,25,0,0,0,0,0,4,2,3
,2022-13256,-105.0252437,39.76026749,4/17/2022 15:28,15:28,12,0,0,FEDERAL BLVD N & SPEER BLVD N,1,1,0,0,1,3,0,0,,0,0,0,1,0,2,2,16
,2022-13257,-105.0482898,39.63267563,4/17/2022 2:00,2:00,6,0,0,4600 BLK W TEMPLE PL & W TUFTS AVE,1,4,0,0,1,4,0,0,25,0,0,0,0,0,4,2,1
,2022-13258,-104.8823486,39.6965742,4/17/2022 17:27,17:27,12,0,0,E MISSISSIPPI AVE & S ALTON ST,1,1,0,0,1,4,0,0,,0,0,0,0,0,4,2,16
,2022-13259,-104.7377319,39.83376921,4/16/2022 22:30,22:30,12,0,0,PENA BLVD & E-470,1,3,0,0,1,4,0,0,65,0,0,0,0,0,4,2,1
,2022-13260,-104.9695449,39.76450549,4/2/2022 16:15,16:15,6,0,0,E BRUCE RANDOLPH AVE & N HUMBOLDT ST,1,1,0,0,1,4,0,0,30,0,0,0,0,0,4,3,16
,2022-13261,-104.9971163,39.71114243,4/17/2022 3:13,3:13,12,0,0,S SANTA FE DR (NOT CDOT) & W ALAMEDA AVE (NOT CDOT),11,3,0,0,1,3,0,0,35,0,0,0,0,0,4,2,7
,2022-13262,-104.9312904,39.72923714,4/6/2022 11:36,11:36,15,0,0,4800 BLOCK E 8TH AVE & N EUDORA ST,1,1,0,0,1,4,0,0,30,0,0,0,0,0,4,2,13
,2022-13263,-104.9937843,39.75920986,4/16/2022 19:57,19:57,10,0,0,PARK AVE W & WEWATTA ST,1,2,0,0,1,1,0,0,30,0,0,0,0,0,4,2,16
,2022-13264,-105.1149976,39.65384779,4/13/2022 7:08,7:08,5,0,0,W OLD HAMPDEN AVE & S LOWELL BLVD,1,1,0,1,1,4,0,0,30,0,0,0,0,0,4,2,16
,2022-13265,-105.001605,39.75411044,4/16/2022 22:15,22:15,5,0,0,WEWATTA ST & 1600 BLK,1,3,0,0,2,2,0,0,35,0,0,0,0,0,4,1,13
,2022-13269,-105.0469597,39.70139833,3/26/2022 16:04,16:04,3,0,2,ADA PL W & MORRISON RD,1,1,0,0,1,2,0,0,30,0,0,0,1,3,4,2,11
,2022-13270,-104.9925975,39.75294556,4/17/2022 2:48,2:48,3,0,5,20TH ST & LARIMER ST,1,3,0,0,1,1,0,0,25,0,0,0,0,2,4,2,10
,2022-13272,-104.9035597,39.77851775,4/12/2022 8:25,8:25,15,0,0,I-70 & N QUEBEC ST,1,1,0,0,1,4,0,0,55,0,0,0,0,0,1,2,1
,2022-13273,-104.8827688,39.77727111,4/17/2022 0:16,0:16,1,0,0,CENTRAL PARK BLVD N & I-70 EB ON RAMP,1,3,0,0,1,1,0,0,40,0,0,0,0,0,4,2,13
,2022-13274,-104.8981417,39.69657697,4/12/2022 23:05,23:05,8,0,2,S PARKER RD & E MISSISSIPPI AVE,1,3,1,0,6,4,0,0,35,0,0,0,0,2,2,4,1
,2022-13278,-104.9706076,39.72729333,3/12/2022 20:00,20:00,11,0,1,7TH AVE E & LAFAYETTE ST N,1,3,0,0,1,1,0,0,25,0,0,1,0,3,4,1,16
,2022-13306,-104.9070813,39.63428695,4/16/2022 19:42,19:42,5,0,0,I-225 NB/EB ON RAMP LOOP FROM & I-25 SB,1,3,1,0,2,8,0,0,65,0,0,0,0,0,1,1,2
,2022-13307,-105.0015947,39.75411851,4/12/2022 8:00,8:00,12,0,0,1900 BLK 17TH ST & DELGANY ST,1,1,0,1,1,4,0,0,25,0,0,0,0,0,4,2,16
,2022-13309,-104.9733904,39.74483508,4/16/2022 20:17,20:17,1,0,1,E 18TH AVE & N DOWNING ST,1,3,0,0,1,1,0,0,30,0,0,0,0,2,4,2,16
,2022-13311,-104.8870154,39.73727492,4/6/2022 8:57,8:57,3,0,1,E 13TH AVE & N XANTHIA ST,1,1,3,0,1,1,0,0,25,0,0,0,1,3,4,2,13
,2022-13315,-105.0071421,39.72007411,4/16/2022 21:25,21:25,12,0,0,I-25 & 6TH AVE W,1,3,0,0,1,4,0,0,55,0,0,0,0,0,1,3,3
,2022-13316,-104.8999503,39.71707172,4/12/2022 15:22,15:22,3,0,0,E LOWRY BLVD & QUEBEC ST,1,1,0,0,1,2,0,0,35,0,0,0,0,0,4,2,16
,2022-13321,-104.9991195,39.71120695,4/10/2022 5:58,5:58,5,0,0,I-25 & 6TH AVE RAMP TO SB I-25,11,2,0,1,2,4,0,0,,0,0,0,0,0,2,1,16
,2022-13322,-104.7674008,39.78525958,4/16/2022 21:10,21:10,5,0,0,N ARGONNE WAY & N ANDES CT,1,3,0,0,2,4,0,0,30,0,0,0,0,0,4,1,7
,2022-13323,-104.7678132,39.79156307,4/16/2022 21:47,21:47,6,0,0,5200 BLK N BAHAMA ST & E 52ND AVE,1,3,0,0,1,4,0,0,15,0,0,0,0,0,4,2,3
,2022-13329,-105.0006422,39.71118438,4/16/2022 20:30,20:30,12,0,1,W ALAMEDA AVE & S PLATTE RIVER DR,1,4,0,0,1,4,0,0,35,0,0,0,0,1,4,2,16
,2022-13337,-104.8447539,39.77106561,4/18/2022 16:42,16:42,1,0,1,E 39TH AVE & N QUENTIN ST,1,1,0,0,1,1,0,0,30,0,0,0,0,2,4,2,7
,2022-13338,-104.898733,39.65427357,4/5/2022 13:00,13:00,3,0,0,S TAMARAC DR & S TAMARAC DR,1,1,0,0,1,1,0,0,,0,0,0,0,0,4,2,16
,2022-13342,-104.9917687,39.75234535,4/7/2022 23:44,23:44,15,0,0,20TH ST & LAWRENCE ST,1,3,3,7,1,4,0,0,20,0,0,0,0,0,4,2,16
,2022-13343,-104.9875325,39.70145192,4/18/2022 17:35,17:35,12,0,0,I-25 & BROADWAY ST S,1,1,0,0,1,4,0,0,60,0,0,0,0,0,1,2,12
,2022-13344,-105.0310573,39.78400339,4/17/2022 11:53,11:53,6,0,0,JULIAN ST N & 48TH AVE W,1,1,1,1,1,4,0,0,25,0,0,0,0,0,4,2,16
,2022-13347,-104.9906353,39.73999947,4/17/2022 8:22,8:22,15,0,0,COLFAX AVE E & BANNOCK ST N,1,1,0,1,1,4,0,0,30,0,0,0,0,0,2,2,16
,2022-13348,-105.0393089,39.73661432,4/17/2022 14:16,14:16,10,0,0,N PERRY ST & W 13TH AVE,1,1,0,0,1,1,0,0,25,0,0,0,0,0,4,2,11
,2022-13356,-105.0583264,39.67782377,4/18/2022 14:40,14:40,6,0,0,S EATON ST & W GREEN MEADOWS PL,1,1,0,0,1,4,0,0,25,0,0,0,0,0,4,2,3
,2022-13360,-104.9406162,39.73665001,4/15/2022 9:35,9:35,12,0,0,N COLORADO BLVD & E 13TH AVE,1,1,0,0,1,3,0,0,35,0,0,0,0,0,4,2,3
,2022-13367,-104.9593931,39.67853565,4/18/2022 16:27,16:27,12,0,1,2000 S UNIVERSITY BLVD & E EVANS AVE,1,1,0,0,1,3,0,0,30,0,0,0,0,1,4,2,3
,2022-13371,-104.9124376,39.73713445,4/17/2022 6:21,6:21,3,0,0,MONACO ST N & 13TH AVE E,1,1,0,0,1,1,0,0,,0,0,0,0,0,4,2,16
,2022-13373,-105.0437474,39.66387793,4/17/2022 12:35,12:35,6,0,0,2800 BLK S RALEIGH ST & W AMHERST AVE,1,1,1,1,1,4,0,0,25,0,0,0,0,0,4,2,13
,2022-13374,-104.8850104,39.6399709,4/18/2022 17:41,17:41,1,0,1,YOSEMITE ST S & I-225 NB ON RAMP,1,1,1,0,1,1,0,0,35,0,0,0,0,2,4,2,11
,2022-13375,-104.9861683,39.70387875,4/17/2022 15:00,15:00,6,0,0,100 BLK E EXPOSITION AVE & S LINCOLN ST,1,5,0,0,1,4,0,0,,0,0,0,0,0,4,2,16
,2022-13378,-104.9899349,39.72904509,4/17/2022 10:32,10:32,3,0,0,N SPEER BLVD & W 8TH AVE,1,1,0,0,1,1,0,0,35,0,0,0,0,0,4,2,1
,2022-13385,-105.0022438,39.75085941,4/15/2022 1:55,1:55,6,0,0,WYNKOOP ST & 15TH ST,1,3,0,0,1,4,0,0,25,0,0,0,0,0,4,2,1
,2022-13386,-104.9894746,39.71116801,4/18/2022 8:42,8:42,12,0,0,ALAMEDA AVE (NOT CDOT) 100 BLK W & S. BANNOCK ST,1,1,0,0,1,4,0,0,30,0,0,0,0,0,4,3,3
,2022-13399,-104.9985734,39.72543228,4/15/2022 17:50,17:50,15,0,1,SANTA FE DR N & 6TH AVE W,1,1,0,0,1,4,0,0,30,0,0,0,0,1,4,2,13
,2022-13407,-104.9893661,39.78004067,4/16/2022 18:33,18:33,15,0,2,I-70 EB OFF RAMP TO & I-25 NB/SB RAMPS,1,1,0,0,1,8,0,0,65,0,0,0,0,2,1,2,16
,2022-13410,-104.8904569,39.76731943,4/18/2022 16:45,16:45,10,0,0,36TH AVE E & CENTRAL PARK BLVD N,1,1,0,0,1,1,0,0,35,0,0,0,0,0,4,2,7
,2022-13423,-105.042031,39.70776892,4/7/2022 6:30,6:30,6,0,0,500 BLK S RALEIGH ST & W VIRGINIA AVE,1,1,0,0,1,4,0,0,25,0,0,0,0,0,4,2,3
,2022-13455,-104.9994895,39.74893885,4/17/2022 8:13,8:13,3,0,0,15TH ST & MARKET ST,1,1,0,0,1,1,0,0,30,0,0,0,0,0,4,2,3
,2022-13465,-105.0250197,39.68227101,4/17/2022 20:17,20:17,1,0,0,FEDERAL BLVD S & JEWELL AVE W,1,3,0,0,1,1,0,0,35,0,0,0,0,0,2,3,14
,2022-13466,-104.7607411,39.78003098,3/15/2022 10:24,10:24,3,0,0,46TH AVE E & ESPANA WY N,1,1,0,0,1,2,1,0,25,0,0,0,0,0,4,3,14
,2022-13468,-104.830815,39.79565661,4/17/2022 13:36,13:36,14,0,2,WORCHESTER ST & 5547 N ,1,1,0,0,1,4,0,0,25,0,0,0,0,2,4,4,16
,2022-13472,-105.0403269,39.78347236,4/18/2022 10:53,10:53,15,0,0,I-70 & FEDERAL BLVD N,1,1,1,0,1,4,0,0,55,0,0,0,0,0,1,2,7
,2022-13476,-104.9035084,39.69566164,4/17/2022 12:34,12:34,1,0,2,QUEBEC ST S & MISSISSIPPI AVE E,1,1,0,0,1,1,0,0,35,0,0,0,0,1,4,2,13
,2022-13479,-104.9025286,39.76713261,4/15/2022 10:31,10:31,12,0,0,3500 BLK N QUEBEC ST & E 36TH AVE,1,1,0,0,1,4,0,0,35,0,0,0,0,0,4,3,3
,2022-13485,-105.0033455,39.74846118,4/18/2022 2:43,2:43,5,0,0,AURARIA PKWY & SPEER BLVD N,1,3,0,0,3,4,0,0,30,0,0,0,0,0,4,1,13
,2022-13492,-104.9675642,39.68021339,4/17/2022 21:28,21:28,6,0,0,GILPIN ST S & ASBURY AVE E,1,3,0,0,1,4,0,0,25,0,0,0,0,0,4,3,3
,2022-13557,-104.9572855,39.74017839,4/19/2022 17:32,17:32,12,0,0,COLFAX AVE E & COLUMBINE ST N,1,1,0,0,1,4,0,0,30,0,0,0,0,0,2,3,2
,2022-13558,-104.9948632,39.76568234,4/18/2022 19:00,19:00,12,0,0,PARK AVE W & N GLOBEVILLE RD,1,1,0,0,1,1,0,0,30,0,0,0,0,0,4,2,3
,2022-13559,-104.8869312,39.76001088,4/18/2022 17:48,17:48,15,0,0,MLK BLVD E & MLK BLVD E,1,1,0,0,1,4,0,0,35,0,0,0,0,0,4,3,11
,2022-13560,-104.6726896,39.84927906,4/19/2022 15:40,15:40,15,0,0,PENA BLVD & 8400 BLK,1,1,3,0,1,4,0,0,10,0,0,0,0,0,4,2,16
,2022-13561,-104.9794825,39.7791697,4/19/2022 14:10,14:10,15,0,0,I-70 EB OFF RAMP TO & WASHINGTON ST,1,1,1,0,1,8,0,0,55,0,0,0,0,0,1,2,13
,2022-13562,-104.9693492,39.68801928,4/15/2022 16:04,16:04,12,0,0,I-25 & FRANKLIN ST S,1,1,0,0,1,4,0,0,60,0,0,0,0,0,1,3,16
,2022-13563,-104.8827688,39.77727111,4/19/2022 8:50,8:50,15,0,0,I-70 & CENTRAL PARK BLVD N,1,1,0,0,1,4,0,0,55,0,0,0,0,0,1,2,16
,2022-13564,-104.7998399,39.78379191,4/18/2022 7:45,7:45,3,0,0,E GVR BLVD & PRIVATE RD,1,1,0,0,1,1,0,0,25,0,0,0,0,0,4,2,11
,2022-13565,-105.023613,39.75241391,4/19/2022 11:08,11:08,3,0,0,W 24TH AVE & N ELIOT ST,1,1,0,0,1,1,0,0,25,0,0,0,0,0,4,2,3
,2022-13567,-104.9592417,39.78997609,4/19/2022 7:16,7:16,6,0,0,YORK ST & 5160 N ,1,1,0,0,5,7,0,0,,0,0,0,0,0,3,2,11
,2022-13568,-104.8800296,39.7770355,4/19/2022 13:11,13:11,15,0,1,I-70 & MM 279.75,1,1,0,0,1,4,0,0,55,0,0,0,0,1,1,2,16
,2022-13572,-104.992446,39.69302356,4/18/2022 12:30,12:30,6,0,0,LOUISIANA AVE W & SANTA FE DR S,1,1,0,0,1,4,0,0,25,0,0,0,0,0,2,2,3
,2022-13590,-104.9807491,39.76345093,4/18/2022 12:45,12:45,6,0,0,WALNUT ST & 31ST ST,1,1,0,0,1,4,0,0,25,0,0,0,0,0,4,2,11
,2022-13592,-105.026751,39.69395114,4/18/2022 13:07,13:07,15,0,0,ALABAMA PL W & GROVE ST S,1,1,0,0,1,4,0,0,25,0,0,0,0,0,4,2,3
,2022-13593,-104.9593947,39.68750663,4/18/2022 17:00,17:00,12,0,0,S UNIVERSITY BLVD & E IOWA ST,1,1,0,0,1,1,0,0,30,0,0,0,0,0,4,3,10
,2022-13594,-104.7644806,39.78734898,4/10/2022 1:56,1:56,6,0,0,N CATHAY ST & E 50TH AVE,1,3,3,0,1,4,0,0,30,0,0,0,0,0,4,2,1
,2022-13595,-104.9834553,39.76270804,4/19/2022 8:41,8:41,1,0,0,BLAKE ST & 29TH ST,1,1,0,0,1,1,0,0,30,0,0,0,0,0,4,2,11
,2022-13596,-105.0625789,39.65219368,4/19/2022 9:15,9:15,6,0,0,HARLAN ST 3500 BLK S  & W HAMPDEN AVE ACCESS RD (NOT CDOT),1,1,0,0,1,4,0,0,25,0,0,0,0,0,4,2,3
,2022-13597,-104.8827688,39.77727111,4/19/2022 16:18,16:18,12,0,1,I-70 & CENTRAL PARK BLVD N,1,1,0,0,1,4,0,0,55,0,0,0,0,1,1,2,16
,2022-13598,-105.0251716,39.71123825,4/18/2022 13:26,13:26,12,0,0,FEDERAL BLVD S & ALAMEDA AVE W,1,1,0,0,1,1,0,0,35,0,0,0,0,0,2,2,10
,2022-13600,-104.9734196,39.68888184,4/19/2022 14:45,14:45,3,0,0,DOWNING ST S & BUCHTEL BLVD E,1,1,0,0,1,1,0,0,30,0,0,0,0,0,4,2,12
,2022-13601,-104.9916552,39.73844514,4/19/2022 8:07,8:07,10,0,0,14TH AVE W & CHEROKEE ST N,1,1,0,1,1,1,0,0,25,0,0,0,0,0,4,2,13
,2022-13612,-104.9406162,39.7366912,4/18/2022 17:30,17:30,12,0,0,COLORADO BLVD N & 13TH AVE E,1,1,0,0,1,1,0,0,35,0,0,0,0,0,2,2,13
,2022-13616,-105.0251799,39.78422127,4/14/2022 17:45,17:45,12,0,0,I-70 & FEDERAL BLVD N,1,1,0,7,1,4,0,0,,0,0,0,0,0,1,3,16
,2022-13625,-105.0350439,39.7095981,4/17/2022 18:45,18:45,12,0,0,LOWELL BLVD S & MORRISON RD,1,1,0,0,1,4,0,0,25,0,0,0,0,0,4,2,16
,2022-13633,-104.9124376,39.73713445,4/18/2022 16:00,16:00,12,0,0,N MONACO ST & E 13TH AVE,1,1,0,0,1,1,0,0,30,0,0,0,0,0,4,2,3
,2022-13636,-104.9823124,39.74731548,4/19/2022 16:10,16:10,1,0,0,N LOGAN ST & E 20TH AVE,1,1,0,0,1,1,0,0,15,0,0,0,0,0,4,2,14
,2022-13639,-104.8989777,39.76009294,4/19/2022 17:22,17:22,10,0,0,N SYRACUSE ST & E MLK BLVD,1,1,0,0,1,1,0,0,25,0,0,0,0,0,4,2,13
,2022-13640,-104.8017099,39.78379737,4/17/2022 19:00,19:00,12,0,0,N KITTREDGE ST & E GVR BLVD,1,1,0,0,1,1,0,0,35,0,0,0,0,0,4,2,16
,2022-13644,-104.9721244,39.74482631,4/18/2022 12:29,12:29,1,0,0,E 18TH AVE & N MARION ST,1,1,0,0,1,1,0,0,30,0,0,0,0,0,4,2,13
,2022-13655,-104.9983148,39.75793632,3/31/2022 19:49,19:49,12,0,0,CHESTNUT PL & 20TH ST ,1,2,3,0,1,4,0,0,25,0,0,0,0,0,4,2,13
,2022-13656,-105.0159286,39.73060921,3/3/2022 22:24,22:24,9,1,3,I-25 SB LOOP OFF RAMP & ZUNI,1,4,3,0,3,4,0,0,65,0,0,0,0,4,1,1,3