id,drcog_id,longitude,latitude,crashtime,time,crashtype,numbkilled,numbinjurd,drcoglocat,rdconditin,lightngcon,roadcntgrd,weatherco,location,roaddescrp,schoolzone,constrzone,splimit,bikeinv,pedinv,sctrinv,motoinv,svrty,rdsystem,ttlvehcls,hcf
,2022-14024,-105.0228535,39.76928698,4/22/2022 6:15,6:15,6,0,0,W 38TH AVE & N ELIOT ST,1,2,0,0,1,3,0,0,,0,0,0,0,0,4,2,16
,2022-14025,-105.0572281,39.67759931,4/8/2022 15:45,15:45,6,0,0,S DEPEW ST & W GREEN MEADOWS PL,1,1,0,0,3,4,0,0,25,0,0,0,0,0,4,2,16
,2022-14027,-104.9875017,39.71657574,4/23/2022 23:38,23:38,15,0,0,BROADWAY ST N & ELLSWORTH AVE E,1,3,0,0,1,3,0,0,30,0,0,0,0,0,4,3,1
,2022-14028,-104.9129182,39.71121288,4/24/2022 1:57,1:57,3,0,0,S MONACO ST & E ALAMEDA AVE,1,3,0,0,1,1,0,0,35,0,0,0,0,0,4,2,16
,2022-14029,-104.9356142,39.68571121,4/23/2022 23:20,23:20,6,0,0,MEXICO AVE E & BIRCH ST S,1,4,0,0,1,4,0,0,30,0,0,0,0,0,4,2,14
,2022-14031,-104.9874099,39.75267299,4/18/2022 7:35,7:35,15,0,0,22ND ST & BROADWAY ST N,1,1,0,1,1,1,0,0,25,0,0,0,0,0,4,2,13
,2022-14034,-104.9860761,39.73684753,4/23/2022 18:07,18:07,12,0,0,E 13TH AVE & N LINCOLN ST,1,1,1,6,1,1,0,0,45,0,0,0,0,0,4,2,14
,2022-14037,-104.7155396,39.83201434,4/21/2022 3:30,3:30,15,0,0,75TH E AVE & GUN CLUB RD,1,3,0,0,1,1,0,0,25,0,0,0,0,0,4,2,13
,2022-14038,-104.8336221,39.77350304,4/19/2022 6:30,6:30,12,0,0,I-70 & I-225,1,1,0,0,1,14,0,0,,0,0,0,1,0,2,2,16
,2022-14042,-104.9780442,39.7532412,4/13/2022 20:00,20:00,6,0,0,E 25TH AVE & N WASHINGTON ST,1,4,0,0,1,4,0,0,30,0,0,0,0,0,4,2,16
,2022-14049,-104.9494399,39.74015098,3/17/2022 14:17,14:17,6,0,0,COLFAX AVE E & STEELE ST N,7,1,0,2,1,4,0,0,35,0,0,0,0,0,2,2,13
,2022-14057,-105.0217477,39.73387757,4/23/2022 19:34,19:34,6,0,0,W 11TH AVE & N DECATUR ST,1,1,0,0,1,4,0,0,20,0,0,0,0,0,4,3,16
,2022-14060,-104.9734164,39.6803325,4/24/2022 12:50,12:50,3,0,0,DOWNING ST S & ASBURY AVE E,1,1,0,0,1,1,0,0,25,0,0,0,0,0,4,2,3
,2022-14061,-104.9721048,39.76645652,4/24/2022 3:44,3:44,6,0,2,N MARION ST & 3500 BLK,1,4,0,0,1,4,0,0,20,0,0,0,0,2,4,3,14
,2022-14062,-104.9985747,39.75774928,4/23/2022 19:51,19:51,1,0,0,20TH ST & CHESTNUT PL,1,2,0,6,1,1,0,0,35,0,0,0,0,0,4,2,11
,2022-14065,-104.9797992,39.76282987,4/21/2022 0:17,0:17,6,0,0,3122 LARIMER ST & 31ST ST,1,3,0,0,1,4,0,0,30,0,0,0,0,0,4,3,3
,2022-14072,-104.9812621,39.74327186,4/17/2022 22:37,22:37,11,0,1,17TH AVE E & PENNSYLVANIA ST N,1,3,0,0,1,9,0,0,0,0,0,1,0,3,4,1,16
,2022-14074,-104.9406439,39.76859031,4/5/2022 20:15,20:15,15,0,0,N COLORADO BLVD & E 37TH AVE,1,3,0,0,1,4,0,0,40,0,0,0,0,0,2,2,16
,2022-14075,-105.0532505,39.68954652,4/10/2022 18:28,18:28,3,0,0,S SHERIDAN BLVD & W FLORIDA AVE,1,1,0,0,1,1,0,0,40,0,0,0,0,0,2,2,16
,2022-14076,-105.05547,39.72565907,4/12/2022 10:49,10:49,15,0,0,W 6TH AVE & SHERIDAN BLVD,1,1,1,0,1,4,0,0,65,0,0,0,0,0,4,2,1
,2022-14077,-104.9967926,39.69668324,4/3/2022 21:26,21:26,3,0,0,W MISSISSIPPI AVE & S HURON ST,1,3,0,0,1,1,0,0,25,0,0,0,0,0,4,2,12
,2022-14080,-104.7721526,39.798393,4/23/2022 21:30,21:30,1,0,0,E 56TH AVE & N TOWER RD,1,3,0,0,1,1,0,0,45,0,0,0,0,0,4,2,14
,2022-14083,-104.9670898,39.7802311,4/8/2022 16:59,16:59,12,0,0,N BRIGHTON BLVD & I-70,1,1,1,0,1,4,0,0,35,0,0,0,0,0,1,2,1
,2022-14085,-104.9383204,39.73103454,4/24/2022 15:33,15:33,10,0,0,E 9TH AVE & N ASH ST,1,1,3,0,1,1,0,0,30,0,0,0,0,0,4,2,16
,2022-14090,-104.957436,39.73824974,4/14/2022 19:30,19:30,6,0,0,1300 BLK N COLUMBINE ST & E 14TH AVE,1,1,1,0,1,2,0,0,,0,0,0,0,0,4,2,16
,2022-14093,-105.0250847,39.70040529,4/19/2022 11:00,11:00,15,0,0,W KENTUCKY AVE & S FEDERAL BLVD,1,1,0,0,1,1,0,0,30,0,0,0,0,0,4,2,10
,2022-14105,-104.9985755,39.72890562,4/24/2022 17:43,17:43,6,0,1,800 BLK W 8TH AVE & N SANTA FE DR.,14,1,0,0,1,4,0,0,35,0,0,0,0,1,4,3,3
,2022-14121,-104.9406355,39.67688665,4/23/2022 17:29,17:29,3,0,0,COLORADO BLVD S & WARREN AVE E,1,1,0,0,1,2,0,0,35,0,0,0,0,0,2,3,8
,2022-14122,-104.99936,39.71198473,4/24/2022 12:01,12:01,12,0,2,I-25 & ALAMEDA AVE W,1,1,0,0,1,4,0,0,,0,0,0,0,1,1,2,16
,2022-14123,-104.9835238,39.73843605,3/18/2022 2:24,2:24,2,0,1,14TH AVE E & GRANT ST N,1,3,0,0,1,4,0,0,30,1,0,0,0,3,4,1,14
,2022-14131,-105.0416615,39.76212001,4/24/2022 14:22,14:22,3,0,0,N RALEIGH ST & W 32ND AVE,1,1,0,0,1,1,0,0,25,0,0,0,0,0,4,2,8
,2022-14144,-104.9796974,39.74000668,4/19/2022 12:23,12:23,6,0,0,COLFAX AVE E & PEARL ST N,1,1,0,0,1,4,0,0,30,0,0,0,0,0,2,4,1
,2022-14145,-105.0324742,39.71974856,4/24/2022 10:54,10:54,3,0,0,2ND AVE W & KNOX CT N,1,1,0,0,1,1,0,0,35,0,0,0,0,0,4,2,13
,2022-14148,-105.0165222,39.7513218,4/23/2022 22:14,22:14,12,0,0,I-25 & 23RD AVE W,1,3,0,0,1,4,0,0,55,0,0,0,0,0,1,2,13
,2022-14154,-104.9036897,39.74982317,4/19/2022 5:00,5:00,6,0,0,22ND AVE E & QUEBEC ST N,1,3,0,0,1,4,0,0,25,0,0,0,0,0,4,2,16
,2022-14157,-105.023799,39.72587281,4/19/2022 14:36,14:36,11,0,1,HWY 6 WB OFF RAMP TO & FEDERAL BLVD N,1,1,1,0,1,8,0,0,0,0,1,0,0,2,2,1,16
,2022-14175,-105.032475,39.72509121,4/20/2022 7:37,7:37,12,0,0,6TH AVE W & KNOX CT N,1,1,0,0,1,4,0,0,55,0,0,0,0,0,2,3,16
,2022-14184,-104.9920576,39.68939091,4/18/2022 15:00,15:00,12,0,0,SANTA FE DR S & FLORIDA AVE W,1,1,0,0,1,1,0,0,45,0,0,0,0,0,2,2,3
,2022-14186,-104.9597685,39.75196421,4/20/2022 15:15,15:15,3,0,0,YORK ST N & 24TH AVE E,1,1,0,0,1,1,0,0,30,0,0,0,0,0,4,2,11
,2022-14200,-104.9485823,39.71618042,4/19/2022 13:00,13:00,6,0,0,100 BLK S ADAMS ST & E ELLSWORTH AVE,1,1,0,0,1,4,0,1,25,0,0,0,0,0,4,2,16
,2022-14207,-104.9873935,39.73685019,4/18/2022 16:18,16:18,11,0,1,BROADWAY ST N & 13TH AVE E,1,1,3,0,1,1,0,0,,0,1,0,0,2,4,1,11
,2022-14225,-104.8935219,39.63574821,4/24/2022 22:36,22:36,12,0,0,I-225 & TAMARAC ST S,1,3,0,0,1,4,0,0,55,0,0,0,0,0,1,2,12
,2022-14226,-104.9089324,39.62759816,3/12/2022 16:23,16:23,2,0,1,S NIAGARA ST & E UNION AVE,1,1,0,0,1,2,0,0,35,1,0,0,0,3,4,1,10
,2022-14231,-104.9859687,39.7400055,4/14/2022 23:20,23:20,6,0,0,COLFAX AVE E & LINCOLN ST N,1,3,1,0,1,3,0,0,35,0,0,0,0,0,2,2,14
,2022-14232,-104.8662955,39.66027416,4/22/2022 11:30,11:30,15,0,1,S HAVANA ST & E DARTMOUTH AVE,1,1,0,0,1,1,0,0,30,0,0,0,0,1,4,2,3
,2022-14237,-104.9835849,39.7448679,4/22/2022 14:55,14:55,3,0,0,E 18TH AVE & N GRANT ST,1,1,0,0,1,1,0,0,30,0,0,0,0,0,4,2,11
,2022-14240,-104.9670454,39.77989217,4/24/2022 2:41,2:41,9,0,2,I-70 & BRIGHTON BLVD N,1,3,0,0,1,4,0,0,55,0,0,0,0,2,1,1,10
,2022-14242,-105.0532012,39.68303442,4/24/2022 18:58,18:58,1,0,1,SHERIDAN BLVD S & JEWELL AVE W,1,1,0,0,1,1,0,0,40,0,0,0,0,1,2,2,16
,2022-14243,-104.9891814,39.7801983,4/25/2022 17:22,17:22,12,0,0,I-25 NB EXIT GORE PT TO & I-70,1,1,1,0,1,4,0,0,55,0,0,0,0,0,2,2,13
,2022-14244,-105.0072611,39.7604778,4/24/2022 16:53,16:53,3,0,0,18TH ST & CENTRAL ST,1,1,0,0,1,9,0,0,,0,0,0,0,0,4,2,16
,2022-14246,-104.9028434,39.68456327,2/22/2022 9:26,9:26,12,0,0,E CHERRY CREEK DR S 7300 BLK & S QUEBEC ST,9,1,0,2,1,4,0,0,30,0,0,0,0,0,4,2,13
,2022-14247,-104.9835794,39.7400415,4/22/2022 18:34,18:34,3,0,0,COLFAX AVE E & GRANT ST N,1,1,0,1,1,1,0,0,30,0,0,0,0,0,2,2,13
,2022-14248,-105.0126877,39.75536708,4/24/2022 14:06,14:06,15,0,0,I-25 SB OFF RAMP EXIT GORE PT TO & 23RD AVE,1,1,0,0,1,8,0,0,55,0,0,0,0,0,1,2,1
,2022-14250,-104.9919012,39.69659755,4/19/2022 22:22,22:22,10,0,0,PLATTE RIVER DR S & MISSISSIPPI AVE W,1,3,0,0,1,1,0,0,35,0,0,0,0,0,2,2,13
,2022-14253,-105.0004252,39.75230261,4/25/2022 7:50,7:50,15,0,1,1600 BLK WYNKOOP ST & 16TH ST,1,1,3,0,1,4,0,0,25,0,0,0,0,1,4,2,13
,2022-14255,-104.9965605,39.70666643,4/22/2022 18:00,18:00,12,0,0,I-25 & SANTA FE DR S,1,1,0,0,1,4,0,0,65,0,0,0,0,0,1,2,3
,2022-14257,-104.9721484,39.7409615,3/11/2022 0:34,0:34,6,0,0,MARION ST & 1550 N ,8,3,0,0,1,4,0,0,,0,0,0,0,0,4,2,16
,2022-14258,-104.9281761,39.76628203,4/25/2022 13:08,13:08,6,0,0,N FAIRFAX ST & E 35TH AVE,1,1,0,0,1,4,0,0,25,0,0,0,0,0,4,2,13
,2022-14259,-104.9269816,39.74937517,4/21/2022 8:32,8:32,6,0,0,2200 BLK N FOREST ST & E 22ND AVE,1,1,0,0,1,4,0,0,25,0,0,0,0,0,4,2,11
,2022-14260,-105.05325,39.70864672,4/24/2022 11:34,11:34,15,0,0,SHERIDAN BLVD S & ALASKA PL W,1,1,1,1,1,4,0,0,35,0,0,0,0,0,2,2,13
,2022-14266,-104.9902483,39.73386233,4/23/2022 17:30,17:30,6,0,0,BANNOCK ST & W 11TH AVE,1,4,0,0,1,4,0,0,,0,0,0,0,0,4,2,16
,2022-14267,-104.9920576,39.68939091,4/24/2022 22:33,22:33,3,0,1,SANTA FE DR S & FLORIDA AVE W,1,3,0,0,1,1,0,1,30,0,0,0,0,1,2,2,3
,2022-14268,-104.8404091,39.7818468,4/24/2022 15:49,15:49,3,0,0,N TULSA CT & E 46TH AVE,1,1,0,0,1,1,0,0,25,0,0,0,0,0,4,2,1
,2022-14269,-104.9863895,39.7892223,4/22/2022 17:25,17:25,3,0,0,51ST AVE E & LINCOLN ST N,1,1,0,0,1,1,0,0,25,0,0,0,0,0,4,2,13
,2022-14270,-104.8642084,39.75950548,4/22/2022 13:12,13:12,15,0,0,MLK BLVD E & IOLA ST N,1,1,0,6,1,1,0,0,35,0,0,0,0,0,4,2,8
,2022-14277,-105.0205491,39.70389827,4/25/2022 9:58,9:58,6,0,0,EXPOSITION AVE W & CLAY ST S,1,1,0,0,1,3,0,0,25,0,0,0,0,0,4,2,10
,2022-14279,-105.0250599,39.69492823,4/21/2022 15:45,15:45,3,0,0,FEDERAL BLVD S & ARIZONA AVE W,1,1,0,0,1,1,0,0,35,0,0,0,0,0,2,2,11
,2022-14280,-104.9406101,39.74194018,4/25/2022 15:24,15:24,12,0,0,COLORADO BLVD N & 16TH AVE E,1,1,0,0,1,4,0,0,35,0,0,0,0,0,1,2,11
,2022-14281,-104.9803842,39.71153073,4/18/2022 8:00,8:00,6,0,0,PEARL ST S & ALAMEDA AVE E,1,1,0,1,1,4,0,0,25,0,0,0,0,0,4,2,16
,2022-14286,-104.9874128,39.73840717,4/24/2022 8:50,8:50,10,0,0,BROADWAY ST N & 14TH AVE E,1,1,0,1,1,1,0,0,30,0,0,0,0,0,4,2,13
,2022-14294,-104.9035549,39.69859435,4/22/2022 13:40,13:40,10,0,0,S QUEBEC ST & LEETSDALE DR,1,1,0,0,1,1,0,0,30,0,0,0,0,0,4,2,8
,2022-14299,-104.9875229,39.72732463,4/22/2022 16:00,16:00,15,0,0,E SPEER BLVD & N HIGH ST,1,1,0,0,1,1,0,0,30,0,0,0,0,0,4,3,3
,2022-14300,-104.9867454,39.75073411,4/25/2022 13:10,13:10,6,0,0,STOUT ST & 21ST ST,1,1,0,0,1,4,0,0,30,0,0,0,0,0,4,4,16
,2022-14303,-104.9835923,39.7387111,4/24/2022 12:32,12:32,10,0,0,GRANT ST N & 14TH AVE E,1,1,0,0,1,2,0,0,30,0,0,0,0,0,4,2,7
,2022-14307,-104.9922618,39.77994522,4/25/2022 7:51,7:51,12,0,2,I-70 EB OFF RAMP GORE PT TO & I-25 / WASHINGTON ST,1,1,1,0,1,8,0,0,55,0,0,0,0,1,1,2,3
,2022-14309,-104.8098793,39.7731883,4/22/2022 11:00,11:00,3,0,0,40TH AVE E & CHAMBERS RD N,1,1,0,6,1,1,0,0,30,0,0,0,0,0,4,2,11
,2022-14310,-104.9510136,39.71940349,4/22/2022 13:00,13:00,6,0,0,ST PAUL ST N & 2ND AVE E,1,1,0,0,1,1,0,0,,0,0,0,0,0,4,2,16
,2022-14318,-104.9406143,39.73828662,2/6/2022 16:28,16:28,12,0,1,E 14TH AVE & N COLORADO BLVD,1,1,3,0,1,1,0,0,40,0,0,0,0,2,2,2,1
,2022-14321,-104.8846789,39.73559101,4/24/2022 0:49,0:49,6,0,0,1100 BLK N YOSEMITE ST & E 12TH AVE,1,3,0,0,1,4,0,0,35,0,0,0,0,0,4,4,14
,2022-14322,-105.0260827,39.67094494,4/25/2022 6:27,6:27,6,0,0,GREEN CT S & VASSAR AVE W,1,1,0,1,1,4,0,0,25,0,0,0,0,0,4,2,16
,2022-14324,-105.029789,39.68479759,4/24/2022 19:06,19:06,6,0,0,1800 BLK S IRVING ST & W COLORADO AVE,11,3,0,0,1,4,0,0,25,0,0,0,0,0,4,3,3
,2022-14325,-104.9350053,39.7382883,4/25/2022 14:04,14:04,10,0,1,E 14TH AVE & N CLERMONT ST,1,1,0,0,1,1,0,0,30,0,0,0,0,2,4,2,13
,2022-14332,-105.0148299,39.72932162,4/25/2022 11:57,11:57,15,0,0,I-25 & 8TH AVE W,1,1,1,0,1,4,0,0,55,0,0,0,0,0,1,2,7
,2022-14334,-104.9875177,39.68715079,4/21/2022 4:58,4:58,6,0,0,S BROADWAY ST & W MEXICO AVE,1,3,0,0,1,1,0,0,20,0,0,0,0,0,4,2,16
,2022-14340,-105.025089,39.76926308,4/21/2022 13:30,13:30,15,0,0,W 38TH AVE & N FEDERAL BLVD,1,1,0,0,1,4,0,0,35,0,0,0,0,0,4,2,13
,2022-14347,-104.9410504,39.68294801,4/26/2022 7:46,7:46,15,0,0,I-25 SB ON RAMP LOOP FROM & COLORADO BLVD S,1,1,1,0,1,8,0,0,45,0,0,0,0,0,1,2,13
,2022-14348,-104.9862613,39.72564692,4/25/2022 12:36,12:36,12,0,0,N LINCOLN ST & E 6TH AVE,1,1,0,0,1,3,0,0,30,0,0,0,0,0,4,2,3
,2022-14352,-104.7654967,39.78901265,4/25/2022 7:45,7:45,15,0,0,E 51ST AVE & N DUNKIRK WAY,1,1,0,0,1,4,0,0,30,0,0,0,0,0,4,2,11
,2022-14353,-104.9293451,39.65310236,4/25/2022 14:30,14:30,12,0,0,HAMPDEN AVE E & ELM ST S,1,1,0,0,1,1,0,0,30,0,0,0,0,0,2,2,3
,2022-14355,-104.9967041,39.68960124,4/25/2022 11:00,11:00,1,0,0,S PLATTE RIVER DR & W FLORIDA AVE,1,1,0,0,1,1,0,0,30,0,0,0,0,0,4,2,3
,2022-14356,-104.9826005,39.72260797,4/6/2022 8:06,8:06,15,0,0,N LOGAN ST & N SPEER BLVD,1,1,0,0,1,3,0,0,35,0,0,0,0,0,4,2,16
,2022-14357,-104.9734307,39.67851291,4/25/2022 8:21,8:21,15,0,1,EVANS AVE E & DOWNING ST S,1,1,0,0,1,1,0,0,35,0,0,0,0,1,4,3,3
,2022-14358,-104.9875325,39.70145192,4/22/2022 18:01,18:01,5,0,1,I-25 & BROADWAY ST S,1,1,2,0,3,4,0,0,55,0,0,0,1,2,1,1,16
,2022-14359,-105.0131426,39.7610774,4/25/2022 18:18,18:18,6,0,0,3100 BLK N VALLEJO ST & W 31ST AVE,1,1,0,0,1,4,0,0,25,0,0,0,0,0,4,2,16
,2022-14360,-104.9671664,39.77987417,4/26/2022 12:45,12:45,12,0,0,I-70 & BRIGHTON BLVD N,1,1,1,0,1,4,0,0,55,0,0,0,0,0,1,3,1
,2022-14362,-105.0532605,39.71141438,4/7/2022 0:14,0:14,3,0,1,SHERIDAN BLVD & W ALAMEDA AVE,1,3,1,0,1,3,0,0,35,0,1,0,0,3,2,1,16
,2022-14364,-105.0003266,39.7135918,4/22/2022 12:40,12:40,12,0,4,I-25 & ALAMEDA AVE W,1,1,1,0,1,4,0,0,55,0,0,0,0,2,1,3,16
,2022-14365,-104.9028787,39.76382778,4/26/2022 16:22,16:22,3,0,0,E 33RD AVE & N QUEBEC ST,1,1,0,0,1,1,0,0,35,0,0,0,0,0,4,2,13
,2022-14366,-104.9934287,39.73374648,4/23/2022 22:07,22:07,12,0,0,1000 BLK N SPEER BLVD & W 11TH AVE,1,3,0,0,1,4,0,0,35,0,0,0,0,0,4,2,3
,2022-14370,-104.9851337,39.76006043,4/26/2022 1:18,1:18,6,0,0,2600 WALNUT ST & 27TH ST,1,3,0,0,1,4,0,0,30,0,0,0,0,0,4,2,2
,2022-14371,-104.9917106,39.75600905,4/26/2022 15:17,15:17,15,0,0,22ND ST & BLAKE ST,1,1,0,0,1,4,0,0,,0,0,0,0,0,4,2,16
,2022-14374,-104.9027524,39.76121101,4/26/2022 8:44,8:44,12,0,0,N QUEBEC ST & E MLK BLVD,1,1,0,0,1,4,0,0,35,0,0,0,0,0,4,2,13
,2022-14376,-105.057265,39.68227326,4/4/2022 19:26,19:26,1,0,1,W JEWELL AVE & S DEPEW ST,1,2,0,0,1,1,0,0,35,0,0,0,1,3,4,2,16
,2022-14377,-104.9222934,39.77844359,4/26/2022 9:30,9:30,12,0,0,I-70 & HOLLY ST N,1,1,0,0,1,4,0,0,55,0,0,0,0,0,1,3,13
,2022-14379,-104.8470974,39.79010165,4/26/2022 11:35,11:35,12,0,0,N PEORIA ST & E 51ST AVE,1,1,0,0,1,4,0,0,35,0,0,0,0,0,4,2,1
,2022-14381,-104.9290609,39.65310271,4/26/2022 7:50,7:50,12,0,1,HAMPDEN AVE E & ELM ST S,1,1,0,0,1,4,0,0,40,0,0,0,0,1,2,3,16
,2022-14382,-105.0532464,39.75482886,4/26/2022 7:00,7:00,2,0,1,26TH AVE W & SHERIDAN BLVD N,1,1,1,0,1,1,0,0,30,1,0,0,0,1,2,1,11
,2022-14383,-105.0052842,39.76484274,4/8/2022 21:01,21:01,6,0,0,N OSAGE ST & W 34TH ST,1,4,0,0,1,4,0,0,35,0,0,0,0,0,4,2,16
,2022-14384,-104.9394318,39.75486973,4/18/2022 7:23,7:23,6,0,0,N ALBION ST & E 26TH AVE,1,1,0,0,1,4,0,0,25,0,0,0,0,0,4,2,16
,2022-14385,-105.0486768,39.71327438,4/21/2022 23:03,23:03,6,0,0,WINDSOR DR S & CEDAR AVE W,1,4,0,0,1,4,0,0,30,0,0,0,0,0,4,2,16
,2022-14386,-104.882959,39.77713978,4/24/2022 19:45,19:45,3,0,0,CENTRAL PARK BLVD N & I-70 EB OFF RAMP,1,2,1,0,1,1,0,0,55,0,0,0,0,0,4,2,16
,2022-14388,-104.9889458,39.75575657,4/25/2022 16:51,16:51,12,0,0,PARK AVE_W & LARIMER ST,1,1,0,0,1,1,0,0,30,0,0,0,0,0,4,2,3
,2022-14389,-105.0322747,39.73998357,4/25/2022 12:30,12:30,6,0,0,KNOX CT N & COLFAX AVE W,1,1,0,0,1,4,0,0,30,0,0,0,0,0,4,2,16
,2022-14390,-104.7710904,39.78032551,4/25/2022 8:57,8:57,6,0,0,ANDES ST N & 45TH PL E,1,1,0,0,1,4,0,0,25,0,0,0,0,0,4,2,1
,2022-14393,-104.7394535,39.76923702,4/9/2022 1:56,1:56,5,0,2,E 38TH AVE & N ODESSA ST,1,3,0,0,3,4,0,0,30,0,0,0,0,3,4,1,14
,2022-14394,-105.0203694,39.67865878,4/26/2022 5:30,5:30,3,0,0,W EVANS AVE & S CLAY ST,1,3,0,0,1,3,0,0,25,0,0,0,0,0,4,2,13
,2022-14395,-104.9246275,39.74373451,3/6/2022 21:21,21:21,5,0,0,17TH AVE PKWY & N GRAPE ST,4,3,0,2,3,4,0,0,30,0,0,0,0,0,4,1,16
,2022-14405,-104.9031396,39.65057109,4/23/2022 18:10,18:10,6,0,0,7300 BLK E JARVIS PL & S QUEBECT ST,1,1,0,0,1,4,0,0,30,0,0,0,0,0,4,2,14
,2022-14407,-104.9875127,39.68757443,4/25/2022 18:00,18:00,12,0,0,S BROADWAY ST & E IOWA AVE,1,1,0,0,1,1,0,0,30,0,0,0,0,0,4,3,3
,2022-14409,-104.9668003,39.78053346,4/25/2022 22:39,22:39,1,0,2,BRIGHTON BLVD N & I-70 WB RAMPS / 46TH AVE ,1,3,0,0,1,1,0,0,35,0,0,0,0,1,2,2,13
,2022-14414,-104.9081589,39.74008364,4/25/2022 13:30,13:30,12,0,0,COLFAX AVE E & ONEIDA ST N,1,1,0,0,1,1,0,0,40,0,0,0,0,0,2,2,3
,2022-14416,-104.9787207,39.73688415,4/24/2022 15:18,15:18,3,0,0,E 13TH AVE & N WASHINGTON ST,1,1,0,0,1,1,0,0,30,0,0,0,0,0,4,6,16
,2022-14417,-104.7904699,39.78363776,4/25/2022 8:50,8:50,12,0,0,E GVR BLVD & PENA BLVD,1,1,0,0,1,4,0,0,45,0,0,0,0,0,4,2,13
,2022-14419,-104.9734246,39.68981364,4/26/2022 17:17,17:17,12,0,0,DOWNING ST S & I-25 SB ON RAMP,1,1,0,0,1,1,0,0,,0,0,0,0,0,4,3,16
,2022-14421,-104.9929172,39.74006331,4/26/2022 10:13,10:13,15,0,0,COLFAX AVE W & TREMONT PL,1,1,0,0,1,1,0,0,35,0,0,0,0,0,2,2,16
,2022-14423,-104.7913699,39.78364119,4/26/2022 15:37,15:37,1,0,2,GVR BLVD E & PENA BLVD ,1,1,0,0,1,1,0,0,35,0,0,0,0,2,4,2,1
,2022-14424,-104.7721493,39.77685712,4/26/2022 12:25,12:25,3,0,0,65TH AVE E & TOWER RD N,1,1,1,0,1,2,0,0,25,0,0,0,0,0,4,2,11
,2022-14427,-105.0001882,39.72412152,3/24/2022 10:32,10:32,3,1,0,W 5TH AVE & N KALAMATH ST,1,1,0,0,1,1,0,0,25,0,0,0,0,4,4,2,8
,2022-14428,-105.0250197,39.68227101,4/16/2022 19:51,19:51,15,0,0,FEDERAL BLVD S & JEWELL AVE W,1,3,0,0,1,4,0,0,35,0,0,0,0,0,2,2,14
,2022-14432,-104.9752965,39.73842379,4/26/2022 10:00,10:00,10,0,0,E 14TH AVE & N OGDEN ST,1,1,0,0,1,1,0,0,30,0,0,0,0,0,4,2,11
,2022-14435,-104.9659477,39.76450013,4/26/2022 7:50,7:50,3,0,0,E BRUCE RANDOLPH AVE & N WILLIAMS ST,1,1,0,0,1,1,0,0,35,0,0,0,0,0,4,2,11
,2022-14437,-104.9934627,39.69293894,4/26/2022 8:15,8:15,15,0,0,PLATTE RIVER DR S & MISSISSIPPI AVE W,1,1,0,0,1,4,0,0,45,0,0,0,0,0,2,2,10
,2022-14442,-104.7375717,39.79722236,4/25/2022 5:00,5:00,6,0,0,21467 E 55TH PL & ORLEANS ST,1,4,0,0,1,4,0,0,15,0,0,0,0,0,4,2,16
,2022-14445,-104.9439734,39.74013839,4/25/2022 12:20,12:20,6,0,0,COLFAX AVE E & GARFIELD ST N,1,1,0,0,1,1,0,0,40,0,0,0,0,0,2,3,3
,2022-14446,-104.8753146,39.67166166,4/26/2022 7:01,7:01,6,0,0,2400 BLK S DAYTON WAY & E HARVARD AVE,1,1,1,0,1,3,0,0,25,0,0,0,0,0,4,2,14
,2022-14447,-104.9025336,39.76737975,3/18/2022 16:30,16:30,12,0,0,N QUEBEC ST & E 36TH AVE,1,1,0,0,1,1,0,0,35,0,0,0,0,0,4,2,16
,2022-14448,-105.0463408,39.73263673,4/26/2022 11:18,11:18,3,0,0,VRAIN ST N & 10TH AVE W,1,1,0,0,1,9,0,0,25,0,0,0,0,0,4,2,1
,2022-14449,-105.0365933,39.70307015,4/18/2022 2:24,2:24,6,0,1,WALSH PL W & NEWTON ST S,1,3,0,0,2,4,0,0,20,0,0,0,0,2,4,3,14
,2022-14450,-104.9745004,39.77226241,4/22/2022 19:12,19:12,15,0,1,38TH ST & WYNKOOP ST,1,2,1,0,1,4,0,0,30,0,0,0,0,1,4,3,16
,2022-14451,-105.0814218,39.66773287,4/26/2022 9:35,9:35,1,0,0,W YALE AVE & S WADSWORTH BLVD,1,1,0,0,1,1,0,0,30,0,0,0,0,0,4,2,3
,2022-14459,-104.9035597,39.77851775,4/26/2022 13:48,13:48,5,0,0,I-70 & QUEBEC ST N,1,1,1,0,3,4,0,0,55,0,0,0,0,0,1,1,2
,2022-14471,-104.7669292,39.79086697,4/23/2022 7:23,7:23,3,0,0,N BISCAY ST & E 51ST PL,1,1,0,0,1,1,0,0,25,0,0,0,0,0,4,2,13
,2022-14472,-104.9695312,39.73827639,3/26/2022 0:00,,6,0,0,N HUMBOLDT ST & E 14TH AVE,1,1,3,0,1,4,0,0,25,0,0,0,0,0,4,2,16
,2022-14473,-104.9934184,39.75365463,4/3/2022 1:25,1:25,12,0,0,20TH ST & MARKET ST,1,3,3,0,1,1,0,0,25,0,0,0,0,0,4,2,16
,2022-14474,-104.9406638,39.78003647,4/2/2022 16:00,16:00,15,0,0,I-70 & N COLORADO BLVD,1,1,3,0,1,4,0,0,65,0,0,0,0,0,1,2,1
,2022-14475,-105.0005916,39.77069387,4/21/2022 20:23,20:23,5,0,0,KALAMATH ST N & 3908 KALAMATH ST N,1,3,3,0,3,4,0,0,25,0,0,0,0,0,4,1,14
,2022-14476,-105.0543562,39.65315058,3/20/2022 3:31,3:31,5,0,0,HAMPDEN S (NOT CDOT) & S SHERIDAN BLVD,1,4,3,0,3,4,0,0,25,0,0,0,0,0,4,1,5