id,drcog_id,longitude,latitude,crashtime,time,crashtype,numbkilled,numbinjurd,drcoglocat,rdconditin,lightngcon,roadcntgrd,weatherco,location,roaddescrp,schoolzone,constrzone,splimit,bikeinv,pedinv,sctrinv,motoinv,svrty,rdsystem,ttlvehcls,hcf
,2022-14478,-104.9810865,39.74250008,3/6/2022 15:40,15:40,6,0,0,PENNSYLVANIA ST & 16TH ST ,9,1,0,2,1,4,0,0,25,0,0,0,0,0,4,3,16
,2022-14479,-104.9711386,39.73687366,4/26/2022 20:33,20:33,6,0,0,1300 E 13TH AVE & N MARION ST,1,3,0,0,1,4,0,0,30,0,0,0,0,0,4,3,13
,2022-14480,-104.958237,39.77767429,4/21/2022 11:40,11:40,6,0,0,E 44TH AVE & N JOSEPHINE ST,1,1,0,0,1,1,0,0,35,0,0,0,0,0,4,2,16
,2022-14481,-104.8903216,39.70559525,4/27/2022 12:36,12:36,12,0,0,S VALENTIA ST & E FAIRMOUNT DR,1,1,0,0,1,6,0,0,20,0,0,0,0,0,4,2,16
,2022-14482,-104.8336882,39.77285861,4/27/2022 5:50,5:50,15,0,0,I-70 & I-225,1,2,0,0,1,4,0,0,55,0,0,0,0,0,1,2,11
,2022-14483,-104.987397,39.74891255,4/19/2022 22:00,22:00,6,0,0,2000 BLK CALIFORNIA ST & N BROADWAY ST,1,3,0,0,1,4,0,0,,0,0,0,0,0,4,3,16
,2022-14485,-104.9955675,39.75198452,4/26/2022 15:45,15:45,6,0,0,MARKET ST & 18TH ST,1,1,0,0,1,1,0,0,30,0,0,0,0,0,4,3,2
,2022-14487,-104.9532804,39.71803202,4/26/2022 18:00,18:00,12,0,0,E 1ST AVE & N FILLMORE ST,1,1,0,0,1,1,0,0,30,0,0,0,0,0,4,2,3
,2022-14489,-105.0485008,39.71135,4/24/2022 17:58,17:58,6,0,0,ALAMEDA AVE W & WEIR DR S,1,1,0,0,3,4,0,0,35,0,0,0,0,0,2,2,16
,2022-14490,-104.9671664,39.77987417,4/27/2022 14:00,14:00,1,0,0,BRIGHTON BLVD N & I-70 EB RAMPS,1,1,0,0,1,1,0,0,35,0,0,0,0,0,4,2,11
,2022-14492,-104.9971408,39.711194,4/26/2022 16:00,16:00,12,0,1,E ALAMEDA AVE & S SANTA FE DR,1,1,0,0,1,1,0,0,30,0,0,0,0,2,4,3,3
,2022-14493,-104.9810306,39.73202905,4/27/2022 19:13,19:13,3,0,0,N PENNSYLVANIA ST & E 10TH AVE,1,1,0,0,1,1,0,0,,0,0,0,0,0,4,2,14
,2022-14494,-104.9408883,39.68009485,4/27/2022 15:43,15:43,3,0,0,COLORADO BLVD S & BUCHTEL BLVD E,1,1,0,0,1,1,0,0,35,0,0,0,0,0,2,3,3
,2022-14495,-104.9407889,39.70930307,4/27/2022 10:00,10:00,1,0,0,COLORADO BLVD S & DAKOTA AVE E,1,1,0,0,1,1,0,0,35,0,0,0,0,0,2,2,3
,2022-14496,-104.9185139,39.65305196,4/27/2022 10:10,10:10,15,0,0,I-25 & HAMPDEN AVE E,1,1,0,0,1,4,0,0,65,0,0,0,0,0,1,2,1
,2022-14499,-104.92003,39.77866081,4/26/2022 13:00,13:00,15,0,0,STAPLETON DR NE & IVY ST N,1,1,0,0,1,1,0,0,30,0,0,0,0,0,4,2,7
,2022-14500,-105.0532498,39.72565601,4/26/2022 19:25,19:25,12,0,0,SHERIDAN BLVD N & HWY 6 WB RAMPS,1,1,0,0,1,1,0,0,40,0,0,0,0,0,2,2,1
,2022-14502,-105.0288318,39.68946826,4/27/2022 14:20,14:20,12,0,0,W FLORIDA AVE & S IRVING ST,1,1,0,0,1,4,0,0,25,0,0,0,0,0,4,2,13
,2022-14505,-105.0334211,39.73670821,4/17/2022 13:18,13:18,6,0,0,1300 BLK N KING ST & W 13TH AVE,1,1,1,0,1,4,0,0,25,0,0,0,0,0,4,3,14
,2022-14510,-105.0157081,39.68951438,4/23/2022 18:33,18:33,3,0,0,W FLORIDA AVE & S ZUNI ST,1,1,0,0,1,1,0,0,20,0,0,0,0,0,4,2,16
,2022-14511,-104.952327,39.71101069,4/26/2022 14:15,14:15,12,0,0,E ALAMEDA AVE & S MILWAUKEE ST,1,1,0,0,1,1,0,0,30,0,0,0,0,0,4,2,3
,2022-14522,-104.9404143,39.68367215,4/27/2022 8:55,8:55,12,0,0,COLORADO BLVD S & I-25 NB RAMPS,1,1,1,0,1,1,0,0,45,0,0,0,0,0,4,2,13
,2022-14525,-105.0239439,39.79109902,4/27/2022 14:32,14:32,14,0,0,ELIOT ST N & PARKSIDE PL W,1,1,0,0,1,1,0,0,25,0,0,0,0,0,4,2,13
,2022-14528,-104.9182339,39.65307809,4/25/2022 4:35,4:35,5,0,1,I-25 & HAMPDEN AVE E,1,3,0,0,3,4,0,0,65,0,0,0,0,3,1,1,16
,2022-14529,-105.0308281,39.75483231,4/22/2022 19:08,19:08,6,0,0,3300 BLK W 26TH AVE & N JAVA CT,1,2,0,6,1,4,0,0,25,0,0,0,0,0,4,2,16
,2022-14533,-104.9590249,39.72778319,4/23/2022 6:09,6:09,6,0,0,JOSEPHINE ST N & 7TH AVE E,1,1,0,0,1,4,0,0,25,0,0,0,0,0,4,3,16
,2022-14539,-104.954614,39.7180343,4/24/2022 18:06,18:06,11,0,1,1ST AVE E & DETROIT ST N,1,1,3,0,1,1,0,0,25,0,1,0,0,1,4,1,13
,2022-14541,-104.9874952,39.71946822,4/27/2022 15:55,15:55,15,0,0,BROADWAY ST N & 2ND AVE W,1,1,0,0,1,3,0,0,30,0,0,0,0,0,4,2,8
,2022-14543,-104.9734164,39.6803325,4/26/2022 13:30,13:30,12,0,0,S DOWNING ST & E ASBURY AVE,1,1,0,0,1,1,0,0,30,0,0,0,0,0,4,2,2
,2022-14545,-104.9827715,39.69661745,4/26/2022 16:45,16:45,1,0,1,S LOGAN ST & E MISSISSIPPI AVE,1,1,0,0,1,1,0,0,30,0,0,0,1,3,4,2,3
,2022-14547,-104.9409606,39.70609467,4/27/2022 13:57,13:57,12,0,0,E CHERRY CREEK S DR & S COLORADO BLVD,1,1,0,0,1,3,0,0,30,0,0,0,0,0,2,2,16
,2022-14554,-104.9045168,39.69895024,4/26/2022 19:20,19:20,12,0,0,7000 BLK LEETSDALE DR & S QUEBEC ST,1,3,0,0,1,4,0,0,,0,0,0,0,0,4,2,13
,2022-14557,-104.9211294,39.76289356,4/27/2022 8:27,8:27,6,0,0,3200 BLK N IVANHOE ST & E MLK BLVD,1,3,0,0,1,9,0,0,,0,0,0,0,0,4,2,16
,2022-14559,-104.9929176,39.73975858,4/19/2022 7:57,7:57,6,0,0,1400 BLK N DELAWARE ST & W COLFAX AVE,1,1,0,1,1,2,0,0,25,0,0,0,0,0,4,2,16
,2022-14571,-104.9861736,39.73204058,3/10/2022 11:43,11:43,3,0,0,E 10TH AVE & N LINCOLN ST,11,1,0,0,1,3,0,0,25,0,0,0,0,0,4,2,13
,2022-14577,-104.9269658,39.76559823,4/24/2022 4:00,4:00,5,0,0,35TH AVE E & FOREST ST N,1,3,3,0,1,1,0,0,30,0,0,0,0,0,4,1,13
,2022-14578,-105.0080332,39.76928763,4/12/2022 12:17,12:17,1,1,0,W 38TH AVE & N QUIVAS ST,1,1,0,0,1,1,0,0,35,0,0,0,1,4,4,2,13
,2022-14580,-104.6753428,39.90275351,4/26/2022 5:10,5:10,5,0,0,11300 BLK N QUEENSBURG ST & 114TH AVE AND N QUEENSBERG ST,1,3,0,0,4,1,0,0,45,0,0,0,0,0,4,1,2
,2022-14582,-104.9636644,39.72910497,4/26/2022 11:00,11:00,10,0,0,E 8TH AVE & N RACE ST,1,1,0,0,1,1,0,0,30,0,0,0,0,0,4,2,3
,2022-14583,-104.9405433,39.68576296,4/27/2022 10:55,10:55,10,0,0,COLORADO BLVD S & MEXICO AVE E,1,1,0,0,1,1,0,0,35,0,0,0,0,0,2,2,3
,2022-14591,-104.9671121,39.78013827,4/25/2022 21:59,21:59,12,0,0,I-70 & MM 275.30,1,3,1,0,1,4,0,0,55,0,0,0,0,0,1,2,1
,2022-14594,-104.8282839,39.78855397,4/23/2022 19:12,19:12,3,0,0,E 51ST AVE & N CROWN,1,1,0,0,1,1,0,0,30,0,0,0,0,0,4,2,16
,2022-14608,-104.9413495,39.71306576,4/27/2022 13:00,13:00,6,0,0,S HARRISON ST & E CEDAR AVE,1,1,0,0,1,1,0,0,25,0,0,0,0,0,4,2,3
,2022-14609,-105.0251798,39.77293284,4/28/2022 8:24,8:24,12,0,0,FEDERAL BLVD N & 41ST AVE W,1,1,0,0,1,4,0,0,,0,0,0,0,0,2,2,16
,2022-14611,-105.0283842,39.74461479,4/27/2022 20:53,20:53,6,0,0,1700 BLK N HOOKER ST & W 18TH AVE,1,3,0,0,1,4,0,0,25,0,0,0,0,0,4,4,3
,2022-14612,-104.9739119,39.71833382,4/27/2022 14:40,14:40,12,0,0,E SPEER BLVD & N CORONA ST,1,1,0,0,1,1,0,0,30,0,0,0,0,0,4,2,3
,2022-14613,-105.0156956,39.67868382,4/27/2022 19:34,19:34,3,0,0,S ZUNI ST & W EVANS AVE,1,2,0,0,1,1,0,0,30,0,0,0,0,0,4,2,13
,2022-14614,-104.9440688,39.67837834,4/28/2022 8:38,8:38,10,0,1,EVANS AVE E & JACKSON ST S,1,1,0,0,1,2,0,0,35,0,0,0,0,2,4,2,16
,2022-14615,-104.9597659,39.74847508,4/27/2022 17:05,17:05,12,0,1,2100 BLK N YORK ST & E 21 ST AVE,1,1,0,0,1,4,0,0,30,0,0,0,0,1,4,3,1
,2022-14616,-105.0532295,39.72776687,4/25/2022 0:17,0:17,3,0,0,SHERIDAN BLVD N & 6TH AVE W,1,3,0,0,1,2,0,0,35,0,0,0,0,0,2,3,14
,2022-14617,-104.9654506,39.738401,4/28/2022 1:20,1:20,6,0,0,1700 BLK E 14TH AVE & N GILPIN ST,1,3,0,0,1,4,0,0,30,0,0,0,0,0,4,5,13
,2022-14618,-104.9875601,39.71171525,4/28/2022 11:39,11:39,12,0,0,S BROADWAY ST & W ALAMEDA AVE,1,1,0,0,1,2,0,0,30,0,0,0,0,0,4,2,16
,2022-14620,-105.0251716,39.71123825,4/28/2022 7:31,7:31,3,0,0,FEDERAL BLVD S & ALAMEDA AVE W,1,1,3,0,1,1,0,0,40,0,0,0,0,0,2,2,1
,2022-14624,-104.9406046,39.66548385,4/27/2022 20:12,20:12,1,0,0,COLORADO BLVD S & AMHERST AVE E,1,2,1,0,1,1,0,0,35,0,0,0,0,0,2,2,13
,2022-14626,-104.9407797,39.72860101,4/27/2022 15:50,15:50,3,0,0,COLORADO BLVD N & 8TH AVE E,1,1,0,0,1,2,0,0,35,0,0,0,0,0,2,2,13
,2022-14627,-105.0348833,39.71115282,4/28/2022 7:45,7:45,12,0,0,W ALAMEDA AVE & S LOWELL BLVD,1,1,0,0,1,3,0,0,35,0,0,0,0,0,2,2,10
,2022-14630,-104.9734181,39.68999371,4/27/2022 8:05,8:05,3,0,0,DOWNING ST S & I-25 NB OFF RAMP,1,1,0,0,1,1,0,0,30,0,0,0,0,0,4,2,16
,2022-14631,-104.9733924,39.71472896,4/29/2022 11:29,11:29,15,0,0,S DOWNING ST & E BAYAUD AVE,1,1,0,6,1,4,0,0,30,0,0,0,0,0,4,2,16
,2022-14632,-104.9382673,39.77371353,4/29/2022 19:15,19:15,6,0,1,35TH AVE E & 4100 BLK E,1,1,0,0,1,4,0,0,30,0,0,0,0,2,4,3,14
,2022-14633,-104.9924678,39.69469586,4/29/2022 13:01,13:01,15,0,0,SANTA FE DR S & MISSISSIPPI AVE W,1,1,0,0,1,4,0,0,45,0,0,0,0,0,2,2,8
,2022-14634,-104.9067175,39.63415775,4/28/2022 16:45,16:45,12,0,0,I-25 & MM 200.123,1,1,0,0,1,4,0,0,65,0,0,0,0,0,1,4,3
,2022-14636,-104.9069477,39.74008483,4/29/2022 8:01,8:01,3,0,0,COLFAX AVE E & OLIVE ST N,1,1,0,0,1,1,0,0,25,0,0,0,0,0,2,2,13
,2022-14637,-104.9542007,39.74016174,4/29/2022 9:56,9:56,15,0,0,COLFAX AVE E & DETROIT ST N,1,1,0,0,1,4,0,0,30,0,0,0,0,0,2,2,11
,2022-14639,-104.9035597,39.7782228,4/22/2022 14:21,14:21,12,0,0,I-70 EB OFF RAMP TO & QUEBEC ST N,1,1,0,6,1,8,0,0,35,0,0,0,0,0,4,2,13
,2022-14640,-104.9899958,39.71212066,4/28/2022 6:10,6:10,3,0,0,W BYERS PL & S BANNOCK ST,1,2,0,0,1,1,0,0,25,0,0,0,0,0,4,2,11
,2022-14641,-104.9602996,39.68203785,3/12/2022 9:40,9:40,6,0,0,2300 BLOCK E JEWELL AVE & S UNIVERSITY BLVD,1,1,0,0,1,4,0,0,30,0,0,0,0,0,4,2,14
,2022-14642,-104.9239109,39.72806603,4/28/2022 11:00,11:00,3,0,0,E SEVERN PL & N HUDSON ST,1,1,0,0,1,1,0,0,20,0,0,0,0,0,4,2,13
,2022-14643,-104.9730191,39.73840124,4/24/2022 9:38,9:38,3,0,0,E 14TH AVE & N DOWNING ST,1,1,0,0,1,1,0,0,30,0,0,0,0,0,4,2,16
,2022-14644,-104.9405114,39.7618025,3/30/2022 2:35,2:35,3,0,1,E MLK JR BLVD & N COLORADO BLVD,1,3,1,0,1,1,0,0,45,0,0,0,0,2,2,2,1
,2022-14645,-104.8658193,39.77179721,4/29/2022 12:35,12:35,12,0,0,N HAVANA ST & E 40TH AVE,1,1,0,6,1,4,0,0,40,0,0,0,0,0,4,2,7
,2022-14646,-104.9510149,39.72560949,4/29/2022 18:40,18:40,15,0,0,E 6TH AVE & N ST PAUL ST,1,1,0,0,1,1,0,0,30,0,0,0,0,0,4,2,1
,2022-14647,-104.8406341,39.77345711,4/29/2022 14:45,14:45,15,0,0,I-70 & MM 281.90,1,1,0,0,1,4,0,0,55,0,0,0,0,0,1,2,1
,2022-14649,-104.9383662,39.77333977,4/28/2022 0:47,0:47,3,0,0,9TH AVE E & ALBION ST N,1,3,0,0,1,1,0,0,25,0,0,0,0,0,4,2,16
,2022-14650,-104.8470104,39.78238809,4/27/2022 16:45,16:45,10,0,1,E ALBROOK DR & N PEORIA ST,1,1,0,0,1,1,0,0,40,0,0,0,0,2,4,2,16
,2022-14651,-104.9219747,39.67846913,4/28/2022 8:29,8:29,12,0,0,E EVANS AVE & S HOLLY ST,1,1,0,0,1,4,0,0,35,0,0,0,0,0,4,2,16
,2022-14652,-104.9729961,39.74000774,4/28/2022 11:08,11:08,15,0,0,COLFAX AVE E & DOWNING ST N,1,1,0,0,1,1,0,0,35,0,0,0,0,0,2,2,16
,2022-14654,-105.0945453,39.62418807,4/29/2022 3:37,3:37,5,0,0,W BELLEVIEW AVE (NOT CDOT) & S DUDLEY ST,1,4,0,0,3,4,0,0,40,0,0,0,0,0,4,1,3
,2022-14655,-104.9804013,39.69842388,4/28/2022 10:24,10:24,3,0,0,S PEARL ST & E TENNESSEE AVE,1,1,0,0,1,1,0,0,30,0,0,0,0,0,4,2,11
,2022-14656,-105.0911113,39.61805741,4/27/2022 10:27,10:27,15,0,0,WADSWORTH BLVD S & CRESTLINE AVE W,1,1,0,0,1,4,0,0,40,0,0,0,0,0,2,2,16
,2022-14657,-105.0053683,39.74762546,4/27/2022 10:19,10:19,1,0,0,11TH ST & AURARIA PKWY,1,1,0,0,1,1,0,0,30,0,0,0,0,0,4,2,16
,2022-14658,-104.9619065,39.75072076,4/18/2022 17:20,17:20,6,0,0,E 23RD AVE & N VINE ST,1,1,0,0,1,4,0,0,30,0,0,0,0,0,4,2,3
,2022-14660,-105.0459236,39.6792791,4/28/2022 23:16,23:16,6,0,0,4600 BLK OF W EVANS AVE & S VRAIN ST,1,3,0,0,1,4,0,0,35,0,0,0,0,0,4,3,3
,2022-14663,-104.9747773,39.74483545,4/27/2022 18:20,18:20,3,0,1,18TH AVE E & PARK AVE W,1,1,0,0,1,1,0,0,35,0,0,0,1,2,4,2,11
,2022-14664,-104.9740069,39.72557759,4/27/2022 22:17,22:17,15,0,0,1100 BLK E 6TH AVE & N CORONA ST,1,3,0,0,1,4,0,0,30,0,0,0,0,0,4,2,1
,2022-14665,-104.9593186,39.71786277,4/28/2022 8:39,8:39,12,0,1,N UNIVERSITY BLVD & E 1ST AVE,1,1,0,0,1,4,0,0,35,0,0,0,0,1,4,2,11
,2022-14667,-104.9785219,39.73514995,4/28/2022 19:43,19:43,6,0,0,700 BLK E 12TH AVE & N WASHINGTON ST,1,1,0,0,1,4,0,0,30,0,0,0,0,0,4,2,9
,2022-14668,-104.986269,39.71476019,4/27/2022 12:00,12:00,10,0,0,S LINCOLN ST & E BAYAUD AVE,1,1,0,0,1,1,0,0,30,0,0,0,0,0,4,2,3
,2022-14669,-105.0250197,39.68227101,4/27/2022 12:58,12:58,15,0,0,FEDERAL BLVD S & JEWELL AVE W,1,1,1,0,1,3,0,0,40,0,0,0,0,0,2,2,10
,2022-14670,-104.9565144,39.67854705,4/28/2022 17:40,17:40,6,0,0,2000 BLK S COLUMBINE ST & E EVANS AVE,1,1,0,0,1,4,0,0,35,0,0,0,0,0,4,2,16
,2022-14672,-104.9874355,39.72563832,4/29/2022 1:53,1:53,3,0,0,W 6TH AVE & N BROADWAY ST,1,3,0,0,1,1,0,0,30,0,0,0,0,0,4,2,13
,2022-14673,-104.9999535,39.71198953,4/17/2022 17:41,17:41,15,0,0,I-25 SB OFF RAMP TO & ALAMEDA AVE W,1,1,1,0,1,8,0,0,,0,0,0,0,0,1,2,16
,2022-14674,-104.9873837,39.75158087,4/29/2022 16:25,16:25,10,0,0,CHAMPA ST & N BROADWAY ST,1,1,0,0,1,1,0,0,30,0,0,0,0,0,4,2,13
,2022-14675,-105.0250148,39.71475879,4/29/2022 9:10,9:10,12,0,1,FEDERAL BLVD S & BAYAUD AVE W,1,1,1,0,1,4,0,0,35,0,0,0,1,2,2,2,3
,2022-14676,-104.887114,39.7769335,4/28/2022 18:09,18:09,12,0,1,I-270 & CENTRAL PARK BLVD N,1,1,1,0,1,4,0,0,55,0,0,0,1,1,1,2,13
,2022-14677,-105.0532578,39.71133201,4/9/2022 3:15,3:15,1,1,0,S SHERIDAN BLVD & W ALAMEDA AVE,1,3,0,0,1,1,0,0,35,0,0,0,0,4,2,2,1
,2022-14678,-105.0532263,39.72980973,4/26/2022 16:30,16:30,12,0,0,SHERIDAN BLVD N & 8TH AVE W,1,1,1,0,1,4,0,0,30,0,0,0,0,0,2,2,16
,2022-14679,-104.9072328,39.6797309,4/25/2022 16:45,16:45,3,0,0,PONTIAC WY S & 2015 S PONTIAC WY,1,1,0,0,1,2,0,0,20,0,0,0,0,0,4,2,3
,2022-14680,-104.9154825,39.65316032,4/28/2022 11:47,11:47,12,0,0,HAMPDEN AVE E & LOCUST ST S,1,1,0,0,1,3,0,0,40,0,0,0,0,0,2,2,16
,2022-14681,-104.9729961,39.74000774,4/28/2022 10:02,10:02,15,0,0,COLFAX AVE E & DOWNING ST N,1,1,0,0,1,1,0,0,35,0,0,0,0,0,2,2,16
,2022-14683,-104.9499199,39.75444461,4/28/2022 0:17,0:17,12,0,1,E 26TH AVE & N STEELE ST,1,3,1,0,1,1,0,0,30,0,0,0,1,3,4,2,8
,2022-14684,-104.9718047,39.73207825,4/15/2022 21:02,21:02,6,0,0,N MARION ST & E 10TH AVE,1,3,0,0,1,4,0,0,25,0,0,0,0,0,4,5,3
,2022-14685,-104.7721146,39.78369349,3/30/2022 17:50,17:50,12,0,0,N TOWER RD & E GVR BLVD,1,1,0,0,1,1,0,0,30,0,0,0,0,0,4,2,13
,2022-14686,-105.0252866,39.75847431,4/29/2022 14:27,14:27,12,0,0,FEDERAL BLVD N & 29TH AVE W,1,1,0,0,1,1,0,0,35,0,0,0,0,0,2,2,13
,2022-14687,-104.9574415,39.73681609,4/23/2022 5:45,5:45,3,0,0,E 13TH AVE & N COLUMBINE ST,1,2,0,0,1,1,0,0,25,0,0,0,0,0,4,2,16
,2022-14688,-105.0075113,39.76067304,4/8/2022 21:39,21:39,6,0,0,2500 BLK 18TH ST & CENTRAL ST,1,3,1,0,1,1,0,0,25,0,0,0,0,0,4,6,16
,2022-14689,-104.9597598,39.76451685,4/29/2022 7:35,7:35,11,0,1,YORK ST N & BRUCE RANDOLPH AVE E,1,1,0,0,1,1,0,0,30,0,1,0,0,2,4,1,11
,2022-14690,-104.9847088,39.76693235,4/25/2022 14:00,14:00,16,0,1,BRIGHTON BLVD N & 3083 N BRIGHTON BLVD,1,1,0,0,5,7,0,0,10,0,0,0,0,2,3,2,16
,2022-14691,-105.0150499,39.72932217,4/28/2022 22:36,22:36,12,0,0,I-25 & 8TH AVE W,1,3,0,0,1,4,0,0,55,0,0,0,0,0,1,2,10
,2022-14692,-104.9985768,39.72413112,4/29/2022 10:32,10:32,3,0,0,W 5TH AVE & N SANTA FE DR,1,1,0,0,1,1,0,0,25,0,0,0,0,1,4,3,11
,2022-14693,-104.9586089,39.73324435,4/28/2022 16:45,16:45,15,0,2,N JOSEPHINE ST & E 11TH AVE,1,1,0,0,1,4,0,0,35,0,0,0,0,1,4,2,11
,2022-14694,-104.9407892,39.70607071,4/28/2022 21:50,21:50,1,0,0,S COLORADO BLVD & E CHERRY CREEK S DR,1,3,0,0,1,1,0,0,35,0,0,0,0,0,2,2,16
,2022-14695,-105.0271685,39.74758314,4/16/2022 2:08,2:08,6,0,0,3126 W 20TH AVE & N GROVE ST,1,3,0,0,1,4,0,0,25,0,0,0,0,0,4,3,16
,2022-14696,-104.8854956,39.65306094,4/25/2022 16:23,16:23,12,0,0,HAMPDEN AVE E & YOSEMITE ST S,1,1,0,0,1,3,0,0,,0,0,0,0,0,2,2,16
,2022-14702,-104.9035311,39.69970367,4/28/2022 5:59,5:59,15,0,0,QUEBEC ST S & KENTUCKY AVE E,1,2,0,0,1,4,0,0,35,0,0,0,0,0,4,2,16
,2022-14705,-104.994855,39.69171143,4/28/2022 14:23,14:23,12,0,0,1400 S PLATTE RIVER DR & W FLORIDA AVE,1,1,0,0,1,4,0,0,40,0,0,0,0,0,4,2,13
,2022-14707,-104.8827688,39.77727111,4/28/2022 7:26,7:26,12,0,0,I-70 WB OFF RAMP TO & CENTRAL PARK BLVD N,1,1,0,0,1,8,0,0,35,0,0,0,0,0,1,2,7
,2022-14708,-104.9128892,39.69142992,4/27/2022 16:30,16:30,3,0,0,MONACO ST S & CHERRY CREEK DR NE,1,1,0,0,1,1,0,0,30,0,0,0,0,0,4,2,3
,2022-14709,-104.9942442,39.74764529,4/28/2022 14:50,14:50,15,0,0,CURTIS ST & 17TH ST,1,1,0,0,1,1,0,0,30,0,0,0,0,0,4,2,13
,2022-14711,-104.8271829,39.79778233,4/23/2022 21:21,21:21,6,0,0,13801 E RANDOLPH PL & N POTOMAC WAY,1,3,0,0,1,4,0,0,20,0,0,0,0,0,4,2,16
,2022-14712,-104.8450961,39.79768315,4/23/2022 21:00,21:00,6,0,0,RANDOLPH PL E & QUENTIN ST N,1,3,0,0,1,4,0,0,25,0,0,0,0,0,4,2,16
,2022-14713,-104.9339699,39.67844568,4/28/2022 12:52,12:52,12,0,1,I-25 SB OFF RAMP TO & EVANS AVE E,1,1,1,0,1,8,0,0,30,0,0,0,0,1,1,2,3
,2022-14718,-104.9791463,39.7797555,4/29/2022 0:37,0:37,3,0,0,WASHINGTON ST N & I-70 WB OFF RAMP,1,3,0,0,1,1,0,0,35,0,0,0,0,0,4,2,16
,2022-14720,-104.9407894,39.70387454,4/20/2022 16:05,16:05,12,0,0,COLORADO BLVD S & EXPOSITION AVE E,1,2,0,0,1,1,0,0,35,0,0,0,0,0,2,2,16
,2022-14721,-105.0062733,39.71118378,3/28/2022 13:05,13:05,12,0,1,W ALAMEDA AVE & S PECOS ST,1,1,0,0,1,3,0,0,30,0,0,0,0,1,4,2,16
,2022-14723,-104.7721359,39.78007412,4/29/2022 8:00,8:00,12,0,0,N TOWER RD & E 46TH AVE,1,1,0,0,1,3,0,0,25,0,0,0,0,0,4,2,3
,2022-14724,-104.884657,39.73870342,4/13/2022 12:46,12:46,3,0,0,N YOSEMITE ST & E 14TH AVE,1,1,0,0,1,1,0,0,30,0,0,0,0,0,4,2,1
,2022-14725,-104.9406856,39.65301487,4/28/2022 15:55,15:55,15,0,0,HAMPDEN AVE E & COLORADO BLVD S,1,2,0,0,1,1,0,0,35,0,0,0,0,0,2,2,13
,2022-14726,-105.0252859,39.75484073,4/15/2022 0:57,0:57,3,0,0,FEDERAL BLVD N & 26TH AVE W,1,3,0,0,1,1,0,0,35,0,0,0,0,0,2,2,16
,2022-14727,-104.965993,39.74162959,4/8/2022 19:50,19:50,3,0,0,E 16TH AVE & N WILLIAMS ST,1,3,0,0,1,1,0,0,20,0,0,0,0,0,4,2,7
,2022-14728,-104.9862357,39.72197202,4/29/2022 14:57,14:57,12,0,0,N LINCOLN ST & E 4TH AVE,1,1,0,0,1,4,0,0,30,0,0,0,0,0,4,4,16
,2022-14729,-105.0250001,39.72571523,4/5/2022 22:37,22:37,12,0,0,N FEDERAL BLVD & W 6TH AVE WB RAMPS,1,3,0,0,1,1,0,0,40,0,0,0,0,0,2,2,1
,2022-14739,-105.053221,39.73317583,4/27/2022 17:39,17:39,15,0,0,SHERIDAN BLVD & 10TH AVE N,1,1,0,0,1,3,0,0,40,0,0,0,0,0,2,2,3
,2022-14740,-104.8966024,39.77820476,4/17/2022 18:55,18:55,12,0,1,I-70 & I-270,1,1,0,0,1,4,0,0,55,0,0,0,0,1,1,2,1
,2022-14742,-104.9534164,39.72254772,4/28/2022 12:02,12:02,3,0,0,E 4TH AVE & N FILLMORE ST,1,1,0,0,1,1,0,0,25,0,0,0,0,0,4,2,11
,2022-14743,-104.9406261,39.717795,4/27/2022 19:10,19:10,1,0,0,COLORADO BLVD N & 1ST AVE E,1,1,0,0,1,1,0,0,35,0,0,0,0,0,2,2,11
,2022-14744,-104.9406279,39.72094951,4/27/2022 15:00,15:00,1,0,0,COLORADO BLVD N & 3RD AVE E,1,1,0,0,1,1,0,0,35,0,0,0,0,0,2,2,3
,2022-14745,-104.8642449,39.78227471,4/29/2022 6:55,6:55,12,0,0,E 47TH AVE & N HAVANA ST,1,1,0,0,1,4,0,0,35,0,0,0,0,0,4,2,11
,2022-14746,-104.9222815,39.70785948,4/29/2022 8:25,8:25,12,0,0,S HOLLY ST & LEETSDALE DR,1,1,1,0,1,4,0,0,30,0,0,0,0,0,4,2,16
,2022-14748,-104.8657424,39.77582352,4/28/2022 11:57,11:57,12,0,1,I-70 & HAVANA ST N,1,1,0,0,1,4,0,0,55,0,0,0,0,1,1,2,13
,2022-14750,-105.0395086,39.76212517,4/29/2022 11:57,11:57,2,0,0,32ND AVE W & PERRY ST N,1,1,0,0,1,9,0,0,10,1,0,0,0,0,4,1,11
,2022-14751,-104.967138,39.73682813,4/29/2022 7:54,7:54,6,0,0,1700 E 13TH AVE & N GILPIN ST,1,1,0,0,1,4,0,0,30,0,0,0,0,0,4,3,2
,2022-14752,-104.9227993,39.67847317,4/29/2022 13:55,13:55,12,0,0,E EVANS AVE & S HOLLY ST,1,1,0,0,1,4,0,0,30,0,0,0,1,1,4,3,16
,2022-14753,-104.9541651,39.74016166,4/29/2022 9:35,9:35,12,0,0,E COLFAX AVE & N DETROIT ST,1,1,0,0,1,4,0,0,30,0,0,0,0,0,4,2,10
,2022-14754,-104.913735,39.70341172,4/29/2022 13:00,13:00,12,0,0,LEETSDALE DR & MONACO ST S,1,1,0,0,1,3,0,0,30,0,0,0,0,0,2,2,13