id,drcog_id,longitude,latitude,crashtime,time,crashtype,numbkilled,numbinjurd,drcoglocat,rdconditin,lightngcon,roadcntgrd,weatherco,location,roaddescrp,schoolzone,constrzone,splimit,bikeinv,pedinv,sctrinv,motoinv,svrty,rdsystem,ttlvehcls,hcf
,2022-14755,-104.9964723,39.73686262,4/29/2022 10:47,10:47,3,0,1,13TH AVE W & SPEER BLVD N,14,1,3,0,1,1,0,0,35,0,0,0,0,2,4,2,12
,2022-14756,-104.9873894,39.75638817,4/29/2022 15:22,15:22,3,0,0,BROADWAY ST N & 24TH ST,1,1,0,7,1,1,0,0,,0,0,0,0,0,4,2,16
,2022-14758,-104.9891611,39.78003347,4/11/2022 16:05,16:05,12,0,0,I-70 & I-25,1,1,0,0,1,4,0,0,65,0,0,0,0,0,1,2,3
,2022-14759,-105.0213684,39.75846083,4/29/2022 18:13,18:13,10,0,0,SPEER BLVD N & 29TH AVE W,1,1,0,0,1,1,0,0,35,0,0,0,0,0,4,2,16
,2022-14760,-104.9638246,39.7399872,4/19/2022 12:20,12:20,15,0,0,COLFAX AVE E & RACE ST N,1,1,0,0,1,4,0,0,30,0,0,0,0,0,2,2,14
,2022-14762,-104.8930739,39.78554786,4/29/2022 17:55,17:55,12,0,0,E NORTHFIELD BLVD & N UINTA ST,1,1,0,6,1,3,0,0,35,0,0,0,0,0,4,2,10
,2022-14765,-105.0077101,39.75954587,4/29/2022 9:32,9:32,15,0,0,CENTRAL ST & 17TH ST,1,1,0,1,1,4,0,0,25,0,0,0,0,0,4,2,13
,2022-14766,-105.0148299,39.72932162,4/28/2022 15:08,15:08,12,0,0,I-25 & 8TH AVE W,1,1,0,0,1,4,0,0,55,0,0,0,0,0,1,2,13
,2022-14767,-105.0178753,39.72521122,4/29/2022 11:32,11:32,12,0,0,HWY 6 EB EXIT GORE PT TO & I-25,1,1,1,0,1,4,0,0,45,0,0,0,0,0,1,2,13
,2022-14768,-105.092854,39.62416903,4/29/2022 13:55,13:55,12,0,0,BELLEVIEW AVE 8400 W (NOT CDOT) & S CODY ST,1,1,3,0,1,4,0,0,35,0,0,0,0,0,4,2,10
,2022-14769,-104.9407891,39.7073589,4/29/2022 7:13,7:13,1,0,1,COLORADO BLVD S & CHERRY CREEK DR NE,1,2,0,0,1,1,0,0,30,0,0,0,0,2,2,2,11
,2022-14770,-104.7718785,39.83341565,4/21/2022 23:00,23:00,5,0,0,TOWER RD N & PENA BLVD,1,3,0,0,3,1,0,0,45,0,0,0,0,0,4,1,1
,2022-14771,-104.9025336,39.76737975,4/29/2022 8:55,8:55,15,0,0,N QUEBEC ST & E 36TH AVE,1,1,0,0,1,1,0,0,35,0,0,0,0,0,4,2,11
,2022-14772,-104.7904699,39.78363776,4/29/2022 12:05,12:05,1,0,2,GVR BLVD E & PENA BLVD,1,1,0,0,1,1,0,0,25,0,0,0,0,2,4,2,16
,2022-14776,-104.9828157,39.71420365,4/8/2022 23:22,23:22,6,0,0,S LOGAN ST & E BAYAUD AVE,1,3,0,0,1,4,0,0,30,0,0,0,0,0,4,2,1
,2022-14777,-105.0101434,39.72264215,4/29/2022 12:15,12:15,12,0,0,I-25 SB EXIT GORE PT TO & 6TH AVE W,1,1,0,0,1,4,0,0,45,0,0,0,0,0,1,3,3
,2022-14778,-104.9895612,39.78010359,4/29/2022 12:10,12:10,12,0,1,I-70 & I-25,1,1,1,6,1,4,0,0,45,0,0,0,0,1,1,2,13
,2022-14779,-104.9874029,39.73204462,4/28/2022 23:43,23:43,3,0,2,10TH AVE W & BROADWAY ST N,1,3,0,0,1,1,0,0,,0,0,0,0,2,4,1,16
,2022-14780,-104.9866363,39.76440034,4/29/2022 7:22,7:22,11,0,1,29TH ST & BRIGHTON BLVD N,1,1,0,1,1,1,0,0,25,0,1,0,0,2,4,1,13
,2022-14787,-105.0017782,39.75967152,4/29/2022 22:49,22:49,12,0,1,20TH ST & LITTLE RAVEN ST,1,3,0,0,1,1,0,0,30,0,0,0,0,1,4,2,3
,2022-14790,-105.0323188,39.76212523,4/30/2022 13:47,13:47,5,0,0,32ND AVE W & JULIAN ST N,1,1,0,0,3,2,0,0,25,0,0,0,0,0,4,1,11
,2022-14795,-105.0205344,39.74999177,4/16/2022 20:08,20:08,3,0,0,CLAY ST N & 22ND AVE W,1,4,0,0,1,1,0,0,,0,0,0,0,0,4,2,16
,2022-14796,-104.9837958,39.71599035,4/30/2022 3:47,3:47,6,0,0,S GRANT ST & E ELLSWORTH AVE,1,3,0,0,1,4,0,0,30,0,0,0,0,0,4,3,3
,2022-14797,-105.0086464,39.67862778,4/30/2022 13:29,13:29,12,0,0,W EVANS AVE & S RARITAN ST,1,1,0,0,1,3,0,0,30,0,0,0,0,0,4,2,13
,2022-14800,-104.9994078,39.71324123,4/30/2022 9:45,9:45,3,0,0,KALAMATH ST S / I-25 NB ON RAMP & CEDAR AVE W,1,1,0,0,1,1,0,0,,0,0,0,0,0,1,2,16
,2022-14802,-104.987527,39.7008004,4/30/2022 0:01,0:01,1,0,0,BROADWAY ST S & I-25 SB ON RAMP,1,3,0,7,1,1,0,0,30,0,0,0,0,0,4,2,11
,2022-14803,-105.0298859,39.66500663,4/30/2022 10:45,10:45,8,0,0,W AMHERST AVE & S IRVING ST,1,1,0,0,1,1,0,0,25,0,0,0,0,0,4,2,3
,2022-14804,-104.9890174,39.77651683,4/19/2022 7:52,7:52,12,0,0,I-25 NB OFF RAMP & 44TH AVE W (OFFSET REF),1,1,0,0,1,8,0,0,55,0,0,0,0,0,1,2,13
,2022-14805,-104.99798,39.73997553,4/28/2022 13:46,13:46,15,0,0,N SPEER BLVD & W COLFAX AVE,1,1,3,0,1,3,0,0,35,0,0,0,0,0,4,2,7
,2022-14806,-104.959261,39.71111793,4/30/2022 0:29,0:29,1,0,2,S UNIVERSITY BLVD & E ALAMEDA AVE,1,3,0,0,1,1,0,0,30,0,0,0,0,2,4,2,13
,2022-14807,-105.0250228,39.72349116,4/30/2022 13:16,13:16,15,0,0,FEDERAL BLVD S & 5TH AVE W,1,1,0,0,1,4,0,0,35,0,0,0,0,0,2,3,13
,2022-14809,-104.9405607,39.69657743,4/30/2022 8:45,8:45,3,0,0,COLORADO BLVD S & MISSISSIPPI AVE E,1,1,0,0,1,1,0,0,35,0,0,0,0,0,2,2,3
,2022-14810,-105.0911279,39.61640964,4/30/2022 12:08,12:08,1,0,0,WADSWORTH BLVD S & CRESTLINE AVE W,1,1,0,0,1,2,0,0,45,0,0,0,0,0,2,2,11
,2022-14813,-105.0021156,39.76928029,4/30/2022 13:37,13:37,12,0,0,W 38TH AVE & N LIPAN ST,1,1,0,0,1,4,0,0,35,0,0,0,0,0,4,2,3
,2022-14816,-104.9929399,39.69666191,4/30/2022 16:19,16:19,3,0,0,PLATTE RIVER DR S & MISSISSIPPI AVE W,1,1,0,0,1,1,0,0,35,0,0,0,0,0,2,3,3
,2022-14820,-104.9405114,39.7618025,4/15/2022 15:45,15:45,12,0,0,MLK BLVD E & COLORADO BLVD N,1,1,0,0,1,1,0,0,35,0,0,0,0,0,2,2,11
,2022-14824,-104.9924886,39.69321568,4/30/2022 9:01,9:01,15,0,0,SANTA FE DR S & LOUISIANA AVE W,1,1,0,0,1,4,0,0,,0,0,0,0,0,2,2,16
,2022-14826,-105.053264,39.71029799,4/30/2022 14:40,14:40,15,0,0,NEVADA PL W & SHERIDAN BLVD S,1,1,0,0,1,4,0,0,45,0,0,0,0,0,2,2,11
,2022-14832,-105.0137478,39.7266017,4/30/2022 8:55,8:55,12,0,0,I-25 & 6TH AVE W,1,1,0,0,1,4,0,0,55,0,0,0,0,0,2,3,13
,2022-14835,-104.9754561,39.77298593,4/29/2022 14:00,14:00,12,0,0,E 38TH AVE & BRIGHTON BLVD,1,1,0,0,1,1,0,0,30,0,0,0,0,0,4,2,9
,2022-14836,-104.9316481,39.67673648,4/21/2022 14:50,14:50,6,0,0,DAHLIA ST S & WARREN AVE E,1,1,0,0,1,3,0,0,35,0,0,0,0,0,4,2,16
,2022-14837,-105.0290777,39.73664846,4/30/2022 11:30,11:30,6,0,0,AVONDALE DR W & 3200 BLK W,1,1,0,0,1,4,0,0,,0,0,0,0,0,4,2,16
,2022-14840,-105.0251344,39.72932999,4/30/2022 8:38,8:38,12,0,1,6TH AVE W & FEDERAL BLVD N,1,1,0,0,1,14,0,0,55,0,0,0,0,1,1,2,3
,2022-14898,-105.0533564,39.64312775,4/28/2022 1:30,1:30,6,0,0,SHERIDAN BLVD S & OXFORD AVE W,1,3,0,0,3,4,0,0,35,0,0,0,0,0,2,2,16
,2022-14900,-105.0381375,39.75992638,4/30/2022 21:35,21:35,6,0,0,N OSCEOLA ST & W 30TH AVE,1,4,1,0,1,4,0,0,25,0,0,0,0,1,4,2,3
,2022-14901,-104.9849195,39.75078738,4/30/2022 18:00,18:00,3,0,0,22ND ST & CALIFORNIA ST,1,1,3,0,1,1,0,0,30,0,0,0,0,0,4,2,11
,2022-14902,-104.9162958,39.75838035,5/1/2022 8:20,8:20,6,0,0,E 29TH AVE & N KRAMERIA ST,1,1,0,0,1,3,0,0,25,0,0,0,0,0,4,2,7
,2022-14905,-105.0475056,39.72948649,4/30/2022 19:32,19:32,6,0,0,N WINONA CT & W 8TH AVE,1,1,0,0,1,4,0,0,25,0,0,0,0,0,4,2,14
,2022-14906,-105.0251691,39.73298246,4/15/2022 16:31,16:31,12,0,0,FEDERAL BLVD N & 10TH AVE W,1,1,0,0,1,4,0,0,35,0,0,0,0,0,2,2,16
,2022-14908,-104.979873,39.73583838,5/1/2022 1:30,1:30,6,0,1,1200 N PEARL ST & E 12TH AVE,1,3,0,0,1,4,0,0,25,0,0,0,0,2,4,2,10
,2022-14927,-104.9407856,39.72559985,4/25/2022 22:06,22:06,3,0,2,COLORADO BLVD N & 6TH AVE E,1,3,1,0,1,1,0,0,35,0,0,0,0,1,2,2,3
,2022-14929,-104.9873103,39.70134558,4/27/2022 7:44,7:44,12,0,1,I-25 & BROADWAY ST S,1,1,1,0,1,4,0,0,55,0,0,0,0,1,1,5,16
,2022-14935,-104.9751305,39.76108211,4/25/2022 23:47,23:47,6,0,0,CHAMPA ST & 3138 CHAMPA ST,1,3,0,0,1,4,0,0,30,0,0,0,0,0,4,5,16
,2022-14939,-105.0817955,39.63511829,5/1/2022 12:53,12:53,1,0,0,WADSWORTH BLVD S & STANFORD AVE W,1,1,0,0,1,1,0,0,45,0,0,0,0,0,2,2,3
,2022-14940,-104.8851964,39.63276648,4/30/2022 12:21,12:21,10,0,0,YOSEMITE ST S & UNION AVE E,1,1,0,0,1,4,0,0,35,0,0,0,0,0,4,2,7
,2022-14942,-104.9275774,39.67097175,4/19/2022 15:00,15:00,14,0,2,VALLEY HWY S & VASSAR AVE E,1,1,0,0,1,4,0,0,35,0,0,0,0,1,4,2,14
,2022-14943,-105.0017782,39.75967152,5/1/2022 2:24,2:24,12,0,0,20TH ST & LITTLE RAVEN ST,1,3,0,0,1,1,0,0,35,0,0,0,0,0,4,2,16
,2022-14944,-104.9961858,39.75419229,4/16/2022 22:45,22:45,6,0,0,1900 BLK WAZEE ST & 19TH ST,1,3,0,1,1,4,0,0,25,0,0,0,0,0,4,2,16
,2022-14946,-104.9920442,39.69626791,3/1/2022 15:00,15:00,15,0,0,S SANTA FE DR & W MISSISSIPPI AVE,1,1,0,0,1,4,0,1,45,0,0,0,0,0,2,2,16
,2022-14947,-105.0094649,39.74501187,5/1/2022 13:48,13:48,12,0,2,7TH ST & AURARIA PKWY,1,1,0,0,1,4,0,0,35,0,0,0,0,2,4,2,2
,2022-14948,-104.9405456,39.68877291,3/11/2022 14:14,14:14,12,0,1,S COLORADO BLVD & E FLORIDA AVE,1,1,0,0,1,4,0,0,35,0,0,0,0,1,2,3,1
,2022-14959,-104.9405211,39.77287954,4/30/2022 13:20,13:20,10,0,0,E 40TH AVE & N COLORADO BLVD,1,1,0,0,1,1,0,0,45,0,0,0,0,0,4,2,13
,2022-14960,-104.9337605,39.67845081,4/16/2022 18:10,18:10,15,0,0,I-25 & EVANS AVE E,1,1,0,0,1,4,0,0,55,0,0,0,0,0,2,2,16
,2022-14961,-104.9337889,39.78892301,4/29/2022 5:50,5:50,6,0,0,E 51ST AVE & N DAHLIA ST,1,1,0,0,1,4,0,0,30,0,0,0,0,0,4,2,16
,2022-14962,-104.9921018,39.69613798,3/25/2022 13:32,13:32,15,0,0,S SANTA FE DR & W MISSISSIPPI AVE,1,1,0,0,1,4,0,0,,0,0,0,0,0,2,3,16
,2022-14963,-104.6726896,39.84927906,3/30/2022 14:49,14:49,15,0,0,PENA BLVD & 8400 BLK,1,1,0,0,1,4,0,0,15,0,0,0,0,0,4,2,16
,2022-14964,-104.9986088,39.7284937,4/18/2022 8:06,8:06,6,0,0,N SANTA FE DR (NOT CDOT) & W 8TH AVE,1,1,0,0,1,4,0,0,30,0,0,0,1,0,4,3,9
,2022-14965,-105.0532476,39.76933441,4/9/2022 8:10,8:10,12,0,1,N SHERIDAN BLVD & W 38TH AVE,1,1,0,0,1,1,0,0,35,0,0,0,0,2,2,2,16
,2022-14967,-104.9710321,39.70875471,4/6/2022 18:00,18:00,6,0,0,S LAFAYETTE ST & E DAKOTA AVE,1,1,0,0,1,4,0,0,25,0,0,0,0,0,4,2,16
,2022-14968,-105.0156902,39.69676353,3/7/2022 7:35,7:35,3,0,0,S ZUNI ST & W MISSISSIPPI AVE,4,1,0,0,1,1,0,0,25,0,0,0,0,0,4,4,16
,2022-14969,-104.9982547,39.71012383,5/1/2022 13:08,13:08,12,0,1,I-25 & ALAMEDA AVE W,1,1,1,0,1,4,0,0,55,0,0,0,0,2,1,2,13
,2022-14970,-104.9574375,39.73515071,5/1/2022 12:30,12:30,3,0,0,COLUMBINE ST N & 12TH AVE E,1,1,0,0,1,9,0,0,20,0,0,0,0,0,4,2,13
,2022-14971,-104.9811177,39.74969125,4/30/2022 21:03,21:03,3,0,3,500 BLK PARK AVE WEST & TREMONT PL,1,3,0,0,1,1,0,0,35,0,0,0,0,2,4,2,3
,2022-14972,-105.0400829,39.76944876,4/25/2022 22:05,22:05,10,0,0,4000 BLK W 38TH AVE & N QUITMAN ST,1,3,0,0,1,9,0,0,35,0,0,0,0,0,4,2,16
,2022-14973,-104.9729789,39.73357208,4/29/2022 7:32,7:32,6,0,0,1044 N DOWNING ST & E 11TH AVE,1,1,0,0,1,4,0,0,20,0,0,0,0,0,4,2,16
,2022-14975,-104.9128031,39.66763202,4/30/2022 19:28,19:28,10,0,0,6500 E YALE AVE & S MONACO PKWY,1,3,0,0,1,3,0,0,30,0,0,0,0,0,4,2,16
,2022-15020,-104.9895508,39.78026028,5/2/2022 7:56,7:56,12,0,0,I-25 & I-70,11,1,1,1,1,4,0,0,55,0,0,0,0,0,1,2,13
,2022-15021,-104.9801882,39.74898483,5/2/2022 11:00,11:00,3,0,0,COURT PL & PARK AVE_W,11,1,0,1,1,1,0,0,30,0,0,0,0,0,4,2,14
,2022-15022,-104.8827688,39.77727111,5/2/2022 9:20,9:20,12,0,0,I-70 & CENTRAL PARK BLVD N,11,1,0,1,1,4,0,0,55,0,0,0,0,0,1,2,1
,2022-15023,-104.9874762,39.70026777,5/2/2022 5:13,5:13,5,0,1,BROADWAY ST S & KENTUCKY AVE E,11,3,0,1,2,1,0,0,35,0,0,0,0,2,4,1,1
,2022-15024,-104.9949315,39.76798309,4/30/2022 19:47,19:47,15,0,0,I-25 & PARK AVE W,1,1,0,0,1,4,0,0,55,0,0,0,0,0,1,4,1
,2022-15025,-104.6790069,39.84048097,5/2/2022 14:37,14:37,15,0,0,PENA BLVD & MM 6.25,1,1,0,0,1,4,0,0,65,0,0,0,0,0,2,2,14
,2022-15027,-104.9182399,39.65309085,5/2/2022 9:07,9:07,12,0,0,I-25 & HAMPDEN AVE E,11,1,0,1,1,4,0,0,55,0,0,0,0,0,1,2,12
,2022-15028,-104.9874912,39.70125953,5/2/2022 5:24,5:24,12,0,0,800 S BROADWAY ST & W KENTUCKY AVE,11,3,0,1,1,4,0,0,30,0,0,0,0,0,4,2,13
,2022-15030,-104.9949588,39.76832199,3/15/2022 16:46,16:46,12,0,1,I-25 SB EXIT GORE PT & PARK AVE W EXIT,1,1,3,0,1,4,0,0,55,0,0,0,0,1,1,2,16
,2022-15031,-104.884696,39.73309449,4/8/2022 7:30,7:30,12,0,0,N YOSEMITE ST & E 11TH AVE,1,1,0,0,1,2,0,0,30,0,0,0,0,0,4,2,1
,2022-15032,-104.9316188,39.67833984,5/1/2022 8:22,8:22,12,0,0,2000 S DAHLIA ST & E EVANS AVE,1,1,0,1,1,4,0,0,25,0,0,0,0,0,4,3,16
,2022-15035,-104.6929573,39.83185362,5/2/2022 10:21,10:21,1,0,0,E 75TH AVE & N JACKSON GAP ST,1,1,0,0,1,3,0,0,45,0,0,0,0,0,4,2,13
,2022-15036,-104.987575,39.71115786,4/30/2022 8:22,8:22,1,0,1,ALAMEDA AVE E & BROADWAY ST S,1,1,0,0,1,1,0,0,,0,0,0,0,2,4,2,1
,2022-15038,-104.9899582,39.67847882,4/29/2022 18:12,18:12,2,0,1,EVANS AVE W & BANNOCK ST S,1,1,0,0,1,1,0,0,0,1,0,0,0,3,4,1,16
,2022-15041,-104.9986331,39.7306415,3/22/2022 16:38,16:38,6,0,0,N SANTA FE DR & W 9TH AVE,1,1,3,0,3,4,0,0,25,0,0,0,0,0,4,3,16
,2022-15042,-104.9719418,39.77031969,4/30/2022 21:17,21:17,12,0,0,38TH ST & WALNUT ST,1,3,0,0,1,3,0,0,35,0,0,0,0,0,4,2,7
,2022-15043,-104.9593527,39.68931614,3/30/2022 17:00,17:00,12,0,0,S UNIVERSITY BLVD & E FLORIDA AVE,1,2,0,0,1,1,0,0,35,0,0,0,0,0,4,2,13
,2022-15044,-104.7154712,39.83812553,5/2/2022 4:00,4:00,5,0,0,78TH AVE E & GUN CLUB RD,11,3,0,0,3,4,0,0,35,0,0,0,0,0,4,1,8
,2022-15045,-104.8989896,39.75595379,5/1/2022 15:47,15:47,3,0,0,N SYRACUSE ST & E 28TH AVE,1,1,0,0,1,1,0,0,25,0,0,0,0,0,4,2,3
,2022-15049,-104.9370599,39.68207695,5/1/2022 23:52,23:52,6,0,0,JEWELL AVE E & BELLAIRE ST S,11,3,0,1,1,4,0,0,25,0,0,0,0,0,4,4,14
,2022-15050,-104.9099636,39.63875579,5/2/2022 1:42,1:42,12,0,2,I-25 & QUINCY AVE E,11,3,0,1,1,4,0,0,65,0,0,0,0,1,1,2,14
,2022-15051,-104.9903895,39.75330884,5/1/2022 2:22,2:22,6,0,0,LAWRENCE ST & 21ST ST,1,3,0,0,1,4,0,0,30,0,0,0,0,0,4,2,2
,2022-15052,-105.0536878,39.7838283,4/29/2022 13:42,13:42,3,0,1,48TH AVE W & SHERIDAN BLVD N,1,1,0,6,1,2,0,0,35,0,0,0,0,2,4,2,11
,2022-15053,-104.9022786,39.71120936,4/8/2022 19:56,19:56,15,0,0,ALAMEDA AVE 7400 E (NOT CDOT) & S QUEBEC ST,1,4,0,0,1,4,0,0,35,0,0,0,0,0,4,2,14
,2022-15054,-104.9666975,39.78202776,4/30/2022 23:02,23:02,12,0,0,BRIGHTON BLVD N & 41ST ST,1,3,0,0,1,4,0,0,,0,0,0,0,0,4,2,16
,2022-15056,-104.9350164,39.76171722,4/27/2022 8:55,8:55,6,0,0,N CLERMONT ST & E MLK BLVD,1,1,0,0,1,4,0,0,25,0,0,0,0,0,4,2,16
,2022-15058,-105.0299615,39.71121547,4/25/2022 14:05,14:05,3,0,2,W ALAMEDA AVE & S IRVING ST,1,1,0,0,1,1,0,0,35,0,0,0,0,3,2,2,16
,2022-15059,-105.0252448,39.71815939,4/30/2022 8:48,8:48,3,0,0,FEDERAL BLVD N & 1ST AVE W,1,1,0,1,1,1,0,0,35,0,0,0,0,0,2,2,13
,2022-15065,-104.9077431,39.70011,4/28/2022 18:30,18:30,1,0,1,LEETSDALE DR E & ONEIDA ST S,1,1,0,0,1,2,0,0,35,0,0,0,0,2,2,2,13
,2022-15066,-104.99889,39.71119349,4/30/2022 12:39,12:39,12,0,1,I-25 & ALAMEDA AVE W,1,1,1,0,1,4,0,0,55,0,0,0,0,1,1,3,16
,2022-15068,-104.9929399,39.69666191,4/27/2022 14:04,14:04,12,0,0,PLATTE RIVER DR S & MISSISSIPPI AVE W,1,1,0,0,1,3,0,0,35,0,0,0,0,0,2,2,1
,2022-15069,-105.0251796,39.78438167,4/30/2022 6:34,6:34,15,0,0,I-70 WB ENT GORE PT FROM & FEDERAL BLVD N,1,1,0,1,1,14,0,0,55,0,0,0,0,0,1,2,13
,2022-15071,-104.8473822,39.77403575,4/30/2022 21:28,21:28,12,0,2,I-70 & PEORIA ST N,1,3,0,0,1,4,0,0,55,0,0,0,0,2,1,2,13
,2022-15073,-105.0064338,39.77559226,5/1/2022 10:50,10:50,12,0,0,N PECOS ST & W 43RD AVE,1,1,0,0,1,3,0,0,30,0,0,0,0,0,4,3,16
,2022-15080,-104.9311033,39.71120479,5/2/2022 9:16,9:16,15,0,0,ALAMEDA AVE E & DAHLIA ST S,11,1,1,0,1,4,0,0,35,0,0,0,0,0,4,2,10
,2022-15081,-104.9988391,39.7414031,4/28/2022 7:34,7:34,3,0,0,SPEER BLVD N & STOUT ST,1,1,0,0,1,1,0,0,,0,0,0,0,0,4,2,16
,2022-15084,-105.0252181,39.76193988,4/29/2022 14:05,14:05,12,0,0,FEDERAL BLVD N & 32ND AVE,1,1,0,0,1,4,0,0,,0,0,0,0,0,2,4,16
,2022-15087,-105.0380251,39.65795198,5/1/2022 19:45,19:45,6,0,1,4000 W GREENWOOD PL & S PATTON WAY,1,1,1,0,1,4,0,0,25,0,0,0,0,3,4,2,16
,2022-15097,-104.9891611,39.78003347,3/13/2022 1:30,1:30,6,0,0,I-70 & I-25,1,3,1,0,1,8,0,0,55,0,0,0,0,0,1,2,16
,2022-15101,-104.9837943,39.72342342,3/30/2022 16:35,16:35,3,0,1,E SPEER BLVD & N GRANT ST,1,1,0,0,1,1,0,0,35,0,0,0,0,3,4,2,16
,2022-15104,-104.9922398,39.75457436,4/17/2022 17:20,17:20,12,0,0,MARKET ST & 21ST ST,1,1,3,0,1,1,0,0,,0,0,0,0,0,4,3,16
,2022-15110,-104.9494932,39.7401511,4/30/2022 1:42,1:42,11,0,1,COLFAX AVE E & STEELE ST N,1,3,0,0,1,1,0,0,0,0,1,0,0,2,1,1,16
,2022-15115,-104.9941211,39.73685597,4/30/2022 7:40,7:40,2,0,0,13TH AVE W & ELATI ST N,1,1,0,0,1,1,0,0,25,1,0,0,0,0,4,1,11
,2022-15117,-105.0261664,39.78417649,4/29/2022 21:36,21:36,12,0,0,I-70 & FEDERAL BLVD N,1,3,0,0,1,4,0,0,55,0,0,0,0,0,1,2,14
,2022-15138,-105.0106229,39.7229825,5/3/2022 10:03,10:03,12,0,0,I-25 NB EXIT GORE PT TO & 6TH AVE W,1,1,1,0,1,14,0,0,45,0,0,0,0,0,1,3,3
,2022-15139,-104.8657287,39.77562189,5/3/2022 16:49,16:49,12,0,0,I-70 & HAVANA ST N,1,1,0,0,1,4,0,1,55,0,0,0,0,0,1,2,13
,2022-15140,-104.9671664,39.77987417,5/3/2022 7:08,7:08,12,0,0,I-70 & BRIGHTON BLVD N,1,1,0,0,1,4,0,0,55,0,0,0,0,0,1,2,3
,2022-15141,-105.0321272,39.73113389,5/2/2022 20:50,20:50,3,0,0,9TH AVE W & KNOX CT N,1,3,0,0,1,1,0,0,25,0,0,0,0,0,4,2,13
,2022-15144,-104.9338149,39.67899625,5/2/2022 17:23,17:23,12,0,1,I-25 NB ON RAMP & EVANS AVE E,1,1,1,0,1,8,0,0,40,0,0,0,0,1,4,3,12
,2022-15148,-104.9406123,39.74007431,5/3/2022 11:45,11:45,3,0,0,COLFAX AVE E & COLORADO BLVD N,1,1,0,0,1,1,0,0,35,0,0,0,0,0,2,2,1
,2022-15150,-104.9228094,39.65311018,5/3/2022 6:30,6:30,1,0,0,HAMPDEN AVE E & HOLLY ST S,1,2,1,0,1,1,0,0,40,0,0,0,0,0,2,2,11
,2022-15151,-104.9970615,39.72570096,5/3/2022 15:10,15:10,12,0,0,W 6TH AVE & N KALAMATH ST,1,1,0,0,1,4,0,0,35,0,0,0,0,1,4,3,3
,2022-15155,-104.8996449,39.77123794,5/3/2022 13:00,13:00,10,0,0,E SMITH RD & N SYRACUSE ST,1,1,0,0,1,1,0,0,35,0,0,0,0,0,4,2,1
,2022-15159,-104.9594472,39.68485346,5/2/2022 12:00,12:00,12,0,0,UNIVERSITY BLVD S & I-25 NB RAMPS,1,1,0,0,1,1,0,0,30,0,0,0,0,0,4,2,3
,2022-15164,-104.8658535,39.79124105,5/3/2022 5:45,5:45,10,0,0,HAVANA ST N & 51ST AVE E,1,3,0,4,1,2,0,0,40,0,0,0,0,0,4,2,11
,2022-15165,-105.0127004,39.75514564,5/2/2022 14:06,14:06,12,0,0,I-25 & SPEER BLVD N,1,1,0,0,1,4,0,0,55,0,0,0,0,0,1,2,3
,2022-15166,-105.0095529,39.76322346,4/23/2022 4:10,4:10,6,0,0,W 33RD AVE & N SHOSHONE ST,1,3,0,0,1,4,0,0,,0,0,0,0,0,4,2,16
,2022-15167,-105.0026475,39.74762721,5/3/2022 10:24,10:24,12,0,0,SPEER BLVD N & AURARIA PKWY,1,1,0,0,1,1,0,0,,0,0,0,0,0,4,2,16
,2022-15174,-104.9127699,39.71836382,5/3/2022 16:21,16:21,12,0,0,50 N MONACO ST & LOWRY BLVD,1,1,0,0,1,3,0,0,30,0,0,0,0,1,4,2,14
,2022-15175,-104.9925715,39.75292676,4/29/2022 17:20,17:20,15,0,0,20TH ST & LARIMER ST,1,1,0,0,1,4,0,0,30,0,0,0,0,0,4,2,13
,2022-15176,-104.9782742,39.79104446,5/3/2022 7:15,7:15,3,0,0,52ND AVE E & WASHINGTON ST N,1,1,1,0,1,1,0,0,25,0,0,0,0,0,4,2,13
,2022-15183,-104.9862298,39.72254599,5/2/2022 18:00,18:00,15,0,0,N LINCOLN ST & E 4TH AVE,1,1,0,0,1,1,0,0,30,0,0,0,0,0,4,2,3
,2022-15184,-104.9684202,39.74945771,5/3/2022 14:12,14:12,3,0,0,N FRANKLIN ST & E 22ND AVE,1,1,0,0,1,1,0,0,30,0,0,0,0,1,4,2,13
,2022-15185,-105.0107677,39.75654275,5/3/2022 13:14,13:14,12,0,0,I-25 SB EXIT GORE PT TO & SPEER BLVD N,1,1,0,0,1,14,0,0,55,0,0,0,0,0,1,2,7
,2022-15198,-104.9524899,39.71803066,4/24/2022 11:25,11:25,12,0,4,2900 BLK E 1ST AVE & N. MILWAULKEE ST.,1,1,0,0,1,4,0,0,30,0,0,0,0,2,4,4,13
,2022-15199,-104.9405636,39.6966598,5/2/2022 9:55,9:55,12,0,0,COLORADO BLVD S & MISSISSIPPI AVE E,11,1,1,0,1,3,0,0,35,0,0,0,0,0,2,2,16
,2022-15200,-104.9964723,39.73686262,5/2/2022 16:26,16:26,12,0,0,N SPEER BLVD & W 13TH AVE,1,1,0,0,1,1,0,0,35,0,0,0,0,0,4,2,11
,2022-15205,-104.9465226,39.71782313,5/3/2022 9:30,9:30,8,0,0,3400 E 1ST AVE & S MADISON ST,1,1,0,0,1,9,0,0,25,0,0,0,0,0,4,2,11
,2022-15206,-105.0532407,39.78354905,5/3/2022 13:50,13:50,12,0,2,I-70 & SHERIDAN BLVD N,1,1,0,0,1,4,0,0,55,0,0,0,0,1,1,2,16
,2022-15207,-104.8999628,39.78164963,5/3/2022 16:09,16:09,12,0,0,I-270 & QUEBEC ST N,1,1,0,0,1,4,0,0,55,0,0,0,0,0,1,2,13