id,drcog_id,longitude,latitude,crashtime,time,crashtype,numbkilled,numbinjurd,drcoglocat,rdconditin,lightngcon,roadcntgrd,weatherco,location,roaddescrp,schoolzone,constrzone,splimit,bikeinv,pedinv,sctrinv,motoinv,svrty,rdsystem,ttlvehcls,hcf
,2022-15208,-104.9399063,39.6683037,5/2/2022 7:59,7:59,1,0,0,4100 E YALE AVE & S COLORADO BLVD,11,1,0,1,1,2,0,0,30,0,0,0,0,0,4,2,7
,2022-15211,-104.9593893,39.67997829,5/2/2022 12:54,12:54,12,0,0,UNIVERSITY BLVD 2000 S & E ASBURY AVE,1,1,0,0,1,3,0,0,35,0,0,0,0,0,4,3,2
,2022-15220,-104.8470454,39.77483638,5/3/2022 10:18,10:18,3,0,0,PEORIA ST N & I-70 WB OFF RAMP,1,1,0,0,1,1,0,0,35,0,0,0,0,0,1,2,11
,2022-15223,-105.0530805,39.78400142,5/3/2022 9:44,9:44,12,0,0,I-70 WB OFF RAMP & SHERIDAN BLVD N,1,1,0,0,1,8,0,0,45,0,0,0,0,0,1,2,16
,2022-15224,-104.8470217,39.77959805,5/2/2022 13:45,13:45,15,0,0,N PEORIA ST & E 46TH AVE,1,1,0,0,1,1,0,0,35,0,0,0,0,0,4,2,8
,2022-15228,-104.9826114,39.6973645,5/3/2022 8:37,8:37,12,0,0,I-25 & LOGAN ST S,1,1,0,0,1,4,0,0,55,0,0,0,0,0,1,2,13
,2022-15231,-104.958564,39.76448561,5/1/2022 21:33,21:33,3,0,0,E BRUCE RANDOLPH AVE & N JOSEPHINE ST,1,3,0,0,1,1,0,0,30,0,0,0,0,0,4,2,16
,2022-15235,-104.9403385,39.68306724,5/3/2022 3:29,3:29,6,0,0,I-25 & COLORADO BLVD S,1,3,0,0,2,4,0,0,60,0,0,0,0,0,1,2,2
,2022-15236,-104.9034947,39.71128237,5/2/2022 17:00,17:00,15,0,0,S QUEBEC ST & E ALAMEDA AVE,1,1,0,0,1,1,0,0,30,0,0,0,0,0,4,2,3
,2022-15238,-105.0532498,39.72565601,5/2/2022 12:54,12:54,3,0,0,SHERIDAN BLVD N & HWY 6 EB OFF RAMP,1,1,0,0,1,1,0,0,35,0,0,0,0,0,2,2,3
,2022-15239,-104.9153404,39.65315785,5/2/2022 14:15,14:15,12,0,0,HAMPDEN AVE E & LOCUST ST S,1,1,0,0,1,1,0,0,35,0,0,0,0,0,2,2,3
,2022-15257,-104.772117,39.81271489,5/3/2022 22:16,22:16,12,0,1,N TOWER RD & E 64TH AVE,1,3,0,0,1,1,0,0,40,0,0,0,0,2,4,4,1
,2022-15259,-104.9875281,39.7021342,5/3/2022 11:50,11:50,3,0,0,BROADWAY ST S & OHIO AVE E,1,1,0,0,1,1,0,0,30,0,0,0,0,0,4,2,3
,2022-15265,-105.0251398,39.78025994,5/4/2022 12:30,12:30,3,0,0,FEDERAL BLVD N & 46TH AVE W,1,1,0,0,1,1,0,0,35,0,0,0,0,0,2,3,13
,2022-15273,-104.9875687,39.68214923,5/3/2022 16:30,16:30,6,0,0,S BROADWAY ST & E JEWELL AVE,1,1,0,0,1,1,0,0,25,0,0,0,0,0,4,2,3
,2022-15274,-104.9405044,39.78002872,5/4/2022 10:05,10:05,12,0,1,I-70 & COLORADO BLVD N,11,1,0,1,1,4,0,0,55,0,0,0,0,1,1,2,1
,2022-15276,-105.0141402,39.74031599,2/10/2022 14:49,14:49,11,0,1,I-25 & W COLFAX AVE,1,1,0,0,1,4,0,0,0,0,1,0,0,3,1,3,16
,2022-15277,-105.0191636,39.71301459,1/16/2022 17:49,17:49,3,0,0,S CANOSA CT & W CEDAR AVE,1,4,0,0,1,1,0,0,25,0,0,0,0,0,4,4,3
,2022-15280,-104.9926038,39.76919707,5/4/2022 10:36,10:36,12,0,0,I-25 & PARK AVE W,11,1,1,1,1,4,0,0,55,0,0,0,0,0,1,2,16
,2022-15281,-104.9875281,39.7021342,5/3/2022 15:50,15:50,3,0,0,E OHIO AVE & S BROADWAY ST,1,1,0,0,1,1,0,0,25,0,0,0,0,0,4,2,8
,2022-15282,-105.0015649,39.7111843,5/4/2022 11:40,11:40,3,0,0,ALAMEDA AVE W & LIPAN ST S,11,1,0,1,1,1,0,0,35,0,0,0,0,0,2,2,3
,2022-15288,-105.0001811,39.72843837,5/1/2022 9:20,9:20,3,0,1,N KALAMATH ST & W 8TH AVE,1,1,0,0,1,1,0,0,30,0,0,0,0,2,4,2,16
,2022-15294,-104.9049883,39.63165045,5/4/2022 9:11,9:11,15,0,0,I-225 NB ON RAMP & I-25 NB EXIT TO NB I-225,11,1,1,1,1,4,0,0,,0,0,0,0,0,1,2,16
,2022-15299,-104.9733812,39.70295355,5/4/2022 14:20,14:20,12,0,0,700 S DOWNING ST & E EXPOSITION AVE,1,1,0,0,1,3,0,0,30,0,0,0,0,1,4,2,3
,2022-15302,-105.0227932,39.78743529,5/4/2022 8:20,8:20,3,0,0,W 50TH AVE & N ELM CT,11,1,0,1,1,1,0,0,30,0,0,0,0,0,4,2,13
,2022-15304,-104.9597526,39.76199187,5/3/2022 22:42,22:42,3,0,5,E MLK BLVD & N YORK ST,11,3,0,1,1,1,0,0,30,0,0,0,0,3,4,2,16
,2022-15305,-105.0133487,39.72550245,5/4/2022 11:20,11:20,15,0,1,I-25 SB OFF RAMP MERGE TO & HWY 6 WB DISTRIBUTOR RAMP,11,1,0,1,1,8,0,0,35,0,0,0,0,1,1,2,16
,2022-15308,-104.9593852,39.67302955,4/22/2022 15:45,15:45,1,0,0,S UNIVERSITY BLVD & E WESLEY AVE,1,1,0,0,1,1,0,0,30,0,0,0,0,0,4,2,1
,2022-15311,-104.9590272,39.72911397,4/27/2022 20:10,20:10,10,0,0,8TH AVE E & JOSEPHINE ST N,1,3,0,0,1,1,0,0,,0,0,0,0,0,4,2,16
,2022-15316,-104.9353385,39.6707935,5/3/2022 10:00,10:00,6,0,0,CLERMONT ST S & HARVARD AVE E,1,1,0,0,1,1,0,0,25,0,0,0,0,0,4,2,3
,2022-15326,-105.0251008,39.79111414,5/4/2022 11:58,11:58,1,0,0,FEDERAL BLVD N & 52ND AVE W,11,1,0,1,1,1,0,0,35,0,0,0,0,0,2,2,8
,2022-15327,-104.8632749,39.77868977,5/4/2022 11:45,11:45,10,0,0,E 45TH AVE & N IRONTON ST,1,1,0,0,1,1,0,0,35,0,0,0,0,0,4,2,8
,2022-15328,-104.8846519,39.74380813,5/4/2022 7:04,7:04,3,0,0,N YOSEMITE ST & E 17TH AVE,1,1,0,0,1,1,0,0,30,0,0,0,0,1,4,3,2
,2022-15329,-104.9760919,39.74586925,5/4/2022 13:01,13:01,12,0,0,PARK AVE & N EMERSON ST,1,1,0,0,1,4,0,0,25,0,0,0,0,0,4,2,16
,2022-15331,-105.0145974,39.74197934,5/4/2022 16:06,16:06,12,0,0,I-25 & AURARIA PKWY,1,1,0,0,1,4,0,0,55,0,0,0,0,0,1,2,13
,2022-15336,-104.9924796,39.69302355,4/9/2022 9:33,9:33,3,0,1,S SANTA FE DR & W LOUISIANA AVE,1,1,0,0,1,2,0,0,35,0,0,0,0,1,2,1,16
,2022-15337,-104.7413643,39.79844244,5/4/2022 12:30,12:30,12,0,0,E 56TH AVE & N NEPAL ST,1,1,0,0,1,1,0,0,45,0,0,0,0,0,4,2,7
,2022-15338,-104.6790069,39.84048097,5/3/2022 12:59,12:59,12,0,0,PENA BLVD & MM 1.50,1,1,0,0,1,4,0,0,65,0,0,0,0,0,2,2,16
,2022-15339,-104.9823881,39.73043625,5/4/2022 9:50,9:50,3,0,0,N LOGAN ST & E 9TH AVE,11,1,0,1,1,1,0,0,25,0,0,0,0,1,4,2,16
,2022-15340,-104.9380701,39.76446294,5/3/2022 18:20,18:20,3,0,1,N ASH ST & E BRUCE RANDOLPH AVE,1,1,0,0,1,1,0,0,25,0,0,0,0,2,4,2,16
,2022-15342,-104.931652,39.78014385,5/4/2022 12:14,12:14,12,0,1,I-70 & DAHLIA ST N,11,1,0,1,1,4,0,0,55,0,0,0,0,1,1,2,16
,2022-15347,-104.9943199,39.69226196,5/3/2022 14:21,14:21,15,0,0,SANTA FE DR S & PLATTE RIVER DR S,1,1,1,0,1,3,0,0,45,0,0,0,0,0,2,2,11
,2022-15354,-104.921736,39.65311143,5/3/2022 15:00,15:00,12,0,0,HAMPDEN AVE E & IVANHOE ST S,1,1,0,0,1,1,0,0,35,0,0,0,0,0,2,2,3
,2022-15357,-105.0532645,39.67576982,5/4/2022 6:55,6:55,12,0,0,SHERIDAN BLVD S & WARREN AVE W,11,1,0,0,1,3,0,0,40,0,0,0,0,0,2,2,3
,2022-15361,-104.9406053,39.74611595,4/30/2022 17:08,17:08,12,0,0,COLORADO BLVD N & 19TH AVE E,1,1,0,0,1,1,0,0,30,0,0,0,0,0,2,2,13
,2022-15388,-104.9917665,39.75792289,5/4/2022 10:00,10:00,15,0,0,PARK AVE W & WAZEE ST,11,1,0,1,1,1,0,0,30,0,0,0,0,0,4,2,3
,2022-15389,-104.9034358,39.79355015,5/4/2022 21:05,21:05,1,0,0,QUEBEC ST N & 53RD PL E,1,3,0,0,1,1,0,0,40,0,0,0,0,0,2,2,8
,2022-15390,-104.978739,39.74326731,5/5/2022 11:10,11:10,10,0,0,N WASHINGTON ST & E 17TH AVE,1,1,0,0,1,1,0,0,25,0,0,0,0,0,4,2,13
,2022-15391,-104.9733473,39.75834262,5/5/2022 7:53,7:53,6,0,0,2900 N DOWNING ST & E 29TH AVE,1,1,0,0,1,4,0,0,30,0,0,0,0,0,4,2,11
,2022-15393,-104.9923025,39.69119969,5/4/2022 14:00,14:00,15,0,0,SANTA FE DR S & ARKANSAS AVE W,1,1,0,0,1,1,0,0,45,0,0,0,0,0,2,2,3
,2022-15394,-104.9974347,39.73817142,5/4/2022 14:07,14:07,12,0,0,1300 N SPEER BLVD & CHOPPER CIR,1,1,0,0,1,4,0,0,40,0,0,0,0,0,4,4,8
,2022-15395,-104.9648677,39.67842059,5/4/2022 17:28,17:28,9,0,1,EVANS AVE E & HIGH ST S,1,1,0,0,2,4,0,0,30,0,0,0,0,1,4,1,14
,2022-15396,-104.986386,39.79114778,5/5/2022 14:06,14:06,14,0,0,LINCOLN ST N & 52ND AVE E,1,1,0,0,1,4,0,0,,0,0,0,0,0,4,2,16
,2022-15397,-104.9929283,39.75133963,5/4/2022 14:40,14:40,3,0,0,19TH ST & LAWRENCE ST,1,1,0,0,1,1,0,0,35,0,0,0,0,0,4,2,16
,2022-15400,-104.90191,39.77822647,5/4/2022 14:50,14:50,12,0,0,I-70 & QUEBEC ST N,1,1,0,0,1,4,0,0,55,0,0,0,0,0,1,3,13
,2022-15405,-105.0093205,39.7220401,5/5/2022 8:32,8:32,15,0,0,I-25 NB ENT GORE PT FROM & HWY 85 NB,1,1,0,0,1,14,0,0,55,0,0,0,0,0,1,2,13
,2022-15408,-104.9034007,39.77851752,5/5/2022 15:53,15:53,15,0,0,QUEBEC ST S & I-70,1,1,0,0,1,4,0,0,40,0,0,0,0,0,4,2,13
,2022-15409,-104.975996,39.76847946,4/27/2022 11:00,11:00,6,0,0,3400 BLK BLAKE ST & E 35TH ST,1,1,0,0,1,4,0,0,30,0,0,0,0,0,4,2,13
,2022-15410,-104.9203554,39.70683098,5/5/2022 10:11,10:11,1,0,0,LEETSDALE DR 5800 BLK & S JERSEY ST,1,1,0,0,1,2,0,0,35,0,0,0,0,0,4,2,13
,2022-15413,-104.9428919,39.73592355,5/4/2022 18:15,18:15,6,0,0,"1200 N JACKSON ST & E 12TH AVE , N GARFIELD-JACKSON ALY",1,1,0,0,1,9,0,0,35,0,0,0,0,0,4,2,16
,2022-15422,-104.909097,39.65295164,5/6/2022 12:01,12:01,12,0,0,S ONEIDA WAY & E HAMPDEN AVE,1,1,0,0,1,3,0,0,25,0,0,0,0,0,4,2,13
,2022-15424,-104.772117,39.79858433,5/6/2022 12:05,12:05,12,0,0,N TOWER RD & E 56TH AVE,1,1,0,0,1,3,0,0,45,0,0,0,0,0,4,2,7
,2022-15425,-104.8218913,39.7896694,4/30/2022 12:00,12:00,3,0,1,N CRYSTAL & E 52ND AVE,1,1,0,0,1,1,0,0,25,0,0,0,0,2,4,2,16
,2022-15426,-104.8963126,39.77819585,5/5/2022 18:57,18:57,12,0,2,I-70 & CENTRAL PARK BLVD N,1,1,3,0,1,4,0,0,65,0,0,0,0,2,1,2,13
,2022-15428,-104.8470966,39.78238777,5/5/2022 17:32,17:32,10,0,0,12200 E ALBROOK DR & N PEORIA ST,1,1,0,0,1,2,0,0,25,0,0,0,0,0,4,2,13
,2022-15430,-104.990666,39.75332923,5/4/2022 17:40,17:40,12,0,0,21ST ST & LAWRENCE ST,14,1,3,0,1,14,0,0,30,0,0,0,0,1,4,4,16
,2022-15432,-104.9408598,39.71156554,5/4/2022 22:50,22:50,12,0,0,ALAMEDA AVE 3900 E & S COLORADO BLVD,11,3,0,0,1,3,0,0,35,0,0,0,0,0,4,2,16
,2022-15433,-105.0251594,39.77667539,4/20/2022 7:50,7:50,12,0,1,FEDERAL BLVD N & 44TH AVE W,1,1,0,0,1,1,0,0,35,0,0,0,0,2,2,3,13
,2022-15437,-104.9858138,39.78379319,5/5/2022 11:04,11:04,3,0,0,48TH AVE E & LINCOLN ST N,1,1,0,0,1,1,0,0,25,0,0,0,0,0,4,2,13
,2022-15440,-104.940627,39.7194002,5/4/2022 16:00,16:00,12,0,0,COLORADO BLVD N & 2ND AVE E,1,1,0,0,1,1,0,0,,0,0,0,0,0,2,2,16
,2022-15441,-104.9933293,39.74699102,5/4/2022 19:19,19:19,6,0,0,CHAMPA ST 1600 BLK & 17TH ST / CHAMPA ST,11,3,0,1,1,4,0,0,30,0,0,0,0,0,4,3,16
,2022-15444,-105.0127004,39.75514564,5/5/2022 17:15,17:15,15,0,0,I-25 & SPEER BLVD N,1,1,0,0,1,4,0,0,55,0,0,0,0,0,1,2,11
,2022-15446,-104.912888,39.6875336,5/5/2022 15:43,15:43,10,0,0,S MONACO PKWY & E IOWA AVE,1,1,0,0,1,1,0,0,35,0,0,0,0,0,4,2,13
,2022-15447,-104.7872898,39.79839285,5/5/2022 16:27,16:27,12,0,0,PENA BLVD OUTBOUND & E 56TH AVE,1,1,0,0,1,4,0,0,65,0,0,0,0,0,4,3,13
,2022-15448,-104.9875693,39.6779812,5/5/2022 7:11,7:11,12,0,0,S BROADWAY ST & E EVANS AVE,1,2,0,0,1,4,0,0,30,0,0,0,0,1,4,2,16
,2022-15449,-104.9828688,39.68033928,4/13/2022 17:05,17:05,3,0,1,E ASBURY AVE & S LOGAN ST,1,2,0,0,1,3,0,0,25,0,0,0,0,2,4,2,13
,2022-15453,-104.9873689,39.7488957,5/5/2022 16:39,16:39,12,0,0,20TH ST & N BROADWAY ST,1,1,0,0,1,4,0,0,35,0,0,0,0,1,4,2,13
,2022-15454,-104.9176669,39.65294419,5/4/2022 13:38,13:38,15,0,0,I-25 NB OFF RAMP TO & HAMPDEN AVE E,1,1,0,0,1,8,0,0,45,0,0,0,0,0,4,2,13
,2022-15455,-104.9863923,39.70933327,5/4/2022 17:00,17:00,10,0,0,E DAKOTA AVE & S LINCOLN ST,4,1,0,0,1,1,0,0,25,0,0,0,0,1,4,2,3
,2022-15457,-105.0532578,39.71133201,3/28/2022 0:28,0:28,3,1,1,W ALAMEDA AVE & S SHERIDAN BLVD,1,3,0,0,1,3,0,0,35,0,0,0,0,4,2,2,3
,2022-15458,-105.0252313,39.76925953,5/5/2022 19:35,19:35,3,0,0,FEDERAL BLVD N & 38TH AVE W,1,1,0,0,1,1,0,0,35,0,0,0,0,0,2,2,13
,2022-15459,-105.0251051,39.7234916,5/6/2022 13:34,13:34,15,0,0,FEDERAL BLVD N & 6TH AVE W,1,1,0,0,1,4,0,0,45,0,0,0,0,0,2,2,7
,2022-15461,-104.994036,39.72893032,5/5/2022 15:51,15:51,3,0,0,ELATI ST N & 8TH AVE W,1,1,0,0,1,1,0,0,25,0,0,0,0,0,4,2,13
,2022-15464,-104.8682697,39.67258237,5/4/2022 21:30,21:30,3,0,3,PARKER RD S & HARVARD AVE E,1,3,0,0,1,1,0,0,45,0,0,0,0,2,2,2,1
,2022-15467,-104.9034478,39.74744189,5/5/2022 10:07,10:07,3,0,0,N QUEBEC ST & E MONTVIEW BLVD,1,1,0,0,1,1,0,0,30,0,0,0,0,0,4,2,1
,2022-15469,-104.9900948,39.74544707,5/6/2022 16:27,16:27,10,0,0,17TH ST & WELTON ST,1,1,0,0,1,1,0,0,30,0,0,0,0,0,4,2,8
,2022-15474,-104.9895612,39.78010359,5/5/2022 18:24,18:24,12,0,0,I-70 EB EXIT GORE PT TO & I-25 NB/SB RAMPS,1,3,2,0,1,4,0,0,55,0,0,0,0,0,1,2,8
,2022-15475,-104.9985588,39.71452341,5/6/2022 14:05,14:05,10,0,5,SANTA FE DR S & FLORIDA AVE W,1,1,0,0,1,2,0,0,35,0,0,0,0,1,2,2,13
,2022-15476,-104.8957834,39.71695935,5/5/2022 17:15,17:15,15,0,0,E LOWRY BL & E FAIRMOUNT DR,1,1,0,0,1,6,0,0,15,0,0,0,0,0,4,2,13
,2022-15477,-104.8874005,39.76299783,5/6/2022 7:05,7:05,2,0,1,XANTHIA ST N & 33RD AVE E,1,1,0,0,1,1,0,0,0,1,0,0,0,2,4,1,16
,2022-15481,-104.8470302,39.77419185,5/5/2022 6:40,6:40,10,0,1,PEORIA ST N & I-70 WB OFF RAMP,1,2,0,0,1,1,0,0,35,0,0,0,0,1,1,2,8
,2022-15482,-105.0532539,39.7528074,5/6/2022 12:10,12:10,12,0,0,SHERIDAN BLVD N & BYRON PL W,1,1,0,0,1,3,0,0,35,0,0,0,0,0,2,2,13
,2022-15484,-104.8560931,39.77478922,5/6/2022 2:33,2:33,12,0,1,I-70 & PEORIA ST N,1,3,0,0,1,4,0,0,55,0,0,0,0,1,1,2,1
,2022-15485,-104.9774625,39.73999998,5/5/2022 23:35,23:35,15,0,0,COLFAX AVE E & CLARKSON ST N,1,3,0,0,1,4,0,0,30,0,0,0,0,0,2,2,16
,2022-15487,-104.7391161,39.78137353,5/6/2022 3:50,3:50,6,0,0,4700 N ODESSA ST & E GVR BLVD,1,3,0,0,1,4,0,0,20,0,0,0,0,1,4,2,16
,2022-15488,-105.0249807,39.72581328,5/3/2022 18:33,18:33,12,0,0,FEDERAL BLVD N & HWY 6 WB RAMPS,1,1,0,0,1,1,0,0,35,0,0,0,0,0,2,2,3
,2022-15489,-105.0251303,39.72554639,5/6/2022 12:45,12:45,12,0,0,HWY 6 WB ON RAMP FROM & FEDERAL BLVD N,1,1,0,0,1,8,0,0,40,0,0,0,0,0,2,2,13
,2022-15490,-105.0250485,39.69128019,5/6/2022 0:40,0:40,12,0,0,FEDERAL BLVD S & ARKANSAS AVE W,1,3,0,0,1,3,0,0,40,0,0,0,0,0,2,2,14
,2022-15492,-104.9070813,39.63428695,5/7/2022 12:15,12:15,15,0,0,I-25 & I-225,1,1,0,0,1,4,0,0,65,0,0,0,0,0,1,2,13
,2022-15494,-104.8674666,39.65686118,5/3/2022 9:44,9:44,1,0,1,GIRARD AVE E & HAVANA ST S,1,1,0,0,1,2,0,0,25,0,0,0,0,2,4,2,11
,2022-15497,-105.0178057,39.74142129,5/6/2022 16:45,16:45,5,0,0,MILE HIGH STADIUM CIR & W 16TH AVE,1,1,0,0,2,4,0,0,25,0,0,0,0,0,4,1,2
,2022-15498,-105.0179867,39.71246431,5/4/2022 23:39,23:39,14,0,0,BRYANT ST S & CEDAR AVE W,1,4,0,0,1,4,0,0,25,0,0,0,0,0,4,3,16
,2022-15500,-105.0358351,39.74265219,5/6/2022 1:22,1:22,6,0,0,MEADE ST N & 16TH AVE W,1,3,0,0,3,2,0,0,25,0,0,0,0,0,4,2,8
,2022-15501,-104.9886182,39.75737051,5/4/2022 14:10,14:10,3,0,2,WALNUT ST & 24TH ST,1,1,0,0,1,1,0,0,25,0,0,0,1,3,4,2,11
,2022-15504,-105.0009964,39.75047444,4/21/2022 13:35,13:35,6,0,0,WAZEE ST & 15TH ST,1,1,0,0,1,4,0,0,,0,0,0,0,0,4,2,16
,2022-15505,-104.9982554,39.72890533,5/6/2022 21:57,21:57,15,0,0,W 8TH AVE & N SANTA FE DR,1,3,0,0,1,4,0,0,30,0,0,0,0,0,4,2,3
,2022-15507,-104.9959056,39.74501032,4/28/2022 12:40,12:40,6,0,0,1500 CHAMPA ST & 15TH ST,1,1,0,0,1,4,0,0,30,0,0,0,0,0,4,2,13
,2022-15508,-105.0015649,39.7111843,4/18/2022 8:16,8:16,14,0,0,W ALAMEDA AVE & S LIPAN ST,1,1,0,0,1,3,0,0,,0,0,0,0,0,4,4,16
,2022-15509,-105.0118603,39.75840839,4/6/2022 16:35,16:35,10,0,0,W 29TH AVE & N UMATILLA ST,1,1,0,0,1,3,0,0,,0,0,0,0,0,4,2,1
,2022-15510,-105.053213,39.7383464,5/7/2022 17:48,17:48,12,0,1,SHERIDAN BLVD & 14TH AVE W,1,1,0,0,1,4,0,0,35,0,0,0,0,1,2,2,16
,2022-15511,-104.9835886,39.74327188,5/7/2022 8:13,8:13,10,0,0,E 17TH AVE & N GRANT ST,1,1,0,0,1,3,0,0,30,0,0,0,0,0,4,2,16
,2022-15521,-105.0321503,39.65327601,4/18/2022 22:18,22:18,12,0,0,HAMPDEN AVE W & KNOX CT S,1,3,0,0,1,4,0,0,,0,0,0,0,0,2,2,16
,2022-15523,-104.7719489,39.82189543,5/6/2022 19:22,19:22,3,0,0,E 69TH AVE & N TOWER RD,1,1,0,0,1,1,0,0,45,0,0,0,0,1,4,2,13
,2022-15525,-104.9892377,39.78002008,5/7/2022 13:23,13:23,12,0,1,I-70 WB EXIT GORE PT TO & I-25 NB/SB,1,1,0,0,1,8,0,0,55,0,0,0,0,2,1,2,16
,2022-15526,-104.9985499,39.72570669,5/7/2022 16:52,16:52,12,0,0,6TH AVE 800 W & N SANTA FE DR,1,1,0,0,1,4,0,0,30,0,0,0,0,0,4,2,1
,2022-15529,-104.9733432,39.76816403,4/23/2022 16:18,16:18,3,0,0,DOWNING ST N & 37TH AVE E,1,1,0,0,1,1,0,0,,0,0,0,0,0,4,2,16
,2022-15530,-105.0444773,39.68223906,4/25/2022 18:00,18:00,12,0,1,W JEWELL AVE & S TENNYSON ST,1,3,0,0,1,3,0,0,35,0,0,0,0,1,4,2,16
,2022-15532,-104.9918267,39.73686416,5/6/2022 23:17,23:17,10,0,0,13TH AVE W & CHEROKEE ST N,1,3,0,0,1,2,0,0,30,0,0,0,0,0,4,2,13
,2022-15533,-104.9894802,39.77362142,5/7/2022 11:56,11:56,12,0,0,I-25 & PARK AVE W,1,1,0,0,1,4,0,0,65,0,0,0,1,0,1,2,13
,2022-15534,-104.913095,39.64955885,5/7/2022 13:00,13:00,8,0,0,3700 S NIAGARA WAY & S MONACO ST,1,1,0,0,1,4,0,0,25,0,0,0,0,0,4,2,2
,2022-15535,-105.0440939,39.67957761,5/6/2022 21:43,21:43,12,0,0,EVANS AVE W & TENNYSON WY S,1,3,1,0,1,1,0,0,30,0,0,0,0,0,4,3,2
,2022-15537,-104.9718482,39.73671207,4/11/2022 7:48,7:48,15,0,0,1200 BLK N MARION ST & E 13TH AVE,1,1,0,1,1,4,0,0,25,0,0,0,0,0,4,2,1
,2022-15539,-104.8850521,39.66027226,5/6/2022 0:20,0:20,5,0,0,3100 S YOSEMITE ST & S SYRACUSE WAY,1,3,0,0,3,4,0,0,,0,0,0,0,0,4,1,16
,2022-15540,-104.9949315,39.76798309,5/7/2022 4:43,4:43,5,0,0,I-25 SB & PARK AVE W,1,3,0,0,3,4,0,0,55,0,0,0,0,0,1,1,3
,2022-15541,-104.96669,39.78317951,5/7/2022 1:15,1:15,3,0,0,4700-4799 N BRIGHTON BLVD & N BRIGHTON BLVD,1,3,0,0,1,1,0,0,30,0,0,0,0,0,4,2,1
,2022-15542,-105.0287676,39.7112138,5/1/2022 2:10,2:10,5,0,0,W ALAMEDA AVE & S HOOKER ST,1,3,0,0,6,4,0,0,35,0,0,0,0,0,4,1,16
,2022-15548,-104.9668549,39.78024386,5/7/2022 2:32,2:32,1,0,0,BRIGHTON BLVD N & E 46TH N AVE,1,3,0,0,1,1,0,0,35,0,0,0,0,0,2,2,10
,2022-15549,-104.9034009,39.77829351,4/21/2022 18:18,18:18,12,0,0,I-70 & QUEBEC ST N,1,1,1,0,1,4,0,0,55,0,0,0,0,0,1,2,1
,2022-15553,-104.9916508,39.73735956,4/18/2022 10:00,10:00,6,0,0,1300 BLK N CHEROKEE ST & W. 13TH AVE,1,1,0,0,1,9,0,0,15,0,0,0,0,0,4,2,13
,2022-15556,-105.0109999,39.71118307,5/6/2022 20:41,20:41,8,0,0,ALAMEDA AVE W & TEJON ST S,1,3,0,0,1,1,0,0,35,0,0,0,0,0,2,2,1
,2022-15558,-105.0104063,39.67678085,5/6/2022 17:21,17:21,3,0,0,WARREN AVE W & TEJON ST S,1,1,0,0,1,2,0,0,35,0,0,0,0,0,4,2,11
,2022-15565,-105.012906,39.75519984,4/28/2022 22:28,22:28,12,0,0,SPEER BLVD N & I-25 SB ON RAMP,1,3,1,0,1,1,0,0,35,0,0,0,0,0,1,2,7
,2022-15566,-104.9874155,39.7272758,4/1/2022 22:46,22:46,11,1,0,N SPEER BLVD & N BROADWAY ST,1,3,0,0,1,1,0,0,0,0,1,0,0,4,4,1,16
,2022-15572,-104.9317028,39.65309141,5/7/2022 11:45,11:45,12,0,2,DAHLIA ST 3400 S & E HAMPDEN AVE,1,1,1,0,1,4,0,0,30,0,0,0,0,3,4,3,16
,2022-15576,-104.8768403,39.78257787,5/6/2022 19:25,19:25,5,0,1,E NORTHFIELD BLVD & N DALLAS ST,1,1,0,0,3,4,0,0,35,0,0,0,0,2,4,1,10
,2022-15578,-105.02974,39.69674515,5/5/2022 8:03,8:03,1,0,0,IRVING ST S & MISSISSIPPI AVE W,1,1,0,0,1,1,0,0,25,0,0,0,0,0,4,2,3
,2022-15580,-104.9506352,39.68491433,5/7/2022 16:26,16:26,12,0,0,I-25 & STEELE ST S,1,1,0,0,1,4,0,0,65,0,0,0,0,0,1,2,1
,2022-15606,-105.0044129,39.76090017,5/2/2022 6:58,6:58,12,0,2,I-25 & 20TH ST,11,1,0,1,1,4,0,0,55,0,0,0,0,1,1,2,16
,2022-15609,-105.0420358,39.70875353,4/30/2022 21:40,21:40,6,0,0,400 S RALEIGH ST & W DAKOTA AVE,1,4,0,0,1,4,0,0,25,0,0,0,0,0,4,3,2
,2022-15610,-104.959421,39.71111718,5/1/2022 9:28,9:28,12,0,1,2300 E ALAMEDA AVE & S UNIVERSITY BLVD,1,1,1,1,1,4,0,0,30,0,0,0,0,2,4,3,16
,2022-15611,-104.9924796,39.69302355,5/1/2022 11:54,11:54,11,0,1,SANTA FE DR S & LOUISIANA AVE W,1,1,0,0,1,1,0,0,0,0,1,0,0,2,2,1,16
,2022-15659,-105.0127004,39.75514564,5/7/2022 18:34,18:34,12,0,0,I-25 & SPEER BLVD N,1,1,0,0,1,4,0,0,55,0,0,0,0,0,1,2,16
,2022-15661,-104.9590172,39.72586631,5/8/2022 12:36,12:36,6,0,1,N JOSEPHINE ST & E 6TH AVE,1,1,0,0,1,4,0,0,30,0,0,0,0,2,4,2,6
,2022-15665,-104.9597601,39.76448938,5/7/2022 16:19,16:19,3,0,0,N YORK ST & E BRUCE RANDOLPH AVE,1,1,0,0,1,1,0,0,30,0,0,0,0,0,4,2,3
,2022-15668,-104.9985726,39.72570691,5/7/2022 22:01,22:01,12,0,0,SANTA FE DR N & 6TH AVE W,1,3,0,0,1,1,0,0,,0,0,0,0,0,4,2,16
,2022-15669,-105.0532134,39.69308287,5/7/2022 12:41,12:41,12,0,1,SHERIDAN BLVD S & LOUISIANA AVE W,1,1,0,0,1,4,0,0,40,0,0,0,0,2,2,2,3