id,drcog_id,longitude,latitude,crashtime,time,crashtype,numbkilled,numbinjurd,drcoglocat,rdconditin,lightngcon,roadcntgrd,weatherco,location,roaddescrp,schoolzone,constrzone,splimit,bikeinv,pedinv,sctrinv,motoinv,svrty,rdsystem,ttlvehcls,hcf
,2022-15672,-104.9734241,39.68756103,5/8/2022 12:53,12:53,10,0,1,S DOWNING ST & E IOWA AVE,1,1,0,0,1,3,0,0,25,0,0,0,0,2,4,2,11
,2022-15674,-104.9733904,39.74483508,5/8/2022 16:04,16:04,3,0,1,E 18TH AVE & N DOWNING ST,1,1,0,0,1,1,0,0,30,0,0,0,0,2,4,2,16
,2022-15675,-104.8828232,39.78094996,5/7/2022 17:14,17:14,12,0,0,N CENTRAL PARK BLVD & E 46TH PL,1,1,0,0,1,1,0,0,40,0,0,0,0,0,4,3,16
,2022-15676,-104.9593288,39.69839718,5/8/2022 17:12,17:12,3,0,0,E TENNESSEE AVE & S UNIVERSITY BLVD,1,1,0,0,1,3,0,0,35,0,0,0,0,1,4,2,11
,2022-15677,-105.0396973,39.71129631,5/7/2022 21:18,21:18,3,0,0,W ALAMEDA AVE & S PERRY ST,1,3,1,0,1,1,0,0,30,0,0,0,0,0,4,3,14
,2022-15697,-104.7817842,39.77280167,4/23/2022 13:46,13:46,5,0,0,E 40TH AVE & N SALIDA ST,1,1,0,0,3,4,0,0,40,0,0,0,0,0,4,1,3
,2022-15698,-104.973363,39.75561199,5/8/2022 0:37,0:37,6,0,0,2720 N DOWNING ST & E 28TH AVE,1,3,0,0,1,4,0,0,35,0,0,0,0,0,4,3,3
,2022-15699,-104.7957799,39.78377992,5/8/2022 17:44,17:44,12,0,0,16500 E GVR BLVD & N AIRPORT WAY,1,1,0,0,1,4,0,0,35,0,0,0,0,0,4,2,3
,2022-15700,-104.9653299,39.73682188,5/8/2022 2:45,2:45,5,0,0,13TH AVE E & 1855 E 13TH AVE,1,4,1,0,3,9,0,0,10,0,0,0,0,0,4,1,16
,2022-15703,-104.9153404,39.65315785,5/7/2022 19:46,19:46,1,0,0,HAMPDEN AVE E & LOCUST ST S,1,2,0,0,1,1,0,0,,0,0,0,0,0,2,2,16
,2022-15705,-105.0117594,39.68962164,5/7/2022 23:39,23:39,1,0,2,S TEJON ST & W FLORIDA AVE,1,3,0,0,1,1,0,0,30,0,0,0,0,2,4,2,3
,2022-15706,-104.7958907,39.77282997,5/7/2022 19:50,19:50,12,0,2,E 40TH AVE & N AIRPORT WAY,1,2,3,0,1,3,0,0,30,0,0,0,0,1,4,2,16
,2022-15707,-104.9786293,39.78184585,5/8/2022 6:37,6:37,1,0,1,WASHINGTON ST N & I-70 WB ON RAMP,1,1,3,7,1,1,0,0,35,0,0,0,0,2,1,2,1
,2022-15710,-104.9597845,39.73686637,5/6/2022 9:30,9:30,15,0,0,N YORK ST & E 13TH AVE,1,1,1,0,1,4,0,0,30,0,0,0,0,0,4,2,10
,2022-15716,-104.8658783,39.77563481,4/18/2022 5:15,5:15,12,0,0,I-70 & HAVANA ST N,1,3,0,0,1,4,0,0,55,0,0,0,0,0,1,2,16
,2022-15717,-104.9835991,39.72906361,5/6/2022 21:15,21:15,11,0,0,8TH AVE E  & 300 BLK E,1,3,0,0,1,1,0,0,0,0,0,1,0,0,4,2,16
,2022-15725,-105.0130163,39.72542371,5/3/2022 10:34,10:34,12,0,0,I-25 & 6TH AVE W,1,1,0,0,1,4,0,0,55,0,0,0,0,0,1,3,16
,2022-15726,-104.9194641,39.65570288,5/8/2022 12:59,12:59,12,0,2,I-25 SB EXIT GORE PT TO  & HAMPDEN AVE,1,1,0,0,1,4,0,0,65,0,0,0,0,2,1,2,1
,2022-15727,-105.0251796,39.78438167,4/23/2022 16:47,16:47,15,0,0,I-70 & FEDERAL BLVD N,1,1,0,0,1,4,0,0,55,0,0,0,0,0,2,2,13
,2022-15728,-105.0165222,39.7513218,5/7/2022 23:05,23:05,12,0,0,I-25 & 23RD AVE W,1,3,0,0,1,4,0,0,,0,0,0,0,0,2,3,16
,2022-15737,-104.8762799,39.71537353,5/8/2022 15:45,15:45,6,0,0,700BLK S DAYTON ST & E OHIO AVE,1,1,1,0,1,4,0,0,25,0,0,0,0,0,4,2,14
,2022-15743,-104.9875479,39.79103577,5/7/2022 21:52,21:52,6,0,0,N BROADWAY ST & E 52ND AVE,1,3,0,0,1,4,0,0,25,0,0,0,0,0,4,2,14
,2022-15744,-104.959259,39.73133059,5/8/2022 16:00,16:00,6,0,0,N JOSEPHINE ST & E 9TH AVE,1,1,0,0,1,4,0,0,20,0,0,0,0,0,4,2,11
,2022-15748,-104.9427651,39.76809559,5/7/2022 19:17,19:17,6,0,0,3700 N GARFIELD / JACKSON ST ALLEY & E 37TH AVE,1,1,0,0,1,9,0,0,25,0,0,0,0,0,4,2,14
,2022-15751,-104.9904569,39.73685455,5/3/2022 15:51,15:51,11,0,1,13TH AVE W & BANNOCK ST,1,1,0,0,1,4,0,0,30,0,0,1,0,2,4,1,16
,2022-15774,-104.917718,39.78343356,5/5/2022 10:45,10:45,6,0,0,LEYDEN ST N & 4700 BLK N,1,1,0,0,1,4,0,0,30,0,0,0,0,0,4,2,11
,2022-15775,-104.9394664,39.72650384,4/16/2022 23:15,23:15,6,0,0,ALBION ST N & 6TH AVE E,1,1,0,0,1,4,0,0,25,0,0,0,0,0,4,2,16
,2022-15778,-104.9721008,39.76450728,4/18/2022 16:38,16:38,3,0,0,BRUCE RANDOLPH AVE E & MARION ST N,1,1,0,0,1,1,0,0,25,0,0,0,0,0,4,2,16
,2022-15780,-104.9090046,39.67845735,5/9/2022 7:40,7:40,12,0,1,E EVANS AVE & S ONEIDA ST,1,1,1,0,1,4,0,0,35,0,0,0,0,1,4,4,16
,2022-15781,-105.0334254,39.73991928,5/5/2022 13:10,13:10,8,0,0,1400 N KING ST & COLFAX,1,1,0,0,1,4,0,0,25,0,0,0,0,0,4,2,11
,2022-15783,-105.0291837,39.69128454,5/6/2022 8:50,8:50,14,0,0,3200 W ARKANSAS AVE & S IRVING ST,1,1,0,1,1,4,0,0,25,0,0,0,0,0,4,2,13
,2022-15784,-104.9568271,39.66033273,5/5/2022 15:24,15:24,12,0,0,E DARTMOUTH AVE & S CLAYTON ST,1,1,0,0,1,4,0,0,30,0,0,0,0,0,4,2,3
,2022-15785,-105.0299463,39.74273938,5/8/2022 13:15,13:15,1,0,0,IRVING ST N & 16TH AVE W,1,1,0,0,1,1,0,0,25,0,0,0,1,0,4,2,16
,2022-15786,-104.9873893,39.75080366,5/9/2022 7:32,7:32,10,0,0,21ST ST & N BROADWAY ST,1,1,0,0,1,1,0,0,30,0,0,0,0,0,4,2,1
,2022-15787,-104.899113,39.75837782,4/29/2022 14:00,14:00,6,0,0,29TH PL E & ROSLYN ST N,1,3,0,0,1,4,0,0,,0,0,0,0,0,4,2,16
,2022-15790,-104.9710275,39.70777671,5/9/2022 13:00,13:00,3,0,0,LAFAYETTE ST S & VIRGINIA AVE E,1,1,0,0,1,1,0,0,25,0,0,0,0,0,4,2,13
,2022-15792,-104.9019998,39.76737704,5/9/2022 18:10,18:10,12,0,1,E 36TH AVE & N QUEBEC ST,1,1,0,0,1,3,0,0,35,0,0,0,0,1,4,2,13
,2022-15795,-104.8851167,39.63929362,4/20/2022 12:09,12:09,5,0,0,I-225 & YOSEMITE ST S,1,4,0,0,1,4,0,0,65,0,0,0,1,0,1,2,16
,2022-15796,-104.8987218,39.74379684,5/8/2022 20:26,20:26,1,0,0,17TH AVE E & SYRACUSE ST N,1,3,0,0,1,1,0,0,35,0,0,0,0,0,4,2,3
,2022-15797,-104.8935219,39.63574821,5/5/2022 11:36,11:36,12,0,2,I-225 & TAMARAC ST S,1,1,0,0,1,4,0,0,55,0,0,0,0,1,1,4,13
,2022-15799,-104.9824312,39.77832396,5/8/2022 20:23,20:23,3,0,1,N LOGAN ST & E 45TH AVE,1,3,0,0,1,1,0,0,25,0,0,0,1,2,4,2,13
,2022-15801,-105.0064488,39.76578463,5/9/2022 2:43,2:43,6,0,0,3500 BLK N PECOS ST & W 35TH AVE,1,3,1,0,1,4,0,0,25,0,0,0,0,0,4,3,10
,2022-15803,-104.9011804,39.71706772,5/6/2022 17:20,17:20,15,0,0,7400 E LOWRY BLVD & S QUINCEY ST,1,2,0,0,1,4,0,0,30,0,0,0,0,0,4,2,13
,2022-15804,-104.9939486,39.74653018,5/5/2022 11:35,11:35,12,0,0,CHAMPA ST & 16TH ST,1,1,0,0,1,3,0,0,30,0,0,0,0,1,4,2,13
,2022-15805,-104.8923556,39.69659312,5/6/2022 12:20,12:20,12,0,0,E MISSISSIPPI AVE & S VALENTIA ST,1,1,0,0,1,4,0,0,35,0,0,0,0,1,4,2,7
,2022-15807,-104.9764699,39.74000172,5/4/2022 18:43,18:43,6,0,0,N EMERSON ST & E COLFAX AVE,11,1,0,1,1,4,0,0,25,0,0,0,0,0,4,2,16
,2022-15809,-105.0205261,39.75120686,5/4/2022 7:35,7:35,2,0,1,CLAY ST N & 23RD AVE W,11,1,0,1,1,1,0,0,25,1,0,0,0,1,4,1,13
,2022-15810,-105.0384416,39.72549105,5/3/2022 21:55,21:55,15,0,3,6TH AVE W & OSCEOLA ST N,1,3,2,0,1,4,0,0,55,0,0,0,0,3,2,3,16
,2022-15811,-104.9139642,39.74007779,5/5/2022 18:54,18:54,5,0,1,COLFAX AVE E & LOCUST ST N,1,2,0,0,3,1,0,0,35,0,0,0,0,2,2,1,16
,2022-15815,-105.0205189,39.7620207,5/9/2022 15:15,15:15,3,0,0,W 32ND AVE & N CLAY ST,1,1,0,0,1,1,0,0,30,0,0,0,0,0,4,2,13
,2022-15816,-104.9858011,39.78187764,5/5/2022 16:30,16:30,1,0,0,N LINCOLN ST & E 47TH AVE,1,1,0,0,1,1,0,0,25,0,0,0,0,0,4,2,7
,2022-15818,-104.8973956,39.68933549,5/5/2022 19:00,19:00,12,0,0,7800 E FLORIDA AVE & S QUEBEC WAY,1,1,0,0,1,3,0,0,25,0,0,0,0,1,4,4,16
,2022-15820,-104.9924616,39.69484528,5/6/2022 14:15,14:15,15,0,0,SANTA FE DR S & ARIZONA AVE W,1,1,0,0,1,1,0,0,35,0,0,0,0,0,2,2,16
,2022-15821,-104.9939993,39.72118617,5/5/2022 11:30,11:30,6,0,0,ELATI ST N & 3RD AVE W,1,1,0,0,1,4,0,0,25,0,0,0,0,0,4,2,11
,2022-15822,-105.0133487,39.72550245,5/8/2022 9:00,9:00,5,0,0,I-25 & 6TH AVE W,1,1,0,0,1,4,0,0,55,0,0,0,0,0,1,2,14
,2022-15823,-104.8968026,39.77821092,5/6/2022 6:55,6:55,15,0,0,I-70 & I-270,1,1,0,0,1,4,0,0,,0,0,0,0,0,1,3,16
,2022-15825,-105.0092017,39.75640277,5/9/2022 15:11,15:11,15,0,0,15TH ST & PLATTE ST,1,1,0,0,1,3,0,0,30,0,0,0,0,0,4,2,13
,2022-15826,-105.0131182,39.72551753,5/9/2022 7:56,7:56,15,0,0,I-25 NB ON RAMP FROM & 6TH AVE W,1,1,1,0,1,8,0,0,55,0,0,0,0,0,1,2,13
,2022-15829,-104.9873894,39.75638817,5/6/2022 16:45,16:45,3,0,0,N BROADWAY ST & 24TH ST,1,1,0,0,1,1,0,0,30,0,0,0,0,0,4,3,11
,2022-15830,-105.0020122,39.74859813,5/8/2022 14:20,14:20,12,0,0,1400 BLK 14TH ST & BLAKE ST.,1,1,0,0,1,4,0,0,30,0,0,0,0,0,4,2,16
,2022-15831,-105.0251344,39.72932999,5/3/2022 17:56,17:56,15,0,0,6TH AVE W & FEDERAL BLVD N,1,1,0,0,1,4,0,0,55,0,0,0,0,0,2,2,11
,2022-15833,-104.9116434,39.73726853,5/6/2022 13:45,13:45,3,0,0,E 13TH AVE & N MAGNOLIA ST,1,1,0,0,1,1,0,0,25,0,0,0,0,0,4,2,13
,2022-15834,-104.958078,39.72911487,5/9/2022 12:58,12:58,12,0,0,E 8TH AVE & N COLUMBINE ST,1,1,0,0,1,4,0,0,30,0,0,0,0,0,4,3,3
,2022-15835,-104.931652,39.78014385,5/6/2022 7:40,7:40,12,0,1,I-70 & DAHLIA ST N,1,1,1,0,1,4,0,0,55,0,0,0,0,1,1,3,1
,2022-15836,-104.8803986,39.70770615,5/5/2022 12:52,12:52,15,0,0,E ALAMEDA AVE & S DAYTON ST,1,1,0,0,1,4,0,0,35,0,0,0,0,0,4,2,16
,2022-15837,-104.9622207,39.75371442,5/6/2022 19:57,19:57,15,0,0,VINE ST & 2522 N ,1,4,0,7,1,4,0,0,,0,0,0,0,0,4,3,16
,2022-15839,-104.9835794,39.7400415,5/9/2022 7:26,7:26,3,0,0,COLFAX AVE E & GRANT ST N,1,1,0,0,1,1,0,0,30,0,0,0,0,0,2,2,11
,2022-15840,-104.976911,39.6785292,5/9/2022 8:45,8:45,1,0,1,EVANS AVE E & EMERSON ST S,1,1,0,0,1,1,0,0,35,0,0,0,0,1,4,2,13
,2022-15842,-104.9884701,39.75537427,5/8/2022 3:29,3:29,6,0,0,PARK AVE W & LAWRENCE ST,1,3,0,0,1,4,0,0,35,0,0,0,0,0,4,2,14
,2022-15843,-104.9405105,39.7728797,5/9/2022 10:27,10:27,15,0,0,COLORADO BLVD N & 40TH AVE E,1,1,0,0,1,1,0,0,35,0,0,0,0,0,2,2,1
,2022-15844,-104.8827688,39.77727111,5/6/2022 11:20,11:20,12,0,0,I-70 & CENTRAL PARK BLVD N,1,1,0,0,1,4,0,0,55,0,0,0,0,0,1,2,14
,2022-15845,-105.0532905,39.65335611,5/9/2022 7:38,7:38,1,0,0,W HAMPDEN AVE & S SHERIDAN BLVD,1,1,0,0,1,1,0,0,30,0,0,0,0,0,4,2,3
,2022-15846,-104.9085295,39.70037612,5/6/2022 11:26,11:26,12,0,1,LEETSDALE DR & ONEIDA ST S,1,1,0,0,1,4,0,0,35,0,0,0,0,1,2,3,16
,2022-15847,-104.8497431,39.77424003,5/5/2022 13:18,13:18,12,0,5,I-70 & PEORIA ST N,1,1,0,0,1,4,0,0,55,0,0,0,0,2,1,3,16
,2022-15853,-104.9738907,39.77989028,4/27/2022 5:10,5:10,5,0,1,I-70 & WASHINGTON ST EXIT GORE PT,1,3,0,0,2,11,0,1,55,0,0,0,0,3,1,1,16
,2022-15855,-104.9862613,39.72564692,5/6/2022 11:45,11:45,3,0,0,N LINCOLN ST & E SPEER BLVD,1,1,0,0,1,1,0,0,35,0,0,0,0,0,4,2,11
,2022-15856,-105.0106534,39.72300412,5/6/2022 10:08,10:08,12,0,0,I-25 NB EXIT GORE PT TO & 6TH AVE W,1,1,0,0,1,14,0,0,55,0,0,0,0,0,1,2,13
,2022-15858,-104.9907143,39.75710128,5/6/2022 15:00,15:00,10,0,0,PARK AVE W & BLAKE ST,1,1,0,0,1,1,0,0,35,0,0,0,0,0,4,2,8
,2022-15859,-105.0047562,39.76115807,5/9/2022 10:32,10:32,10,0,0,20TH ST & I-25 SB OFF RAMP,1,1,0,0,1,1,0,0,30,0,0,0,0,0,1,2,13
,2022-15866,-104.8291958,39.77590145,5/5/2022 23:39,23:39,6,0,0,ALBROOK DR E & DILLON ST N,1,3,0,0,3,4,0,0,25,0,0,0,0,0,4,2,16
,2022-15867,-104.8935219,39.63574821,5/9/2022 6:48,6:48,12,0,0,I-225 & TAMARAC ST S,1,1,0,0,1,4,0,0,55,0,0,0,0,0,1,2,13
,2022-15868,-104.9593839,39.67359529,5/5/2022 15:55,15:55,12,0,0,S UNIVERSITY BLVD (NOT CDOT) & E WESLEY AVE,1,1,0,0,1,4,0,0,35,0,0,0,0,0,4,2,3
,2022-15870,-105.0268414,39.75848811,5/3/2022 17:48,17:48,1,0,0,29TH AVE & N GROVE ST,1,1,0,0,1,3,0,0,35,0,0,0,0,0,4,2,7
,2022-15871,-104.9624487,39.73998079,5/7/2022 23:30,23:30,6,0,0,COLFAX AVE E & VINE ST N,1,3,0,0,1,4,0,0,,0,0,0,0,0,2,2,16
,2022-15872,-104.9799086,39.73932202,5/6/2022 11:30,11:30,6,0,0,1400 N PEARL ST & E COLFAX AVE,1,1,0,0,1,4,0,0,35,0,0,0,0,0,4,2,8
,2022-15873,-104.9015996,39.63421779,5/8/2022 14:08,14:08,12,0,0,I-225 SB & QUEBEC ST S,1,1,1,0,1,4,0,0,55,0,0,0,0,0,1,2,13
,2022-15874,-104.9851325,39.68955975,5/6/2022 10:42,10:42,6,0,0,S SHERMAN ST & E FLORIDA AVE,1,1,0,0,1,4,0,0,25,0,0,0,0,0,4,2,16
,2022-15880,-104.8589799,39.66000985,5/8/2022 18:55,18:55,12,0,0,3100 S KENTON ST & E DARTMOUTH AVE.,1,1,0,0,1,2,0,0,25,0,0,0,0,0,4,2,7
,2022-15883,-104.9622613,39.78017822,5/5/2022 15:54,15:54,12,0,0,I-70 & BRIGHTON BLVD N,1,1,1,0,1,4,0,0,55,0,0,0,0,0,1,2,16
,2022-15884,-105.0098653,39.78340781,5/8/2022 11:46,11:46,5,0,0,I-70 & PECOS ST N,1,1,0,0,1,4,0,0,30,0,0,0,0,0,1,2,14
,2022-15894,-104.9786998,39.73515179,5/6/2022 22:26,22:26,3,0,0,12TH AVE E & WASHINGTON ST N,14,3,3,7,1,1,0,0,30,0,0,0,0,0,4,2,16
,2022-15895,-105.0139596,39.74044224,5/5/2022 16:27,16:27,12,0,0,I-25 & COLFAX AVE W,1,1,0,0,1,4,0,0,55,0,0,0,0,0,1,2,13
,2022-15905,-105.0150499,39.72932217,5/4/2022 17:24,17:24,12,0,0,I-25 & 8TH AVE W,11,1,0,1,1,4,0,0,55,0,0,0,0,0,1,2,16
,2022-15907,-104.9828856,39.67856474,5/7/2022 6:49,6:49,3,0,0,EVANS AVE E & LOGAN ST S,1,1,0,0,1,1,0,0,35,0,0,0,0,0,4,2,3
,2022-15960,-104.9958684,39.75175068,3/27/2022 21:34,21:34,3,0,1,18TH ST & MARKET ST,1,3,0,0,1,1,0,0,30,0,0,0,1,3,4,2,1
,2022-15961,-104.9425598,39.71149774,3/26/2022 13:51,13:51,3,0,0,E ALAMEDA AVE & S JACKSON ST,1,1,0,0,1,1,0,0,30,0,0,0,0,0,4,2,16
,2022-15962,-105.0148299,39.72932162,4/2/2022 22:51,22:51,15,0,0,I-25 & W 8TH AVE EXIT RAMP 209C,1,3,0,0,1,4,0,0,55,0,0,0,0,0,1,2,1
,2022-15967,-104.9497567,39.78010339,5/10/2022 7:17,7:17,12,0,0,I-70 & STEELE ST N,1,1,0,0,1,4,0,1,55,0,0,0,0,0,1,2,8
,2022-15968,-104.9647152,39.76449762,5/10/2022 6:20,6:20,3,0,1,N HIGH ST & E BRUCE RANDOLPH AVE,1,1,0,0,1,1,0,0,25,0,0,0,0,1,4,2,11
,2022-15969,-104.9428862,39.73832592,5/10/2022 16:50,16:50,12,0,0,E 14TH AVE & N JACKSON ST,1,1,0,0,1,1,0,0,30,0,0,0,0,0,4,2,3
,2022-15972,-104.9034588,39.73289501,5/9/2022 15:01,15:01,3,0,1,E 11TH AVE & N QUEBEC ST,1,1,1,0,1,1,0,0,30,0,0,0,0,1,4,3,1
,2022-15973,-104.9949588,39.76832199,5/10/2022 14:59,14:59,12,0,1,I-25 & PARK AVE W,1,1,0,0,1,4,0,0,55,0,0,0,0,1,1,2,16
,2022-15976,-104.9647694,39.73812405,5/9/2022 13:02,13:02,6,0,0,1300 BLK N HIGH ST & E. 14TH AVE,1,1,0,0,1,4,0,0,25,0,0,0,0,0,4,3,1
,2022-15978,-104.9207062,39.66758392,5/9/2022 15:00,15:00,3,0,0,YALE AVE E & HOLLY ST S,1,1,0,0,1,1,0,0,,0,0,0,0,0,4,2,16
,2022-15979,-104.9781089,39.68399581,5/9/2022 17:00,17:00,6,0,0,1800 BLK S CLARKSON ST & E COLORADO AVE,1,1,0,0,1,1,0,0,25,0,0,0,0,0,4,2,14
,2022-15981,-104.9175558,39.74020825,5/9/2022 11:00,11:00,3,0,0,N KEARNEY ST & E COLFAX AVE,1,1,0,0,1,1,0,0,25,0,0,0,0,0,2,2,3
,2022-15982,-104.7626865,39.7948385,5/10/2022 19:10,19:10,3,0,0,MAXWELL PL E & DUNKIRK ST N,1,1,0,0,1,1,0,0,40,0,0,0,0,0,4,3,3
,2022-15983,-104.9938169,39.76576827,4/9/2022 1:52,1:52,6,0,0,N GLOBEVILLE RD & PARK AVE W,1,3,0,0,1,2,0,0,,0,0,0,0,0,4,2,3
,2022-15984,-104.8486532,39.77414573,5/10/2022 13:28,13:28,15,0,0,I-70 & PEORIA ST N,1,1,0,0,1,4,0,0,55,0,0,0,0,0,1,2,16
,2022-15986,-104.9873901,39.74000829,5/10/2022 14:50,14:50,1,0,0,E COLFAX AVE & N BROADWAY ST,1,1,2,0,1,1,0,0,35,0,0,0,0,0,4,2,16
,2022-15987,-105.0346162,39.77076216,5/10/2022 18:31,18:31,10,0,0,N LOWELL BLVD & W 39TH AVE,1,1,0,0,1,1,0,0,30,0,0,0,0,0,4,2,10
,2022-15988,-104.9895508,39.78026028,5/9/2022 22:22,22:22,12,0,0,I-70 & I-25,1,3,0,0,1,4,0,0,55,0,0,0,0,0,2,2,13
,2022-16015,-105.0250228,39.72349116,5/10/2022 11:15,11:15,12,0,0,FEDERAL BLVD N & 5TH AVE W,1,1,0,0,1,4,0,0,35,0,0,0,0,0,2,2,16
,2022-16016,-105.0339321,39.76952059,5/10/2022 17:14,17:14,12,0,1,3500 BLK W 38TH AVE & N LOWELL BLVD,1,1,0,0,1,4,0,0,35,0,0,0,0,1,4,2,1
,2022-16022,-104.9862685,39.71480138,5/10/2022 17:13,17:13,12,0,1,S LINCOLN ST & E BAYAUD AVE,1,1,0,0,1,4,0,0,35,0,0,0,0,1,4,2,13
,2022-16023,-104.9729353,39.72907893,5/9/2022 14:00,14:00,12,0,0,E 8TH AVE & N DOWNING ST,1,1,0,0,1,1,0,0,35,0,0,0,0,0,4,2,3
,2022-16025,-104.9826959,39.71473661,5/10/2022 12:26,12:26,15,0,0,S LOGAN ST & E BAYAUD AVE,1,1,0,0,1,3,0,0,35,0,0,0,0,0,4,2,3
,2022-16026,-104.9827661,39.6947844,5/10/2022 16:31,16:31,1,0,0,E ARIZONA AVE & S LOGAN ST,1,1,0,0,1,1,0,0,25,0,0,0,0,0,4,2,13
,2022-16028,-104.7863511,39.79948311,5/9/2022 18:48,18:48,12,0,0,PENA BLVD & 56TH AVE E,1,1,0,0,1,4,0,0,65,0,0,0,0,0,2,2,14
,2022-16029,-104.9071601,39.65318326,5/10/2022 16:46,16:46,15,0,1,HAMPDEN AVE E & OLEANDER CT S,1,1,0,0,1,1,0,0,40,0,0,0,0,1,2,2,13
,2022-16030,-104.9671121,39.78013827,5/7/2022 12:59,12:59,12,0,0,I-70 & BRIGHTON BLVD N,1,1,0,0,1,4,0,0,55,0,0,0,0,0,1,2,16
,2022-16031,-104.9033946,39.7983915,5/10/2022 6:28,6:28,15,0,0,N QUEBEC ST & E 56TH AVE,1,1,0,0,1,4,0,0,45,0,0,0,0,0,4,2,3
,2022-16033,-104.9873762,39.74335811,5/10/2022 15:40,15:40,3,0,1,COURT PL & 17TH ST,1,1,0,0,1,1,0,0,30,0,0,0,0,2,4,2,13
,2022-16034,-104.9798609,39.73369233,5/10/2022 9:50,9:50,3,0,1,N PEARL ST & E 11TH AVE,1,1,0,0,1,1,0,0,35,0,0,0,0,2,4,2,16
,2022-16035,-104.8905112,39.78701731,5/10/2022 15:12,15:12,3,0,0,E 49TH PL & N VERBENA ST,1,1,0,0,1,1,0,0,30,0,0,0,0,0,4,2,16
,2022-16039,-104.9789395,39.77631289,5/7/2022 22:16,22:16,5,0,0,WASHINGTON ST N & RINGSBY CT,1,3,0,0,1,2,0,0,35,0,0,0,0,0,4,1,16
,2022-16052,-104.9670454,39.77989217,5/2/2022 0:34,0:34,9,0,0,I-70 & BRIGHTON BLVD N,11,3,0,1,1,4,0,0,65,0,0,0,0,0,1,1,1
,2022-16067,-105.0043333,39.74988775,5/7/2022 1:10,1:10,5,0,0,N SPEER BLVD & WEWATTA ST,1,3,0,0,6,4,0,0,35,0,0,0,0,0,4,1,9
,2022-16073,-104.7612059,39.78934608,5/5/2022 10:15,10:15,6,0,0,ESPANA WY N & 50TH PL E,1,1,0,0,1,4,0,0,30,0,0,0,0,0,4,2,11
,2022-16091,-104.7979599,39.78378637,5/10/2022 3:45,3:45,5,0,0,MEMPHIS ST N & GVR BLVD E,1,4,0,0,3,4,0,0,40,0,0,0,0,0,4,1,14
,2022-16097,-104.9497567,39.78010339,5/11/2022 8:08,8:08,15,0,0,I-70 & STEELE ST N,1,1,0,0,1,4,0,0,55,0,0,0,0,0,1,2,13
,2022-16100,-104.9836471,39.76654894,5/11/2022 4:00,4:00,6,0,0,N BRIGHTON BLVD & 31ST ST,1,3,0,0,1,1,0,0,30,0,0,0,0,0,4,2,11
,2022-16101,-104.9116634,39.74374351,5/10/2022 16:00,16:00,6,0,0,MAGNOLIA ST N & 1635 N MAGNOLIA ST,1,1,0,0,1,2,0,0,25,0,0,0,0,0,4,2,7
,2022-16103,-104.9129182,39.71121288,5/10/2022 16:36,16:36,1,0,0,E ALAMEDA AVE & S MONACO ST,1,1,0,0,1,1,0,0,35,0,0,0,0,0,4,2,11
,2022-16122,-104.9745666,39.75303658,5/10/2022 14:22,14:22,6,0,0,2400 BLK N OGDEN ST & E 25TH AVE,1,1,0,0,1,4,0,0,,0,0,0,0,0,4,2,16
,2022-16126,-105.0064273,39.78326345,5/11/2022 12:30,12:30,3,0,2,PECOS ST N & I-70 WB OFF RAMP,1,1,0,7,1,6,0,0,20,0,0,0,0,1,4,2,13
,2022-16131,-104.9929399,39.69666191,5/8/2022 3:07,3:07,3,0,0,W MISSISSIPPI AVE & S PLATTE RIVER DR,1,3,0,0,1,1,0,0,45,0,0,0,0,1,4,2,16
,2022-16132,-104.9919385,39.68765483,5/10/2022 22:09,22:09,12,0,1,SANTA FE DR S & IOWA AVE W,1,3,0,0,1,3,0,0,45,0,0,0,0,2,2,3,1
,2022-16133,-104.9733493,39.75824102,5/11/2022 8:14,8:14,3,0,0,E 29TH AVE & N DOWNING ST,1,1,0,0,1,1,0,0,30,0,0,0,0,0,4,2,11
,2022-16134,-104.9810842,39.74327186,5/10/2022 16:52,16:52,3,0,0,17TH AVE E & PENNSYLVANIA ST N,1,1,0,0,1,9,0,0,10,0,0,0,0,0,4,2,8
,2022-16136,-104.9128936,39.68207965,5/10/2022 18:00,18:00,12,0,0,S MONACO ST & E JEWELL AVE,1,1,0,0,1,1,0,0,30,0,0,0,0,0,4,2,3
,2022-16138,-105.0297915,39.70142405,5/11/2022 7:00,7:00,6,0,0,S IRVING ST & W ADA PL,1,1,0,0,1,1,0,0,25,0,0,0,0,0,4,2,16
,2022-16140,-104.9405114,39.76180251,5/10/2022 19:59,19:59,1,0,0,COLORADO BLVD N & MLK BLVD E,1,2,0,0,1,1,0,0,35,0,0,0,0,0,2,2,14
,2022-16141,-105.0532715,39.72176356,5/10/2022 22:46,22:46,12,0,0,SHERIDAN BLVD N & CEDAR AVE W,1,3,0,0,1,1,0,0,35,0,0,0,0,0,2,3,13
,2022-16142,-104.9918785,39.69667345,4/21/2022 21:26,21:26,11,0,1,SANTA FE DR S & MISSISSIPPI AVE W,1,3,0,0,1,1,0,0,0,0,0,1,0,3,2,1,16
,2022-16144,-104.9791539,39.77935673,5/11/2022 6:01,6:01,12,0,0,I-70 EB OFF RAMP TO & WASHINGTON ST N,1,1,1,0,1,8,0,0,45,0,0,0,0,0,1,2,10
,2022-16145,-104.9874004,39.73532352,5/11/2022 12:05,12:05,10,0,0,N BROADWAY ST & E 12TH AVE,1,1,0,0,1,1,0,0,35,0,0,0,0,0,4,2,8
,2022-16148,-105.0532168,39.65561485,5/11/2022 12:45,12:45,12,0,0,SHERIDAN BLVD S & DARTMOUTH AVE W,1,1,0,0,1,4,0,0,40,0,0,0,0,0,2,3,3