id,drcog_id,longitude,latitude,crashtime,time,crashtype,numbkilled,numbinjurd,drcoglocat,rdconditin,lightngcon,roadcntgrd,weatherco,location,roaddescrp,schoolzone,constrzone,splimit,bikeinv,pedinv,sctrinv,motoinv,svrty,rdsystem,ttlvehcls,hcf
,2022-16157,-104.9407787,39.72910908,5/11/2022 10:25,10:25,15,0,0,COLORADO BLVD N & 8TH AVE E,1,1,0,0,1,1,0,0,35,0,0,0,0,0,2,2,1
,2022-16161,-105.0158464,39.77776331,5/11/2022 8:24,8:24,1,0,0,N ZUNI ST & W 45TH AVE,1,1,1,0,1,1,0,0,30,0,0,0,0,0,4,2,11
,2022-16163,-104.8858829,39.63968877,5/11/2022 19:59,19:59,12,0,1,I-225 SB ON RAMP & YOSEMITE ST S,1,2,1,0,1,8,0,0,45,0,0,0,0,1,4,2,3
,2022-16164,-105.0252229,39.74757771,5/7/2022 15:30,15:30,3,0,1,FEDERAL BLVD N & 20TH AVE W,1,1,0,0,1,1,0,0,35,0,0,0,0,1,2,3,14
,2022-16165,-104.9489039,39.74014976,5/11/2022 14:15,14:15,6,0,0,COLFAX AVE E & ADAMS ST N,1,1,0,0,1,4,0,0,30,0,0,0,0,0,2,2,13
,2022-16167,-104.7672443,39.8339764,5/6/2022 3:15,3:15,4,0,0,PENA BLVD & TOWER RD,1,3,0,0,1,4,0,0,65,0,0,0,0,0,4,1,13
,2022-16168,-104.978649,39.74485167,5/10/2022 15:43,15:43,15,0,0,600 BLK E 18TH AVE & N WASHINGTON ST,1,1,0,0,1,4,0,0,25,0,0,0,0,0,4,2,16
,2022-16169,-104.9991495,39.6966933,5/3/2022 3:47,3:47,3,0,0,W MISSISSIPPI AVE & S JASON ST,1,3,0,0,1,1,0,0,30,0,0,0,0,0,4,2,1
,2022-16173,-104.8488894,39.78623219,5/11/2022 9:00,9:00,3,0,1,PARIS ST N & 49TH AVE E,1,1,0,0,1,1,0,0,25,0,0,0,0,1,4,2,11
,2022-16174,-104.9873894,39.75638817,5/11/2022 11:59,11:59,3,0,0,24TH ST & BROADWAY ST N,1,1,0,0,1,1,0,0,30,0,0,0,0,0,4,2,8
,2022-16175,-104.9828866,39.75106775,5/11/2022 2:05,2:05,3,0,0,PARK AVE W & WELTON ST,1,3,1,0,1,1,0,0,35,0,0,0,0,0,4,2,16
,2022-16182,-104.9733086,39.7448345,5/11/2022 14:40,14:40,3,0,0,18TH AVE E & DOWNING ST N,1,1,0,0,1,1,0,0,30,0,0,0,0,0,4,2,11
,2022-16200,-105.0516152,39.72548409,5/10/2022 18:32,18:32,12,0,0,HWY 6 EB ON RAMP FROM & SHERIDAN BLVD S,1,1,1,0,1,8,0,0,30,0,0,0,0,0,2,2,13
,2022-16201,-104.9588789,39.74008695,5/10/2022 16:20,16:20,12,0,0,COLFAX AVE E & JOSEPHINE ST N,1,1,0,0,1,4,0,0,,0,0,0,0,0,2,2,16
,2022-16203,-104.9405105,39.7728797,5/10/2022 20:53,20:53,3,0,1,COLORADO BLVD N & 40TH AVE E,1,3,0,0,1,1,0,0,30,0,0,0,0,1,2,2,13
,2022-16208,-105.0251196,39.67864338,5/11/2022 12:40,12:40,15,0,0,EVANS AVE W & FEDERAL BLVD S,1,1,0,0,1,4,0,0,,0,0,0,0,0,4,2,16
,2022-16224,-104.9504712,39.68471655,4/19/2022 16:18,16:18,15,0,0,I-25 & STEELE ST S,1,1,0,0,1,4,0,0,,0,0,0,0,0,1,2,16
,2022-16225,-104.9874699,39.72413722,1/29/2022 2:20,2:20,12,0,0,N BROADWAY & W 5TH AVE / N BROADWAY ST,1,3,0,0,1,4,0,0,30,0,0,0,0,0,4,3,7
,2022-16227,-105.037129,39.72577565,4/29/2022 17:04,17:04,12,0,1,6TH AVE W & KNOX CT N,1,1,0,0,1,4,0,0,55,0,0,0,1,3,2,2,1
,2022-16228,-104.9874029,39.73045372,5/12/2022 14:50,14:50,3,0,0,N BROADWAY ST & E 9TH AVE,1,1,0,0,1,1,0,0,30,0,0,0,0,0,4,2,13
,2022-16231,-104.9733971,39.71291641,5/12/2022 12:42,12:42,3,0,0,E CEDAR AVE & S DOWNING ST,1,1,0,0,1,1,0,0,25,0,0,0,0,0,4,2,13
,2022-16232,-104.9874502,39.72094395,5/11/2022 15:20,15:20,10,0,0,N BROADWAY ST & E 3RD AVE,1,1,0,0,1,1,0,0,35,0,0,0,0,0,4,2,3
,2022-16233,-104.9666597,39.71817428,5/11/2022 17:00,17:00,12,0,0,E 1ST AVE & N GILPIN ST,1,1,0,0,1,1,0,0,30,0,0,0,0,0,4,3,3
,2022-16238,-104.9763907,39.72375087,5/13/2022 10:00,10:00,6,0,0,EMERSON ST N & 5TH AVE E,1,1,0,1,1,4,0,0,25,0,0,0,0,0,4,2,16
,2022-16239,-104.9994895,39.74893885,5/13/2022 12:30,12:30,10,0,0,15TH ST & MARKET ST,1,1,0,0,1,1,0,0,25,0,0,0,0,0,4,2,13
,2022-16240,-104.8657292,39.78227352,5/13/2022 11:22,11:22,1,0,2,HAVANA ST N & 47TH AVE E,1,1,0,0,1,1,0,0,40,0,0,0,0,3,4,2,11
,2022-16241,-104.7857899,39.78363898,5/11/2022 15:00,15:00,3,0,1,16900 BLK E GVR BLVD & N PENA BLVD,1,1,0,0,1,1,0,0,35,0,0,0,0,1,4,3,11
,2022-16243,-104.939189,39.66827935,5/13/2022 12:16,12:16,3,0,0,4100 E YALE AVE & S ALBION ST,1,1,0,0,1,1,0,0,30,0,0,0,0,0,4,2,13
,2022-16244,-104.9593885,39.68025292,5/13/2022 8:24,8:24,12,0,0,S UNIVERSITY BLVD & E ASBURY AVE,1,1,0,0,1,3,0,0,35,0,0,0,0,0,4,2,16
,2022-16245,-104.9810835,39.73818374,5/12/2022 8:41,8:41,6,0,0,PENNSYLVANIA ST N & 14TH AVE E,1,1,0,1,1,4,0,0,25,0,0,0,0,0,4,2,16
,2022-16246,-104.9541651,39.74016167,5/12/2022 13:40,13:40,2,0,0,DETROIT ST N & COLFAX AVE E,1,1,0,0,1,1,1,0,20,1,0,0,0,0,2,1,11
,2022-16248,-104.9922863,39.74340193,5/13/2022 9:30,9:30,12,0,0,15TH ST & WELTON ST,1,1,0,0,1,1,0,0,30,0,0,0,0,0,4,2,16
,2022-16249,-105.0415186,39.6385472,5/12/2022 15:29,15:29,1,0,0,W QUINCY AVE & S QUITMAN ST,1,1,3,0,1,1,0,0,40,0,0,0,0,0,4,2,13
,2022-16250,-104.9257727,39.65310668,5/11/2022 15:50,15:50,12,0,0,HAMPDEN AVE E & GRAPE ST S,1,1,0,0,1,4,0,0,35,0,0,0,0,0,2,3,13
,2022-16253,-104.9982805,39.71349189,5/12/2022 8:09,8:09,15,0,0,S SANTA FE DR & W CEDAR AVE,1,1,0,0,1,4,0,0,35,0,0,0,0,0,4,2,16
,2022-16255,-104.9255047,39.66746911,5/11/2022 13:28,13:28,12,0,0,I-25 & YALE AVE E,1,1,0,0,1,4,0,0,65,0,0,0,0,0,1,2,13
,2022-16257,-105.0063141,39.78314127,5/12/2022 6:57,6:57,12,0,0,I-70 & PECOS ST N,1,1,1,0,1,4,0,0,55,0,0,0,0,0,1,2,13
,2022-16259,-104.8642084,39.75950548,5/13/2022 9:45,9:45,3,0,0,E MLK BLVD & N HAVANA ST,1,1,0,0,1,1,0,0,35,0,0,0,0,0,4,2,13
,2022-16260,-105.0394686,39.72825665,5/13/2022 14:34,14:34,3,0,1,W 7TH AVE & N PERRY ST,1,1,0,0,1,1,0,0,25,0,0,0,0,1,4,2,13
,2022-16265,-104.9919108,39.75616519,5/12/2022 0:48,0:48,12,0,0,22ND ST & BLAKE ST,1,3,0,0,1,1,0,0,25,0,0,0,0,0,4,2,13
,2022-16266,-104.9987983,39.74003356,5/12/2022 15:05,15:05,3,0,1,COLFAX AVE W & SPEER BLVD NB,1,1,0,0,1,1,0,0,,0,0,0,0,1,2,2,16
,2022-16270,-105.0152044,39.72025757,5/12/2022 12:29,12:29,3,0,0,W 2ND AVE & N YUMA ST,1,1,0,1,1,1,0,0,25,0,0,0,0,0,4,2,13
,2022-16271,-104.9090961,39.65303403,5/12/2022 12:35,12:35,1,0,0,HAMPDEN AVE E & ONEIDA WY S,1,1,0,0,1,1,0,0,35,0,0,0,0,0,2,2,13
,2022-16272,-104.9786559,39.73842082,5/13/2022 1:17,1:17,6,0,0,E 14TH AVE & N WASHINGTON ST,1,3,0,0,1,4,0,0,35,0,0,0,0,0,4,2,12
,2022-16273,-105.0404855,39.73992452,5/13/2022 9:15,9:15,6,0,0,QUITMAN ST N & COLFAX AVE W,1,1,0,1,1,4,0,0,25,0,0,0,0,0,4,2,16
,2022-16277,-104.9874683,39.71115799,5/12/2022 12:29,12:29,12,0,0,E ALAMEDA AVE & S BROADWAY ST,1,1,0,0,1,3,0,0,30,0,0,0,0,0,4,2,13
,2022-16278,-104.983619,39.72563055,5/12/2022 11:12,11:12,3,0,0,GRANT ST N & 6TH AVE E,1,1,0,0,1,1,0,0,30,0,0,0,0,0,4,2,16
,2022-16279,-104.8987254,39.65307764,5/12/2022 8:49,8:49,3,0,0,HAMPDEN AVE E & TAMARAC DR S,1,1,0,0,1,1,0,0,40,0,0,0,0,0,2,2,16
,2022-16280,-104.9777399,39.69299773,5/12/2022 17:39,17:39,12,0,1,I-25 & LOUISIANA AVE E,1,1,3,0,1,4,0,0,60,0,0,0,0,1,1,2,11
,2022-16281,-104.9985749,39.71842848,5/11/2022 14:00,14:00,10,0,0,N SANTA FE DR & W 1ST AVE,1,1,0,0,1,1,0,0,35,0,0,0,0,0,4,2,3
,2022-16283,-104.9600519,39.73998088,5/10/2022 11:12,11:12,6,0,0,COLFAX AVE E & YORK ST N,1,1,3,0,1,4,0,0,30,0,0,0,0,0,2,2,16
,2022-16284,-104.7561682,39.78161758,5/12/2022 17:00,17:00,15,0,0,E 47TH AVE & N HIMALAYA RD,1,1,0,0,1,1,0,0,30,0,0,0,0,0,4,2,1
,2022-16285,-104.9980145,39.74002359,5/12/2022 19:47,19:47,3,0,1,COLFAX AVE W & SPEER BLVD NB,1,3,0,0,1,1,0,0,35,0,0,0,0,2,2,3,13
,2022-16287,-104.9129182,39.71121288,5/12/2022 12:29,12:29,1,0,0,E ALAMEDA AVE & S MONACO ST,1,1,0,0,1,1,0,0,35,0,0,0,0,0,4,2,13
,2022-16288,-105.0532671,39.78485398,5/13/2022 0:19,0:19,5,0,0,SHERIDAN BLVD N & I-70 WB OFF RAMP SLIP ,1,3,0,0,1,4,0,0,35,0,0,0,0,0,4,2,13
,2022-16289,-105.057265,39.68227326,5/13/2022 9:27,9:27,3,0,0,JEWELL AVE W & DEPEW ST S,1,1,0,1,1,1,0,0,40,0,0,0,0,0,4,2,13
,2022-16292,-104.8985479,39.65307738,5/11/2022 11:24,11:24,12,0,0,HAMPDEN AVE E & TAMARAC DR S,1,1,1,0,1,3,0,0,40,0,0,0,0,0,2,2,16
,2022-16293,-104.9090961,39.65303403,5/13/2022 8:50,8:50,1,0,1,HAMPDEN AVE E & ONEIDA WY S,1,1,0,0,1,1,0,0,35,0,0,0,0,1,2,2,8
,2022-16294,-104.9786203,39.73842064,5/13/2022 8:13,8:13,6,0,0,14TH AVE E & WASHINGTON ST N,1,1,0,1,1,4,0,0,30,0,0,0,0,0,4,2,16
,2022-16296,-104.9848466,39.7432774,5/12/2022 9:36,9:36,15,0,0,100 BLK E 17TH AVE & N SHERMAN ST,1,1,0,0,1,4,0,0,35,0,0,0,0,0,4,2,16
,2022-16297,-104.7155365,39.83228895,5/12/2022 11:39,11:39,15,0,0,7500 BLK N GUN CLUB RD & E 75TH AVE,1,1,0,0,1,1,0,0,35,0,0,0,0,0,4,2,11
,2022-16299,-104.9909635,39.7554258,5/11/2022 18:05,18:05,12,0,1,22ND ST & MARKET ST,1,1,0,0,1,3,0,0,30,0,0,0,0,1,4,2,11
,2022-16307,-104.9671247,39.72559303,5/12/2022 12:10,12:10,3,0,0,E 6TH AVE & N GILPIN ST,1,1,0,0,1,1,0,0,25,0,0,0,0,0,4,2,11
,2022-16308,-105.0349086,39.72579149,5/12/2022 14:20,14:20,15,0,0,6TH AVE W & LOWELL BLVD N,1,1,0,0,1,4,0,0,,0,0,0,0,0,2,2,16
,2022-16311,-104.9567145,39.74160056,5/12/2022 12:09,12:09,6,0,0,ESPLANADE PKWY N & 16TH AVE E,1,1,0,0,1,4,1,0,20,0,0,0,0,0,4,3,10
,2022-16312,-105.0516152,39.72548409,5/11/2022 10:29,10:29,12,0,2,HWY 6  EB ON RAMP FROM & SHERIDAN BLVD N,1,1,1,0,1,8,0,0,55,0,0,0,0,1,2,2,16
,2022-16315,-105.0407433,39.70560352,5/12/2022 7:19,7:19,12,0,0,4000 BLK MORRISON RD & S QUITMAN ST,1,1,0,1,1,4,0,0,35,0,0,0,0,0,4,3,13
,2022-16319,-104.7721476,39.79253636,5/11/2022 12:45,12:45,3,0,1,ELMENDORF DR E & TOWER RD N,1,1,0,0,1,1,0,0,30,0,0,0,0,1,4,2,11
,2022-16320,-104.986247,39.71656133,5/11/2022 13:00,13:00,12,0,0,S LINCOLN ST & E ELLSWORTH AVE,1,1,0,0,1,1,0,0,30,0,0,0,0,0,4,2,3
,2022-16322,-105.0064365,39.78383346,5/12/2022 14:12,14:12,3,0,0,PECOS ST N & I-70 WB ON RAMP,1,1,0,0,1,6,0,0,,0,0,0,0,0,1,2,16
,2022-16323,-104.9771803,39.77430267,5/12/2022 14:18,14:18,1,0,0,38TH ST & CHESTNUT PL,1,1,0,0,1,1,0,0,35,0,0,0,0,0,4,2,11
,2022-16324,-104.9128977,39.68936075,5/12/2022 9:26,9:26,1,0,2,MONACO ST S & FLORIDA AVE E,1,1,0,0,1,1,0,0,30,0,0,0,0,2,4,2,10
,2022-16326,-104.9072918,39.73289489,5/12/2022 16:15,16:15,3,0,1,N ONEIDA PL & E 11TH AVE,1,1,0,0,1,1,0,0,35,0,0,0,0,1,4,2,11
,2022-16331,-104.997015,39.7376006,5/13/2022 14:20,14:20,12,0,1,N SPEER BLVD & W 13TH AVE,1,1,0,0,1,4,0,0,35,0,0,0,0,1,4,2,13
,2022-16334,-104.943043,39.74371427,5/11/2022 19:00,19:00,5,0,0,JACKSON ST & 1700 BLK,14,5,3,7,3,4,0,1,,0,0,0,0,0,4,1,16
,2022-16335,-105.0816931,39.63015007,4/22/2022 13:03,13:03,15,0,0,WADSWORTH WY S & LAYTON AVE W,1,1,0,0,1,4,0,0,45,0,0,0,0,0,2,2,14
,2022-16337,-104.847031,39.77790818,5/13/2022 11:15,11:15,15,0,0,N PEORIA ST & E 45TH AVE,1,1,0,0,1,4,0,0,35,0,0,0,0,0,4,2,11
,2022-16339,-105.0299383,39.77484562,5/13/2022 16:22,16:22,3,0,0,W 42ND AVE & N IRVING ST,1,1,0,0,1,1,0,0,25,0,0,0,0,0,4,2,3
,2022-16342,-104.983619,39.72563055,5/13/2022 14:28,14:28,3,0,1,E 6TH AVE & N GRANT ST,1,1,0,0,1,1,0,0,30,0,0,0,0,1,4,3,13
,2022-16344,-104.8097976,39.78374358,5/12/2022 19:17,19:17,1,0,0,N CHAMBERS RD & E GVR BLVD,1,1,0,0,1,1,0,0,35,0,0,0,0,0,4,2,16
,2022-16346,-104.9034947,39.71128237,5/13/2022 0:00,0:00,3,0,0,ALAMEDA AVE E & QUEBEC ST S,1,3,0,0,1,1,0,0,,0,0,0,0,0,4,2,16
,2022-16349,-104.882959,39.77713978,5/11/2022 20:55,20:55,12,0,0,I-70 & CENTRAL PARK BLVD N,1,3,0,0,1,4,0,0,55,0,0,0,0,0,1,2,16
,2022-16350,-104.9687916,39.66765819,5/12/2022 0:01,0:01,3,0,0,S FRANKLIN ST & E YALE AVE,1,3,0,0,1,1,0,0,25,0,0,0,0,0,4,2,13
,2022-16354,-104.904677,39.7414735,5/8/2022 2:07,2:07,6,0,0,7100 E 16TH AVE & N POPLAR ST,1,3,0,0,1,4,0,0,30,0,0,0,0,0,4,2,3
,2022-16356,-104.9835794,39.7400415,5/12/2022 13:55,13:55,3,0,0,COLFAX AVE E & GRANT ST N,1,1,0,0,1,1,0,0,35,0,0,0,0,0,2,2,13
,2022-16357,-105.0131182,39.72551753,5/12/2022 4:43,4:43,15,0,0,I-25 & 6TH AVE W,1,3,0,0,1,4,0,0,55,0,0,0,0,0,1,2,16
,2022-16363,-104.9695324,39.73852356,5/12/2022 16:06,16:06,6,0,0,1400 BLK N HUMBOLDT ST & E 14TH AVE,1,1,0,0,1,4,0,0,25,0,0,0,0,0,4,2,16
,2022-16365,-104.9909466,39.75556877,5/13/2022 17:40,17:40,15,0,0,MARKET ST & 22ND ST,1,1,0,0,1,3,0,0,25,0,0,0,0,0,4,3,1
,2022-16366,-104.865791,39.76836652,5/13/2022 8:57,8:57,12,0,0,N HAVANA ST & E SMITH RD,1,1,0,0,1,3,0,0,40,0,0,0,0,0,4,2,3
,2022-16367,-104.9895508,39.78026028,5/13/2022 19:06,19:06,15,0,0,I-70 WB DISTRIBUTOR RAMP TO & I-25 SB RAMP,1,2,1,0,1,8,0,0,45,0,0,0,0,0,1,2,3
,2022-16369,-105.0532481,39.79100924,5/13/2022 11:15,11:15,12,0,0,SHERIDAN BLVD N & 52ND AVE,1,1,1,0,1,3,0,0,35,0,0,0,0,0,2,3,11
,2022-16370,-104.7788864,39.83061992,5/13/2022 17:28,17:28,12,0,0,7500 BLK PENA BLVD OUTBOUND & N TOWER RD,1,1,0,0,1,4,0,0,65,0,0,0,0,0,4,2,1
,2022-16371,-104.9875672,39.67851948,5/12/2022 16:36,16:36,3,0,0,S BROADWAY ST & E EVANS AVE,1,1,0,0,1,1,0,0,35,0,0,0,0,0,4,2,16
,2022-16385,-104.8657287,39.77562189,5/13/2022 20:45,20:45,12,0,0,I-70 & HAVANA ST N,1,3,0,0,1,4,0,0,55,0,0,0,0,0,1,2,3
,2022-16387,-105.0625604,39.6529481,5/13/2022 21:21,21:21,12,0,1,6000 BLK W HAMPDEN S FR & S HARLAN ST,1,3,0,0,1,1,0,0,35,0,0,0,0,2,4,2,14
,2022-16389,-105.0532407,39.78354905,5/9/2022 9:46,9:46,12,0,1,I-70 & SHERIDAN BLVD N,1,1,1,0,1,4,0,1,55,0,0,0,0,1,1,2,13
,2022-16394,-104.9721011,39.76423265,5/13/2022 17:10,17:10,8,0,0,3300 BLK N MARION ST & E BRUCE RANDOLPH AVE,1,1,0,0,1,4,0,0,25,0,0,0,0,0,4,2,3
,2022-16398,-104.9404143,39.68367215,5/14/2022 2:20,2:20,3,0,1,COLORADO BLVD S & I-25 NB OFF RAMP,1,3,1,0,1,1,0,0,30,0,0,0,0,2,2,2,16
,2022-16400,-105.0047562,39.76115807,5/13/2022 15:08,15:08,12,0,0,I-25 & 20TH ST,1,1,0,0,1,4,0,0,55,0,0,0,0,0,1,3,3
,2022-16401,-104.8830654,39.77621014,5/14/2022 14:54,14:54,12,0,0,I-70 EB OFF RAMP TO & CENTRAL PARK BLVD N,1,1,0,0,1,8,0,0,55,0,0,0,0,0,1,2,3
,2022-16402,-105.0532407,39.78354905,5/9/2022 8:11,8:11,12,0,1,I-70 & SHERIDAN BLVD N,1,1,1,0,1,4,0,0,55,0,0,0,0,1,1,4,16
,2022-16403,-104.9403385,39.68306724,5/14/2022 14:51,14:51,12,0,0,I-25 & COLORADO BLVD,1,1,0,0,1,4,0,0,55,0,0,0,0,0,1,3,7
,2022-16407,-104.9350053,39.7382883,5/14/2022 16:10,16:10,3,0,0,E 14TH AVE & N CLERMONT ST,1,1,0,0,1,1,0,0,25,0,0,0,0,0,4,2,13
,2022-16409,-104.9000569,39.79171152,5/13/2022 14:15,14:15,6,0,0,53RD PL & 7500 E ,1,1,0,0,5,7,0,0,10,0,0,0,0,0,3,2,16
,2022-16410,-105.0497088,39.65338342,5/13/2022 16:40,16:40,15,0,0,HAMPDEN AVE W & SHERIDAN BLVD S,1,1,0,0,1,14,0,0,55,0,0,0,0,0,2,2,8
,2022-16418,-105.0346405,39.76965766,5/7/2022 9:39,9:39,1,0,0,3800 N LOWELL BLVD & W 38TH AVE,1,1,0,1,1,4,0,0,25,0,0,0,0,0,4,2,16
,2022-16422,-105.0250875,39.70394961,5/8/2022 17:01,17:01,8,0,0,S FEDERAL BLVD & W EXPOSITION AVE,1,1,0,0,1,4,0,0,35,0,0,0,0,0,4,2,16
,2022-16427,-104.9684616,39.74000867,5/7/2022 21:20,21:20,11,0,1,COLFAX AVE E & FRANKLIN ST N,1,3,0,0,1,1,0,0,25,0,1,0,0,1,2,1,16
,2022-16435,-104.9897022,39.75654694,5/8/2022 16:00,16:00,6,0,0,WALNUT ST & PARK AVE W,1,5,0,0,1,4,0,0,,0,0,0,0,0,4,1,16
,2022-16439,-104.9733924,39.71472896,5/9/2022 18:00,18:00,1,0,0,S DOWNING ST & E BAYAUD AVE,1,1,0,0,1,1,0,0,30,0,0,0,0,0,4,2,3
,2022-16441,-104.9670454,39.77989217,5/10/2022 10:17,10:17,12,0,0,I-70 & BRIGHTON BLVD N,1,1,1,0,1,4,0,0,55,0,0,0,0,0,1,2,16
,2022-16443,-104.9518243,39.74015639,5/6/2022 18:03,18:03,6,0,0,E COLFAX AVE & N MILWAUKEE ST,1,1,0,0,1,1,0,0,,0,1,0,0,0,4,2,16
,2022-16453,-104.9949588,39.76832199,5/9/2022 12:56,12:56,12,0,1,I-25 & PARK AVE W,1,1,0,0,1,4,0,0,55,0,0,0,0,2,1,2,16
,2022-16456,-104.8657543,39.77869984,5/6/2022 12:20,12:20,5,0,0,HAVANA ST N & 45TH AVE E,1,1,0,0,3,1,0,0,40,0,0,0,0,0,4,2,13
,2022-16474,-104.9913823,39.75388778,5/1/2022 1:50,1:50,12,0,0,21ST ST & LARIMER ST,1,3,3,0,1,1,0,0,30,0,0,0,0,0,4,2,16
,2022-16475,-104.8893323,39.76935873,5/13/2022 13:15,13:15,12,0,0,N CENTRAL PARK BLVD & E 40TH AVE,1,1,1,0,1,4,0,0,35,0,0,0,0,0,4,2,1
,2022-16478,-104.9082189,39.7009135,5/15/2022 0:00,0:00,6,0,0,800-BLK S ONEIDA ST & LEETSDALE DR,1,3,1,0,1,2,0,0,25,0,0,0,0,0,4,2,13
,2022-16479,-104.7904868,39.78339557,5/6/2022 7:17,7:17,12,0,0,E GVR BLVD & PENA BLVD INBOUND,1,1,0,0,1,4,0,0,40,0,0,0,0,0,4,2,13
,2022-16480,-104.93623,39.6893297,5/14/2022 10:40,10:40,10,0,0,BIRCH ST S & FLORIDA AVE E,1,1,0,0,1,1,0,0,30,0,0,0,0,0,4,2,16
,2022-16481,-105.0042556,39.74814493,5/10/2022 7:59,7:59,15,0,0,AURARIA PKWY & 12TH ST,1,1,0,0,1,1,0,0,30,0,0,0,0,0,4,2,16
,2022-16482,-104.9546279,39.72152749,4/2/2022 14:30,14:30,6,0,0,300 BLK N DETROIT ST & E 3RD AVE,1,1,0,0,1,4,0,0,25,0,0,0,0,0,4,2,13
,2022-16484,-104.9899975,39.77217873,5/13/2022 8:04,8:04,15,0,0,I-25 SB ENT GORE PT FROM & I-70 ,1,1,3,0,1,14,0,0,,0,0,0,0,0,1,2,16
,2022-16499,-105.0043326,39.76094991,5/14/2022 23:00,23:00,11,0,1,20TH ST & I-25 NB OFF RAMP,1,3,1,0,1,1,0,0,35,0,0,1,0,2,4,1,11
,2022-16503,-104.847103,39.77338824,5/15/2022 3:46,3:46,3,0,0,PEORIA ST N & I-70 EB OFF RAMP,1,3,0,0,1,1,0,0,35,0,0,0,0,0,4,2,16
,2022-16506,-104.9929388,39.73685739,5/11/2022 10:42,10:42,15,0,0,W 13TH AVE & N DELAWARE ST,1,1,0,0,1,1,0,0,25,0,0,0,0,0,4,2,12
,2022-16507,-104.9406261,39.717795,5/10/2022 17:00,17:00,12,0,0,COLORADO BLVD N & 1ST AVE E,1,1,0,0,1,1,0,0,35,0,0,0,0,0,2,2,3
,2022-16508,-104.9948039,39.74720412,5/12/2022 4:10,4:10,15,0,0,CURTIS ST & 16TH ST,1,3,0,0,1,4,0,0,25,0,0,0,0,0,4,2,16
,2022-16516,-104.9040084,39.63866273,5/14/2022 22:03,22:03,1,0,2,E QUINCY AVE & S QUEBEC ST,1,3,0,0,1,1,0,0,35,0,0,0,0,2,4,2,8
,2022-16520,-104.9718518,39.73763339,5/6/2022 9:30,9:30,6,0,0,MARION ST N & 1300 BLK ,1,1,0,0,1,4,0,0,25,0,0,0,0,0,4,2,3
,2022-16523,-104.994537,39.76814685,4/29/2022 17:25,17:25,15,0,0,I-25 & PARK AVE W,1,1,0,0,1,4,0,0,60,0,0,0,0,0,1,2,16
,2022-16533,-104.9826005,39.72260797,5/14/2022 20:56,20:56,12,0,1,SPEER BLVD E & LOGAN ST N,1,3,1,0,1,1,0,0,30,0,0,0,0,1,4,2,13
,2022-16545,-104.959393,39.67856311,5/14/2022 23:45,23:45,12,0,0,S UNIVERSITY BLVD & E EVANS AVE,1,3,0,0,1,3,0,0,30,0,0,0,1,0,4,2,3
,2022-16549,-105.0532447,39.78369116,4/25/2022 12:52,12:52,5,0,0,I-70 WB OFF RAMP TO & SHERIDAN BLVD N,1,1,1,0,3,8,0,0,25,0,0,0,0,0,1,1,16
,2022-16550,-104.9873894,39.75638817,5/14/2022 19:10,19:10,11,0,0,24TH ST & BROADWAY ST N,1,1,0,0,1,1,0,0,0,0,0,1,0,0,4,2,16
,2022-16551,-105.0442723,39.77295738,5/15/2022 9:00,9:00,15,0,0,4400 BLK W 41ST AVE & N TENNYSON ST,1,1,0,0,1,4,0,0,25,0,0,0,0,0,4,3,11
,2022-16552,-104.9573239,39.76073847,4/13/2022 20:34,20:34,3,0,0,E 31ST AVE & N COLUMBINE ST,1,3,1,0,1,1,0,0,25,0,0,0,0,0,4,2,16
,2022-16567,-104.7863689,39.79871429,5/15/2022 14:45,14:45,12,0,0,PENA BLVD & E 56TH AVE,1,1,3,0,1,4,0,0,65,0,0,0,0,0,4,2,8
,2022-16582,-105.0258603,39.72932649,5/11/2022 7:42,7:42,12,0,1,W 6TH AVE & N FEDERAL BLVD,1,1,1,0,1,4,0,0,55,0,0,0,0,1,2,5,8
,2022-16619,-105.0249104,39.72554487,2/14/2022 21:47,21:47,12,0,1,W 6TH AVE WB OFF RAMP & N FEDERAL BLVD,1,3,0,0,1,8,0,0,55,0,0,0,0,2,2,3,16
,2022-16626,-104.8947947,39.6382838,5/15/2022 16:33,16:33,1,0,0,QUINCY AVE E & TAMARAC ST S,1,1,0,0,1,1,0,0,35,0,0,0,0,0,4,2,7
,2022-16627,-104.9540499,39.73837843,5/14/2022 13:50,13:50,6,0,0,2800 BLK E 14TH AVE & 2800 BLK E,1,1,0,0,1,4,0,0,25,0,0,0,0,0,4,2,16
,2022-16629,-104.8470302,39.77419185,5/16/2022 7:20,7:20,10,0,0,PEORIA ST N & I-70 WB OFF RAMP,1,1,0,0,1,1,0,0,35,0,0,0,0,0,1,2,16
,2022-16630,-104.9828218,39.71349156,5/15/2022 11:28,11:28,6,0,0,S LOGAN ST & E CEDAR AVE,1,1,0,0,1,4,0,0,30,0,0,0,0,0,4,3,10
,2022-16632,-104.9849195,39.75078738,5/15/2022 12:05,12:05,3,0,0,22ND ST & CALIFORNIA ST,1,1,0,0,1,1,0,0,30,0,0,0,0,0,4,2,13
,2022-16634,-105.0297134,39.68199416,5/15/2022 12:32,12:32,15,0,0,1800 BLK S IRVING ST & W JEWELL AVE,1,1,0,0,1,4,0,0,,0,0,0,0,0,4,2,14
,2022-16638,-104.8470302,39.77419185,5/16/2022 7:20,7:20,12,0,0,I-70 WB OFF RAMP TO & PEORIA ST N,1,1,0,0,1,8,0,0,35,0,0,0,0,0,1,2,13