id,drcog_id,longitude,latitude,crashtime,time,crashtype,numbkilled,numbinjurd,drcoglocat,rdconditin,lightngcon,roadcntgrd,weatherco,location,roaddescrp,schoolzone,constrzone,splimit,bikeinv,pedinv,sctrinv,motoinv,svrty,rdsystem,ttlvehcls,hcf
,2022-16639,-104.8379353,39.78921322,5/7/2022 14:46,14:46,6,0,0,5075 N URSULA WAY & E 51ST AVE,1,1,0,0,1,4,0,0,25,0,0,0,0,0,4,3,16
,2022-16640,-104.9787091,39.75159426,5/16/2022 12:21,12:21,1,0,0,TREMONT PL & 25TH ST,1,1,0,0,1,1,0,0,,0,0,0,0,0,4,2,16
,2022-16641,-104.9930932,39.75894378,5/14/2022 21:40,21:40,12,0,0,PARK AVE W & DELGANY ST,2,3,1,0,1,3,0,0,35,0,0,0,0,0,4,2,13
,2022-16642,-104.8095963,39.7983194,5/15/2022 20:19,20:19,14,0,0,56TH AVE E & CHAMBERS RD N,1,3,0,0,1,1,0,0,40,0,0,0,0,0,4,2,1
,2022-16643,-105.0137227,39.72547797,5/16/2022 7:41,7:41,12,0,1,6TH AVE W & I-25,1,1,1,0,1,4,0,0,55,0,0,0,0,1,2,2,13
,2022-16644,-104.7962545,39.79553442,5/15/2022 13:19,13:19,12,0,0,N MEMPHIS ST & E MAXWELL PL,1,1,0,0,1,1,0,0,30,0,0,0,0,0,4,2,3
,2022-16646,-104.8473822,39.77403575,5/15/2022 10:00,10:00,12,0,0,I-70 & PEORIA ST N,1,1,0,0,1,4,0,0,55,0,0,0,0,0,1,2,1
,2022-16647,-104.994036,39.72893032,5/16/2022 11:08,11:08,10,0,0,W 8TH AVE & N ELATI ST,1,1,0,0,1,1,0,0,30,0,0,0,0,1,4,2,13
,2022-16650,-104.8470297,39.77400525,5/15/2022 23:31,23:31,5,0,0,I-70 EB ON RAMP SLIP FROM & PEORIA ST N,1,3,1,0,3,8,0,0,30,0,0,0,0,0,1,1,14
,2022-16651,-105.0098199,39.71118326,5/13/2022 14:44,14:44,12,0,0,ALAMEDA AVE W & TEJON ST S,1,1,0,0,1,3,0,0,35,0,0,0,0,0,2,2,16
,2022-16652,-104.9733735,39.70560486,5/12/2022 20:37,20:37,6,0,0,DOWNING ST S & CENTER AVE E,1,3,0,0,1,4,0,0,35,0,0,0,0,0,4,2,14
,2022-16654,-104.9405607,39.69657743,5/13/2022 14:21,14:21,1,0,2,COLORADO BLVD S & MISSISSIPPI AVE E,1,1,0,0,1,1,0,0,35,0,0,0,0,1,2,2,16
,2022-16655,-105.0437433,39.69942999,5/14/2022 19:24,19:24,5,0,0,900 BLK S TENNYSON ST & W KENTUCKY AVE,1,1,0,0,3,4,0,0,25,0,0,0,0,0,4,1,1
,2022-16662,-105.025149,39.72933001,5/13/2022 8:01,8:01,12,0,0,6TH AVE W & FEDERAL BLVD N,1,1,1,0,1,4,0,0,55,0,0,0,0,0,2,2,16
,2022-16663,-105.0378745,39.69675989,4/29/2022 11:48,11:48,3,0,0,W MISSISSIPPI AVE & S OSCEOLA ST,1,1,0,1,1,1,0,0,25,0,0,0,0,0,4,2,16
,2022-16669,-104.9898289,39.75645061,5/16/2022 1:47,1:47,3,0,0,PARK AVE W & MARKET ST,1,3,0,0,1,1,0,0,30,0,0,0,0,0,4,2,14
,2022-16671,-104.9035138,39.7019974,5/13/2022 8:19,8:19,12,0,2,S QUEBEC ST & E EXPOSITION AVE,1,1,1,0,1,4,0,0,30,0,0,0,0,1,4,4,16
,2022-16672,-104.8844674,39.79832305,5/9/2022 16:40,16:40,12,0,0,E 56TH AVE & N CENTRAL PARK BLVD,1,1,0,0,1,1,0,0,40,0,0,0,0,0,4,2,16
,2022-16673,-104.9078779,39.67845645,5/16/2022 11:41,11:41,15,0,0,E EVANS AVE & S ONEIDA ST,1,1,0,0,1,4,0,0,35,0,0,0,0,0,4,2,11
,2022-16676,-104.9405105,39.7728797,5/12/2022 8:40,8:40,12,0,0,COLORADO BLVD N & 40TH AVE E,1,1,0,0,1,1,0,0,40,0,0,0,0,0,2,2,16
,2022-16677,-104.9873894,39.75638817,5/15/2022 2:02,2:02,3,0,4,24TH ST & N BROADWAY,1,3,0,0,1,1,0,0,30,0,0,0,0,3,4,2,13
,2022-16678,-104.8808448,39.75462482,5/10/2022 16:30,16:30,11,0,0,26TH AVE E & BEELER ST N,1,1,0,0,1,1,0,0,25,0,1,0,0,0,4,1,16
,2022-16688,-104.9104991,39.73911266,5/10/2022 12:57,12:57,15,0,0,1400 BLK N NIAGARA ST & E 14TH AVE,1,1,0,0,1,4,0,0,25,0,0,0,0,0,4,2,16
,2022-16700,-104.9934125,39.74424936,5/16/2022 8:00,8:00,10,0,0,15TH ST & CALIFORNIA ST,1,1,0,0,1,1,0,0,30,0,0,0,0,0,4,2,10
,2022-16702,-104.9255253,39.66749874,5/12/2022 10:48,10:48,12,0,0,I-25 & YALE AVE E,1,1,0,0,1,4,0,0,55,0,0,0,0,0,1,2,16
,2022-16704,-104.9384816,39.76183252,5/12/2022 18:16,18:16,15,0,0,4300 E MLK BLVD & N ASH ST,1,1,0,0,1,1,0,0,45,0,0,0,0,0,4,3,3
,2022-16705,-104.9701463,39.77975003,5/16/2022 3:22,3:22,15,0,1,I-70 EB EXIT GORE PT TO & BRIGHTON BLVD N,1,3,0,0,1,4,0,0,75,0,0,0,0,2,1,2,13
,2022-16706,-105.046611,39.70895424,5/16/2022 0:06,0:06,6,0,1,ALASKA PL W & UTICA ST S,1,3,0,0,1,4,0,0,25,0,0,0,0,1,4,2,16
,2022-16709,-104.7860213,39.79838572,5/3/2022 16:54,16:54,12,0,0,E 56TH AVE & PENA BLVD,1,1,0,0,1,3,0,0,40,0,0,0,0,0,4,2,16
,2022-16710,-104.8987254,39.65307764,5/13/2022 11:18,11:18,1,0,2,HAMPDEN AVE E & TAMARAC DR S,1,1,1,0,1,1,0,0,40,0,0,0,0,2,2,2,16
,2022-16712,-105.0252448,39.71815939,5/16/2022 7:51,7:51,15,0,0,FEDERAL BLVD N & 1ST AVE W,1,1,0,1,1,3,0,0,35,0,0,0,0,0,2,2,16
,2022-16713,-105.0532465,39.76751353,5/15/2022 14:37,14:37,12,0,0,SHERIDAN BLVD N & 37TH AVE W,1,1,0,0,1,1,0,0,30,0,0,0,0,0,2,2,3
,2022-16717,-104.9395349,39.72089443,5/11/2022 10:30,10:30,2,0,1,3RD AVE E & ALBION ST N,1,1,0,0,1,9,0,0,0,1,0,0,0,2,4,1,16
,2022-16732,-104.8470297,39.77400525,5/14/2022 18:51,18:51,5,0,3,I-70 & PEORIA ST N,1,1,1,0,3,4,0,0,55,0,0,0,0,3,1,1,1
,2022-16744,-104.9407936,39.66921135,5/16/2022 1:50,1:50,5,0,1,COLORADO BLVD S & YALE AVE E,1,3,0,0,3,4,0,0,35,0,0,0,0,2,2,1,14
,2022-16745,-105.0001762,39.72892467,5/16/2022 12:59,12:59,15,0,0,W 8TH AVE & N KALAMATH ST,1,1,0,0,1,1,0,0,30,0,0,0,0,0,4,2,13
,2022-16746,-104.9917665,39.75792289,5/16/2022 17:31,17:31,3,0,0,PARK AVE W & WAZEE ST,1,1,1,0,1,1,0,0,25,0,0,0,0,0,4,2,8
,2022-16747,-104.9919399,39.68755871,5/15/2022 16:36,16:36,12,0,1,SANTA FE DR S & IOWA AVE W,1,1,0,0,1,1,0,0,45,0,0,0,1,3,2,3,16
,2022-16768,-105.0148752,39.72948397,5/9/2022 15:00,15:00,12,0,0,I-25 & 8TH AVE,1,1,3,0,1,4,0,0,65,0,0,0,0,0,1,2,13
,2022-16769,-104.9406318,39.67886658,4/15/2022 10:01,10:01,15,0,0,COLORADO BLVD S & EVANS AVE E,1,1,0,0,1,4,0,0,35,0,0,0,0,0,2,2,16
,2022-16773,-104.9255606,39.6676316,4/22/2022 19:18,19:18,15,0,2,I-25 & YALE AVE E,1,3,0,0,1,4,0,0,65,0,0,0,0,1,1,2,1
,2022-16774,-104.9799058,39.73842674,5/16/2022 18:00,18:00,15,0,0,E 14TH AVE & N PEARL ST,1,1,0,0,1,1,0,0,30,0,0,0,0,0,4,2,3
,2022-16775,-104.9851402,39.70571085,5/16/2022 14:00,14:00,6,0,0,CENTER AVE E & SHERMAN ST S,1,1,0,0,1,1,0,0,25,0,0,0,0,0,4,2,3
,2022-16776,-105.0015154,39.69670577,5/17/2022 7:02,7:02,3,0,0,W MISSISSIPPI AVE & S LIPAN ST,1,1,1,1,1,1,0,0,30,0,0,0,0,0,4,2,13
,2022-16777,-104.9256085,39.66761844,5/16/2022 14:35,14:35,12,0,1,YALE AVE E & I-25,1,1,0,0,1,4,0,0,30,0,0,0,0,1,4,3,10
,2022-16778,-105.0532211,39.73315936,5/17/2022 7:21,7:21,14,0,2,SHERIDAN BLVD & 10TH AVE W,1,1,0,0,1,4,0,0,,0,0,0,0,2,2,2,16
,2022-16779,-104.9405475,39.69113429,5/16/2022 13:15,13:15,15,0,0,COLORADO BLVD S & ARKANSAS AVE E,1,1,0,0,1,1,0,0,35,0,0,0,0,0,2,2,3
,2022-16789,-104.7796712,39.80644918,5/17/2022 15:27,15:27,12,0,0,E GVR BLVD & N SALIDA ST,1,1,0,0,1,4,0,0,40,0,0,0,0,0,4,2,16
,2022-16796,-104.9815913,39.70250229,5/17/2022 15:47,15:47,6,0,0,S PENNSYLVANIA ST & E OHIO AVE,1,1,0,0,1,4,0,0,25,0,0,0,0,0,4,2,11
,2022-16798,-104.8470297,39.77400525,5/14/2022 13:17,13:17,15,0,1,I-70 & PEORIA ST N,1,1,0,0,1,4,0,0,55,0,0,0,0,3,1,3,3
,2022-16799,-105.0251398,39.78025994,5/17/2022 11:13,11:13,3,0,1,FEDERAL BLVD N & 46TH AVE W,1,1,0,0,1,1,0,0,35,0,0,0,0,1,2,2,13
,2022-16800,-105.0324556,39.7112576,5/17/2022 13:17,13:17,12,0,0,W ALAMEDA AVE & S KNOX CT,1,1,0,0,1,2,0,0,35,0,0,0,0,1,4,2,3
,2022-16801,-104.8470309,39.77786698,5/17/2022 6:58,6:58,15,0,0,4400 BLK  N PEORIA ST & E 45TH AVE,1,1,0,0,1,3,0,0,30,0,0,0,0,0,4,2,11
,2022-16802,-105.0033455,39.74846118,5/17/2022 17:40,17:40,3,0,0,SPEER BLVD N & BLAKE ST,1,1,0,0,1,1,0,0,35,0,0,0,0,0,4,2,3
,2022-16803,-104.9405996,39.75104031,5/17/2022 9:41,9:41,1,0,2,COLORADO BLVD N & 23RD AVE E,1,1,0,0,1,1,0,0,35,0,0,0,0,2,2,2,16
,2022-16804,-104.9424147,39.79098026,5/17/2022 13:59,13:59,12,0,0,E 52ND & N VASQUEZ BLVD,1,1,0,0,1,3,0,0,,0,0,0,0,0,4,2,16
,2022-16806,-104.9863239,39.71297459,5/17/2022 18:51,18:51,10,0,0,S LINCOLN ST & E CEDAR AVE,1,1,0,0,1,1,0,0,30,0,0,0,0,0,4,2,13
,2022-16811,-105.006457,39.76939775,5/16/2022 16:23,16:23,3,0,0,PECOS ST N & 38TH AVE W,1,1,0,0,1,2,0,0,30,0,0,0,0,0,4,3,1
,2022-16816,-104.9099499,39.63861951,5/17/2022 8:01,8:01,12,0,0,I-25 & QUINCY AVE E,1,1,0,0,1,4,0,0,65,0,0,0,0,0,1,2,12
,2022-16819,-104.8662955,39.66027416,5/6/2022 5:45,5:45,3,0,4,HAVANA ST S & DARTMOUTH AVE E,1,1,0,0,1,1,0,0,40,0,0,0,0,3,2,3,16
,2022-16821,-104.8800296,39.7770355,5/17/2022 11:23,11:23,9,0,0,I-70 & MM 279.74,1,1,0,0,1,4,0,0,55,0,0,0,0,0,1,2,3
,2022-16827,-104.9924635,39.69480961,5/16/2022 11:00,11:00,12,0,0,SANTA FE DR S & ARIZONA AVE W,1,1,0,0,1,1,0,0,45,0,0,0,0,0,2,2,3
,2022-16829,-105.0026109,39.70396762,5/16/2022 6:44,6:44,6,0,0,EXPOSITION AVE W & MARIPOSA ST S,1,1,1,0,1,12,0,0,25,0,0,0,0,0,4,1,16
,2022-16831,-104.9684606,39.74014598,5/16/2022 23:05,23:05,14,0,0,N FRANKLIN ST & E COLFAX AVE,1,3,0,0,1,4,0,0,30,0,0,0,0,0,4,3,14
,2022-16832,-104.9497575,39.77996339,5/17/2022 12:15,12:15,12,0,1,I-70 & STEELE ST N,1,1,0,0,1,4,0,0,55,0,0,0,0,1,1,2,7
,2022-16835,-104.9733763,39.70929595,5/16/2022 16:28,16:28,3,0,0,E DAKOTA AVE & S DOWNING ST,1,1,0,0,1,1,0,0,25,0,0,0,0,1,4,2,13
,2022-16836,-104.9671121,39.78013827,5/13/2022 5:01,5:01,15,0,0,I-70 & BRIGHTON BLVD N,1,2,0,0,1,4,0,0,55,0,0,0,0,0,1,2,16
,2022-16840,-104.9406143,39.73828662,5/13/2022 6:39,6:39,3,0,1,COLORADO BLVD N & 14TH AVE E,1,2,0,0,1,1,0,0,30,0,0,0,0,3,2,3,13
,2022-16847,-105.0342875,39.76953421,5/16/2022 18:01,18:01,6,0,0,38TH AVE W & LOWELL BLVD N,1,1,0,0,1,4,0,0,,0,0,0,0,0,4,2,16
,2022-16854,-104.9955695,39.70583881,5/17/2022 19:28,19:28,12,0,0,I-25 NB ON FLYOVER RAMP & SANTA FE DR,1,1,2,0,1,14,0,0,45,0,0,0,0,0,4,2,13
,2022-16855,-104.8657287,39.77562189,5/17/2022 17:02,17:02,12,0,0,I-70 & HAVANA ST N,1,1,1,0,1,4,0,0,55,0,0,0,0,0,1,3,10
,2022-16856,-104.9034947,39.71128237,5/13/2022 10:32,10:32,15,0,0,ALAMEDA AVE E & QUEBEC ST S,1,1,0,0,1,1,0,0,30,0,0,0,0,0,4,2,16
,2022-16858,-104.9045104,39.65667083,5/17/2022 10:15,10:15,12,0,0,E GIRARD AVE & S PONTIAC ST,1,1,0,0,1,1,0,0,25,0,0,0,0,0,4,2,3
,2022-16860,-105.0130163,39.72542371,5/16/2022 16:36,16:36,12,0,0,I-25 & 6TH AVE W,1,1,0,0,1,4,0,0,55,0,0,0,0,0,1,3,13
,2022-16861,-104.9652573,39.67847038,5/16/2022 19:36,19:36,12,0,0,1800 BLK E EVANS AVE & S HIGH ST.,1,1,0,0,1,3,0,0,35,0,0,0,0,0,4,2,8
,2022-16862,-104.9222793,39.77871872,5/17/2022 5:10,5:10,15,0,0,HOLLY ST N & STAPLETON DR NE,1,1,0,0,1,1,0,0,35,0,0,0,0,0,4,2,13
,2022-16863,-104.9594472,39.68472353,5/17/2022 7:57,7:57,12,0,1,I-25 SB/EB OFF RAMP TO & UNIVERSITY BLVD S,1,1,0,0,1,8,0,0,60,0,0,0,0,1,1,2,6
,2022-16864,-104.9688186,39.75698529,5/17/2022 11:58,11:58,5,0,0,28TH AVE E & FRANKLIN ST N,1,1,0,0,1,3,0,0,25,0,0,0,0,0,4,2,1
,2022-16865,-104.9781084,39.68689695,5/16/2022 12:40,12:40,6,0,0,1600 BLK S CLARKSON ST & E IOWA AVE,1,1,0,0,1,12,0,0,25,0,0,0,0,0,4,2,3
,2022-16866,-104.9849195,39.75078738,5/16/2022 16:10,16:10,3,0,0,22ND ST & CALIFORNIA ST,1,1,0,0,1,1,0,0,30,0,0,0,0,1,4,2,11
,2022-16873,-104.7719489,39.82189543,2/25/2022 18:12,18:12,11,1,1,E 69TH AVE & N TOWER ROAD,2,2,0,0,1,1,0,0,0,0,1,0,0,4,4,1,16
,2022-16918,-104.9873901,39.74000829,5/18/2022 11:20,11:20,3,0,1,COLFAX AVE E & BROADWAY ST N,1,1,0,0,1,1,0,0,30,0,0,0,0,1,2,3,11
,2022-16920,-104.8846976,39.73284733,5/15/2022 22:49,22:49,1,0,1,N YOSEMITE ST & E 11TH AVE,1,3,0,0,1,1,0,0,30,0,0,0,1,3,4,2,16
,2022-16927,-104.9956161,39.76771757,5/17/2022 23:39,23:39,15,0,0,I-25 & PARK AVE W,1,3,1,0,1,4,0,0,55,0,0,0,0,0,1,2,10
,2022-16928,-104.9271951,39.65310497,5/17/2022 18:00,18:00,12,0,0,HAMPDEN AVE E & FOREST ST S,1,1,0,0,1,1,0,0,35,0,0,0,0,0,2,2,3
,2022-16929,-104.9667466,39.78081866,5/17/2022 9:09,9:09,12,0,0,4600 BLK N BRIGHTON BLVD & E 46TH SOUTH AVE,1,1,0,0,1,3,0,0,30,0,0,0,0,0,4,2,1
,2022-16931,-104.7721182,39.79828225,5/18/2022 8:35,8:35,15,0,0,N TOWER RD & E 56TH AVE,1,1,0,0,1,4,0,0,45,0,0,0,0,0,4,2,11
,2022-16932,-104.9400729,39.78302201,5/18/2022 6:02,6:02,10,0,0,N MONACO ST & E 46TH AVE,1,1,0,0,1,1,0,0,35,0,0,0,0,0,4,2,8
,2022-16933,-104.9925456,39.75290797,5/17/2022 17:02,17:02,12,0,0,20TH ST & LARIMER ST,1,1,0,0,1,1,0,0,30,0,0,0,0,0,4,2,8
,2022-16936,-104.9799715,39.76001506,5/18/2022 13:09,13:09,12,0,0,ARAPAHOE ST & 29TH ST,1,1,0,0,1,1,0,0,30,0,0,0,0,0,4,2,3
,2022-16937,-104.9337605,39.67845081,5/16/2022 13:30,13:30,3,0,2,EVANS AVE E & I-25 SB OFF RAMP,1,1,0,0,1,1,0,0,35,0,0,0,0,2,4,2,3
,2022-16942,-104.8847851,39.65305436,5/17/2022 18:45,18:45,3,0,0,HAMPDEN AVE E & YOSEMITE ST S,1,1,0,0,1,1,0,0,30,0,0,0,0,0,2,2,3
,2022-16945,-105.2032933,39.67024451,4/27/2022 23:30,23:30,12,0,0,W ALAMEDA PKWY & TRADING POST RD,1,3,1,0,1,4,0,0,30,0,0,0,0,0,4,2,1
,2022-16976,-105.0064466,39.7801528,5/18/2022 11:03,11:03,1,0,0,N PECOS ST & W 46TH AVE,1,1,0,0,1,1,0,0,30,0,0,0,1,1,4,2,13
,2022-16979,-104.9570436,39.72412761,5/17/2022 16:45,16:45,12,0,0,E 5TH AVE & N COLUMBINE ST,1,1,0,0,1,1,0,0,25,0,0,0,0,0,4,2,3
,2022-16981,-105.0005918,39.77039074,5/18/2022 8:00,8:00,6,0,0,KALAMATH ST 3900 BLK N & W 39TH AVE,1,1,1,0,1,3,0,0,25,0,0,0,0,0,4,2,10
,2022-16982,-105.022727,39.69749877,5/17/2022 22:41,22:41,6,0,0,1000 BLK S DECATUR ST & W MISSISSIPPI AVE,1,3,0,0,1,4,0,0,20,0,0,0,0,0,4,2,12
,2022-16983,-104.9916304,39.74289556,5/18/2022 15:55,15:55,15,0,0,15TH ST & GLENARM PL,1,1,0,0,1,4,0,0,30,0,0,0,0,0,4,2,11
,2022-16984,-104.9875426,39.71304581,5/17/2022 23:45,23:45,12,0,0,S BROADWAY ST & W CEDAR AVE,1,3,0,0,1,3,0,0,30,0,0,0,0,0,4,2,14
,2022-16985,-104.9129048,39.71311286,5/17/2022 11:00,11:00,3,0,0,S MONACO ST & E CEDAR AVE,1,1,0,0,1,1,0,0,30,0,0,0,0,0,4,2,3
,2022-16986,-104.9873733,39.75721283,5/14/2022 23:22,23:22,11,0,1,BROADWAY & LARIMER ST,1,3,0,0,1,4,0,0,30,0,1,0,0,3,4,1,13
,2022-16988,-104.9791539,39.77935673,5/18/2022 7:10,7:10,12,0,1,I-70 & WASHINGTON ST N,1,1,1,0,1,4,0,0,55,0,0,0,0,1,1,2,3
,2022-16989,-104.9874769,39.7003227,5/18/2022 14:09,14:09,12,0,0,S BROADWAY & E KENTUCKY AVE,1,1,0,0,1,1,0,0,30,0,0,0,0,0,4,2,3
,2022-16991,-104.987575,39.71115786,5/15/2022 9:32,9:32,11,0,1,ALAMEDA AVE W & BROADWAY ST S,1,1,0,0,1,1,0,0,30,0,1,0,0,1,4,1,16
,2022-16992,-104.9500661,39.7173248,5/17/2022 19:15,19:15,15,0,0,N STEELE ST & E 1ST AVE,1,1,0,0,1,4,0,0,35,0,0,0,0,0,4,2,13
,2022-16993,-104.833819,39.77286982,5/17/2022 21:41,21:41,9,0,1,I-70 & MM 282.60,1,3,0,0,1,4,0,0,65,0,0,0,0,2,1,2,16
,2022-16994,-105.0064355,39.78397793,5/18/2022 11:01,11:01,3,0,0,PECOS ST N & 48TH AVE W,1,1,0,0,1,2,0,0,15,0,0,0,0,0,4,2,15
,2022-16995,-104.9752912,39.73686478,5/18/2022 8:59,8:59,3,0,0,E 13TH AVE & N OGDEN ST,1,1,0,1,1,1,0,0,25,0,0,0,0,0,4,2,13
,2022-16996,-104.8827947,39.77384628,5/18/2022 12:35,12:35,15,0,0,N CENTRAL PARK BLVD & E 40TH AVE,1,1,1,0,1,4,0,0,40,0,0,0,0,0,4,2,11
,2022-16997,-105.0272084,39.71657056,5/17/2022 18:08,18:08,6,0,0,ELLSWORTH AVE W & HAZEL CT S,1,1,0,0,1,4,0,0,25,0,0,0,0,0,4,2,3
,2022-16999,-104.6726896,39.84927906,5/16/2022 10:25,10:25,16,0,0,PENA BLVD & 8400 BLK (DIA TERMINAL),1,1,0,0,5,7,0,0,15,0,0,0,0,0,3,2,1
,2022-17001,-104.9405465,39.68987145,5/17/2022 14:10,14:10,12,0,0,COLORADO BLVD S & FLORIDA AVE E,1,1,1,0,1,4,0,0,35,0,0,0,0,0,2,2,16
,2022-17023,-105.025149,39.72933001,5/18/2022 9:56,9:56,12,0,0,6TH AVE W & FEDERAL BLVD N,1,1,1,0,1,4,0,0,55,0,0,0,0,0,2,2,12
,2022-17024,-105.0532407,39.78354905,5/18/2022 12:37,12:37,15,0,0,I-70 & SHERIDAN BLVD N,1,1,0,0,1,4,0,0,55,0,0,0,0,0,1,2,13
,2022-17026,-105.0460786,39.70908601,5/16/2022 0:06,0:06,6,0,0,UTICA ST S & ALASKA PL W,1,3,1,0,1,4,0,0,25,0,0,0,0,0,4,2,1
,2022-17028,-105.0167809,39.75128884,5/18/2022 6:56,6:56,12,0,0,I-25 & 23RD AVE W,1,1,0,0,1,14,0,0,55,0,0,0,0,0,1,2,13
,2022-17032,-105.0383887,39.7254907,5/15/2022 23:49,23:49,12,0,1,6TH AVE W & PERRY ST N,1,3,1,0,1,4,0,0,55,0,0,0,0,1,2,5,7
,2022-17042,-104.9895612,39.78010359,5/17/2022 16:46,16:46,15,0,0,I-25 & I-70,1,1,0,0,1,4,0,0,55,0,0,0,0,0,1,2,10
,2022-17045,-104.9182339,39.65307809,5/17/2022 19:45,19:45,15,0,0,I-25 & HAMPDEN AVE E,1,1,0,0,1,4,0,0,65,0,0,0,0,0,1,2,3
,2022-17049,-104.9709986,39.749461,5/10/2022 17:03,17:03,6,0,1,E 22ND AVE & N LAFAYETTE ST,1,1,0,0,1,4,0,0,,0,0,0,0,1,4,2,16
,2022-17127,-105.0142616,39.7801774,5/20/2022 9:00,9:00,3,0,0,W 46TH AVE & N WYANDOT ST,11,1,0,1,1,1,0,0,30,0,0,0,0,0,4,2,13
,2022-17129,-105.0396992,39.71118371,5/19/2022 19:02,19:02,3,0,2,ALAMEDA AVE W & PERRY ST S,1,2,0,0,1,1,0,0,35,0,0,0,0,1,2,2,11
,2022-17130,-105.0251398,39.78025994,5/20/2022 16:42,16:42,3,0,0,W 46TH AVE & N FEDERAL BLVD,11,1,0,1,1,1,0,0,35,0,0,0,0,0,4,3,1
,2022-17132,-104.8888762,39.77766692,5/20/2022 14:29,14:29,12,0,0,I-70 & CENTRAL PARK BLVD N,11,3,3,1,1,4,0,0,65,0,0,0,0,0,1,2,16
,2022-17134,-104.9979259,39.74017435,5/17/2022 6:25,6:25,15,0,0,COLFAX AVE W & WELTON ST,1,1,0,0,1,4,0,0,30,0,0,0,0,0,2,2,11
,2022-17135,-104.9124376,39.73713445,5/19/2022 16:30,16:30,3,0,0,13TH AVE E & MONACO ST N,1,1,0,0,1,1,0,0,35,0,0,0,0,0,4,2,16
,2022-17136,-104.9035107,39.70750805,5/18/2022 12:00,12:00,12,0,0,S QUEBEC ST & E VIRGINIA AVE,1,1,0,0,1,1,0,0,30,0,0,0,0,0,4,3,3
,2022-17137,-104.93952,39.72530802,5/18/2022 17:55,17:55,15,0,1,6TH AVE E & COLORADO BLVD N,1,1,0,0,1,4,0,0,35,0,0,0,0,1,4,2,1
,2022-17142,-105.0250875,39.70394961,5/20/2022 13:55,13:55,12,0,0,FEDERAL BLVD S & EXPOSITION AVE W,11,1,0,1,1,4,0,0,40,0,0,0,0,0,2,2,3
,2022-17143,-104.8987254,39.65307719,5/19/2022 13:19,13:19,1,0,0,HAMPDEN AVE E & TAMARAC ST W,6,1,0,0,1,1,0,0,45,0,0,0,0,0,2,2,8
,2022-17146,-104.9672085,39.74473619,5/19/2022 15:36,15:36,6,0,0,GILPIN ST N & 18TH AVE,1,1,0,0,3,4,0,0,,0,0,0,0,0,4,2,16
,2022-17148,-104.9123861,39.75102691,5/18/2022 21:55,21:55,3,0,0,23RD AVE E & MONACO ST N,1,3,0,0,1,1,0,0,,0,0,0,0,0,4,2,16
,2022-17150,-104.9827819,39.7111403,5/18/2022 19:13,19:13,1,0,0,E ALAMEDA AVE & S LOGAN ST,1,1,0,0,1,1,0,0,30,0,0,0,0,0,4,2,13
,2022-17152,-104.8658291,39.79014831,5/20/2022 0:18,0:18,12,0,0,HAVANA ST N & 51ST AVE E,1,3,0,0,1,1,0,0,40,0,0,0,0,0,4,3,3
,2022-17153,-105.0531999,39.65335624,5/19/2022 17:40,17:40,12,0,0,SHERIDAN BLVD S & HWY 285 EB OFF RAMP,1,1,2,0,1,1,0,0,55,0,0,0,0,0,2,2,14
,2022-17157,-105.0424441,39.70038611,5/18/2022 20:12,20:12,1,0,0,KENTUCKY AVE W & RALEIGH ST S,1,3,0,0,1,1,0,0,30,0,0,0,0,0,4,2,13
,2022-17158,-104.9884865,39.74051095,5/18/2022 14:00,14:00,15,0,0,COLFAX AVE W & 15TH ST,1,1,0,0,1,1,0,0,,0,0,0,0,0,2,2,16
,2022-17159,-104.9984242,39.72731569,5/20/2022 11:11,11:11,6,0,0,7TH AVE W & SANTA FE DR N,11,1,0,1,1,4,0,0,25,0,0,0,0,0,4,2,13
,2022-17160,-105.0026475,39.74762721,5/20/2022 2:34,2:34,3,0,0,N SPEER BLVD & MARKET ST,1,3,0,0,1,1,0,0,35,0,0,0,0,0,4,2,16
,2022-17161,-104.89869,39.65307732,5/19/2022 22:24,22:24,12,0,1,HAMPDEN AVE E & TAMARAC DR S,1,3,1,0,1,1,0,0,40,0,0,0,0,1,2,2,14
,2022-17162,-104.8383597,39.78558056,5/14/2022 0:52,0:52,3,0,2,TITAN CT N & ANDREWS DR E,1,3,0,0,1,1,0,0,30,0,0,0,0,2,4,2,16
,2022-17163,-104.8466658,39.77959447,5/20/2022 6:35,6:35,15,0,0,E 46TH AVE & N PEORIA ST,11,1,0,1,1,4,0,0,25,0,0,0,0,0,4,2,1
,2022-17165,-104.9775368,39.74484773,5/19/2022 21:52,21:52,3,0,0,E 18TH AVE & N CLARKSON ST,1,3,0,0,1,1,0,0,30,0,0,0,0,1,4,2,8
,2022-17166,-105.0043198,39.76094363,5/18/2022 17:13,17:13,12,0,0,I-25 & 20TH ST,1,1,0,0,1,4,0,0,55,0,0,0,0,0,1,2,13
,2022-17169,-105.0132198,39.72567281,5/18/2022 14:18,14:18,12,0,0,I-25 & 6TH AVE W,1,1,0,0,1,4,0,0,55,0,0,0,0,0,1,2,10
,2022-17171,-105.0126877,39.75536708,5/17/2022 16:23,16:23,12,0,0,I-25 SB EXIT GORE PT TO & SPEER BLVD N,1,1,0,0,1,14,0,0,55,0,0,0,0,0,1,3,7