id,drcog_id,longitude,latitude,crashtime,time,crashtype,numbkilled,numbinjurd,drcoglocat,rdconditin,lightngcon,roadcntgrd,weatherco,location,roaddescrp,schoolzone,constrzone,splimit,bikeinv,pedinv,sctrinv,motoinv,svrty,rdsystem,ttlvehcls,hcf
,2022-17172,-105.0001921,39.72732012,5/20/2022 16:29,16:29,3,0,1,N KALAMATH ST & W 7TH AVE,7,1,0,2,1,1,0,0,35,0,0,0,0,2,4,2,3
,2022-17173,-105.0131182,39.72551753,5/20/2022 12:25,12:25,12,0,0,I-25 & 6TH AVE W,11,1,0,1,1,4,0,0,55,0,0,0,0,0,1,2,13
,2022-17174,-104.8657287,39.77562189,5/19/2022 7:30,7:30,15,0,0,I-70 & HAVANA ST N,1,1,1,0,1,4,0,0,,0,0,0,0,0,1,2,16
,2022-17175,-104.9067175,39.63415775,5/19/2022 14:41,14:41,15,0,0,I-25 & BELLEVIEW AVE E,1,1,1,0,1,14,0,0,65,0,0,0,0,0,1,2,1
,2022-17176,-104.9593442,39.6911481,5/18/2022 19:00,19:00,12,0,0,S UNIVERSITY BLVD & E ARKANSAS AVE,1,1,0,0,1,1,0,0,30,0,0,0,0,0,4,2,3
,2022-17177,-105.0148299,39.72932162,5/18/2022 17:24,17:24,12,0,0,I-25 & 8TH AVE W,1,1,1,0,1,4,0,0,55,0,0,0,0,0,1,2,13
,2022-17179,-104.9872932,39.72563936,5/19/2022 18:16,18:16,12,0,0,W 6TH AVE & N BROADWAY ST,1,1,0,0,1,3,0,0,30,0,0,0,0,0,4,2,3
,2022-17181,-104.9687627,39.67486205,5/19/2022 13:05,13:05,8,0,0,E ILIFF AVE & S FRANKLIN ST,1,1,0,0,1,1,0,0,25,0,0,0,0,0,4,2,13
,2022-17182,-104.9461708,39.73834349,5/20/2022 18:19,18:19,3,0,0,E 14TH AVE & N MADISON ST,11,1,0,2,1,1,0,0,35,0,0,0,0,0,4,2,8
,2022-17183,-104.7718785,39.83341565,5/19/2022 7:43,7:43,1,0,0,TOWER RD N & PENA BLVD,1,1,0,0,1,1,0,0,45,0,0,0,0,0,4,2,1
,2022-17184,-104.9895508,39.78026028,5/18/2022 14:00,14:00,15,0,0,I-70 & I-25,1,1,0,0,1,4,0,0,65,0,0,0,0,0,1,2,1
,2022-17199,-104.9480133,39.78381116,5/19/2022 14:00,14:00,12,0,0,E 48TH AVE & N VASQUEZ BLVD,1,1,0,0,1,1,0,0,35,0,0,0,0,0,4,2,11
,2022-17206,-105.008461,39.69672839,5/19/2022 17:45,17:45,12,0,0,1700 W MISSISSIPPI AVE & S RARITAN ST,1,1,0,0,1,4,0,0,45,0,0,0,0,0,4,2,2
,2022-17207,-104.9128214,39.75107796,5/19/2022 20:11,20:11,1,0,0,E 23RD AVE & N MONACO PRK WY,1,3,0,0,1,1,0,0,30,0,0,0,0,0,4,2,13
,2022-17208,-104.98743,39.72661693,5/18/2022 12:05,12:05,8,0,1,N SPEER BLVD & N BROADWAY ST,1,1,0,0,1,1,0,0,35,0,0,0,0,3,4,2,3
,2022-17210,-104.9873837,39.75158087,5/19/2022 10:22,10:22,12,0,0,CHAMPA ST & N BROADWAY ST,1,1,0,0,1,1,0,0,30,0,0,0,0,0,4,2,16
,2022-17211,-105.0015907,39.72994374,5/18/2022 18:37,18:37,6,0,0,853 N LIPAN ST & N LIPAN ST / W 8TH AVE,1,3,0,0,1,4,0,0,30,0,0,0,0,0,4,2,7
,2022-17213,-104.9874223,39.72700122,5/19/2022 15:15,15:15,15,0,0,700 BLK N BROADWAY ST & E SPEER BLVD,1,1,0,0,1,4,0,0,35,0,0,0,0,0,4,2,13
,2022-17214,-105.0460562,39.70746551,5/19/2022 10:00,10:00,6,0,2,UTICA ST S & BINGHAM PL W,1,1,1,0,1,4,0,0,25,0,0,0,0,2,4,3,2
,2022-17215,-105.034643,39.76954783,5/19/2022 12:39,12:39,3,0,0,N LOWELL BLVD & W 38TH AVE,1,1,1,0,1,1,0,0,30,0,0,0,0,1,4,3,13
,2022-17216,-104.9933177,39.67845081,5/19/2022 9:50,9:50,3,0,0,SANTA FE DR S & EVANS AVE W,1,1,2,0,1,1,0,0,30,0,0,0,0,0,2,2,8
,2022-17217,-104.9059372,39.63218287,5/21/2022 0:44,0:44,15,0,0,I-25 & MM 200,7,3,0,0,1,4,0,0,,0,0,0,0,0,2,2,16
,2022-17218,-104.9316935,39.77620214,5/18/2022 12:37,12:37,12,0,0,4200 BLK N DAHLIA ST & E SMITH RD,1,1,0,0,1,3,0,0,35,0,0,0,0,0,4,2,11
,2022-17219,-104.8151772,39.79478892,5/18/2022 23:03,23:03,6,0,0,5500 BLK N ELKHART ST & E MAXWELL PL,1,3,0,0,1,4,0,0,30,0,0,0,0,0,4,2,14
,2022-17228,-104.9407883,39.74193339,5/20/2022 8:54,8:54,9,0,0,COLORADO BLVD N & 16TH AVE E,11,1,0,1,2,3,0,0,35,0,0,0,0,0,2,1,7
,2022-17231,-104.9025336,39.76737975,5/19/2022 10:44,10:44,12,0,0,E 36TH AVE & N QUEBEC ST,1,1,0,0,1,1,0,0,30,0,0,0,0,0,4,2,11
,2022-17232,-104.8368337,39.79063997,5/21/2022 15:22,15:22,6,0,0,E 51ST AVE & N UTOPIA CT,1,1,0,0,1,4,0,0,25,0,0,0,0,0,4,3,7
,2022-17233,-104.9161512,39.73469558,5/20/2022 14:20,14:20,6,0,1,1100 BLK N KRAMERIA ST & E 12TH AVE,11,1,0,1,1,4,0,0,25,0,0,0,0,2,4,4,10
,2022-17235,-104.9406123,39.74007431,5/21/2022 0:41,0:41,1,0,0,COLFAX AVE E & COLORADO BLVD N,7,3,0,2,1,1,0,0,35,0,0,0,0,0,2,2,3
,2022-17236,-104.9185139,39.65305196,5/20/2022 22:23,22:23,12,0,1,I-25 & HAMPDEN AVE E,7,3,1,2,1,4,0,0,60,0,0,0,0,1,1,2,1
,2022-17237,-104.9720974,39.77967467,5/21/2022 7:11,7:11,15,0,0,I-70 EB EXIT GORE PT TO & BRIGHTON BLVD N,11,1,0,2,1,4,0,0,55,0,0,0,0,0,2,4,16
,2022-17238,-104.987397,39.74891255,5/20/2022 21:52,21:52,15,0,0,BROADWAY ST N & CALIFORNIA ST,11,3,0,2,1,1,0,0,30,0,0,0,0,0,4,2,13
,2022-17245,-105.0129198,39.77655861,5/19/2022 8:56,8:56,12,0,0,W 44TH AVE & N UMATILL ST-N VALLEJO ST ALLEY,1,1,0,0,1,9,0,0,25,0,0,0,0,0,4,2,16
,2022-17246,-104.9124339,39.74007936,5/19/2022 11:55,11:55,12,0,0,COLFAX AVE E & MONACO ST N,1,1,0,0,1,1,0,0,35,0,0,0,0,0,2,2,11
,2022-17247,-104.9800031,39.73369262,5/17/2022 9:26,9:26,12,0,0,500 BLK E 11TH AVE & N PEARL ST,9,1,0,0,1,4,0,0,25,0,0,0,0,0,4,2,16
,2022-17248,-104.9924028,39.692114,5/18/2022 16:00,16:00,10,0,0,SANTA FE DR S & 1304 S SANTA FE DR,1,1,0,0,1,2,0,0,45,0,0,0,0,0,2,2,3
,2022-17250,-104.9480217,39.711006,5/18/2022 17:15,17:15,1,0,0,E CHERRY CREEK S DR & E ALAMEDA AVE,1,1,0,0,1,1,0,0,25,0,0,0,0,0,4,2,3
,2022-17253,-104.9925598,39.69666135,5/21/2022 13:49,13:49,3,0,0,MISSISSIPPI AVE W & SANTA FE DR S,1,1,0,0,1,1,0,0,35,0,0,0,0,0,2,2,14
,2022-17254,-104.9827661,39.6947844,5/18/2022 17:15,17:15,3,0,0,E ARIZONA AVE & S LOGAN ST,1,1,0,0,1,1,0,0,25,0,0,0,0,0,4,2,3
,2022-17255,-105.0324788,39.72452126,5/11/2022 16:27,16:27,1,0,0,KNOX CT N & 5TH AVE W,1,1,2,0,1,1,0,0,30,0,0,0,0,0,4,2,13
,2022-17256,-104.9873935,39.73685019,5/21/2022 13:01,13:01,12,0,0,E 13TH AVE & N BROADWAY ST,1,1,0,0,1,4,0,0,30,0,0,0,0,0,4,4,3
,2022-17260,-104.8940342,39.74008286,5/21/2022 17:09,17:09,6,0,0,COLFAX AVE E & ULSTER ST N,1,1,0,0,1,1,0,0,30,0,0,0,0,0,2,2,13
,2022-17263,-105.0114458,39.72365226,5/21/2022 12:55,12:55,12,0,0,I-25 & 6TH AVE W,1,1,0,0,1,4,0,0,55,0,0,0,0,0,2,2,13
,2022-17264,-104.9985747,39.75774928,5/19/2022 7:01,7:01,1,0,0,20TH ST & CHESTNUT PL,1,1,0,0,1,1,0,0,35,0,0,0,0,0,4,3,11
,2022-17267,-104.925064,39.66754021,5/21/2022 12:30,12:30,3,0,0,YALE AVE E & I-25 NB OFF RAMP,1,1,0,0,1,1,0,0,30,0,0,0,0,0,4,2,14
,2022-17270,-105.0337235,39.65725086,5/18/2022 13:00,13:00,1,0,0,S JULIAN WAY & S LOWELL BLVD,1,1,0,0,1,3,0,0,30,0,0,0,0,0,4,2,11
,2022-17279,-104.7907918,39.78363899,5/20/2022 18:50,18:50,12,0,0,PENA BLVD & GVR BLVD,9,1,1,2,1,1,0,0,25,0,0,0,0,0,1,2,3
,2022-17284,-104.9968774,39.74693776,5/20/2022 17:42,17:42,10,0,0,15TH ST & ARAPAHOE ST,11,1,0,1,1,1,0,0,30,0,0,0,0,0,4,2,13
,2022-17285,-104.9828741,39.75107737,5/20/2022 21:26,21:26,3,0,0,WELTON ST & PARK AVE WEST,11,3,0,1,1,1,0,0,30,0,0,0,0,0,4,2,8
,2022-17288,-104.9874384,39.70145449,5/21/2022 8:11,8:11,15,0,2,I-25 & BROADWAY ST S,8,1,0,2,1,4,0,0,55,0,0,0,0,1,1,3,1
,2022-17291,-105.0417508,39.66776019,5/20/2022 17:20,17:20,3,0,0,S RALEIGH ST & W YALE AVE,7,1,0,2,1,1,0,0,35,0,0,0,0,0,4,2,1
,2022-17292,-104.9895355,39.78263772,5/21/2022 16:27,16:27,12,0,1,I-25 & I-70,1,1,0,0,1,4,0,0,55,0,0,0,0,3,1,3,16
,2022-17344,-104.8474781,39.77184797,5/21/2022 22:59,22:59,9,0,1,PEORIA ST N & 39TH AVE E,1,3,0,0,3,4,0,0,35,0,0,0,1,3,4,1,10
,2022-17349,-104.9791117,39.77930376,5/17/2022 13:05,13:05,12,0,0,WASHINGTON ST N & I-70,1,1,0,0,1,4,0,0,30,0,0,0,0,0,4,2,8
,2022-17352,-104.9795551,39.7400054,5/22/2022 3:30,3:30,6,0,0,COLFAX AVE E & PEARL ST N,1,3,0,0,1,4,0,0,,0,0,0,0,0,2,2,16
,2022-17353,-104.9234432,39.7292492,5/18/2022 13:15,13:15,3,0,0,E 8TH AVE & N HUDSON ST,1,1,0,0,1,1,0,0,25,0,0,0,0,0,4,2,13
,2022-17358,-104.8308626,39.7896128,5/17/2022 16:02,16:02,3,0,0,E 51ST AVE & N XANADU ST,1,1,0,0,1,1,0,0,30,0,0,0,0,1,4,2,13
,2022-17359,-104.9734767,39.67488487,5/22/2022 10:08,10:08,1,0,2,S DOWNING ST & E ILIFF AVE,1,1,0,0,1,3,0,0,30,0,0,0,0,1,4,2,1
,2022-17360,-104.9099499,39.63861951,5/17/2022 8:35,8:35,12,0,1,I-25 & QUINCY AVE E,1,1,0,0,1,4,0,0,65,0,0,0,0,1,1,3,16
,2022-17371,-105.0227852,39.7211736,5/21/2022 17:43,17:43,6,0,0,300 BLK N DECATUR ST & W 4TH AVE,1,1,0,0,1,4,0,0,25,0,0,0,0,1,4,2,3
,2022-17373,-104.993,39.75329348,5/22/2022 2:15,2:15,12,0,0,1300 BLK 20TH ST & 20TH ST / MARKET ST,1,3,0,0,1,4,0,0,30,0,0,0,0,0,4,2,14
,2022-17374,-105.0119258,39.75569881,5/21/2022 22:28,22:28,12,0,0,I-25 NB & SPEER BLVD N,1,3,0,0,1,4,0,0,55,0,0,0,0,0,4,2,1
,2022-17375,-105.0250486,39.67864394,5/21/2022 11:55,11:55,11,0,0,FEDERAL BLVD S & EVANS AVE W,1,1,0,0,1,1,0,0,0,0,1,0,0,0,2,1,16
,2022-17376,-104.9405429,39.68519356,5/8/2022 14:14,14:14,11,0,1,COLORADO BLVD S & 1700 BLK S,1,1,0,0,1,4,0,0,0,0,1,0,0,3,2,1,16
,2022-17377,-104.7819646,39.82825656,5/21/2022 20:40,20:40,4,0,0,PENA BLVD & TOWER RD,1,3,0,0,1,4,0,0,65,0,0,0,0,0,4,1,13
,2022-17378,-104.979375,39.68938833,5/22/2022 7:50,7:50,6,0,0,600 BLK E FLORIDA AVE & S WASHINGTON ST,1,1,0,0,1,4,0,0,25,0,0,0,0,0,4,2,8
,2022-17380,-105.008051,39.76928763,5/21/2022 21:18,21:18,12,0,0,W 38TH AVE & N QUIVAS ST,1,3,0,0,1,4,0,0,35,0,0,0,0,0,4,3,16
,2022-17388,-105.025149,39.72933001,5/17/2022 6:42,6:42,12,0,3,6TH AVE W & FEDERAL BLVD N,1,1,1,0,1,4,0,0,55,0,0,0,0,1,2,3,16
,2022-17391,-104.9718784,39.74000965,5/6/2022 9:30,9:30,2,0,1,COLFAX AVE W & MARION ST N,1,1,0,0,1,1,0,0,35,1,0,0,0,2,2,1,14
,2022-17392,-104.9861177,39.74488996,5/17/2022 12:30,12:30,11,0,1,18TH AVE E & LINCOLN ST N,1,1,1,0,1,1,0,0,30,0,1,0,0,2,4,1,11
,2022-17394,-104.9875325,39.70145192,5/22/2022 5:02,5:02,5,0,0,I-25 & BROADWAY ST S,1,2,1,0,3,4,0,0,60,0,0,0,0,0,1,1,2
,2022-17398,-105.0393109,39.73847115,5/22/2022 12:30,12:30,3,0,0,W 14TH AVE & N PERRY ST,1,1,0,0,1,1,0,0,25,0,0,0,1,0,4,2,13
,2022-17415,-105.0106534,39.72300412,5/18/2022 11:05,11:05,12,0,1,I-25 NB EXIT GORE PT TO & 6TH AVE W,1,1,0,0,1,4,0,0,55,0,0,0,0,1,1,2,16
,2022-17417,-104.9899983,39.75494725,5/17/2022 0:01,0:01,11,0,1,LARIMER ST & 22ND ST,1,3,0,0,1,4,0,0,30,0,1,0,0,2,4,1,13
,2022-17446,-104.9985687,39.75774437,5/17/2022 22:59,22:59,11,0,1,20TH ST & 20TH ST,1,3,0,0,1,3,0,0,0,0,1,0,0,2,4,1,16
,2022-17469,-105.0109989,39.71118306,5/22/2022 22:40,22:40,3,0,0,ALAMEDA AVE W & TEJON ST S,1,3,0,0,1,1,0,0,30,0,0,0,0,0,2,2,1
,2022-17470,-104.8928592,39.74198,5/20/2022 12:45,12:45,3,0,0,E 16TH AVE & N UINTA ST,11,1,0,1,1,1,0,0,35,0,0,0,0,1,4,2,16
,2022-17472,-105.0048002,39.71118397,5/22/2022 23:00,23:00,9,0,1,ALAMEDA AVE W & NAVAJO ST S,1,3,0,0,1,4,0,0,35,0,0,0,1,3,2,1,14
,2022-17473,-105.0501153,39.72558154,5/22/2022 13:28,13:28,12,0,0,HWY 6 EB ON RAMP FROM & SHERIDAN BLVD N,1,1,1,0,1,8,0,0,55,0,0,0,0,0,2,2,3
,2022-17474,-104.9772181,39.75544201,5/23/2022 11:00,11:00,3,0,0,2800 BLK WELTON ST & 28TH ST,1,1,0,0,1,9,0,0,10,0,0,0,0,0,4,2,11
,2022-17475,-104.9733351,39.74752906,5/20/2022 12:58,12:58,3,0,0,DOWNING ST N & 20TH AVE E,11,1,0,0,1,1,0,0,30,0,0,0,0,0,4,3,8
,2022-17476,-105.0507211,39.69246672,5/23/2022 14:07,14:07,1,0,0,YATES ST S & WYOMING PL W,1,1,0,0,1,1,0,0,25,0,0,0,0,0,4,2,10
,2022-17479,-104.9136146,39.6389622,5/23/2022 17:19,17:19,1,0,0,HAPPY CANYON RD E & MONACO ST S,1,1,0,0,1,1,0,0,35,0,0,0,0,0,4,2,13
,2022-17481,-104.9106005,39.76565037,5/23/2022 7:25,7:25,3,0,0,NIAGARA ST N & 35TH AVE E,1,1,0,0,1,1,0,0,25,0,0,0,0,0,4,2,11
,2022-17483,-104.824642,39.79066394,5/18/2022 16:40,16:40,3,0,0,52ND AVE E & CROWN BLVD N,1,1,0,0,1,1,0,0,25,0,0,0,0,0,4,2,13
,2022-17485,-104.7719489,39.82189543,5/20/2022 21:35,21:35,3,0,0,E 69TH AVE & N TOWER RD,11,3,0,2,1,1,0,0,25,0,0,0,0,0,4,2,3
,2022-17487,-105.0058737,39.69488605,5/20/2022 11:39,11:39,6,0,0,1500 BLK W ARIZONA AVE & S PECOS ST,11,1,0,1,1,4,0,0,25,0,0,0,0,0,4,2,16
,2022-17491,-105.0292797,39.68946296,5/22/2022 13:19,13:19,12,0,0,3200 BLK W FLORIDA AVE & S. IRVING ST,1,1,0,0,1,4,0,0,30,0,0,0,0,0,4,2,3
,2022-17492,-104.9597771,39.73838925,5/20/2022 16:20,16:20,3,0,0,N YORK ST & E 14TH AVE,9,1,0,2,1,1,0,0,30,0,0,0,0,0,4,2,13
,2022-17493,-104.8853525,39.61842296,5/23/2022 8:31,8:31,12,0,0,S YOSEMITE ST & E BELLEVIEW AVE,1,1,0,0,1,3,0,0,45,0,0,0,0,0,4,2,3
,2022-17495,-104.833819,39.77286982,5/23/2022 7:00,7:00,12,0,1,I-70 & MM 282.26,1,1,1,0,1,4,0,0,55,0,0,0,0,1,1,2,16
,2022-17496,-104.8098863,39.77783087,5/20/2022 8:10,8:10,12,0,0,N CHAMBERS RD & E 46TH AVE,11,1,0,1,1,4,0,0,40,0,0,0,0,0,4,2,3
,2022-17498,-104.9002139,39.76049594,5/20/2022 10:45,10:45,3,0,0,E MLK BLVD & N ROSLYN ST,11,1,0,1,1,1,0,0,35,0,0,0,0,0,4,2,8
,2022-17499,-104.7998399,39.78379191,5/20/2022 7:15,7:15,3,0,0,E GVR BLVD & PRIVATE RD,11,1,0,1,1,1,0,0,25,0,0,0,0,0,4,2,11
,2022-17501,-104.8098952,39.77477424,5/23/2022 1:04,1:04,9,0,0,CHAMBERS RD N & ANDREWS DR E,1,3,0,7,3,4,0,0,,0,0,0,0,0,4,1,16
,2022-17504,-104.9801882,39.74898483,5/22/2022 12:19,12:19,12,0,0,PARK AVE_W & COURT PL,1,1,0,0,1,3,0,0,30,0,0,0,0,0,4,2,11
,2022-17506,-105.0501153,39.72558154,5/23/2022 6:23,6:23,12,0,0,HWY 6 EB ON RAMP ENT GORE PT FROM & SHERIDAN BLVD N,1,1,0,0,1,8,0,0,55,0,0,0,0,0,2,2,13
,2022-17507,-104.9416005,39.76171483,5/23/2022 16:59,16:59,12,0,0,EB E MARTIN LUTHER KING JR. BLVD & N COLORADO BLVD,1,1,0,0,1,4,0,0,35,0,0,0,0,0,4,3,13
,2022-17508,-105.0251303,39.72554639,5/23/2022 12:11,12:11,12,0,1,HWY 6 EB ON RAMP FROM & FEDERAL BLVD N,1,1,1,0,1,8,0,0,30,0,0,0,0,2,2,2,3
,2022-17515,-105.0001129,39.72570809,5/22/2022 18:09,18:09,12,0,0,6TH AVE W & KALAMATH ST N,1,1,0,0,1,1,0,0,,0,0,0,0,0,2,3,16
,2022-17517,-104.6982508,39.83800764,5/23/2022 11:35,11:35,15,0,0,78TH AVE E & JACKSON GAP ST N,1,1,0,0,1,4,0,0,45,0,0,0,0,0,4,2,8
,2022-17521,-104.9949315,39.76798309,5/23/2022 13:34,13:34,15,0,0,I-25 & PARK AVE W,1,1,0,0,1,4,0,0,55,0,0,0,0,0,1,2,10
,2022-17522,-105.0204966,39.78173538,5/22/2022 4:00,4:00,11,0,1,CLAY ST N & 47TH AVE W,1,3,0,0,1,4,0,0,25,0,1,0,0,2,4,1,3
,2022-17523,-104.9221184,39.67589901,5/23/2022 17:05,17:05,8,0,0,E ILIFF AVE & S HOLLY ST,1,1,0,0,1,4,0,0,25,0,0,0,0,0,4,2,1
,2022-17524,-105.0131182,39.72551753,5/22/2022 21:00,21:00,15,0,1,I-25 & 6TH AVE W,1,4,1,0,1,4,0,0,65,0,0,0,0,1,1,2,1
,2022-17534,-104.9407908,39.74007266,5/23/2022 11:29,11:29,12,0,1,N COLORADO BLVD & E COLFAX AVE,1,1,0,0,1,1,0,0,35,0,0,0,0,1,4,2,3
,2022-17535,-104.9034368,39.68437348,5/20/2022 12:00,12:00,12,0,0,1700 BLK S QUEBEC ST & E JEWELL AVE,11,1,0,2,1,4,0,0,30,0,0,0,0,0,4,2,13
,2022-17536,-104.9594188,39.6827854,5/23/2022 17:09,17:09,3,0,0,BUCHTEL BLVD E & UNIVERSITY BLVD S,1,1,0,0,1,1,0,0,30,0,0,0,0,0,4,2,13
,2022-17538,-104.9935151,39.73386651,5/20/2022 12:15,12:15,8,0,0,N SPEER BLVD & W 11TH AVE,11,1,0,1,1,1,0,0,30,0,0,0,0,1,4,2,13
,2022-17541,-104.9823332,39.74200538,5/22/2022 10:25,10:25,6,0,0,LOGAN ST N & 16TH AVE E,1,1,0,1,1,4,0,0,25,0,0,0,0,0,4,2,16
,2022-17542,-104.8987457,39.73287219,5/22/2022 18:07,18:07,10,0,0,E 11TH AVE & N SYRACUSE ST,1,2,0,0,1,1,0,0,30,0,0,0,0,0,4,2,7
,2022-17550,-104.9589754,39.68437133,5/23/2022 10:57,10:57,5,0,1,I-25 SB ON RAMP FROM & UNIVERSITY BLVD S,1,1,0,0,3,8,0,0,35,0,0,0,0,2,1,1,10
,2022-17551,-104.963476,39.73839656,5/23/2022 9:05,9:05,15,0,0,E 14TH AVE & N RACE ST,1,1,0,0,1,1,0,0,30,0,0,0,0,0,4,2,11
,2022-17585,-104.9899919,39.66768,5/19/2022 16:10,16:10,6,0,0,BANNOCK ST S & YALE AVE E,1,1,0,0,1,4,0,0,30,0,0,0,0,0,4,2,16
,2022-17603,-104.9504712,39.68471655,5/19/2022 15:58,15:58,12,0,1,I-25 & STEELE ST S,1,1,0,0,1,4,0,0,60,0,0,0,0,1,1,2,13
,2022-17629,-105.0532505,39.68954652,4/13/2022 9:11,9:11,1,0,0,S SHERIDAN BLVD & W FLORIDA AVE,1,1,0,0,1,1,0,0,40,0,0,0,0,0,2,2,13
,2022-18021,-104.8935219,39.63574821,5/24/2022 16:44,16:44,12,0,0,I-225 & TAMARAC ST S,1,1,0,0,1,4,0,0,55,0,0,0,0,0,1,3,3
,2022-18025,-104.9734246,39.68981364,5/23/2022 16:45,16:45,12,0,0,I-25 & DOWNING ST S,1,1,0,0,1,4,0,0,65,0,0,0,0,0,1,2,12
,2022-18026,-104.8937182,39.63669031,5/23/2022 8:42,8:42,12,0,1,I-225 SB/WB OFF RAMP SLIP TO & TAMARAC ST S,1,1,1,0,1,8,0,0,45,0,0,0,0,2,1,2,7
,2022-18028,-105.053259,39.77838652,5/24/2022 12:38,12:38,1,0,0,SHERIDAN BLVD N & 45TH AVE W,1,1,0,0,1,1,0,0,35,0,0,0,0,0,2,2,13
,2022-18029,-104.9128116,39.67846224,5/23/2022 13:00,13:00,14,0,0,E EVANS AVE & S MONACO ST,1,1,0,0,1,1,0,0,30,0,0,0,0,0,4,2,3
,2022-18030,-105.0139159,39.740089,5/24/2022 6:43,6:43,12,0,0,I-25 & COLFAX AVE W,1,1,1,0,1,4,0,0,55,0,0,0,0,0,1,3,13
,2022-18032,-105.0127004,39.75514564,5/23/2022 11:51,11:51,12,0,1,I-25 & SPEER BLVD N,1,1,0,0,1,4,0,0,55,0,0,0,0,1,1,3,16
,2022-18033,-104.9594341,39.66392515,5/23/2022 10:00,10:00,12,0,0,S UNIVERSITY BLVD & E BATES AVE,1,1,0,0,1,1,0,0,30,0,0,0,0,0,4,2,3
,2022-18035,-104.847035,39.77108653,5/23/2022 10:55,10:55,15,0,0,N PEORIA ST & E 39TH AVE,1,1,0,0,1,1,0,0,35,0,0,0,0,0,4,2,8
,2022-18036,-104.9450751,39.74014094,5/23/2022 11:00,11:00,6,0,0,MONROE ST N & COLFAX AVE E,1,1,0,0,1,4,0,0,25,0,0,0,0,0,2,2,3
,2022-18037,-104.7712784,39.79161977,5/24/2022 10:55,10:55,6,0,0,ANDES ST N & 53RD AVE E,1,1,0,0,1,4,0,0,25,0,0,0,0,0,4,2,1
,2022-18039,-104.9597663,39.75066258,5/24/2022 8:00,8:00,15,0,0,YORK ST N & 23RD AVE E,1,1,0,0,1,3,0,0,30,0,0,0,0,0,4,2,1
,2022-18043,-104.9873869,39.70141073,5/24/2022 15:37,15:37,12,0,0,I-25 & BROADWAY ST S,1,1,0,0,1,4,0,0,55,0,0,0,0,0,1,2,13
,2022-18044,-104.9874355,39.72563832,5/23/2022 14:00,14:00,3,0,0,E 6TH AVE & N BROADWAY ST,1,1,0,0,1,1,0,0,30,0,0,0,0,0,4,2,12
,2022-18045,-105.0299658,39.76960895,5/23/2022 15:25,15:25,6,0,0,3800 BLK N IRVING ST & W. 38TH AVE,1,1,0,0,1,4,0,0,30,0,0,0,0,0,4,2,11
,2022-18047,-104.9989128,39.71123181,5/24/2022 5:56,5:56,12,0,0,I-25 & ALAMEDA AVE W,1,1,0,0,1,4,0,0,55,0,0,0,0,0,1,2,13
,2022-18048,-105.0205316,39.75482785,5/23/2022 12:23,12:23,3,0,0,CLAY ST N & 26TH AVE W,1,1,0,0,1,1,0,0,25,0,0,0,0,0,4,2,11
,2022-18049,-104.8462663,39.77802617,5/24/2022 11:50,11:50,3,0,0,45TH AVE E & PEORIA ST N,1,1,0,0,1,2,0,0,30,0,0,0,0,0,4,2,11
,2022-18050,-104.9406261,39.717795,5/23/2022 16:00,16:00,12,0,0,COLORADO BLVD N & 1ST AVE E,1,1,0,0,1,1,0,0,,0,0,0,0,0,2,2,16
,2022-18055,-104.9900217,39.75469421,5/24/2022 7:06,7:06,15,0,0,1300 BLK 22ND ST & LARIMER ST,1,1,0,1,1,4,0,0,25,0,0,0,0,0,4,2,13
,2022-18056,-104.9032061,39.75932087,5/24/2022 12:20,12:20,12,0,0,N QUEBEC ST & E 29TH DR,1,1,0,0,1,3,0,1,15,0,0,0,0,0,4,2,14
,2022-18057,-104.9387472,39.7114923,5/24/2022 18:07,18:07,1,0,1,4200 E ALAMEDA AVE & S COLORADO BL,1,1,0,0,1,1,0,0,30,0,0,0,0,1,4,2,13
,2022-18058,-105.0532234,39.65616407,5/18/2022 16:30,16:30,3,0,0,SHERIDAN BLVD S & DARTMOUTH AVE W,1,1,0,0,1,1,0,0,40,0,0,0,0,0,2,2,16
,2022-18059,-104.910932,39.66763521,5/20/2022 10:47,10:47,12,0,0,6600 BLK E YALE AVE & S MAGNOLIA ST,1,1,1,0,1,4,0,0,30,0,0,0,0,0,4,2,13
,2022-18067,-105.032475,39.72509121,5/23/2022 7:37,7:37,12,0,1,6TH AVE W & KNOX CT,1,1,1,0,1,4,0,0,55,0,0,0,0,1,2,2,16
,2022-18072,-104.8209464,39.79676624,5/14/2022 18:00,18:00,6,0,0,5557 N DILLON ST & E RANDOLPH PL,1,1,3,0,1,4,0,0,,0,0,0,0,0,4,2,16
,2022-18074,-104.9058146,39.75221016,5/24/2022 15:59,15:59,3,0,0,24TH AVE E & PONTIAC ST N,1,1,0,0,1,1,0,0,25,0,0,0,0,0,4,2,13
,2022-18076,-104.9049345,39.74008677,5/23/2022 14:50,14:50,12,0,1,COLFAX AVE E & POPLAR ST N,1,1,0,0,1,4,0,0,30,0,0,0,0,1,2,2,13
,2022-18077,-104.9407602,39.78094138,5/24/2022 15:32,15:32,3,0,0,COLORADO BLVD N & I-70 WB OFF RAMP,1,1,0,0,1,1,0,0,35,0,0,0,0,0,4,3,13
,2022-18078,-104.9873762,39.74335811,5/23/2022 15:09,15:09,15,0,0,E 17TH AVE & N BROADWAY ST,1,1,0,0,1,4,0,0,30,0,0,0,0,0,4,2,1