id,drcog_id,longitude,latitude,crashtime,time,crashtype,numbkilled,numbinjurd,drcoglocat,rdconditin,lightngcon,roadcntgrd,weatherco,location,roaddescrp,schoolzone,constrzone,splimit,bikeinv,pedinv,sctrinv,motoinv,svrty,rdsystem,ttlvehcls,hcf
,2022-18080,-104.9462597,39.76446853,5/23/2022 13:40,13:40,3,0,1,MADISON ST N & BRUCE RANDOLPH AVE E,1,1,0,0,1,1,0,0,30,0,0,0,0,2,4,2,13
,2022-18081,-104.9811923,39.75907265,5/23/2022 7:45,7:45,1,0,0,28TH ST & ARAPAHOE ST,1,1,0,0,1,3,0,0,30,0,0,0,0,0,4,2,11
,2022-18083,-104.9873902,39.74000829,5/24/2022 11:45,11:45,10,0,0,N BROADWAY ST & E COLFAX AVE,1,1,0,0,1,1,0,0,30,0,0,0,0,0,4,2,8
,2022-18089,-104.940767,39.77994597,5/24/2022 11:57,11:57,1,0,0,COLORADO BLVD N & I-70 WB ON RAMP,1,1,0,0,1,1,0,0,40,0,0,0,0,0,2,2,1
,2022-18090,-104.9386785,39.674822,5/24/2022 15:38,15:38,3,0,1,ILIFF AVE E & ASH ST S,1,1,0,0,1,2,0,0,30,0,0,0,0,1,4,2,11
,2022-18091,-105.0213684,39.75846083,5/23/2022 18:43,18:43,3,0,1,29TH AVE W & SPEER BLVD N,1,1,0,1,1,1,0,0,35,0,0,0,0,1,4,2,3
,2022-18093,-104.8708044,39.67475846,5/24/2022 5:38,5:38,3,0,0,S PARKER RD & E ILIFF AVE,1,2,0,0,1,1,0,0,40,0,0,0,0,0,2,3,1
,2022-18098,-104.9597955,39.73345471,5/23/2022 11:34,11:34,3,0,0,N YORK ST & E 11TH AVE,1,1,0,0,1,1,0,0,30,0,0,0,0,0,4,2,13
,2022-18100,-104.9775468,39.72012278,5/24/2022 13:00,13:00,3,0,0,CLARKSON ST N & SPEER BLVD E,1,1,0,0,1,1,0,0,25,0,0,0,0,0,4,2,11
,2022-18141,-105.0158603,39.72487344,5/25/2022 13:02,13:02,5,0,1,HWY 6 EB DISTRIBUTOR RAMP TO & I-25 NB/SB RAMP SPLIT,1,1,1,0,2,8,0,0,55,0,0,0,1,2,2,1,10
,2022-18142,-104.9823158,39.73835396,5/25/2022 15:55,15:55,12,0,0,1300 BLK N LOGAN ST & E 14TH AVE,1,1,0,0,1,4,0,0,30,0,0,0,0,0,4,2,13
,2022-18145,-105.0165222,39.7513218,5/25/2022 7:23,7:23,12,0,0,I-25 & 23RD AVE W,1,1,0,0,1,4,0,0,55,0,0,0,0,0,1,2,10
,2022-18146,-104.9896096,39.78940672,5/25/2022 5:43,5:43,14,0,0,BANNOCK ST N & 48TH AVE W,1,1,0,0,1,4,0,0,35,0,0,0,0,0,4,2,3
,2022-18149,-104.9597705,39.75321091,5/20/2022 19:20,19:20,3,0,1,YORK ST N & 25TH AVE E,11,1,0,2,1,1,0,0,30,0,0,0,0,1,4,2,1
,2022-18151,-104.9129251,39.70749795,5/24/2022 16:45,16:45,1,0,1,S MONACO ST & E VIRGINIA AVE,1,1,0,0,1,1,0,0,30,0,0,0,0,1,4,2,3
,2022-18153,-105.0047562,39.76115807,5/25/2022 14:45,14:45,12,0,0,I-25 & 20TH ST,1,1,0,0,1,4,0,0,55,0,0,0,0,0,1,2,10
,2022-18154,-104.7468597,39.83381542,5/25/2022 7:53,7:53,15,0,0,E-470 & PENA BLVD,1,1,0,0,1,4,0,0,75,0,0,0,0,0,4,3,1
,2022-18156,-104.9919397,39.68757244,5/24/2022 15:55,15:55,1,0,2,SANTA FE DR S & IOWA AVE W,14,1,3,0,1,1,0,0,,0,0,0,0,2,2,2,16
,2022-18157,-105.0080528,39.75313327,5/25/2022 14:45,14:45,10,0,1,N SPEER BLVD & ELITCH CIR,1,1,0,0,1,1,0,0,35,0,0,0,0,1,4,3,3
,2022-18158,-104.92227,39.68124719,5/25/2022 10:30,10:30,3,0,0,E ATLANTIC PL & S HOLLY ST,1,1,0,0,1,1,0,0,,0,0,0,0,0,4,2,3
,2022-18160,-105.0001485,39.72570812,5/24/2022 13:00,13:00,12,0,0,W 6TH AVE & N KALAMATH ST,1,1,0,0,1,1,0,0,35,0,0,0,0,0,4,2,3
,2022-18165,-105.025166,39.74033372,5/25/2022 12:45,12:45,15,0,0,COLFAX AVE E & IRVING ST N,1,1,0,0,1,4,0,0,35,0,0,0,0,0,2,2,1
,2022-18168,-105.0381456,39.75473596,5/23/2022 7:38,7:38,6,0,0,2500 BLK N OSCEOLA ST & W 26TH AVE,1,1,0,1,1,4,0,0,25,0,0,0,0,0,4,3,16
,2022-18171,-104.9875253,39.71479378,5/25/2022 0:47,0:47,12,0,0,100 BLK S BROADWAY ST & BAYAUD,1,3,0,0,1,4,0,0,30,0,0,0,0,0,4,2,2
,2022-18172,-104.9865387,39.72564489,5/25/2022 8:09,8:09,12,0,1,E 6TH AVE & N LINCOLN ST,1,1,0,0,1,3,0,0,30,0,0,0,0,1,4,3,16
,2022-18174,-105.0174223,39.76927294,5/25/2022 12:54,12:54,3,0,1,N ALCOTT ST & W 38TH AVE,1,1,0,0,1,1,0,0,25,0,0,0,0,1,4,2,13
,2022-18176,-105.0064366,39.78384061,5/25/2022 9:55,9:55,15,0,0,PECOS ST N & 48TH AVE W,1,1,0,0,1,6,0,0,20,0,0,0,0,0,1,2,13
,2022-18180,-104.9991195,39.71120695,5/25/2022 16:40,16:40,12,0,0,I-25 SB OFF RAMP TO & ALAMEDA AVE W,14,5,3,7,1,8,0,0,55,0,0,0,0,0,4,2,14
,2022-18183,-104.9269731,39.70815614,5/24/2022 15:21,15:21,1,0,0,LEETSDALE DR & FOREST ST S,1,1,0,0,1,1,0,0,35,0,0,0,0,0,2,2,1
,2022-18184,-105.0299615,39.71121547,5/25/2022 17:11,17:11,12,0,0,ALAMEDA AVE W & IRVING ST S,1,1,0,0,1,4,0,0,35,0,0,0,0,0,2,3,13
,2022-18186,-104.9617714,39.67841135,5/24/2022 16:00,16:00,12,0,0,EVANS AVE E & GAYLORD ST S,1,1,0,0,1,1,0,0,,0,0,0,0,0,4,2,16
,2022-18187,-104.8955712,39.71702315,5/24/2022 15:34,15:34,15,0,0,LOWRY BLVD E & FAIRMOUNT DR E,1,1,0,0,1,6,0,0,25,0,0,0,0,0,4,2,8
,2022-18188,-104.7718875,39.82549197,5/20/2022 17:58,17:58,12,0,0,N TOWER RD & E 71ST AVE,11,1,0,2,1,4,0,0,40,0,0,0,0,0,4,2,16
,2022-18190,-105.0154037,39.74034216,5/25/2022 1:48,1:48,12,0,0,COLFAX AVE W & I-25 SB OFF RAMP,1,3,0,0,1,1,0,0,35,0,0,0,0,0,2,2,16
,2022-18191,-105.0026497,39.7532977,5/25/2022 8:32,8:32,6,0,0,1600 BLK WEWATTA ST & W 16TH ST,1,1,0,0,1,4,0,0,30,0,0,0,0,0,4,2,3
,2022-18193,-104.9356184,39.76543259,5/25/2022 12:04,12:04,14,0,0,BIRCH ST N & 35TH AVE E,1,1,0,0,1,4,0,0,30,0,0,0,0,0,4,2,13
,2022-18195,-105.0043198,39.76094363,5/25/2022 16:35,16:35,12,0,0,I-25 NB ON RAMP FROM & 20TH ST,1,1,0,0,1,8,0,0,35,0,0,0,0,0,1,2,13
,2022-18196,-104.9555624,39.70163401,5/24/2022 15:00,15:00,6,0,0,S BONNIE BRAE BLVD & S COLUMBINE ST,1,1,0,0,1,1,0,0,25,0,0,0,0,0,4,2,3
,2022-18212,-104.9947686,39.76225328,5/25/2022 15:52,15:52,12,0,0,PARK AVE & 2400 BLK ,1,1,3,0,1,4,0,0,35,0,0,0,0,0,4,2,13
,2022-18213,-104.9130249,39.71121242,5/24/2022 7:40,7:40,12,0,0,6400 BLK E ALAMEDA AVE & S MONACO PKWY,1,1,0,0,1,3,0,0,30,0,0,0,0,0,4,2,1
,2022-18214,-105.0250114,39.68497788,5/25/2022 11:10,11:10,15,0,0,FEDERAL BLVD S & COLORADO AVE W,1,1,0,0,1,4,0,0,35,0,0,0,0,0,2,2,11
,2022-18215,-104.9177169,39.78358769,5/24/2022 10:31,10:31,14,0,0,4700 BLK N LEYDEN ST & E 48TH AVE,1,1,0,0,1,4,0,0,25,0,0,0,0,0,4,2,11
,2022-18235,-104.9775468,39.72012278,5/24/2022 15:42,15:42,12,0,0,E SPEER BLVD & N CLARKSON ST,1,1,0,0,1,1,0,0,35,0,0,0,0,0,4,3,16
,2022-18236,-104.9510109,39.71998382,5/23/2022 13:31,13:31,6,0,0,200 BLK N ST PAUL ST & W 2ND AVE,1,1,0,0,1,4,0,0,25,0,0,0,0,0,4,2,11
,2022-18241,-105.0236507,39.74515872,5/21/2022 22:55,22:55,15,0,0,18TH AVE W & MILE HI STADIUM CIR W,1,3,3,0,1,1,0,0,15,0,0,0,0,0,4,2,13
,2022-18251,-104.995998,39.67843468,5/18/2022 19:58,19:58,12,0,0,W EVANS AVE & S GALAPAGO ST,1,3,1,0,1,1,0,0,35,0,0,0,0,0,4,2,16
,2022-18259,-105.032475,39.72509121,5/23/2022 7:37,7:37,12,0,0,6TH AVE W & KNOX CT,1,1,1,0,1,4,0,0,55,0,0,0,0,0,2,2,16
,2022-18264,-104.9120465,39.73727277,5/25/2022 15:30,15:30,6,0,0,1300 BLK MONACO PRKWY & E 13TH AVE,1,1,0,0,1,4,0,0,30,0,0,0,0,0,4,2,13
,2022-18270,-104.8393291,39.7733421,5/24/2022 23:50,23:50,12,0,0,I-70 & I-225,1,3,0,0,1,4,0,0,55,0,0,0,0,0,1,2,3
,2022-18271,-104.9650333,39.68469985,5/24/2022 15:21,15:21,3,0,0,BUCHTEL BLVD E & 2225 E BUCHTEL BLVD,1,1,1,0,1,2,0,0,35,0,0,0,0,0,4,3,13
,2022-18317,-105.0248828,39.68949138,4/22/2022 15:01,15:01,3,0,1,FLORIDA AVE W & FEDERAL BLVD S,1,1,0,0,1,2,0,0,10,0,0,0,1,3,4,2,16
,2022-18321,-104.9558589,39.71804181,5/25/2022 17:00,17:00,12,0,0,E 1ST AVE & N CLAYTON LN,1,1,0,0,1,1,0,0,30,0,0,0,0,0,4,2,3
,2022-18322,-105.0133487,39.72550245,5/26/2022 12:11,12:11,12,0,1,I-25 & 6TH AVE W,1,1,3,0,1,4,0,0,55,0,0,0,0,1,1,2,13
,2022-18323,-104.969676,39.74482423,5/25/2022 13:22,13:22,3,0,0,E 18TH AVE & N HUMBOLDT ST,1,1,0,0,1,1,0,0,25,0,0,0,0,0,4,2,16
,2022-18324,-104.9124673,39.76565007,5/25/2022 11:28,11:28,3,0,2,MONACO ST N & 35TH AVE E,1,1,0,0,1,1,0,0,30,0,0,0,0,2,4,2,13
,2022-18325,-104.9875714,39.68032774,5/26/2022 8:53,8:53,5,0,1,BROADWAY ST S & ASBURY AVE E,1,1,0,0,3,1,0,0,35,0,0,0,0,1,4,1,10
,2022-18328,-104.9684763,39.7729113,5/25/2022 15:35,15:35,12,0,0,N FRANKLIN ST & E 40TH AVE,1,1,0,0,1,3,0,0,35,0,0,0,0,0,4,2,11
,2022-18329,-104.9593173,39.71755792,5/26/2022 12:26,12:26,12,0,1,N UNIVERSITY BLVD & E 1ST AVE,1,1,0,0,1,4,0,0,30,0,0,0,0,1,4,2,7
,2022-18330,-105.0158352,39.75840389,5/26/2022 7:20,7:20,3,0,1,N ZUNI ST & W 29TH AVE,1,1,1,0,1,1,0,0,30,0,0,0,0,1,4,2,1
,2022-18331,-105.0139596,39.74044224,5/26/2022 13:00,13:00,12,0,0,I-25 & COLFAX AVE W,1,1,0,0,1,4,0,0,55,0,0,0,0,0,2,2,13
,2022-18332,-104.9364798,39.71133379,5/25/2022 13:00,13:00,12,0,0,LEETSDALE DR & ALAMEDA AVE E,1,1,0,0,1,1,0,0,35,0,0,0,0,0,2,2,3
,2022-18333,-105.0524439,39.78384852,5/25/2022 21:20,21:20,15,0,0,I-70 & SHERIDAN BLVD N,1,3,3,0,1,4,0,0,55,0,0,0,0,0,4,4,13
,2022-18335,-104.9597968,39.73304276,5/26/2022 10:20,10:20,10,0,0,N YORK ST & E 11TH AVE,1,1,1,0,1,2,0,0,30,0,0,0,0,0,4,2,8
,2022-18336,-104.9609796,39.76077483,5/26/2022 0:00,0:00,6,0,0,3100 BLK N GAYLORD ST & E 31ST AVE,1,3,0,0,1,4,0,0,,0,0,0,0,0,4,2,16
,2022-18337,-105.0298532,39.73792965,5/21/2022 19:39,19:39,6,0,1,HOWARD PL W & AVONDALE DR W,1,1,1,0,1,4,0,0,25,0,0,0,0,2,4,2,1
,2022-18338,-105.0121131,39.7729217,5/27/2022 10:34,10:34,3,0,0,41ST AVE W & UMATILLA ST N,1,1,0,0,1,9,0,0,20,0,0,0,0,0,4,2,13
,2022-18345,-105.0532234,39.65616407,5/27/2022 10:59,10:59,1,0,1,SHERIDAN BLVD S & DARTMOUTH AVE W,1,1,0,1,1,1,0,0,40,0,0,0,0,2,2,2,13
,2022-18346,-104.9004225,39.65304348,5/27/2022 11:35,11:35,12,0,2,HAMPDEN AVE E & TAMARAC DR S,1,1,0,0,1,4,0,0,40,0,0,0,0,1,2,3,16
,2022-18347,-105.0251799,39.78422127,5/27/2022 8:50,8:50,3,0,1,FEDERAL BLVD N & I-70 EB OFF RAMP,1,1,0,0,1,1,0,0,35,0,0,0,0,1,2,2,13
,2022-18348,-105.0131182,39.72551753,5/26/2022 21:31,21:31,5,0,1,I-25 NB EXIT GORE PT TO & 6TH AVE W,1,3,1,0,3,4,0,0,65,0,0,0,0,2,1,1,16
,2022-18349,-104.8470471,39.78623408,5/27/2022 6:00,6:00,1,0,0,E 49TH AVE & N PEORIA ST,1,1,0,0,1,1,0,0,35,0,0,0,0,0,4,2,13
,2022-18350,-104.8893823,39.73870436,5/27/2022 9:43,9:43,3,0,2,E 14TH AVE & N WABASH ST,1,1,0,0,1,1,0,0,30,0,0,0,0,2,4,2,11
,2022-18351,-104.9054808,39.69930281,5/27/2022 11:55,11:55,15,0,0,LEETSDALE DR & QUEBEC ST S,1,1,0,0,1,4,0,0,,0,0,0,0,0,2,2,16
,2022-18353,-104.7721333,39.78054068,5/26/2022 12:05,12:05,12,0,0,N TOWER RD & E 47TH AVE,1,1,0,0,1,4,0,1,25,0,0,0,0,0,4,2,14
,2022-18354,-104.7904868,39.78339557,5/26/2022 15:50,15:50,1,0,0,GVR BLVD E & PENA BLVD,1,1,0,0,1,1,0,0,45,0,0,0,0,0,4,2,1
,2022-18356,-104.9269031,39.65310533,5/26/2022 14:55,14:55,12,0,0,HAMPDEN AVE E & GLENCOE ST S,1,1,0,0,1,4,0,0,35,0,0,0,0,0,2,2,13
,2022-18357,-105.0092774,39.75646087,5/25/2022 21:47,21:47,3,0,1,15TH ST & PLATTE ST,1,3,2,0,1,1,0,0,30,0,0,0,1,2,4,2,13
,2022-18358,-104.8506522,39.77431868,5/25/2022 15:01,15:01,12,0,1,I-70 & PEORIA ST N,1,1,1,0,1,4,0,0,55,0,0,0,0,1,1,3,11
,2022-18359,-104.903492,39.7717692,5/25/2022 17:54,17:54,11,0,0,QUEBEC ST N & SMITH RD E,1,1,0,0,1,4,0,0,0,0,1,0,0,0,4,1,16
,2022-18360,-105.0252395,39.71498118,5/1/2022 2:52,2:52,5,0,0,FEDERAL BLVD N & BAYAUD AVE W,1,3,0,0,6,4,0,0,35,0,0,0,0,0,2,1,1
,2022-18361,-105.0229901,39.68949027,5/26/2022 18:49,18:49,12,0,0,W FLORIDA AVE & S ELIOT ST,1,1,0,0,1,4,0,0,25,0,0,0,0,0,4,2,16
,2022-18362,-104.9895499,39.78406139,5/27/2022 8:00,8:00,12,0,0,I-25 & 48TH AVE W,1,1,0,1,1,4,0,0,55,0,0,0,0,0,1,3,16
,2022-18363,-105.0053866,39.76322603,5/26/2022 12:32,12:32,12,0,0,1600 BLK W 33RD AVE & N OSAGE ST,1,1,0,0,1,9,0,0,30,0,0,0,0,0,4,2,11
,2022-18365,-104.9799049,39.73837182,5/23/2022 16:36,16:36,6,0,0,1300 BLK N PEARL ST & E 14TH AVE,1,1,0,0,1,4,0,0,,0,0,0,0,0,4,2,16
,2022-18366,-105.0251303,39.72554639,5/27/2022 12:03,12:03,12,0,0,HWY 6 EB ON RAMP FROM & FEDERAL BLVD N,1,1,0,0,1,8,0,0,,0,0,0,0,0,2,2,16
,2022-18369,-104.9036059,39.67123187,5/24/2022 13:00,13:00,3,0,2,S QUEBEC ST & E HARVARD AVE,1,1,0,0,1,1,0,0,35,0,0,0,0,3,4,2,16
,2022-18370,-104.9865392,39.7576219,5/26/2022 14:07,14:07,15,0,0,25TH ST & LARIMER ST,1,1,0,0,1,1,0,0,30,0,0,0,0,0,4,2,16
,2022-18372,-104.9782824,39.78724988,5/25/2022 13:56,13:56,12,0,0,4900 BLK N WASHINGTON ST & E 50TH AVE,1,1,0,0,1,4,0,0,35,0,0,0,0,0,4,2,11
,2022-18373,-105.0532424,39.69688921,5/23/2022 13:58,13:58,1,0,4,SHERIDAN BLVD S & MISSISSIPPI AVE W,1,1,1,0,1,1,0,0,35,0,0,0,0,3,2,2,13
,2022-18374,-104.9874975,39.71835879,5/27/2022 12:30,12:30,1,0,1,1ST AVE E & BROADWAY ST N,1,1,0,0,1,1,0,0,30,0,0,0,0,2,4,2,13
,2022-18376,-104.9562788,39.73680626,5/25/2022 18:10,18:10,3,0,0,N ELIZABETH ST & E 13TH AVE,1,2,0,0,1,1,0,0,25,0,0,0,0,0,4,2,13
,2022-18377,-104.9182339,39.65307809,5/26/2022 6:31,6:31,1,0,1,HAMPDEN AVE E & I-25 SB ON RAMP ,1,1,2,0,1,1,0,0,40,0,0,0,0,1,2,2,13
,2022-18378,-105.0026475,39.74762721,5/26/2022 10:10,10:10,11,0,0,SPEER BLVD N & AURARIA PKWY,1,1,0,0,1,1,0,0,35,0,0,1,0,0,4,2,16
,2022-18379,-104.8827688,39.77727111,5/25/2022 17:35,17:35,15,0,0,CENTRAL PARK BLVD N & I-70 WB OFF RAMP,1,1,2,0,1,1,0,0,35,0,0,0,0,0,1,2,8
,2022-18380,-104.9828599,39.68161882,5/26/2022 9:45,9:45,6,0,0,LOGAN ST S & JEWELL AVE E,1,1,0,0,1,4,0,0,30,0,0,0,0,0,4,2,16
,2022-18381,-104.9033995,39.75605824,5/24/2022 14:35,14:35,3,0,0,QUEBEC ST N & 28TH AVE E,1,1,0,0,1,1,0,0,35,0,0,0,0,0,4,2,11
,2022-18382,-104.9139521,39.7256335,5/26/2022 16:45,16:45,3,0,1,E 6TH AVE & N LOCUST ST,1,1,0,0,1,1,0,0,25,0,0,0,0,2,4,2,11
,2022-18383,-104.940655,39.77055643,5/26/2022 9:37,9:37,12,0,0,COLORADO BLVD N & 38TH AVE E,1,1,0,0,1,4,0,0,40,0,0,0,0,0,2,2,1
,2022-18387,-105.0532782,39.78386306,5/15/2022 21:20,21:20,12,0,0,N SHERIDAN BLVD & W 48TH AVE,1,3,0,0,1,1,0,0,35,0,0,0,0,0,2,2,3
,2022-18388,-105.003248,39.75142398,5/24/2022 9:02,9:02,12,0,1,1400 BLK WEWATTA ST & 15TH ST,1,1,0,0,1,9,0,0,25,0,0,0,0,1,4,2,11
,2022-18390,-104.9878315,39.7418233,5/27/2022 4:37,4:37,5,0,0,16TH ST & CLEVELAND PL,1,2,0,0,3,4,0,0,15,0,0,0,0,0,4,1,16
,2022-18393,-104.989767,39.72888506,5/26/2022 14:10,14:10,15,0,0,N SPEER BLVD & W 8TH AVE,1,1,0,0,1,4,0,0,35,0,0,0,0,0,4,2,8
,2022-18396,-104.9214845,39.66758213,5/26/2022 8:50,8:50,15,0,0,E YALE AVE & S HOLLY ST,1,1,0,0,1,4,0,0,30,0,0,0,0,0,4,2,16
,2022-18399,-104.9608316,39.73997398,4/20/2022 12:35,12:35,6,0,0,COLFAX AVE E & GAYLORD ST N,1,1,0,0,1,4,0,0,,0,0,0,0,0,2,2,16
,2022-18400,-104.8401118,39.79202395,3/27/2022 14:42,14:42,6,0,0,5402 N TUCSON ST & E ELMENDORF PL,1,1,0,0,1,4,0,0,20,0,0,0,0,0,4,2,16
,2022-18402,-104.9364798,39.71133379,5/25/2022 13:00,13:00,12,0,0,LEETSDALE DR & ALAMEDA AVE E,1,1,0,0,1,1,0,0,35,0,0,0,0,0,2,2,3
,2022-18403,-105.0532485,39.77602833,5/25/2022 19:42,19:42,15,0,0,SHERIDAN BLVD N & 44TH AVE W,1,2,0,0,1,4,0,0,35,0,0,0,0,0,2,2,16
,2022-18404,-104.9864594,39.74823389,5/25/2022 13:20,13:20,3,0,2,WELTON ST & WELTON ST,1,1,0,0,1,1,0,0,25,0,0,0,0,2,4,2,16
,2022-18405,-104.9040949,39.63723151,5/24/2022 14:00,14:00,16,0,0,4400 S QUEBEC ST & PRIVATE PROPERTY,1,1,3,0,5,7,0,0,,0,0,0,0,0,3,1,16
,2022-18406,-105.0165222,39.7513218,5/26/2022 7:35,7:35,12,0,0,I-25 & 23RD AVE W,1,1,0,0,1,4,0,0,55,0,0,0,0,0,1,5,7
,2022-18408,-104.9029198,39.69834746,5/26/2022 10:58,10:58,12,0,0,LEETSDALE DR & QUEBEC ST S,1,1,0,0,1,3,0,0,35,0,0,0,0,0,2,2,10
,2022-18412,-104.9863692,39.71115947,5/25/2022 16:00,16:00,15,0,0,S LINCOLN ST & E ALAMEDA AVE,1,1,0,7,1,1,0,0,30,0,0,0,0,0,4,2,3
,2022-18413,-105.0251799,39.78924308,5/27/2022 11:22,11:22,15,0,0,FEDERAL BLVD N & 51ST AVE W,1,1,0,0,1,3,0,0,40,0,0,0,0,0,2,4,1
,2022-18414,-105.0015352,39.74783125,4/25/2022 7:44,7:44,15,0,0,MARKET ST & 14TH ST,1,1,0,0,1,1,0,0,25,0,0,0,0,0,4,2,8
,2022-18415,-104.9585642,39.73681259,5/26/2022 14:12,14:12,12,0,0,E 13TH AVE & N JOSEPHINE ST,1,1,0,0,1,1,0,0,30,0,0,0,0,0,4,2,1
,2022-18416,-105.0250486,39.67864394,5/26/2022 21:52,21:52,3,0,2,FEDERAL BLVD S & EVANS AVE W,1,3,0,0,1,1,0,0,30,0,0,0,0,1,2,2,16
,2022-18417,-104.9406638,39.78003647,5/24/2022 12:00,12:00,1,0,0,COLORADO BLVD N & I-70 WB ON RAMP,1,1,0,0,1,1,0,0,40,0,0,0,0,0,2,2,6
,2022-18420,-104.6929573,39.83185362,5/27/2022 1:26,1:26,1,0,0,75TH AVE E & JACKSON GAP ST,1,3,0,0,1,1,0,0,40,0,0,0,0,0,4,2,7
,2022-18422,-104.9681127,39.73840844,5/20/2022 17:00,17:00,6,0,0,14TH AVE 1600 BLK E & N FRANKLIN ST,1,5,0,7,1,4,0,0,35,0,0,0,0,0,4,2,14
,2022-18424,-105.0253003,39.76757352,5/28/2022 11:20,11:20,12,0,0,3700 BLK N FEDERAL BLVD & W 38TH AVE / N FEDERAL BLVD,1,1,0,7,1,3,0,0,35,0,0,0,0,0,2,2,3
,2022-18425,-104.9839658,39.77953303,5/16/2022 7:00,7:00,12,0,0,I-70 EB ON RAMP FROM I-25 & WASHINGTON ST,1,1,0,0,1,8,0,0,45,0,0,0,0,0,1,2,16
,2022-18426,-104.8800296,39.7770355,5/1/2022 21:57,21:57,12,0,0,I-70 & I-270 WB OFF RAMP,1,4,0,0,1,14,0,0,55,0,0,0,0,0,1,2,16
,2022-18427,-105.0252314,39.76931445,5/22/2022 21:14,21:14,15,0,0,FEDERAL BLVD & 38TH AVE W,1,3,0,0,1,4,0,0,35,0,0,0,0,0,2,2,16
,2022-18430,-105.0015649,39.7111843,5/10/2022 20:11,20:11,5,0,0,ALAMEDA AVE W & LIPAN ST S,1,3,0,0,3,4,0,0,35,0,0,0,0,0,2,1,16
,2022-18431,-105.0326486,39.72512098,5/27/2022 22:23,22:23,15,0,0,6TH AVE W & KNOX CT S,1,4,0,0,1,4,0,0,55,0,0,0,0,0,2,2,16
,2022-18433,-104.9406279,39.72092204,5/27/2022 12:26,12:26,12,0,1,200 BLK N COLORADO BLVD & 3RD AVE,1,1,0,0,1,3,0,0,35,0,0,0,0,1,4,2,3
,2022-18435,-105.0344168,39.70034745,5/27/2022 18:12,18:12,12,0,0,W KENTUCKY AVE & S LOWELL BLVD,1,1,0,0,1,3,0,0,35,0,0,0,0,0,4,2,3
,2022-18438,-104.9791539,39.77935673,5/27/2022 13:46,13:46,1,0,0,WASHINGTON ST N & I-70 EB ON RAMP,1,1,0,0,1,1,0,0,35,0,0,0,0,0,4,2,13
,2022-18444,-105.0443041,39.77476331,4/30/2022 10:02,10:02,6,0,0,4400 W 43RD AVE & N TENNYSON ST,9,1,0,1,1,4,0,0,25,0,0,0,0,0,4,2,13
,2022-18445,-105.0251716,39.71123825,5/1/2022 21:59,21:59,12,0,0,FEDERAL BLVD S & ALAMEDA AVE W,11,3,0,1,1,1,0,0,35,0,0,0,0,0,2,2,13
,2022-18452,-104.9873901,39.74000829,5/28/2022 18:20,18:20,3,0,0,COLFAX AVE W & BROADWAY ST N,1,1,0,0,1,1,0,0,35,0,0,0,0,0,2,2,13
,2022-18454,-104.9684616,39.74000867,5/16/2022 14:56,14:56,12,0,0,COLFAX AVE E & FRANKLIN ST N,1,1,0,0,1,1,0,0,,0,0,0,0,0,2,2,16
,2022-18455,-105.0205195,39.76334738,5/28/2022 2:14,2:14,6,0,0,N CLAY ST & W 33RD AVE,1,3,0,0,1,4,0,0,25,0,0,0,0,0,4,3,10
,2022-18456,-105.0250201,39.7251286,5/6/2022 18:40,18:40,12,0,0,HWY 6 EB OFF RAMP TO & FEDERAL BLVD N,1,1,1,0,1,8,0,0,55,0,0,0,0,0,2,2,16
,2022-18457,-105.0029984,39.7516197,3/23/2022 19:05,19:05,1,0,0,WEWATTA ST & 15TH ST,1,3,0,0,1,1,0,0,25,0,0,0,0,0,4,2,3
,2022-18458,-104.7721502,39.77662018,5/28/2022 0:14,0:14,15,0,0,TOWER RD N & 45TH AVE E,1,3,0,0,1,4,0,0,40,0,0,0,0,0,4,2,1
,2022-18459,-104.9405009,39.76445591,5/27/2022 21:29,21:29,1,0,1,COLORADO BLVD N & BRUCE RANDOLPH AVE E,1,3,0,0,1,1,0,0,40,0,0,0,0,2,2,2,14
,2022-18460,-105.0064365,39.78383346,5/27/2022 21:33,21:33,3,0,0,PECOS ST N & I-70 WB RAMPS / 48TH AVE W,1,4,0,0,1,6,0,0,35,0,0,0,0,0,1,2,16
,2022-18461,-105.0486036,39.77295585,4/16/2022 16:45,16:45,6,0,0,N WOLFF ST & W 41ST AVE,1,1,3,0,1,4,0,0,25,0,0,0,0,0,4,2,7
,2022-18462,-104.9983866,39.71375401,4/28/2022 0:00,0:00,5,0,0,SANTA FE DR S & CEDAR AVE W,1,3,0,0,2,4,0,0,,0,0,0,0,0,4,1,16
,2022-18464,-105.0475284,39.72554442,5/27/2022 22:22,22:22,12,0,0,6TH AVE W & WINONA BLVD N,1,3,0,0,1,4,0,0,55,0,0,0,0,0,2,2,13
,2022-18466,-104.9221886,39.79738202,5/27/2022 17:15,17:15,12,0,0,5600 BLK OB PENA BLVD DENVER CO 80249 & 56TH AVE,1,1,0,0,1,4,0,0,65,0,0,0,0,0,4,2,3
,2022-18467,-105.0572611,39.68172399,4/26/2022 15:00,15:00,6,0,0,1900 BLK S DEPEW ST & W JEWELL AVE,1,1,0,0,1,4,0,0,25,0,0,0,0,0,4,2,16
,2022-18469,-104.9892154,39.77724253,5/28/2022 12:57,12:57,9,0,1,I-25 & MM 213.5,1,1,1,0,1,4,0,0,55,0,0,0,1,3,1,1,14
,2022-18470,-104.9060464,39.69386353,5/24/2022 13:05,13:05,8,0,0,1010 S ONEIDA ST & PRIVATE PROPERTY,1,1,0,0,5,7,0,0,,0,0,0,0,0,3,2,16