id,drcog_id,longitude,latitude,crashtime,time,crashtype,numbkilled,numbinjurd,drcoglocat,rdconditin,lightngcon,roadcntgrd,weatherco,location,roaddescrp,schoolzone,constrzone,splimit,bikeinv,pedinv,sctrinv,motoinv,svrty,rdsystem,ttlvehcls,hcf
,2022-18472,-104.7626952,39.79843458,5/27/2022 13:30,13:30,3,0,1,E 56TH AVE & N DUNKIRK ST,1,1,0,0,1,1,0,0,45,0,0,0,0,1,4,2,10
,2022-18473,-104.9793399,39.77832906,5/2/2022 1:32,1:32,3,0,0,E 45TH AVE & N WASHINGTON ST,11,3,0,1,1,1,0,0,35,0,0,0,0,0,4,2,16
,2022-18474,-104.8470104,39.78238809,4/25/2022 0:49,0:49,12,0,0,E 47TH AVE & N PEORIA ST,1,3,0,0,1,1,0,0,30,0,0,0,0,0,4,2,16
,2022-18475,-105.0064582,39.76928789,5/4/2022 13:50,13:50,3,0,0,W 38TH AVE & N PECOS ST,1,1,0,0,1,1,0,0,30,0,0,0,0,0,4,2,13
,2022-18476,-105.0251902,39.7901636,5/5/2022 6:30,6:30,15,0,0,FEDERAL BLVD N & 51ST AVE W,1,1,0,0,1,4,0,0,35,0,0,0,0,0,2,2,1
,2022-18477,-104.9964413,39.74658252,5/27/2022 14:44,14:44,6,0,0,15TH ST & 15TH ST,1,1,0,0,1,4,0,0,30,0,0,0,0,0,4,4,1
,2022-18478,-104.8336882,39.77285861,5/23/2022 22:21,22:21,15,0,0,I-70 & I-225,1,3,0,0,1,4,0,0,65,0,0,0,0,0,1,2,16
,2022-18479,-104.8657292,39.78227352,5/27/2022 20:56,20:56,1,0,0,HAVANA ST N & 47TH AVE E,1,3,0,0,1,1,0,0,40,0,0,0,0,0,4,2,16
,2022-18480,-105.0080528,39.75313327,5/3/2022 10:42,10:42,12,0,0,SPEER BLVD N & ELITCH CIR,1,1,0,0,1,1,0,0,35,0,0,0,0,0,4,2,16
,2022-18481,-104.9028061,39.77167168,5/27/2022 19:12,19:12,12,0,0,SMITH RD E & QUEBEC ST N,1,1,3,0,1,1,0,0,45,0,0,0,0,0,4,2,13
,2022-18482,-104.9558467,39.71939641,5/1/2022 12:17,12:17,11,0,2,2ND AVE E & CLAYTON ST N,1,1,0,1,1,1,0,0,25,0,1,0,0,1,4,1,16
,2022-18483,-104.9295799,39.74006225,4/25/2022 17:45,17:45,6,0,0,E COLFAX AVE & N ELM ST,1,1,0,0,1,4,0,0,35,0,0,0,0,0,4,2,16
,2022-18484,-104.9185697,39.70386668,4/21/2022 17:00,17:00,3,0,0,S JASMINE ST & E EXPOSITION AVE,1,1,0,0,1,1,0,0,,0,0,0,0,0,4,2,16
,2022-18485,-104.9528486,39.77892452,5/28/2022 11:04,11:04,3,0,1,45TH AVE E & FILLMORE ST N,1,1,0,0,1,9,0,0,25,0,0,0,1,2,4,2,11
,2022-18486,-105.0325312,39.76122633,2/7/2022 17:30,17:30,6,0,0,W 31ST AVE & N JULIAN ST,1,1,0,0,1,4,0,0,25,0,0,0,0,0,4,2,16
,2022-18490,-104.9729797,39.73204987,5/17/2022 10:50,10:50,1,0,0,N DOWNING ST & E 10TH AVE,1,1,0,0,1,1,0,0,30,0,0,0,0,0,4,2,13
,2022-18492,-104.9861276,39.7343693,5/8/2022 14:45,14:45,10,0,0,1100 N LINCOLN ST & 11TH AVE E,1,1,0,0,1,2,0,0,30,0,0,0,0,0,4,2,13
,2022-18499,-104.9810437,39.73366183,5/13/2022 16:00,16:00,6,0,0,PENNSYLVANIA ST N & 11TH AVE E,14,5,3,7,1,3,0,0,,0,0,0,0,0,4,2,16
,2022-18500,-104.9400305,39.73103017,5/6/2022 12:30,12:30,6,0,0,900 N ALBION ST & E 9TH AVE,1,1,0,0,1,1,0,0,25,0,0,0,0,0,4,2,13
,2022-18501,-104.9613383,39.78245303,5/6/2022 20:55,20:55,6,0,0,GAYLORD ST & 4726 N ,1,4,0,0,1,4,0,0,25,0,0,0,0,0,4,2,16
,2022-18502,-105.039063,39.70308816,5/5/2022 18:30,18:30,6,0,0,750 W WALSH PL & W. WALSH PL.,1,4,0,0,1,3,0,0,25,0,0,0,0,0,4,3,16
,2022-18503,-104.9899866,39.7130142,5/24/2022 11:33,11:33,3,0,0,W CEDAR AVE & S BANNOCK ST,1,1,0,0,1,1,0,0,25,0,0,0,0,0,4,2,16
,2022-18504,-105.0394686,39.72825665,5/28/2022 14:05,14:05,3,0,1,W 7TH AVE & N PERRY ST,1,1,0,0,1,1,0,0,25,0,0,0,0,3,4,2,11
,2022-18505,-104.8850705,39.64321344,5/28/2022 10:27,10:27,8,0,3,E NASSAU AVE & S YOSEMITE ST,1,1,0,0,6,1,0,0,35,0,0,0,0,3,4,2,1
,2022-18506,-104.9034952,39.76927724,5/5/2022 17:15,17:15,3,0,0,QUEBEC ST N & 38TH AVE E,1,1,3,0,1,1,0,0,35,0,0,0,0,0,4,2,16
,2022-18507,-105.0001655,39.73105072,4/26/2022 14:40,14:40,6,0,0,800 BLK N KALAMATH ST & W. 9TH AVE,1,1,0,0,1,4,0,0,30,0,0,0,0,0,4,4,1
,2022-18508,-104.9028061,39.77167168,5/22/2022 13:43,13:43,1,0,1,SMITH RD E & QUEBEC ST N,1,1,0,0,1,1,0,0,35,0,0,0,1,2,4,2,1
,2022-18509,-104.9250188,39.67846474,5/3/2022 19:30,19:30,12,0,0,5400 E EVANS AVE & S GRAPE ST,1,2,0,0,1,4,0,0,,0,0,0,0,0,4,2,7
,2022-18510,-105.0251716,39.71123825,4/19/2022 8:07,8:07,12,0,0,FEDERAL BLVD S & ALAMEDA AVE W,1,1,1,0,1,3,0,0,35,0,0,0,0,0,2,2,3
,2022-18511,-105.0191628,39.71116957,5/10/2022 20:05,20:05,3,0,0,ALAMEDA AVE W & CANOSA CT S,1,3,0,0,1,1,0,0,35,0,0,0,0,0,2,2,16
,2022-18512,-104.9874571,39.69874328,5/3/2022 19:33,19:33,15,0,0,S BROADWAY ST & E TENNESSEE AVE,1,1,0,0,1,1,0,0,35,0,0,0,0,0,4,2,16
,2022-18513,-104.8099046,39.77659512,5/8/2022 22:34,22:34,12,0,1,E 46TH AVE & N CHAMBERS RD,1,3,0,0,1,1,0,0,40,0,0,0,0,2,4,2,16
,2022-18514,-104.9957239,39.73584391,4/8/2022 23:00,23:00,6,0,0,GALAPAGO ST & 1200 N ,1,3,0,0,1,4,0,0,,0,0,0,0,0,4,2,16
,2022-18515,-104.9588844,39.72561548,4/17/2022 2:01,2:01,3,0,0,E 6TH AVE (NOT CDOT) & N JOSEPHINE ST,1,3,0,0,1,1,0,0,,0,0,0,0,1,4,2,14
,2022-18516,-105.0250549,39.67327211,5/23/2022 13:15,13:15,1,0,0,S FEDERAL BLVD & W HARVARD AVE,1,1,0,0,1,1,0,0,35,0,0,0,0,0,4,2,7
,2022-18517,-104.9610163,39.73839117,5/27/2022 13:17,13:17,6,0,1,E 14TH AVE & N GAYLORD ST,1,1,0,0,1,1,0,0,35,0,0,0,0,2,4,2,14
,2022-18518,-104.9129022,39.70302626,4/19/2022 15:41,15:41,12,0,0,S MONACO ST & LEETSDALE DR,1,1,0,0,1,1,0,0,,0,0,0,0,0,2,2,16
,2022-18519,-104.9405458,39.68291817,5/2/2022 19:00,19:00,15,0,0,I-25 & COLORADO BLVD S,1,1,0,0,1,4,0,0,60,0,0,0,0,0,1,2,16
,2022-18520,-104.9025336,39.76737975,5/7/2022 9:39,9:39,15,0,0,36TH AVE E & QUEBEC ST N,1,1,0,0,1,4,0,0,25,0,0,0,0,0,4,2,16
,2022-18523,-104.833819,39.77286982,5/5/2022 17:04,17:04,15,0,0,I-225 & I-70,1,1,0,0,1,14,0,0,,0,0,0,0,0,1,2,8
,2022-18525,-104.9670454,39.77989217,5/28/2022 15:01,15:01,12,0,0,I-70 & BRIGHTON BLVD N,1,1,0,0,1,4,0,0,55,0,0,0,0,0,1,3,10
,2022-18526,-105.0332909,39.7252311,5/28/2022 12:26,12:26,15,0,0,6TH AVE W & KNOX CT N,1,1,0,0,1,8,0,0,,0,0,0,0,0,2,3,16
,2022-18530,-105.0001504,39.72577676,5/28/2022 22:25,22:25,10,0,1,KALAMATH ST N & 6TH AVE W,1,3,0,0,1,2,0,0,30,0,0,0,1,2,4,2,13
,2022-18531,-104.8470104,39.78238809,5/28/2022 22:02,22:02,12,0,0,PEORIA ST N & ALBROOK DR E,1,3,0,0,1,1,0,0,30,0,0,0,0,0,4,2,11
,2022-18532,-104.894072,39.65307919,5/29/2022 15:13,15:13,3,0,0,HAMPDEN AVE E & ULSTER ST S,1,1,1,0,1,1,0,0,25,0,0,0,0,0,2,2,11
,2022-18535,-104.9874554,39.69860597,5/28/2022 21:04,21:04,1,0,1,BROADWAY ST S & TENNESSEE AVE E,1,3,0,0,1,1,0,0,30,0,0,0,1,3,4,2,8
,2022-18536,-104.9915098,39.77009949,5/29/2022 13:12,13:12,12,0,0,I-25 & MM 213,11,1,0,1,1,4,0,0,55,0,0,0,0,0,1,2,13
,2022-18537,-105.0253093,39.68948885,5/28/2022 18:39,18:39,3,0,0,FLORIDA AVE W & FEDERAL BLVD S,1,1,0,0,1,2,0,0,30,0,0,0,0,0,4,2,14
,2022-18540,-105.0017782,39.75967152,5/28/2022 20:11,20:11,11,0,0,20TH ST & LITTLE RAVEN ST,1,2,0,0,1,1,0,0,25,0,0,1,0,0,4,2,1
,2022-18542,-105.0531908,39.68229294,5/29/2022 13:31,13:31,1,0,0,SHERIDAN BLVD S & JEWELL AVE W,11,1,0,1,1,1,0,0,45,0,0,0,0,0,2,2,13
,2022-18544,-105.0253271,39.68948868,5/28/2022 11:06,11:06,12,0,0,FLORIDA AVE W & FEDERAL BLVD S,1,1,3,0,1,4,0,0,35,0,0,0,0,0,4,3,8
,2022-18545,-104.9317146,39.7600884,5/29/2022 2:18,2:18,6,0,0,N DAHLIA ST & 30TH AVE,1,3,0,0,1,4,0,0,25,0,0,0,0,0,4,3,3
,2022-18547,-104.905268,39.7151725,5/28/2022 21:58,21:58,3,0,1,ARCHER PL E & PONTIAC ST S,1,3,0,0,1,1,0,0,25,0,0,0,0,2,4,2,14
,2022-18548,-104.903364,39.77507288,5/24/2022 18:41,18:41,12,0,0,4000 BLK N QUEBEC ST & E 40TH AVE / N QUEBEC ST,1,1,1,0,1,4,0,0,35,0,0,0,0,0,4,2,1
,2022-18549,-104.7721171,39.7983921,5/28/2022 20:43,20:43,12,0,0,E 56TH AVE & N TOWER RD,1,1,0,0,1,3,0,0,40,0,0,0,0,0,4,2,16
,2022-18611,-105.0203873,39.70356948,4/29/2022 10:41,10:41,6,0,0,CLAY ST S & EXPOSITION AVE W,1,1,1,1,1,4,0,0,25,0,0,0,0,0,4,2,16
,2022-18613,-104.8827688,39.77727111,5/30/2022 12:30,12:30,9,0,1,I-70 WB EXIT GORE PT TO & CENTRAL PARK BLVD N,1,1,0,0,3,14,0,0,55,0,0,0,0,2,1,1,1
,2022-18620,-104.9038107,39.77773733,5/27/2022 8:20,8:20,12,0,0,I-70 EB OFF RAMP TO & QUEBEC ST N,1,1,1,0,1,8,0,0,35,0,0,0,0,0,1,4,3
,2022-18626,-104.7721185,39.80738037,5/29/2022 21:10,21:10,12,0,1,E 61ST AVE & N TOWER RD,1,3,0,0,1,3,0,0,45,0,0,0,0,2,4,3,3
,2022-18629,-105.0130799,39.72551487,5/30/2022 1:30,1:30,15,0,0,I-25 & 6TH AVE W,11,3,0,0,1,4,0,0,55,0,0,0,0,0,2,2,13
,2022-18632,-104.9499146,39.76182375,5/29/2022 2:07,2:07,3,0,0,MLK BLVD E & STEELE ST N,1,3,0,0,1,1,0,0,25,0,0,0,0,0,4,2,16
,2022-18634,-104.999199,39.6909965,5/27/2022 11:41,11:41,6,0,0,1300 BLK S JASON ST & PLATTE RIVER DR,1,1,0,1,1,4,0,0,25,0,0,0,0,0,4,4,16
,2022-18636,-104.9921641,39.75463244,5/25/2022 23:37,23:37,2,0,0,MARKET ST & 21ST ST,1,3,0,0,1,4,0,0,30,1,0,0,1,0,4,2,1
,2022-18643,-105.0174214,39.76894339,4/25/2022 8:18,8:18,8,0,0,3700 BLK N ALCOTT ST & W. 38TH AVE,1,1,0,0,1,4,0,0,30,0,0,0,0,0,4,2,16
,2022-18646,-104.9886357,39.68940188,5/27/2022 4:46,4:46,6,0,0,FLORIDA AVE W & ACOMA ST S,1,2,0,0,1,4,0,0,20,0,0,0,0,0,4,2,16
,2022-18648,-104.9622353,39.7399798,3/15/2022 18:50,18:50,11,0,1,E COLFAX AVE & N VINE ST,1,1,0,0,1,9,0,0,0,0,1,0,0,2,2,1,16
,2022-18657,-104.9403385,39.68306724,5/26/2022 15:41,15:41,12,0,0,I-25 & COLORADO BLVD S,1,1,0,0,1,4,0,0,55,0,0,0,0,0,1,3,10
,2022-18659,-104.8580686,39.78237117,5/25/2022 16:56,16:56,12,0,2,E 47TH AVE & N KINGSTON ST,1,1,0,0,1,4,0,0,35,0,0,0,0,2,4,2,16
,2022-18661,-104.9035166,39.77654543,5/30/2022 12:00,12:00,3,0,0,QUEBEC ST N & I-70 EB OFF RAMP,1,1,0,0,1,1,0,0,45,0,0,0,0,0,4,2,16
,2022-18662,-104.9875325,39.70145192,5/30/2022 2:24,2:24,5,0,1,I-25 & BROADWAY ST S,1,3,0,0,3,4,0,0,55,0,0,0,0,2,1,1,1
,2022-18665,-104.9986111,39.72890565,5/30/2022 16:30,16:30,3,0,0,W 8TH AVE & N SANTA FE DR,1,1,0,0,1,1,0,0,30,0,0,0,0,0,4,2,11
,2022-18668,-104.6886605,39.8334575,5/29/2022 22:15,22:15,6,0,1,PENA BLVD & JACKSON GAP ST,1,3,0,0,3,4,0,0,45,0,0,0,0,2,4,2,11
,2022-18669,-105.0133487,39.72550245,5/27/2022 8:30,8:30,15,0,0,I-25 & 6TH AVE W,1,1,0,0,1,4,0,0,55,0,0,0,0,0,1,2,11
,2022-18670,-104.8299485,39.77272053,5/30/2022 3:23,3:23,12,0,1,I-70 WB ON RAMP  LOOP FROM & I-225 NB FLYOVER,1,3,1,0,1,8,0,0,,0,0,0,0,1,1,2,16
,2022-18674,-104.9937843,39.75920986,5/30/2022 11:22,11:22,15,0,0,PARK AVE W & WEWATTA ST,1,1,0,0,1,4,0,0,35,0,0,0,0,0,4,2,13
,2022-18681,-105.0393087,39.74395446,5/26/2022 11:53,11:53,2,0,1,17TH AVE W & PERRY ST N,1,1,0,0,1,1,0,0,30,1,0,0,0,1,4,1,13
,2022-18687,-105.0462864,39.7765713,5/30/2022 15:17,15:17,3,0,0,N VRAIN ST & W 44TH AVE,1,1,0,0,1,1,0,0,25,0,0,0,0,0,4,2,13
,2022-18712,-104.9499146,39.76182375,5/29/2022 11:57,11:57,1,0,0,E MLK BLVD & N STEELE ST,1,1,0,0,1,1,0,0,35,0,0,0,0,0,4,2,14
,2022-18753,-105.0103877,39.73689491,5/11/2022 15:07,15:07,6,0,0,SHOSHONE ST & W 13TH AVE,1,1,0,0,1,4,0,0,25,0,0,0,0,0,4,2,3
,2022-18801,-104.8657424,39.77582352,5/30/2022 13:15,13:15,12,0,0,I-70 & HAVANA ST N,1,1,1,0,1,4,0,0,55,0,0,0,0,0,1,2,7
,2022-18804,-104.9035926,39.71124972,5/31/2022 8:44,8:44,12,0,0,E ALAMEDA AVE (NOT CDOT) & S QUEBEC ST,1,1,0,0,1,3,0,0,35,0,0,0,0,1,4,2,16
,2022-18805,-105.0250715,39.69674835,5/30/2022 6:20,6:20,3,0,1,FEDERAL BLVD S & MISSISSIPPI AVE W,1,1,0,1,1,1,0,0,35,0,0,0,0,2,2,2,13
,2022-18806,-104.8245421,39.79058569,5/25/2022 16:50,16:50,6,0,0,E 52ND AVE & N CROWN BLVD,1,1,0,0,1,3,0,0,25,0,0,0,0,0,4,3,3
,2022-18813,-105.0525041,39.72541278,5/27/2022 22:09,22:09,12,0,0,6TH AVE W & SHERIDAN BLVD N,1,3,0,0,1,4,0,0,55,0,0,0,0,0,2,3,13
,2022-18814,-104.8827688,39.77727111,5/31/2022 8:50,8:50,12,0,1,I-70 & CENTRAL PARK BLVD N,1,1,0,0,1,4,0,0,55,0,0,0,0,1,1,4,6
,2022-18815,-104.9833621,39.75142569,5/29/2022 15:20,15:20,1,0,0,600 BLK PARK AVE & CALIFORNIA ST,1,1,0,0,1,9,0,0,30,0,0,0,0,0,4,2,11
,2022-18816,-104.9823166,39.73843634,5/29/2022 14:00,14:00,3,0,0,14TH AVE E & LOGAN ST N,1,1,0,1,1,1,0,0,30,0,0,0,0,0,4,2,13
,2022-18817,-104.7697803,39.79830058,5/31/2022 7:15,7:15,1,0,0,E 56TH AVE & N ARGONNE ST,1,1,0,0,1,1,0,0,45,0,0,0,0,0,4,2,11
,2022-18818,-104.9128779,39.65406504,5/31/2022 7:25,7:25,6,0,0,GIRARD AVE & 100225 E ,1,1,0,0,5,7,0,0,10,0,0,0,0,0,3,4,7
,2022-18819,-104.903689,39.7183643,5/29/2022 11:45,11:45,3,0,0,N QUEBEC ST & E 1ST AVE,1,1,0,0,1,1,0,0,30,0,0,0,0,0,4,2,11
,2022-18820,-104.9919873,39.74130953,5/31/2022 14:24,14:24,12,0,0,1400 BLK TREMONT PL & 14TH ST,1,1,0,0,1,3,0,0,30,0,0,0,0,0,4,2,13
,2022-18821,-104.9244855,39.7786189,5/31/2022 17:44,17:44,12,0,0,I-70 & MM 277.40,11,1,1,1,1,4,0,0,55,0,0,0,0,0,1,3,3
,2022-18825,-105.0392134,39.70396116,5/30/2022 3:00,3:00,6,0,0,EXPOSITION AVE W & PATTON CT S,1,1,0,0,1,4,0,0,25,0,0,0,0,0,4,2,16
,2022-18826,-104.9922677,39.75753297,5/30/2022 13:25,13:25,12,0,0,WAZEE ST & PARK AVE W,1,1,0,0,1,4,0,0,30,0,0,0,0,0,4,2,10
,2022-18830,-104.9899999,39.71117079,5/28/2022 14:00,14:00,3,0,0,W ALAMEDA AVE & S ZUNI ST,1,1,0,0,1,2,0,0,,0,0,0,0,0,4,2,16
,2022-18831,-104.8727725,39.75666594,5/31/2022 6:16,6:16,6,0,0,9800 BLK E 28TH AVE & N ELMIRA ST,1,1,0,0,1,4,0,0,25,0,0,0,0,0,4,2,16
,2022-18832,-104.9772373,39.71928314,5/31/2022 10:13,10:13,12,0,0,800 BLK E SPEER BLVD & N CLARKSON ST,1,1,0,0,1,3,0,0,30,0,0,0,0,0,4,2,16
,2022-18833,-104.95938,39.66767762,5/31/2022 6:59,6:59,12,0,0,S UNIVERSITY BLVD & E YALE AVE,1,1,0,0,1,3,0,0,30,0,0,0,0,1,4,2,3
,2022-18834,-105.0130163,39.72542371,5/26/2022 18:33,18:33,12,0,0,I-25 & 6TH AVE W,1,1,0,0,1,14,0,0,60,0,0,0,0,0,1,3,14
,2022-18835,-105.03698,39.73659421,5/29/2022 12:30,12:30,3,0,0,N NEWTON ST & W 13TH AVE,1,1,0,0,1,1,0,0,25,0,0,0,0,0,4,2,1
,2022-18836,-104.9918825,39.69666007,5/30/2022 10:45,10:45,12,0,0,SANTA FE DR S & MISSISSIPPI AVE W,1,1,0,0,1,1,0,0,45,0,0,0,0,0,2,2,3
,2022-18837,-104.9126954,39.76926626,5/31/2022 10:50,10:50,3,0,0,E 38TH AVE & N MONACO ST,1,1,0,0,1,1,0,0,30,0,0,0,0,1,4,2,11
,2022-18838,-104.7904699,39.78363776,5/31/2022 12:50,12:50,1,0,1,E GVR BLVD & PENA BLVD,1,1,0,0,1,1,0,0,40,0,0,0,0,2,4,2,1
,2022-18839,-104.8470302,39.77419185,5/31/2022 9:35,9:35,15,0,0,PEORIA ST N & I-70 WB OFF RAMP,1,1,0,0,1,1,0,0,25,0,0,0,0,0,4,2,8
,2022-18840,-105.0001583,39.733689,5/29/2022 11:05,11:05,10,0,1,W 11TH AVE & N KALAMATH ST,1,1,0,0,1,1,0,0,30,0,0,0,0,1,4,2,8
,2022-18841,-105.0347675,39.76954617,5/29/2022 15:55,15:55,3,0,0,38TH AVE W & LOWELL BLVD N,1,1,0,0,1,2,0,0,30,0,0,0,0,0,4,2,11
,2022-18853,-104.8657895,39.76547745,5/31/2022 17:11,17:11,12,0,0,3600 BLK N HAVANA ST & E SMITH RD,11,1,0,1,1,4,0,0,35,0,0,0,0,0,4,2,7
,2022-18858,-104.974131,39.73842269,5/27/2022 16:20,16:20,15,0,0,14TH AVE E & CORONA ST N,1,1,0,0,1,1,0,0,35,0,0,0,0,0,4,2,11
,2022-18859,-104.9182399,39.65309085,5/31/2022 7:53,7:53,12,0,1,I-25 & HAMPDEN AVE E,1,1,0,0,1,4,0,0,55,0,0,0,0,1,1,2,13
,2022-18861,-104.8307466,39.79729373,5/29/2022 1:02,1:02,6,0,1,WORCHESTER ST N & RANDOLPH PL E,1,4,0,0,1,4,0,0,15,0,0,0,0,2,4,2,7
,2022-18864,-105.0503016,39.69888308,5/31/2022 16:20,16:20,6,0,1,MORRISON RD & YATES ST S,11,1,0,1,1,4,0,0,30,0,0,0,0,2,4,3,14
,2022-18865,-104.8660409,39.79838725,5/31/2022 7:50,7:50,1,0,0,E 56TH AVE & N HAVANA ST,1,1,0,0,1,1,0,0,40,0,0,0,0,0,4,2,11
,2022-18876,-104.8679406,39.65377245,5/29/2022 11:21,11:21,12,0,0,HAMPDEN AVE E & GALENA ST S,1,1,0,0,1,4,0,0,45,0,0,0,0,0,2,2,11
,2022-18877,-105.0141494,39.74044681,5/31/2022 15:33,15:33,12,0,0,COLFAX AVE W & I-25 SB OFF RAMP,11,1,0,1,1,1,0,0,40,0,0,0,0,0,4,2,13
,2022-18879,-104.9090438,39.7005438,5/27/2022 14:40,14:40,12,0,0,LEETSDALE DR & ONEIDA ST S,1,1,0,0,1,4,0,0,40,0,0,0,0,0,2,4,13
,2022-18881,-105.0481213,39.70041906,5/31/2022 11:35,11:35,12,0,0,MORRISON RD & W KENTUCKY AVE,1,1,0,0,1,4,0,0,35,0,0,0,0,1,4,2,13
,2022-18885,-105.0052346,39.74014355,5/31/2022 14:12,14:12,12,0,1,COLFAX AVE W & OSAGE ST N,1,1,0,0,1,1,0,0,30,0,0,0,0,1,2,2,13
,2022-18886,-104.8017099,39.78379737,5/31/2022 17:24,17:24,3,0,0,E GVR BLVD & N KITTREDGE ST,11,1,0,0,1,1,0,0,35,0,0,0,0,0,4,2,13
,2022-18894,-104.9439734,39.74013839,5/31/2022 17:22,17:22,12,0,0,COLFAX AVE E & GARFIELD ST N,11,1,0,1,1,1,0,0,35,0,0,0,0,0,2,2,13
,2022-18897,-104.9874131,39.73843188,5/30/2022 21:33,21:33,12,0,0,W 14TH AVE & N BROADWAY ST,1,3,0,0,1,4,0,0,25,0,0,0,0,0,4,2,14
,2022-18898,-105.009913,39.78785819,5/28/2022 8:42,8:42,6,0,0,STOLL PL W & SHOSHONE ST N,1,1,0,0,1,4,0,0,25,0,0,0,0,0,4,2,2
,2022-18902,-104.9918424,39.69679385,5/29/2022 18:05,18:05,15,0,0,SANTA FE DR S & MISSISSIPPI AVE E,1,1,0,0,1,4,0,0,,0,0,0,0,0,2,2,16
,2022-18919,-104.8286239,39.7781177,5/29/2022 2:00,2:00,6,0,0,DILLON ST N & 47TH DR E,1,3,0,0,1,4,0,0,25,0,0,0,0,0,4,4,16
,2022-18922,-104.974783,39.74083362,5/31/2022 15:05,15:05,15,0,0,1500 BLK N OGDEN ST & E COLFAX AVE,11,1,0,1,1,4,0,0,30,0,0,0,0,0,4,2,13
,2022-18923,-105.0251716,39.71123825,5/30/2022 14:00,14:00,12,0,0,W ALAMEDA AVE & S FEDERAL BLVD,1,1,0,0,1,1,0,0,30,0,0,0,0,0,4,2,3
,2022-18963,-104.9929448,39.73307409,5/22/2022 8:32,8:32,6,0,0,N SPEER BLVD & N DELAWARE ST,1,1,0,0,1,3,0,0,30,0,0,0,0,0,4,2,16
,2022-18965,-105.0389552,39.73847209,5/20/2022 3:00,3:00,6,0,0,14TH AVE 3900 BLK W & N PERRY ST,12,3,0,0,1,4,0,0,,0,0,0,0,0,4,2,16
,2022-18966,-104.7377319,39.83376921,5/31/2022 22:00,22:00,15,0,0,PENA BLVD & E-470,11,3,0,1,1,4,0,0,65,0,0,0,0,0,4,2,13
,2022-18967,-104.9128062,39.77402297,5/31/2022 11:55,11:55,3,0,0,E 42ND AVE & N MONACO ST,1,1,0,0,1,1,0,0,20,0,0,0,0,0,4,2,11
,2022-18969,-104.9782877,39.78891045,5/27/2022 14:19,14:19,3,0,1,WASHINGTON ST N & 51ST AVE E,1,1,0,0,1,2,0,0,35,0,0,0,0,1,4,2,13
,2022-18970,-104.9731898,39.75450659,5/30/2022 9:29,9:29,6,0,0,26TH AVE E & DOWNING ST N,1,1,0,0,1,9,0,0,,0,0,0,0,0,4,2,16
,2022-18971,-105.0050074,39.7503966,6/1/2022 8:04,8:04,12,0,0,SPEER BLVD 1800 BLK N & WEWATTA ST,11,1,1,1,1,4,0,0,35,0,0,0,0,0,4,2,13
,2022-18974,-105.0127078,39.75512692,6/1/2022 9:47,9:47,15,0,0,I-25 & SPEER BLVD N,11,1,0,0,1,4,0,0,55,0,0,0,0,0,1,2,2
,2022-18975,-104.9189693,39.6784566,5/31/2022 17:34,17:34,3,0,0,EVANS AVE E & JASMINE ST S,11,1,0,0,1,2,0,0,35,0,0,0,0,0,4,2,11
,2022-18979,-104.9895599,39.71301018,5/18/2022 6:20,6:20,6,0,0,W CEDAR AVE & S BANNOCK ST,1,1,0,1,1,4,0,0,25,0,0,0,0,0,4,3,16
,2022-18981,-105.0532113,39.69280823,5/30/2022 6:39,6:39,3,0,0,SHERIDAN BLVD S & LOUISIANA AVE W,1,1,0,0,1,1,0,0,40,0,0,0,0,0,2,2,3
,2022-18982,-104.9873935,39.73685019,5/31/2022 18:46,18:46,3,0,0,BROADWAY & 13TH AVE ,11,2,0,1,1,1,0,0,,0,0,0,0,0,4,2,16
,2022-18988,-104.9595136,39.68279437,6/1/2022 12:50,12:50,12,0,0,BUCHTEL BLVD 2300 BLK E & UNIVERSITY BLVD S,1,1,0,0,1,3,0,0,35,0,0,0,0,0,4,2,13
,2022-18993,-104.980685,39.73688185,5/30/2022 12:00,12:00,6,0,0,N PENNSYLVANIAST & 1300 BLK (ALLEY),1,1,0,0,1,9,0,0,20,0,0,0,0,0,4,2,16
,2022-18995,-104.9952759,39.74001218,6/1/2022 7:44,7:44,15,0,1,FOX ST N & COLFAX AVE W,11,1,0,1,1,1,0,0,30,0,0,0,0,1,2,2,10
,2022-18996,-104.9594472,39.68485346,5/31/2022 23:12,23:12,5,0,1,I-25 NB ENT GORE PT FROM & UNIVERSITY BLVD S,11,3,0,1,2,14,0,0,65,0,0,0,0,3,1,1,7
,2022-18997,-104.9791463,39.7797555,6/1/2022 15:54,15:54,15,0,0,I-70 & WASHINGTON ST N,1,1,0,0,1,4,0,0,55,0,0,0,0,0,1,2,13
,2022-18998,-105.0001583,39.733689,6/1/2022 9:48,9:48,3,0,0,KALAMATH ST N & 11TH AVE W,11,1,0,0,1,1,0,0,30,0,0,0,0,0,4,2,13
,2022-18999,-104.7040992,39.83303328,5/31/2022 20:40,20:40,3,0,0,ELK ST & 75TH AVE E,11,2,0,1,1,3,0,0,35,0,0,0,0,0,4,2,3
,2022-19000,-104.9214447,39.65311177,6/1/2022 7:47,7:47,3,0,0,HAMPDEN AVE E & IVANHOE ST S,11,1,1,1,1,1,0,0,40,0,0,0,0,0,2,2,16
,2022-19001,-105.0532099,39.74032371,6/1/2022 1:21,1:21,3,0,1,COLFAX AVE W & SHERIDAN BLVD N,11,3,0,1,1,1,0,0,45,0,0,0,0,1,2,2,14