id,drcog_id,longitude,latitude,crashtime,time,crashtype,numbkilled,numbinjurd,drcoglocat,rdconditin,lightngcon,roadcntgrd,weatherco,location,roaddescrp,schoolzone,constrzone,splimit,bikeinv,pedinv,sctrinv,motoinv,svrty,rdsystem,ttlvehcls,hcf
,2022-19002,-104.9124517,39.74007934,5/30/2022 2:23,2:23,12,0,0,COLFAX AVE E & MONACO PKWY N,1,3,0,0,1,1,0,0,30,0,0,0,0,0,2,2,1
,2022-19003,-104.9874355,39.72563832,5/31/2022 14:30,14:30,15,0,0,E 6TH AVE (NOT CDOT) & N BROADWAY ST,1,1,0,0,1,1,0,0,30,0,0,0,0,0,4,2,3
,2022-19004,-104.8470297,39.77400525,5/13/2022 18:00,18:00,15,0,0,I-70 & PEORIA ST N,1,1,0,0,1,4,0,0,55,0,0,0,0,0,1,2,16
,2022-19005,-104.9407892,39.70607071,5/31/2022 16:30,16:30,3,0,0,COLORADO BLVD S & CHERRY CREEK DR SE,11,1,0,1,1,1,0,0,25,0,0,0,0,0,2,2,3
,2022-19012,-104.9411208,39.71465227,5/31/2022 21:23,21:23,15,0,0,E BAYAUD AVE & S COLORADO BLVD,11,3,0,1,1,4,0,0,30,0,0,0,0,0,4,2,11
,2022-19014,-105.0533224,39.72429041,6/1/2022 12:40,12:40,12,0,0,SHERIDAN BLVD N & 5TH AVE W,1,1,0,0,1,4,0,0,35,0,0,0,0,0,2,2,13
,2022-19015,-105.0346192,39.77147324,5/31/2022 17:46,17:46,6,0,0,3930 N LOWELL BLVD & W 39TH AVE,11,1,0,1,1,4,0,0,30,0,0,0,0,0,4,2,10
,2022-19016,-104.9406224,39.71147862,5/18/2022 11:50,11:50,12,0,0,COLORADO BLVD S & ALAMEDA AVE E,1,1,0,0,1,3,0,0,35,0,0,0,0,0,2,3,13
,2022-19019,-104.9950429,39.76568371,5/26/2022 12:11,12:11,16,0,0,N GLOBEVILLE RD & PARK AVE W PRIVATE PROPERTY,1,1,0,0,5,7,0,0,,0,0,0,0,0,3,2,9
,2022-19020,-104.885421,39.74198144,5/31/2022 11:45,11:45,3,0,0,16TH AVE E & YOSEMITE ST N,1,1,0,0,1,1,0,0,25,0,0,0,0,0,4,2,3
,2022-19022,-105.0275668,39.71829632,3/27/2022 5:41,5:41,6,0,0,HAZEL CT N & 1ST AVE W,1,4,0,0,1,4,0,0,25,0,0,0,0,0,4,2,16
,2022-19023,-104.9941211,39.73685597,5/27/2022 17:20,17:20,2,0,1,ELATI ST N & 13TH AVE W,1,1,0,0,1,1,0,0,35,1,0,0,0,1,4,1,11
,2022-19026,-105.0252441,39.71812057,5/29/2022 10:52,10:52,11,0,1,FEDERAL BLVD  & 1ST AVE W,1,1,0,1,1,1,0,0,30,0,0,1,0,2,2,1,16
,2022-19029,-104.9874502,39.72094395,5/31/2022 16:47,16:47,10,0,0,E 3RD AVE & N BROADWAY ST,11,1,0,1,1,1,0,0,30,0,0,0,0,0,4,2,16
,2022-19030,-104.9862956,39.75917542,3/24/2022 17:30,17:30,6,0,0,2500 BLK WALNUT ST & 26TH ST,1,3,0,0,1,4,0,0,,0,0,0,0,0,4,2,16
,2022-19033,-104.9457265,39.68438296,6/1/2022 8:02,8:02,12,0,0,I-25 & COLORADO BLVD S,11,1,0,1,1,4,0,0,,0,0,0,0,0,1,2,16
,2022-19036,-105.0156038,39.75717894,5/16/2022 13:00,13:00,6,0,0,28TH AVE W & ZUNI ST N,1,1,0,0,1,4,0,0,25,0,0,0,0,0,4,2,13
,2022-19043,-105.0076488,39.75247212,5/22/2022 19:56,19:56,12,0,0,N SPEER BLVD & ELITCH CIR,1,1,0,0,1,3,0,0,30,0,0,0,0,1,4,2,16
,2022-19044,-104.9593175,39.7801238,6/1/2022 11:45,11:45,12,0,0,I-70 & YORK ST N,1,1,0,0,1,4,0,0,55,0,0,0,0,0,1,4,16
,2022-19049,-105.0040864,39.76082892,6/1/2022 10:53,10:53,3,0,0,20TH ST & I-25 NB OFF RAMP,11,1,0,0,1,1,0,0,25,0,0,0,0,0,4,2,16
,2022-19051,-104.9929014,39.74386727,6/1/2022 19:54,19:54,6,0,0,15TH ST 600 BLK & CALIFORNIA ST,1,2,0,0,1,4,0,0,25,0,0,0,0,0,4,2,16
,2022-19054,-104.9965605,39.70666643,6/1/2022 16:58,16:58,12,0,0,I-25 & SANTA FE DR S,1,1,0,0,1,4,0,0,55,0,0,0,0,0,1,2,3
,2022-19055,-104.959306,39.71513439,5/25/2022 16:25,16:25,12,0,2,S UNIVERSITY BLVD & E CHERRY CREEK N DR,1,1,0,0,1,4,0,0,35,0,0,0,0,1,4,3,16
,2022-19056,-105.0275405,39.71108849,6/1/2022 13:00,13:00,3,0,0,S HAZEL CT & W ALAMEDA AVE,1,1,0,0,1,1,0,0,25,0,0,0,0,0,4,2,3
,2022-19062,-105.0165222,39.7513218,5/31/2022 16:25,16:25,12,0,0,I-25 & 23RD AVE W,11,1,0,1,1,4,0,0,55,0,0,0,0,0,1,2,16
,2022-19063,-104.9721114,39.76816434,5/31/2022 18:25,18:25,3,0,0,37TH AVE E & MARION ST N,11,1,0,1,1,1,0,0,,0,0,0,0,0,4,2,16
,2022-19064,-105.0251997,39.65705924,5/28/2022 9:23,9:23,9,0,1,FEDERAL BLVD S & FLOYD AVE W,1,1,1,1,1,4,0,0,40,0,0,0,1,2,2,1,16
,2022-19065,-104.9810842,39.74327186,6/1/2022 10:00,10:00,15,0,0,E 17TH AVE & N PENNSYLVANIA ST,11,1,0,0,1,1,0,0,30,0,0,0,0,0,4,2,3
,2022-19067,-104.986579,39.71115917,6/1/2022 12:15,12:15,1,0,0,E ALAMEDA AVE (NOT CDOT) & S LINCOLN ST,11,1,0,0,1,3,0,0,30,0,0,0,0,0,4,2,7
,2022-19076,-105.0344606,39.73848089,5/20/2022 1:00,1:00,6,0,0,3500 BLK W 14TH AVE & N LOWELL BLVD,11,3,0,1,1,4,0,0,25,0,0,0,0,0,4,2,16
,2022-19078,-104.9033999,39.72563357,6/1/2022 11:00,11:00,12,0,0,N QUEBEC ST & E 6TH AVE,1,1,0,0,1,1,0,0,30,0,0,0,0,0,4,2,3
,2022-19120,-104.9695312,39.73827639,3/26/2022 0:00,,6,0,0,HUMBOLDT ST N & 14TH AVE E,1,1,3,0,1,4,0,0,25,0,0,0,0,0,4,2,16
,2022-19121,-105.0158351,39.76202623,3/23/2022 18:24,18:24,11,0,1,32ND AVE W & ZUNI ST,1,1,3,0,1,1,0,0,30,0,1,0,0,1,4,1,1
,2022-19122,-104.9985776,39.72253338,5/31/2022 18:00,18:00,3,0,0,W 4TH AVE & N SANTA FE DR,11,1,0,1,1,1,0,0,25,0,0,0,0,0,4,3,3
,2022-19123,-104.8964708,39.76004426,4/25/2022 9:45,9:45,12,0,0,E MLK BLVD & N TRENTON ST,1,1,0,0,1,3,0,0,35,0,0,0,0,0,4,2,1
,2022-19126,-105.0203666,39.682296,6/2/2022 15:25,15:25,3,0,0,S CLAY ST & W JEWELL AVE,1,1,0,0,1,1,0,0,25,0,0,0,0,0,4,2,3
,2022-19127,-105.0017597,39.76928185,6/2/2022 9:40,9:40,3,0,0,W 38TH AVE & N LIPAN ST,1,1,1,0,1,1,0,0,35,0,0,0,0,0,4,2,11
,2022-19128,-104.8471109,39.77054368,6/1/2022 14:55,14:55,12,0,0,PEORIA ST 3800 BLK N & E. 39TH AVE,1,1,1,0,1,4,0,0,40,0,0,0,0,1,4,3,3
,2022-19130,-104.9405044,39.78002872,6/2/2022 7:50,7:50,15,0,0,I-70 WB OFF RAMP TO  & COLORADO BLVD N,1,1,1,0,1,8,0,0,45,0,0,0,0,0,1,2,11
,2022-19131,-104.9898206,39.72565419,6/1/2022 16:10,16:10,12,0,0,W 6TH AVE & N KALAMATH ST,1,1,0,0,1,4,0,0,55,0,0,0,0,0,4,3,13
,2022-19133,-104.8847827,39.65332899,6/1/2022 17:20,17:20,15,0,0,S YOSEMITE ST & E HAMPDEN AVE,1,1,0,0,1,4,0,0,30,0,0,0,0,0,4,2,13
,2022-19134,-104.9791354,39.69433055,6/2/2022 17:05,17:05,12,0,0,I-25 & WASHINGTON ST S,1,1,0,0,1,4,0,0,55,0,0,0,0,0,1,2,13
,2022-19135,-104.9601668,39.72635355,6/2/2022 8:12,8:12,12,0,0,600 BLK N YORK ST & E 7TH AVE,1,1,1,0,1,3,0,0,30,0,0,0,0,1,4,3,3
,2022-19136,-105.0141494,39.74044681,6/2/2022 8:39,8:39,12,0,0,I-25 SB OFF RAMP TO & COLFAX AVE W,1,1,0,0,1,8,0,0,55,0,0,0,0,0,1,2,13
,2022-19137,-104.9980197,39.69297037,6/1/2022 10:52,10:52,12,0,0,INCA ST S & LOUISIANA AVE W,1,1,0,0,1,2,0,0,25,0,0,0,0,0,4,2,11
,2022-19138,-105.0252448,39.71815939,5/29/2022 1:36,1:36,3,0,2,FEDERAL BLVD N & 1ST AVE W,1,3,0,0,1,1,0,0,40,0,0,0,0,2,2,2,1
,2022-19139,-104.9734307,39.67851291,6/2/2022 21:48,21:48,1,0,0,EVANS AVE E & DOWNING ST S,1,3,0,0,1,1,0,0,35,0,0,0,0,0,4,2,13
,2022-19140,-104.9497916,39.77765915,5/27/2022 18:20,18:20,6,0,0,E 44TH AVE & N STEELE ST,1,1,0,0,1,1,0,0,35,0,0,0,0,0,4,2,13
,2022-19142,-105.0463405,39.74088491,5/31/2022 16:07,16:07,6,0,0,N VRAIN ST & W COLFAX AVE,11,1,0,0,1,4,0,0,25,0,0,0,0,0,4,2,16
,2022-19143,-105.0205746,39.78924635,6/3/2022 0:01,0:01,6,0,0,51ST AVE W & CLAY ST N,1,1,0,0,1,4,0,0,25,0,0,0,0,0,4,2,16
,2022-19144,-105.0251799,39.78422127,6/2/2022 17:26,17:26,12,0,0,I-70 & FEDERAL BLVD N,1,1,0,0,1,4,0,0,55,0,0,0,0,0,1,2,13
,2022-19145,-105.0157081,39.68951438,6/2/2022 7:38,7:38,3,0,0,W FLORIDA AVE & S ZUNI ST,1,1,0,0,1,3,0,0,30,0,0,0,0,0,4,2,11
,2022-19146,-105.0320117,39.65266402,6/2/2022 7:40,7:40,15,0,0,HAMPDEN AVE W & LOWELL BLVD S,1,1,0,0,1,4,0,0,65,0,0,0,0,0,2,3,3
,2022-19147,-104.9405116,39.76176131,6/2/2022 1:01,1:01,12,0,2,COLORADO BLVD N & MLK BLVD E,1,3,0,0,1,1,0,0,35,0,0,0,0,2,2,2,16
,2022-19148,-104.9739429,39.71834009,6/2/2022 9:09,9:09,12,0,0,E SPEER BLVD & N CORONA ST,1,1,0,0,1,3,0,0,30,0,0,0,0,0,4,2,8
,2022-19151,-105.0165222,39.7513218,6/1/2022 15:24,15:24,12,0,0,I-25 & 23RD AVE W,1,1,0,0,1,4,0,0,55,0,0,0,0,0,1,2,16
,2022-19153,-104.9008258,39.68128063,6/3/2022 11:12,11:12,15,0,0,ROSEMARY ST S & QUINCE ST S,1,1,0,0,1,4,0,0,25,0,0,0,0,0,4,2,7
,2022-19154,-105.012377,39.77412804,6/3/2022 16:28,16:28,3,0,2,UMATILLA ST N & 42ND AVE W,1,1,0,7,1,1,0,0,25,0,0,0,0,1,4,2,16
,2022-19159,-105.0373087,39.71815311,6/3/2022 12:01,12:01,3,0,0,W 1ST AVE & N NEWTON ST,1,1,0,0,1,1,0,0,25,0,0,0,0,0,4,2,11
,2022-19161,-104.9967957,39.70642408,6/2/2022 23:46,23:46,5,0,1,I-25 SB OFF RAMP TO  & SANTA FE DR S,1,3,1,0,3,8,0,0,45,0,0,0,0,2,2,1,16
,2022-19163,-104.9406053,39.74611595,6/2/2022 13:58,13:58,12,0,1,COLORADO BLVD N & 19TH AVE E,1,1,0,0,1,1,0,0,35,0,0,0,0,2,2,2,14
,2022-19165,-104.7468329,39.83528586,6/2/2022 4:50,4:50,4,0,0,E-470 & PENA BLVD,1,1,2,0,1,4,0,0,75,0,0,0,0,0,2,1,13
,2022-19168,-105.0432542,39.71119507,6/2/2022 23:39,23:39,1,0,0,ALAMEDA AVE W & STUART ST S,1,3,0,0,1,1,0,0,40,0,0,0,0,0,2,2,13
,2022-19169,-104.967321,39.74000341,6/3/2022 17:27,17:27,2,0,1,COLFAX AVE E & GILPIN ST N,1,1,0,0,1,4,0,0,30,1,0,0,0,2,2,2,11
,2022-19171,-104.940626,39.71771261,6/2/2022 16:30,16:30,12,0,1,COLORADO BLVD N & 1ST AVE E,1,1,0,0,1,4,0,0,35,0,0,0,0,2,2,2,13
,2022-19175,-105.0249815,39.6786443,5/5/2022 18:04,18:04,12,0,0,3000 BLK OF W EVANS AVE & S FEDERAL BLVD / W EVANS AVE,1,1,0,0,1,4,0,0,40,0,0,0,0,1,4,3,13
,2022-19176,-104.931703,39.65303648,6/2/2022 7:31,7:31,3,0,0,HAMPDEN AVE E & DAHLIA ST S,1,1,0,0,1,1,0,0,40,0,0,0,0,0,2,2,11
,2022-19177,-104.7721681,39.77466853,6/2/2022 11:12,11:12,3,0,0,TOWER RD N & 43RD AVE E,1,1,0,0,1,1,0,0,40,0,0,0,0,0,4,2,11
,2022-19178,-105.0396907,39.70633989,6/2/2022 9:55,9:55,3,0,0,MORRISON RD & PERRY ST S,1,1,0,0,1,1,0,0,,0,0,0,0,0,4,2,16
,2022-19179,-104.8851038,39.63957844,6/2/2022 6:50,6:50,12,0,0,I-225 & YOSEMITE ST S,1,1,0,0,1,4,0,0,55,0,0,0,0,0,1,4,11
,2022-19180,-105.0038881,39.69515049,6/2/2022 9:58,9:58,6,0,0,S NAVAJO ST & W ARIZONA AVE,1,1,1,0,1,4,0,0,25,0,0,0,0,1,4,4,10
,2022-19181,-104.9789917,39.72038599,6/1/2022 15:20,15:20,15,0,0,SPEER BLVD 700 BLK E & N WASHINGTON ST,1,1,0,0,1,4,0,0,35,0,0,0,0,0,4,2,13
,2022-19187,-104.9624046,39.78189325,5/16/2022 15:30,15:30,6,0,0,4600 BLK N VINE ST & 47TH AVE,1,1,0,0,1,4,0,0,30,0,0,0,0,0,4,2,16
,2022-19189,-105.0346207,39.75113473,6/2/2022 2:23,2:23,6,0,0,2200 BLK N LOWELL BLVD & W 23RD AVE,1,3,0,0,1,4,0,0,25,0,0,0,0,0,4,2,16
,2022-19191,-104.8742724,39.75730158,6/1/2022 19:25,19:25,6,0,0,EMPORIA ST 2800 BLK N & N CLINTON WAY,1,1,0,0,1,4,0,0,25,0,0,0,0,0,4,2,10
,2022-19193,-104.9991495,39.6966933,6/2/2022 10:04,10:04,3,0,0,W MISSISSIPPI AVE & S JASON ST,1,1,0,0,1,1,0,0,35,0,0,0,0,0,4,2,13
,2022-19196,-104.8753499,39.70195091,6/2/2022 11:44,11:44,10,0,0,DAYTON ST S & ALTON WY S,1,1,0,0,1,1,0,0,25,0,0,0,0,0,4,2,13
,2022-19198,-105.0102046,39.75716768,6/3/2022 8:02,8:02,12,0,0,I-25 & 15TH ST,1,1,0,0,1,4,0,0,55,0,0,0,0,0,1,2,13
,2022-19199,-104.9942647,39.75997176,6/2/2022 21:56,21:56,12,0,1,PARK AVE W & DELGANY ST,1,3,2,0,1,4,0,0,35,0,0,0,0,2,4,3,16
,2022-19201,-104.9035597,39.77851775,6/2/2022 8:10,8:10,12,0,0,QUEBEC ST N & I-70 EB RAMPS,1,1,1,0,1,3,0,0,40,0,0,0,0,0,4,2,3
,2022-19204,-104.8828232,39.78094996,6/2/2022 14:55,14:55,1,0,0,N CENTRAL PARK BLVD & E 46TH PL,1,1,0,0,1,1,0,0,35,0,0,0,0,1,4,2,11
,2022-19205,-104.896855,39.69609392,6/2/2022 13:27,13:27,12,0,0,HWY 83 & MISSISSIPPI,1,1,0,0,1,3,0,0,45,0,0,0,0,0,2,3,16
,2022-19206,-104.9116502,39.68571751,6/2/2022 13:09,13:09,10,0,0,E MEXICO AVE & S MAGNOLIA ST,1,1,0,0,1,1,0,0,25,0,0,0,0,0,4,2,11
,2022-19209,-104.9769115,39.7165298,6/2/2022 11:40,11:40,6,0,0,EMERSON ST N & ELLSWORTH AVE E,1,1,0,0,1,3,0,0,25,0,0,0,0,0,4,2,7
,2022-19214,-104.9798991,39.73801483,6/4/2022 0:01,0:01,6,0,0,N PEARL ST & E 14TH AVE,1,1,0,0,1,4,0,0,25,0,0,0,0,0,4,3,14
,2022-19221,-104.9405477,39.69140891,6/2/2022 18:11,18:11,12,0,0,COLORADO BLVD 1300 BLK S  & E ARKANSAS AVE,1,1,0,0,1,4,0,0,45,0,0,0,0,0,4,2,11
,2022-19225,-104.9034947,39.71128237,6/3/2022 23:37,23:37,1,0,1,ALAMEDA AVE E & QUEBEC ST S,1,4,0,0,1,1,0,0,45,0,0,0,0,1,4,2,3
,2022-19227,-105.0066439,39.78272392,6/4/2022 15:58,15:58,12,0,0,I-70 EB OFF RAMP & PECOS ST,1,1,0,0,1,6,0,0,25,0,0,0,0,0,2,2,13
,2022-19228,-104.9257652,39.73151681,6/4/2022 4:05,4:05,6,0,1,GLENCOE ST N & 9TH AVE E,1,3,0,0,1,4,0,0,25,0,0,0,0,2,4,2,2
,2022-19229,-104.7521637,39.97374082,5/10/2022 6:28,6:28,12,0,0,I-76 WB [FRONTAGE RD] & S 50TH AVE [APPROX],1,1,0,0,1,4,0,0,30,0,0,0,0,0,4,2,11
,2022-19237,-104.8748424,39.77658914,6/3/2022 23:33,23:33,9,0,1,I-70 WB EXIT GORE PT TO & CENTRAL PARK BLVD N,1,3,1,0,3,14,0,0,,0,0,0,0,3,1,1,16
,2022-19238,-104.9875672,39.67851948,6/3/2022 18:46,18:46,15,0,0,EVANS AVE W & BROADWAY ST S,1,1,0,0,1,1,0,0,35,0,0,0,0,0,4,2,11
,2022-19241,-104.8417024,39.78058134,6/4/2022 4:09,4:09,3,0,0,ALBROOK DR E & TULSA CT N,1,3,0,0,1,2,0,0,30,0,0,0,0,0,4,2,14
,2022-19243,-104.9907143,39.75710128,6/2/2022 23:29,23:29,10,0,0,BLAKE ST & PARK AVE W,1,3,0,0,1,1,0,0,30,0,0,0,0,0,4,2,1
,2022-19245,-105.0532428,39.77474622,6/2/2022 19:30,19:30,10,0,0,SHERIDAN BLVD N & 43RD AVE,1,1,0,0,1,1,0,0,35,0,0,0,0,0,2,2,13
,2022-19246,-104.8952469,39.77739892,6/3/2022 15:33,15:33,12,0,0,I-270 & CENTRAL PARK BLVD N,1,1,3,0,1,4,0,0,65,0,0,0,0,0,1,2,13
,2022-19247,-105.0001762,39.72892467,6/3/2022 8:14,8:14,15,0,0,W 8TH AVE & N KALAMATH ST,1,1,0,0,1,1,0,0,30,0,0,0,0,0,4,2,13
,2022-19249,-104.9781335,39.75199492,6/4/2022 14:30,14:30,3,0,0,24TH AVE E & WASHINGTON ST N,1,1,0,0,1,9,0,0,15,0,0,0,0,0,4,2,13
,2022-19250,-104.9228091,39.65299721,6/3/2022 23:24,23:24,3,0,0,HAMPDEN AVE E & HOLLY ST S,1,3,0,0,1,1,0,0,35,0,0,0,0,0,2,2,16
,2022-19251,-105.0250098,39.72588992,5/31/2022 18:56,18:56,5,0,1,FEDERAL BLVD N & HWY 6 WB RAMPS,11,2,0,1,6,1,0,0,35,0,0,0,0,2,2,1,14
,2022-19254,-105.0252437,39.76026749,6/3/2022 22:56,22:56,15,0,0,FEDERAL BLVD N & SPEER BLVD N,1,3,0,0,1,1,0,0,35,0,0,0,0,0,2,2,13
,2022-19255,-104.998391,39.71120449,6/4/2022 0:00,0:00,3,0,0,ALAMEDA AVE W & KALAMATH ST S,1,3,1,0,1,1,0,0,35,0,0,0,0,0,4,2,10
,2022-19263,-104.8827688,39.77727111,6/4/2022 0:15,0:15,12,0,2,I-70 & CENTRAL PARK BLVD N,1,3,3,0,1,4,0,0,55,0,0,0,0,2,2,3,3
,2022-19265,-105.0205381,39.7580395,6/3/2022 6:03,6:03,3,0,0,SPEER BLVD N & CLAY ST N,1,3,0,0,1,1,0,0,35,0,0,0,0,0,4,2,16
,2022-19266,-104.8892099,39.76802703,6/3/2022 23:50,23:50,6,0,0,3600 BLK N WABASH ST & E 36TH AVE,1,3,0,0,1,4,0,0,25,0,0,0,0,0,4,2,2
,2022-19267,-105.0337655,39.72553335,6/3/2022 21:37,21:37,12,0,0,6TH AVE W & FEDERAL BLVD S,1,3,0,0,1,4,0,0,65,0,0,0,0,0,2,3,13
,2022-19268,-104.8856995,39.70650104,6/4/2022 9:33,9:33,10,0,0,E FAIRMOUNT DR & S XENIA ST,1,1,0,0,1,2,0,0,25,0,0,0,0,0,4,2,1
,2022-19269,-104.9546311,39.68504932,6/4/2022 18:49,18:49,9,0,0,I-25 NB OFF RAMP TO  & UNIVERSITY BLVD S,1,1,1,7,1,8,0,0,35,0,0,0,0,0,1,2,14
,2022-19357,-105.0343729,39.68935224,6/4/2022 16:37,16:37,6,0,0,LOWELL BLVD S & FLORIDA AVE W,1,1,0,0,1,4,0,0,,0,0,0,0,0,4,3,16
,2022-19359,-104.9827227,39.69742292,6/5/2022 13:03,13:03,12,0,0,I-25 & LOGAN ST S,1,1,0,0,1,4,0,0,60,0,0,0,0,0,1,2,13
,2022-19360,-104.8850319,39.70698424,6/4/2022 23:50,23:50,5,0,0,8700 BLK E ALAMEDA AVE & S XENIA ST,1,3,0,0,3,4,0,0,,0,0,0,0,0,4,1,16
,2022-19361,-105.1099017,39.63426424,5/16/2022 4:57,4:57,1,0,0,W STANFORD AVE & S KIPLING ST,1,1,0,1,1,1,0,0,45,0,0,0,0,0,4,2,16
,2022-19364,-105.0251051,39.7234916,5/15/2022 12:21,12:21,12,0,0,FEDERAL BLVD N & HWY 6 EB RAMPS,1,1,0,1,1,4,0,0,35,0,0,0,0,0,2,3,16
,2022-19365,-104.961754,39.69795772,5/13/2022 14:30,14:30,6,0,0,1000 BLK S GAYLORD ST & MISSISSIPPI AVE,1,1,0,0,1,4,0,0,25,0,0,0,0,0,4,2,13
,2022-19366,-105.0911224,39.6169589,4/23/2022 14:10,14:10,15,0,0,WADSWORTH BLVD S & CRESTLINE AVE W,1,1,0,0,1,4,0,0,,0,0,0,0,0,2,2,16
,2022-19367,-104.940511,39.77301702,5/26/2022 13:31,13:31,12,0,0,COLORADO BLVD N & 40TH AVE E,1,1,0,0,1,3,0,0,,0,0,0,0,0,2,2,16
,2022-19368,-104.9827227,39.69742292,6/4/2022 21:28,21:28,15,0,0,I-25 & LOGAN ST S,1,3,0,0,1,4,0,0,60,0,0,0,0,0,1,2,10
,2022-19369,-105.0816931,39.63015007,4/15/2022 20:38,20:38,15,0,0,WADSWORTH WY S & LAYTON AVE W,1,3,0,0,1,4,0,0,,0,0,0,0,0,2,2,16
,2022-19370,-104.9034646,39.73870136,5/7/2022 23:46,23:46,15,0,0,14TH AVE E & QUEBEC ST N,1,3,0,0,1,1,0,0,,0,0,0,0,0,4,2,16
,2022-19371,-105.0139596,39.74044224,5/11/2022 15:54,15:54,15,0,1,I-25 & COLFAX AVE W,1,1,0,0,1,4,0,0,55,0,0,0,0,1,1,2,16
,2022-19372,-105.0015262,39.71105243,5/3/2022 12:50,12:50,12,0,0,S LIPAN ST & W ALAMEDA AVE,1,1,0,0,1,3,0,0,25,0,0,0,0,0,4,2,13
,2022-19380,-104.8200382,39.79826165,6/3/2022 17:31,17:31,10,0,0,E 56TH AVE & N CROWN BLVD,1,1,0,0,1,1,0,0,35,0,0,0,0,0,4,2,7
,2022-19386,-104.9934096,39.73685702,6/4/2022 14:28,14:28,2,0,1,13TH AVE & ELATI ST,1,1,0,0,1,9,0,0,0,1,0,0,0,2,4,1,16
,2022-19406,-105.0249413,39.711083,5/22/2022 1:40,1:40,5,0,0,ALAMEDA AVE W & FEDERAL BLVD S,1,3,0,0,6,4,0,0,35,0,0,0,0,0,2,1,1
,2022-19408,-104.9708821,39.7614506,6/4/2022 19:20,19:20,6,0,0,3100 N LAFAYETTE ST & E MLK BLVD,1,1,0,0,1,4,0,0,,0,0,0,0,0,4,2,16
,2022-19412,-105.0211311,39.7910934,5/10/2022 8:15,8:15,6,0,0,2700 BLK W 52ND AVE & N DECATUR ST,1,1,0,0,1,4,0,0,30,0,0,0,0,0,4,2,3
,2022-19413,-104.8905205,39.76001325,6/4/2022 22:30,22:30,3,0,0,E MLK BLVD & N CENTRAL PARK BLVD,1,3,0,0,1,1,0,0,30,0,0,0,0,0,4,2,13
,2022-19415,-104.847011,39.78245674,5/13/2022 11:45,11:45,15,0,0,N PEORIA ST & E 47TH AVE,1,1,0,0,1,4,0,0,,0,0,0,0,0,4,2,16
,2022-19416,-104.9889458,39.75575657,5/6/2022 9:57,9:57,10,0,1,PARK AVEW & LARIMER ST,1,1,0,0,1,3,0,0,30,0,0,0,1,3,4,2,13
,2022-19418,-104.96968,39.74323816,2/12/2022 12:03,12:03,1,0,0,HUMBOLDT ST N & 17TH AVE E,1,1,0,0,1,1,0,0,,0,0,0,0,0,4,2,16
,2022-19419,-104.9152344,39.76111755,6/3/2022 1:42,1:42,6,0,0,3055 N LEYDEN ST & E 30TH AVE,1,3,0,0,1,4,0,0,20,0,0,0,0,0,4,2,16
,2022-19434,-105.0043326,39.76094991,6/5/2022 16:13,16:13,15,0,0,20TH ST & I-25 NB ON RAMP,1,1,0,0,1,1,0,0,25,0,0,0,1,0,1,2,13
,2022-19435,-104.7697803,39.79830058,6/4/2022 6:53,6:53,12,0,1,E 56TH AVE & N ARGONNE ST,1,1,0,0,1,1,0,0,45,0,0,0,1,3,4,2,11
,2022-19436,-104.8657424,39.77582352,6/4/2022 23:25,23:25,12,0,0,I-70 & HAVANA ST N,1,3,0,0,1,4,0,0,55,0,0,0,0,0,1,2,16
,2022-19437,-104.9851038,39.74935036,6/4/2022 13:30,13:30,6,0,0,2100 WELTON ST & WELTON ST,1,1,0,0,1,4,0,0,20,0,0,0,0,1,4,2,10
,2022-19439,-104.8893688,39.74008598,6/4/2022 22:41,22:41,3,0,1,COLFAX AVE E & WABASH ST N,1,3,0,0,1,1,0,0,25,0,0,0,0,2,2,2,11
,2022-19440,-104.9895499,39.78406139,6/3/2022 12:41,12:41,12,0,1,I-25 & 48TH AVE W,1,1,0,0,1,4,0,0,55,0,0,0,0,2,1,3,16
,2022-19441,-104.9407835,39.74375847,3/20/2022 14:35,14:35,9,0,2,COLORADO BLVD N & 17TH AVE E,1,1,0,0,1,1,0,0,35,0,0,0,1,3,2,2,16
,2022-19448,-104.8354143,39.78068982,5/17/2022 21:40,21:40,6,0,0,AUCKLAND CT N & CROWN BLVD N,1,3,0,0,3,4,0,0,25,0,0,0,0,0,4,3,16
,2022-19453,-105.0816254,39.63846555,5/9/2022 11:00,11:00,12,0,1,WADSWORTH BLVD S & QUINCY AVE W,1,1,0,0,1,3,0,1,,0,0,0,0,2,2,2,16
,2022-19459,-104.9983181,39.71107924,5/31/2022 22:16,22:16,15,0,0,KALAMATH ST S & ALAMEDA AVE W,11,3,0,1,1,4,0,0,35,0,0,0,0,0,4,2,16
,2022-19478,-105.0252248,39.74273027,6/1/2022 11:33,11:33,11,0,1,16TH AVE W & FEDERAL BLVD N,1,1,0,0,1,1,0,0,25,0,1,0,0,1,2,1,16
,2022-19489,-104.9791265,39.71821936,6/2/2022 12:15,12:15,6,0,0,N WASHINGTON ST & E 1ST AVE,1,1,0,0,1,4,0,0,25,0,0,0,0,0,4,2,7
,2022-19502,-104.9405105,39.7728797,6/1/2022 14:26,14:26,15,0,0,COLORADO BLVD N & 40TH AVE E,1,1,0,0,1,1,0,0,35,0,0,0,0,0,2,5,16
,2022-19533,-104.8183527,39.78589719,6/3/2022 19:08,19:08,6,0,0,E GATEWAY AVE & N DURHAM CT,1,1,0,0,1,4,0,0,25,0,0,0,0,0,4,2,7
,2022-19536,-104.9383104,39.72851451,5/21/2022 14:46,14:46,6,0,0,N ASH ST & E 7TH AVE,1,1,0,0,1,4,0,0,25,0,0,0,0,0,4,2,16