id,drcog_id,longitude,latitude,crashtime,time,crashtype,numbkilled,numbinjurd,drcoglocat,rdconditin,lightngcon,roadcntgrd,weatherco,location,roaddescrp,schoolzone,constrzone,splimit,bikeinv,pedinv,sctrinv,motoinv,svrty,rdsystem,ttlvehcls,hcf
,2022-19537,-104.9199333,39.75106352,5/31/2022 11:17,11:17,6,0,0,5700 BLK E 23RD AVE & E 23RD AVE,1,1,0,0,1,4,0,0,30,0,0,0,0,0,4,4,3
,2022-19589,-105.0141402,39.74031599,5/20/2022 12:23,12:23,12,0,1,I-25 SB ENT GORE PT FROM & SPEER BLVD,11,1,0,1,1,4,0,0,55,0,0,0,0,1,1,2,16
,2022-19656,-104.941407,39.67843618,6/3/2022 13:57,13:57,3,0,0,EVANS AVE E & COLORADO BLVD S,1,1,0,0,1,2,0,0,35,0,0,0,0,0,4,2,11
,2022-19657,-104.8470222,39.7740046,6/2/2022 12:55,12:55,12,0,1,I-70 & PEORIA ST N,1,1,1,0,1,4,0,0,55,0,0,0,0,1,1,3,16
,2022-19658,-104.70089,39.8367635,6/6/2022 13:47,13:47,3,0,0,78TH AVE E & GUN CLUB RD,1,1,0,0,1,2,0,0,45,0,0,0,0,0,4,2,13
,2022-19661,-104.9937843,39.75920986,6/6/2022 5:51,5:51,10,0,0,1800 BLK PARK AVE W & WEWATTA ST,1,1,0,1,1,1,0,0,35,0,0,0,0,0,4,2,13
,2022-19663,-104.9826005,39.72260797,6/3/2022 14:35,14:35,15,0,0,N LOGAN ST & E SPEER BLVD,1,1,0,0,1,1,0,0,30,0,0,0,0,0,4,2,16
,2022-19665,-105.004067,39.66722063,6/5/2022 16:13,16:13,5,0,3,PLATTE RIVER DR S & DARTMOUTH AVE W,1,1,0,0,3,4,0,0,35,0,0,0,0,3,4,1,1
,2022-19666,-105.0349619,39.66768139,6/5/2022 12:22,12:22,3,0,1,W YALE AVE & S LOWELL BLVD,1,1,0,1,1,1,0,0,30,0,0,0,0,2,4,2,13
,2022-19667,-104.9027525,39.76119728,6/3/2022 6:40,6:40,3,0,0,E MLK BLVD & N QUEBEC ST,1,1,0,0,1,3,0,0,35,0,0,0,0,0,4,2,11
,2022-19670,-104.9874219,39.7515521,6/3/2022 7:20,7:20,12,0,0,CHAMPA ST & N BROADWAY ST,1,1,0,0,1,3,0,0,30,0,0,0,0,0,4,2,13
,2022-19672,-104.9255253,39.66749874,6/6/2022 7:47,7:47,12,0,1,I-25 & YALE AVE E,1,1,0,0,1,4,0,0,65,0,0,0,0,1,1,3,7
,2022-19675,-105.0043198,39.76094363,4/25/2022 21:10,21:10,15,0,0,I-25 & 20TH ST,1,3,1,0,1,4,0,0,,0,0,0,0,0,1,2,16
,2022-19676,-105.0344524,39.70034756,6/5/2022 17:40,17:40,3,0,0,S LOWELL BLVD & W KENTUCKY AVE,1,1,0,0,1,1,0,0,25,0,0,0,0,0,4,2,3
,2022-19677,-104.9035566,39.69852377,6/3/2022 10:48,10:48,3,0,0,PARKER RD S & QUEBEC ST S,1,1,0,0,1,2,0,0,35,0,0,0,0,0,2,2,11
,2022-19678,-104.9485852,39.7176553,6/3/2022 13:33,13:33,12,0,0,N ADAMS ST & E 1ST AVE,1,1,0,0,1,4,0,0,25,0,0,0,0,0,4,2,16
,2022-19679,-104.9949384,39.76798043,6/6/2022 9:39,9:39,12,0,2,I-25 & PARK AVE W,1,1,0,0,1,4,0,0,55,0,0,0,0,1,1,3,7
,2022-19680,-104.977646,39.77124689,6/3/2022 16:19,16:19,3,0,2,BRIGHTON BLVD N & 36TH ST,1,1,0,0,1,1,0,0,35,0,0,0,0,2,4,2,13
,2022-19681,-104.9652452,39.67476286,5/5/2022 15:43,15:43,6,0,0,HIGH ST S & ILIFF AVE E,1,1,0,0,1,4,0,0,30,0,0,0,0,0,4,2,16
,2022-19682,-104.98743,39.72661693,6/3/2022 14:15,14:15,15,0,0,SPEER BLVD & BROADWAY ST N,1,1,0,0,1,4,0,0,30,0,0,0,0,0,4,2,13
,2022-19684,-104.9405607,39.69657743,6/4/2022 9:52,9:52,1,0,0,COLORADO BLVD S & MISSISSIPPI AVE E,1,1,1,0,1,1,0,0,35,0,0,0,0,0,2,2,11
,2022-19685,-104.9942025,39.73377316,6/3/2022 16:38,16:38,15,0,0,1100 BLK N SPEER BLVD & W 11TH AVE,1,1,0,0,1,4,0,0,35,0,0,0,0,0,4,2,8
,2022-19686,-104.7721263,39.78183417,6/5/2022 10:29,10:29,3,0,0,TOWER RD N & 47TH AVE E,1,1,0,0,1,1,0,0,40,0,0,0,0,0,4,2,16
,2022-19687,-104.9827974,39.69116964,6/6/2022 8:09,8:09,3,0,0,E ARKANSAS AVE & S LOGAN ST,1,1,0,0,1,1,0,0,25,0,0,0,0,0,4,2,13
,2022-19694,-104.9153404,39.65315785,6/6/2022 13:58,13:58,1,0,1,E HAMPDEN AVE & S LOCUST ST,1,1,0,0,1,1,0,0,45,0,0,0,0,3,4,2,16
,2022-19706,-104.9243892,39.74191537,6/5/2022 4:41,4:41,6,0,0,16TH AVE E & GRAPE ST N,1,3,0,0,1,4,0,0,25,0,0,0,0,0,4,2,16
,2022-19708,-104.9868847,39.70753033,6/3/2022 12:30,12:30,10,0,0,VIRGINIA AVE E & LINCOLN ST S,1,1,0,0,1,9,0,0,25,0,0,0,0,0,4,2,13
,2022-19709,-104.8907482,39.7768322,6/5/2022 4:47,4:47,15,0,0,I-270 EB EXIT GORE PT TO & CENTRAL PARK BLVD ,1,1,0,0,1,4,0,0,50,0,0,0,0,0,1,3,2
,2022-19710,-104.9874355,39.72563832,6/6/2022 6:49,6:49,3,0,0,N BROADWAY ST & E 6TH AVE,1,1,0,0,1,1,0,0,30,0,0,0,0,1,4,2,1
,2022-19711,-104.9698599,39.7117714,6/5/2022 15:10,15:10,6,0,0,HUMBOLDT ST S & ALAMEDA AVE E,1,1,0,0,1,4,0,0,30,0,0,0,0,0,4,2,3
,2022-19712,-104.8470153,39.78117716,6/3/2022 17:09,17:09,1,0,0,4600 BLK N PEORIA ST & E 46TH AVE,1,1,0,0,1,2,0,0,35,0,0,0,0,0,4,2,11
,2022-19729,-104.8844453,39.79832315,6/5/2022 17:15,17:15,1,0,2,56TH AVE E & CENTRAL PARK BLVD N,1,1,0,0,1,1,0,0,45,0,0,0,0,3,4,2,16
,2022-19731,-105.0112144,39.77172253,5/15/2022 12:23,12:23,3,0,0,N TEJON ST & W 40TH AVE,1,1,0,0,1,1,0,0,,0,0,0,0,0,4,2,16
,2022-19732,-104.9775865,39.7315555,6/2/2022 13:30,13:30,12,0,0,CLARKSON ST N & 10TH AVE E,1,1,0,0,1,4,0,0,25,0,0,0,0,0,4,3,8
,2022-19736,-104.9892132,39.7447909,6/3/2022 17:25,17:25,10,0,0,17TH ST & GLENARM PL,1,1,0,0,1,1,0,0,30,0,0,0,0,0,4,2,8
,2022-19740,-104.8659387,39.69828266,5/25/2022 13:33,13:33,12,0,1,HAVANA ST S & TENNESSEE AVE E,1,1,0,0,1,4,0,0,35,0,0,0,0,1,2,2,16
,2022-19741,-104.893753,39.63638721,6/6/2022 11:07,11:07,3,0,0,TAMARAC ST S & I-225 SB EXIT RAMP,1,1,0,0,1,1,0,0,45,0,0,0,0,0,4,2,16
,2022-19751,-105.0127004,39.75514564,6/4/2022 20:57,20:57,12,0,1,I-25 & SPEER BLVD N,1,3,0,0,1,4,0,0,55,0,0,0,0,1,1,2,3
,2022-19752,-105.0329428,39.67779317,6/3/2022 0:55,0:55,6,0,0,WARREN AVE W & KING ST S,1,4,0,0,1,4,0,0,25,0,0,0,0,0,4,2,16
,2022-19755,-104.9920077,39.68919697,6/3/2022 10:12,10:12,12,0,1,SANTA FE DR S & FLORIDA AVE W,1,1,0,0,1,3,0,0,45,0,0,0,0,1,2,2,11
,2022-19756,-104.8098793,39.7731883,5/22/2022 4:13,4:13,1,1,2,N CHAMBERS RD & E 40TH AVE,1,3,0,0,1,1,0,0,40,0,0,0,0,4,4,2,1
,2022-19757,-104.958792,39.74010156,6/2/2022 13:35,13:35,14,0,1,COLFAX AVE E & JOSEPHINE ST N,1,1,0,0,1,1,0,0,35,0,0,0,0,1,2,3,16
,2022-19759,-104.9827238,39.69733364,5/11/2022 18:30,18:30,12,0,0,I-25 & LOGAN ST S,1,1,0,0,1,4,0,0,55,0,0,0,0,0,1,2,16
,2022-19760,-104.8905205,39.76001325,6/5/2022 20:57,20:57,3,0,0,E MLK BLVD & N CENTRAL PARK,1,3,0,0,1,1,0,0,35,0,0,0,0,0,4,2,7
,2022-19761,-105.0431868,39.70588344,6/5/2022 2:48,2:48,6,0,0,500 BLK S STUART ST & W CENTER AVE,1,3,0,0,1,4,0,0,25,0,0,0,0,0,4,2,16
,2022-19764,-104.99889,39.71119349,6/2/2022 9:46,9:46,12,0,1,I-25 & ALAMEDA AVE W,1,1,0,0,1,4,0,0,55,0,0,0,0,1,1,3,16
,2022-19765,-104.9497938,39.77848304,6/5/2022 21:37,21:37,6,0,1,N STEELE ST & E 44TH AVE,1,4,0,0,1,4,0,0,35,0,0,0,0,2,4,2,16
,2022-19766,-104.8867771,39.77653968,6/2/2022 13:21,13:21,12,0,2,I-270 EB OFF RAMP SPLIT TO  & CENTRAL PARK BLVD N,9,1,0,0,1,8,0,0,45,0,0,0,0,1,1,2,16
,2022-19767,-105.003652,39.76115798,4/29/2022 16:27,16:27,12,0,0,I-25 NB ON RAMP FROM & 20TH ST,1,1,1,0,1,8,0,0,45,0,0,0,1,0,1,2,16
,2022-19768,-105.0513605,39.65617782,4/19/2022 19:48,19:48,12,0,0,DARTMOUTH AVE &  5100 W ,1,2,0,0,1,4,0,0,30,0,0,0,0,0,4,2,16
,2022-19769,-104.9670435,39.74000212,6/2/2022 16:40,16:40,12,0,2,COLFAX AVE E & GILPIN ST N,1,1,0,0,1,4,0,0,30,0,0,0,0,1,2,2,13
,2022-19771,-104.9874657,39.69942982,6/6/2022 8:30,8:30,15,0,0,900 BLK S BROADWAY ST & E TENNESSEE AVE,1,1,0,0,1,3,0,0,35,0,0,0,0,0,4,2,13
,2022-19778,-104.9508284,39.67836755,6/3/2022 9:17,9:17,3,0,1,E EVANS AVE & S ST PAUL ST,1,1,0,0,1,1,0,0,35,0,0,0,0,2,4,2,16
,2022-19780,-104.9047182,39.65305099,5/16/2022 18:00,18:00,12,0,0,HAMPDEN AVE E & POPLAR ST S,14,5,3,7,1,4,0,0,,0,0,0,0,0,2,2,16
,2022-19781,-105.0301028,39.74041415,5/13/2022 16:31,16:31,12,0,0,COLFAX AVE W & IRVING ST N,1,1,0,0,1,3,0,0,,0,0,0,0,0,2,2,16
,2022-19784,-104.8657287,39.77562189,6/1/2022 15:35,15:35,12,0,0,I-70 & HAVANA ST N,1,1,0,0,1,4,0,0,55,0,0,0,0,0,1,2,16
,2022-19785,-104.9670969,39.74000237,6/2/2022 16:40,16:40,12,0,3,COLFAX AVE E & GILPIN ST,1,1,0,0,1,3,0,0,30,0,0,0,0,1,2,3,14
,2022-19786,-104.8607781,39.77519418,6/5/2022 17:45,17:45,12,0,0,I-70 EB ENT GORE PT FROM & HAVANA ST N,1,1,0,0,1,14,0,0,55,0,0,0,1,0,1,2,1
,2022-19790,-104.9794057,39.76179,6/6/2022 7:58,7:58,6,0,0,3000 BLK LAWRENCE ST & 30TH ST,1,1,0,1,1,4,0,0,25,0,0,0,0,0,4,2,13
,2022-19791,-105.000119,39.74004756,5/30/2022 17:31,17:31,15,0,0,COLFAX AVE E & KALAMATH ST N,1,1,0,0,1,1,0,0,35,0,0,0,1,0,2,2,1
,2022-19793,-105.0139411,39.74036804,6/6/2022 5:42,5:42,15,0,0,I-25 & COLFAX AVE W,1,2,1,0,1,4,0,0,55,0,0,0,0,0,1,2,12
,2022-19796,-104.9873935,39.73685019,5/21/2022 6:21,6:21,3,1,1,E 13TH AVE & N BROADWAY ST,11,2,0,2,1,1,0,0,35,0,0,0,0,4,4,2,9
,2022-19801,-104.9430478,39.79097749,6/4/2022 10:36,10:36,1,0,1,E 52ND AVE & N JACKSON ST,1,1,0,0,1,4,0,0,25,0,0,0,1,3,4,2,16
,2022-19804,-104.958137,39.76448246,6/4/2022 8:19,8:19,6,0,0,2400 BLK E BRUCE RANDOLPH AVE & N JOSEPHINE ST,1,1,0,0,1,4,0,0,30,0,0,0,0,0,4,3,3
,2022-19807,-105.0350394,39.70791291,6/5/2022 11:37,11:37,6,0,0,LOWELL BLVD S & VIRGINIA AVE W,1,1,0,1,1,4,0,0,25,0,0,0,0,0,4,2,16
,2022-19863,-104.8123555,39.78814711,6/6/2022 21:00,21:00,6,0,0,5214 N FAIRPLAY ST & E 52ND AVE,1,3,0,0,1,4,0,0,25,0,0,0,0,0,4,2,16
,2022-19867,-104.9227989,39.72562362,6/6/2022 14:45,14:45,3,0,0,E 6TH AVE (NOT CDOT) & N HOLLY ST,1,1,0,0,1,1,0,0,30,0,0,0,0,0,4,2,3
,2022-19870,-105.0042556,39.74814493,6/6/2022 9:32,9:32,10,0,0,AURARIA PKWY & 12TH ST,1,1,0,0,1,1,0,0,30,0,0,0,0,0,4,2,8
,2022-19871,-104.9898289,39.75645061,6/6/2022 20:44,20:44,3,0,0,PARK AVE W & WALNUT ST,1,3,0,0,1,1,0,0,30,0,0,0,0,0,4,2,6
,2022-19872,-104.8468324,39.78238812,6/7/2022 15:24,15:24,1,0,2,ALBROOK DR E & PEORIA ST N,1,1,0,0,1,2,0,0,35,0,0,0,0,2,4,2,11
,2022-19873,-104.925796,39.74373252,6/6/2022 16:04,16:04,3,0,0,17TH AVE E & GLENCOE ST N,11,1,3,1,1,1,0,0,30,0,0,0,1,0,4,1,14
,2022-19874,-104.9497967,39.71777572,6/6/2022 15:45,15:45,15,0,0,E 1ST AVE & N STEELE ST,1,1,0,0,1,1,0,0,30,0,0,0,0,0,4,2,3
,2022-19880,-104.8708145,39.67476623,6/7/2022 0:20,0:20,3,0,1,PARKER RD S & ILIFF AVE E,1,3,0,0,1,1,0,1,45,0,0,0,0,2,2,2,1
,2022-19886,-104.998954,39.7402802,6/6/2022 11:05,11:05,12,0,1,1400 BLK N SPEER BLVD & W COLFAX AVE,1,1,0,0,1,4,0,0,35,0,0,0,0,1,4,2,13
,2022-19887,-104.9851289,39.69118028,6/6/2022 11:30,11:30,6,0,0,ARKANSAS AVE E & SHERMAN ST S,1,1,0,0,1,3,0,0,,0,0,0,0,0,4,2,16
,2022-19890,-104.9993305,39.72570741,6/6/2022 14:25,14:25,12,0,0,W 6TH AVE & N KALAMATH ST,1,1,0,0,1,4,0,0,30,0,0,0,0,0,4,2,13
,2022-19894,-104.9161488,39.72533417,5/29/2022 14:50,14:50,11,0,1,KRAMERIA ST N & 6TH AVE E,1,1,0,0,1,1,0,0,35,0,0,1,0,3,4,1,10
,2022-19902,-104.9339739,39.73081715,6/6/2022 16:14,16:14,6,0,0,CHERRY ST N & 8TH AVE E,1,1,0,0,1,4,0,0,20,0,0,0,0,0,4,2,14
,2022-19904,-104.9394608,39.68568735,6/6/2022 14:00,14:00,1,0,0,E MEXICO AVE & S ALBION ST,1,1,0,0,1,1,0,0,25,0,0,0,0,0,4,2,3
,2022-19905,-104.9450094,39.78024777,6/7/2022 14:22,14:22,12,0,0,I-70 & COLORADO BLVD N,1,1,0,0,1,4,0,0,55,0,0,0,0,0,1,2,13
,2022-19906,-104.9034294,39.68554917,6/7/2022 16:48,16:48,12,0,0,QUEBEC ST S & CHERRY CREEK N DR,1,1,0,0,1,4,0,0,40,0,0,0,0,0,4,2,13
,2022-19908,-104.9246096,39.74006631,6/6/2022 12:15,12:15,3,0,0,COLFAX AVE E & GRAPE ST N,1,1,0,0,1,1,0,0,25,0,0,0,0,0,2,2,11
,2022-19909,-104.984854,39.73231842,5/27/2022 17:30,17:30,6,0,0,SHERMAN ST N & 10TH AVE E,1,3,0,0,1,4,0,0,30,0,0,0,0,0,4,2,16
,2022-19911,-104.9764686,39.73910731,6/5/2022 19:30,19:30,6,0,0,EMERSON ST N & 14TH AVE E,1,2,0,0,1,4,0,0,30,0,0,0,0,0,4,2,16
,2022-19912,-104.9473781,39.72265374,6/6/2022 7:56,7:56,6,0,0,400 BLK N COOK ST & E 4TH AVE,1,1,1,0,1,4,0,0,25,0,0,0,0,0,4,2,3
,2022-19916,-105.0532444,39.66542943,5/30/2022 16:39,16:39,12,0,0,SHERIDAN BLVD S & AMHERST AVE W,1,1,1,0,1,4,0,0,45,0,0,0,0,0,2,2,3
,2022-19918,-104.9405114,39.7618025,6/6/2022 10:00,10:00,1,0,0,E MLK BLVD & N COLORADO BLVD,1,1,0,0,1,1,0,0,30,0,0,0,0,0,4,2,3
,2022-19919,-104.7872898,39.79839285,6/7/2022 7:45,7:45,12,0,2,PENA BLVD OUTBOUND & E 56TH AVE,1,1,0,0,1,4,0,0,65,0,0,0,0,2,4,4,11
,2022-19920,-105.0052549,39.73702003,6/7/2022 10:15,10:15,12,0,0,1300 BLK N OSAGE ST & W. 13TH AVE.,1,1,0,0,1,4,0,0,30,0,0,0,0,1,4,2,13
,2022-19921,-105.0127078,39.75512692,6/7/2022 7:23,7:23,12,0,0,I-25 & SPEER BLVD N,14,5,3,7,1,4,0,0,55,0,0,0,0,0,4,2,13
,2022-19923,-104.9405291,39.68311149,6/6/2022 11:07,11:07,12,0,5,I-25 & COLORADO BLVD S,1,1,1,0,1,4,0,0,65,0,0,0,0,1,1,8,16
,2022-19924,-104.9597771,39.73838925,6/7/2022 10:56,10:56,10,0,1,YORK ST N & 14TH AVE E,1,1,0,0,1,1,0,0,,0,0,0,0,1,4,2,16
,2022-19925,-104.9899034,39.74157369,6/7/2022 15:59,15:59,3,0,0,15TH ST & COURT PL,1,1,0,0,1,1,0,0,30,0,0,0,0,1,4,2,8
,2022-19926,-105.0042691,39.76099868,6/7/2022 8:36,8:36,12,0,0,I-25 & 20TH ST,1,1,0,0,1,4,0,0,55,0,0,0,0,0,1,2,1
,2022-19928,-105.0297218,39.69310124,6/7/2022 14:39,14:39,3,0,0,S IRVING ST & W LOUISIANA AVE,1,1,0,0,1,1,0,0,25,0,0,0,0,1,4,2,16
,2022-19929,-105.0062733,39.71118378,6/6/2022 13:26,13:26,12,0,1,ALAMEDA AVE W & PECOS ST S,1,1,0,0,1,4,0,0,35,0,0,0,0,1,2,3,16
,2022-19946,-105.025149,39.72933001,6/7/2022 7:59,7:59,12,0,0,6TH AVE W & FEDERAL BLVD N,1,1,0,0,1,4,0,0,55,0,0,0,0,0,2,2,13
,2022-19947,-105.0297026,39.76939817,6/7/2022 9:44,9:44,3,0,0,38TH AVE W & IRVING ST N,1,1,0,0,1,2,0,0,35,0,0,0,0,0,4,2,13
,2022-19948,-104.8851688,39.77156355,6/7/2022 15:27,15:27,12,0,0,N CENTRAL PARK BLVD & E 40TH AVE,1,1,1,0,1,4,0,0,35,0,0,0,0,0,4,2,11
,2022-19951,-104.9317401,39.77991753,6/7/2022 18:23,18:23,12,0,0,I-70 & DAHLIA ST,1,1,0,0,1,4,0,0,55,0,0,0,0,0,1,3,13
,2022-19959,-104.8748644,39.70902076,6/7/2022 9:37,9:37,15,0,0,ALAMEDA AVE E & DAYTON ST S,1,1,0,0,1,3,0,0,40,0,0,0,0,0,4,3,13
,2022-19960,-105.0001583,39.733689,5/25/2022 17:40,17:40,15,0,0,W 11TH AVE & N KALAMATH ST,1,1,0,0,1,4,0,0,35,0,0,0,0,0,4,2,16
,2022-19966,-104.9862298,39.72254599,6/6/2022 6:30,6:30,10,0,0,LINCOLN ST N & 4TH AVE E,1,1,0,0,1,1,0,0,35,0,0,0,0,0,4,2,11
,2022-19967,-104.9891611,39.78003347,6/7/2022 8:00,8:00,12,0,0,I-25 NB OFF RAMP SLIP TO & I-70 EB ON RAMP,1,1,0,7,1,8,0,0,,0,0,0,0,0,1,2,16
,2022-19969,-104.9035072,39.70305857,6/6/2022 20:51,20:51,1,0,0,800 BLK S QUEBEC ST & E EXPOSITION AVE,1,3,0,0,1,1,0,0,45,0,0,0,0,1,4,2,3
,2022-19970,-104.70089,39.8367635,6/7/2022 7:29,7:29,10,0,0,78TH AVE E & JACKSON GAP ST N,1,1,0,0,1,4,0,0,45,0,0,0,0,0,4,2,7
,2022-19975,-104.9573365,39.76198281,6/6/2022 11:00,11:00,15,0,0,E MLK BLVD & N COLUMBINE ST,1,1,0,0,1,1,0,0,30,0,0,0,0,0,4,2,3
,2022-19977,-104.9895508,39.78026028,6/7/2022 12:30,12:30,15,0,0,I-70 WB OFF RAMP LOOP TO & I-25 SB,1,1,0,0,1,8,0,0,55,0,0,0,0,0,1,2,16
,2022-19979,-105.0064252,39.78313348,6/7/2022 9:41,9:41,12,0,0,I-70 & PECOS ST N,1,1,0,0,1,4,0,0,55,0,0,0,0,0,1,3,3
,2022-19980,-105.0532262,39.69475645,6/7/2022 13:25,13:25,12,0,1,SHERIDAN BLVD S & ARIZONA AVE W,1,1,0,0,1,3,0,0,40,0,0,0,0,1,2,2,3
,2022-19981,-104.9874517,39.7210126,6/7/2022 12:37,12:37,10,0,0,BROADWAY ST N & 3RD AVE E,1,1,0,0,1,1,0,0,35,0,0,0,0,0,4,2,8
,2022-19984,-104.940644,39.67482054,6/6/2022 13:00,13:00,3,0,1,COLORADO BLVD S & ILIFF AVE E,1,1,0,0,1,1,0,0,30,0,0,0,0,1,2,2,3
,2022-19989,-104.882959,39.77713978,6/7/2022 18:25,18:25,12,0,0,I-70 & CENTRAL PARK BLVD N,1,1,0,0,1,4,0,0,55,0,0,0,0,0,2,2,3
,2022-20018,-104.9124376,39.73713445,6/8/2022 18:39,18:39,15,0,0,13TH AVE E & MONACO PKWY N,1,1,0,0,1,1,0,0,30,0,0,0,0,0,4,2,8
,2022-20019,-104.8657287,39.77562189,6/4/2022 20:30,20:30,9,0,1,I-70 & HAVANA ST N,1,3,1,0,3,14,0,0,55,0,0,0,0,2,1,1,10
,2022-20021,-105.0532133,39.73814274,6/7/2022 17:45,17:45,12,0,0,SHERIDAN BLVD & 13TH AVE W,1,1,0,7,1,4,0,0,35,0,0,0,0,0,2,3,13
,2022-20022,-105.00294,39.74002678,6/8/2022 10:47,10:47,3,0,0,COLFAX AVE W & 9TH ST ,1,1,0,0,1,1,0,0,30,0,0,0,0,0,2,2,13
,2022-20024,-104.9949588,39.76832199,6/8/2022 6:29,6:29,12,0,0,I-25 & PARK AVE W,1,1,0,0,1,4,0,0,55,0,0,0,0,0,1,2,13
,2022-20025,-104.9068431,39.63425881,6/8/2022 7:43,7:43,15,0,0,I-25 & I-225,1,1,0,0,1,4,0,0,65,0,0,0,0,0,1,2,16
,2022-20026,-105.0532407,39.78354905,6/8/2022 10:01,10:01,15,0,0,I-70 & SHERIDAN BLVD N,1,1,0,0,1,4,0,0,55,0,0,0,0,0,1,3,16
,2022-20027,-104.7640721,39.77748407,6/8/2022 18:04,18:04,3,0,1,E 45TH AVE & N CEYLON ST,1,1,0,0,1,1,0,0,30,0,0,0,0,1,4,2,13
,2022-20029,-104.973401,39.69843152,6/7/2022 17:20,17:20,12,0,0,S DOWNING ST & E TENNESSEE AVE,1,1,0,0,1,1,0,0,30,0,0,0,0,0,4,3,3
,2022-20030,-104.9881006,39.75507699,5/25/2022 18:00,18:00,12,0,0,PARK AVE W & LAWRENCE ST,1,1,0,0,1,1,0,0,,0,0,0,0,0,4,2,16
,2022-20031,-104.9407894,39.70381962,6/7/2022 10:30,10:30,12,0,0,COLORADO BLVD S & EXPOSITION AVE E,1,1,0,0,1,1,0,0,35,0,0,0,0,0,2,2,1
,2022-20032,-104.9803828,39.71111878,6/8/2022 11:00,11:00,12,0,0,500 BLK  E ALAMEDA AVE & S PEARL ST,1,1,0,0,1,9,0,0,25,0,0,0,0,0,4,2,3
,2022-20033,-104.9611945,39.73997494,6/7/2022 20:14,20:14,3,0,1,COLFAX AVE E & GAYLORD ST N,1,3,0,0,1,9,0,0,15,0,0,0,0,2,2,2,13
,2022-20034,-104.8315013,39.77658157,6/8/2022 8:21,8:21,11,0,1,ALBROOK DR E & CRYSTAL ST N,1,1,0,0,1,1,0,0,20,1,0,0,0,2,4,1,11
,2022-20035,-104.8864496,39.74746594,6/8/2022 12:17,12:17,16,0,0,8755 E MONTVIEW BLVD & E MONTVIEW BLVD,1,1,0,0,5,7,0,0,15,0,0,0,0,0,3,2,11
,2022-20036,-104.9965605,39.70666643,6/7/2022 11:18,11:18,15,0,1,I-25 & SANTA FE DR S,1,1,0,0,1,4,0,0,,0,0,0,0,1,1,3,16
,2022-20037,-104.7644806,39.78735447,5/31/2022 23:16,23:16,6,0,0,E 50TH AVE & N CATHAY ST,11,3,0,1,1,3,0,0,25,0,0,0,0,0,4,2,16
,2022-20038,-104.884652,39.74198764,6/1/2022 3:28,3:28,3,0,0,N YOSEMITE ST & E 16TH AVE,11,4,0,1,1,1,0,0,30,0,0,0,0,0,4,2,16
,2022-20039,-105.0539599,39.79106519,6/8/2022 15:48,15:48,12,0,0,5500 BLK W 52ND AVE & N SHERIDAN BLVD,1,1,0,0,1,4,0,0,35,0,0,0,0,0,4,3,3
,2022-20040,-104.9238122,39.66759878,6/7/2022 15:50,15:50,12,0,0,E YALE AVE & S HUDSON ST,1,1,0,0,1,1,0,0,30,0,0,0,0,0,4,2,3
,2022-20041,-104.8688788,39.67212357,6/8/2022 8:17,8:17,10,0,0,E HARVARD AVE & E VASSAR DR,1,1,0,0,1,2,0,0,25,0,0,0,0,0,4,2,11
,2022-20043,-104.953134,39.78017888,6/8/2022 9:30,9:30,12,0,0,I-70 & FILLMORE ST N,1,1,0,0,1,4,0,0,55,0,0,0,0,0,1,3,16
,2022-20044,-105.0109736,39.71482497,6/8/2022 12:17,12:17,10,0,0,BAYAUD AVE W & TEJON ST S,1,1,0,0,1,1,0,0,30,0,0,0,0,0,4,2,14
,2022-20045,-104.9908308,39.75159036,6/7/2022 9:27,9:27,12,0,0,20TH ST & ARAPAHOE ST,1,1,0,0,1,1,0,0,,0,0,0,0,0,4,3,16
,2022-20046,-105.0361048,39.71576355,6/5/2022 7:56,7:56,6,0,0,90 BLK S MEADE ST & W KENTUCKY AVE,1,1,0,1,1,4,0,0,25,0,0,0,0,0,4,3,16
,2022-20047,-104.9952965,39.76911591,6/7/2022 19:25,19:25,3,0,0,38TH AVE W & FOX ST N,1,1,0,0,1,1,0,0,35,0,0,0,0,0,4,2,13
,2022-20048,-104.9741316,39.73631561,6/7/2022 18:00,18:00,6,0,0,1300 BLK N CORONA ST & E 13TH AVE,1,1,0,0,1,4,0,0,,0,0,0,0,0,4,2,16
,2022-20049,-105.0150499,39.72932217,6/7/2022 18:05,18:05,15,0,0,I-25 & 8TH AVE W,1,1,0,0,1,4,0,0,55,0,0,0,0,0,1,2,16
,2022-20050,-104.7571597,39.77519551,6/7/2022 15:40,15:40,6,0,0,N FLANDERS ST & E MITCHELL DR,1,1,0,0,1,4,0,0,20,0,0,0,0,0,4,2,13
,2022-20051,-104.8657287,39.77562189,6/7/2022 16:44,16:44,12,0,3,I-70 & HAVANA ST N,1,1,0,0,1,4,0,0,55,0,0,0,0,1,1,3,10
,2022-20052,-105.0392398,39.73847134,6/3/2022 6:00,6:00,6,0,0,3900 BLK W 14TH AVE & N PERRY ST,1,1,0,0,1,4,0,0,25,0,0,0,0,0,4,3,14
,2022-20053,-104.9591056,39.735039,4/22/2022 11:50,11:50,6,0,0,2300 BLK E 12TH AVE & N JOSEPHINE ST,1,1,0,0,1,4,0,0,15,0,0,0,0,0,4,2,16
,2022-20054,-104.7626735,39.80367382,6/4/2022 20:47,20:47,6,0,0,DUNKIRK ST N & 59TH AVE,1,4,0,0,1,4,0,0,,0,0,0,0,0,4,1,16
,2022-20056,-104.9405044,39.78002872,6/7/2022 11:31,11:31,15,0,0,I-70 & COLORADO BLVD N,1,1,0,0,1,4,0,0,,0,0,0,0,0,1,2,16