id,drcog_id,longitude,latitude,crashtime,time,crashtype,numbkilled,numbinjurd,drcoglocat,rdconditin,lightngcon,roadcntgrd,weatherco,location,roaddescrp,schoolzone,constrzone,splimit,bikeinv,pedinv,sctrinv,motoinv,svrty,rdsystem,ttlvehcls,hcf
,2022-20356,-104.9518069,39.74015635,6/10/2022 18:02,18:02,6,0,0,COLFAX AVE E & ST PAUL ST N,1,1,0,0,1,1,0,0,30,0,0,0,0,0,2,2,16
,2022-20360,-105.0252736,39.73800673,6/10/2022 17:22,17:22,2,0,1,FEDERAL BLVD N & 14TH AVE W,1,1,0,0,1,1,0,0,0,1,0,0,0,3,2,1,16
,2022-20361,-104.9921684,39.71632991,6/9/2022 17:05,17:05,11,0,0,CHEROKEE ST S & ELLSWORTH AVE W,1,1,0,0,1,4,0,0,30,0,0,1,0,0,4,1,1
,2022-20363,-105.0442192,39.76031802,6/10/2022 21:50,21:50,6,0,0,W 30TH AVE & N TENNYSON ST,1,4,0,0,1,1,0,0,,0,0,0,0,0,4,2,16
,2022-20448,-104.6679059,39.83661236,6/12/2022 1:00,1:00,15,0,0,PENA BLVD & HARRY B COMBS PKWY,1,3,0,0,1,4,0,0,55,0,0,0,0,0,4,2,1
,2022-20457,-105.05325,39.70864672,6/11/2022 16:51,16:51,12,0,1,SHERIDAN BLVD S & ALASKA PL W,1,1,1,0,1,3,0,0,40,0,0,0,0,2,2,2,3
,2022-20463,-105.0252736,39.73800673,6/11/2022 20:38,20:38,1,0,0,FEDERAL BLVD N & 14TH AVE W,1,3,0,0,1,1,0,0,35,0,0,0,0,0,2,3,11
,2022-20472,-104.9735749,39.71291607,6/11/2022 22:45,22:45,6,0,0,E CEDAR AVE & S DOWNING ST,1,3,0,0,1,4,0,0,25,0,0,0,0,0,4,3,16
,2022-20475,-104.7858105,39.79838626,6/11/2022 15:53,15:53,1,0,1,GVR BLVD E & PENA BLVD N,1,1,0,0,1,1,0,0,35,0,0,0,1,1,4,2,11
,2022-20502,-105.0247155,39.73029731,6/12/2022 18:09,18:09,16,0,0,830 N FEDERAL BLVD & 830 BLK N,1,1,0,0,5,7,0,0,15,0,0,0,0,0,3,2,13
,2022-20505,-104.9858504,39.77940854,6/11/2022 17:46,17:46,3,0,1,E 46TH AVE & N LINCOLN ST,1,1,0,0,1,1,0,0,25,0,0,0,0,1,4,2,13
,2022-20513,-105.0133487,39.72550245,6/11/2022 18:34,18:34,15,0,0,I-25 SB ON RAMP ENT GORE PT FROM & HWY 6 EB,1,1,1,0,1,8,0,0,45,0,0,0,0,0,1,2,13
,2022-20516,-105.0154037,39.74034216,6/12/2022 1:32,1:32,12,0,0,COLFAX AVE W & I-25 SB OFF RAMP,1,3,0,0,1,1,0,0,45,0,0,0,0,0,2,2,16
,2022-20525,-105.0532505,39.68954652,6/3/2022 10:35,10:35,12,0,1,S SHERIDAN BLVD & W FLORIDA AVE,1,1,0,0,1,4,0,0,35,0,0,0,0,1,4,2,14
,2022-20545,-104.9671664,39.77987417,6/12/2022 7:09,7:09,5,0,1,I-70 & BRIGHTON BLVD N,1,1,0,0,3,4,0,0,55,0,0,0,0,2,1,1,3
,2022-20548,-104.9406143,39.73828662,6/9/2022 9:04,9:04,12,0,4,COLORADO BLVD N & 14TH AVE E,1,1,0,0,1,1,0,0,35,0,0,0,0,1,2,3,16
,2022-20577,-104.9594252,39.68278764,6/11/2022 18:37,18:37,1,0,0,S UNIVERSITY BLVD & E BUCHTEL BLVD,1,1,0,0,1,1,0,0,30,0,0,0,0,0,4,2,16
,2022-20681,-104.9587927,39.73996425,6/1/2022 17:25,17:25,12,0,0,N JOSEPHINE ST & E COLFAX AVE,1,5,0,7,1,4,0,0,30,0,0,0,0,0,4,2,3
,2022-20685,-104.916089,39.64701737,6/5/2022 6:38,6:38,6,0,0,3700 BLK S HILLCREST DR & S JASMINE ST,1,1,0,1,1,4,0,0,25,0,0,0,0,0,4,2,16
,2022-20686,-104.903401,39.77822316,5/27/2022 8:30,8:30,12,0,0,QUEBEC ST N & I-70,1,1,0,0,1,4,0,0,40,0,0,0,0,0,2,2,1
,2022-20691,-105.0415724,39.65535541,6/12/2022 21:08,21:08,16,0,0,RALEIGH ST S & 3551 S RALEIGH ST,1,3,0,0,5,7,0,0,,0,0,0,0,0,3,2,16
,2022-20692,-104.9747697,39.74198389,6/12/2022 0:01,0:01,6,0,0,1600 BLK N OGDEN ST & E16TH AVE,1,4,0,0,1,4,0,0,,0,0,0,0,0,4,3,16
,2022-20693,-104.9891643,39.77938956,6/13/2022 8:08,8:08,15,0,0,I-25 & I-70,1,1,0,0,1,4,0,0,55,0,0,0,0,0,1,2,13
,2022-20695,-105.0963452,39.62921044,6/13/2022 6:35,6:35,6,0,0,DUDLEY ST S & SARATOGA AVE W,1,1,0,1,1,4,0,0,25,0,0,0,0,0,4,2,16
,2022-20696,-105.0156902,39.69676353,6/11/2022 8:13,8:13,3,0,1,W MISSISSIPPI AVE & S ZUNI ST,1,1,0,1,1,1,0,0,25,0,0,0,0,2,4,2,13
,2022-20698,-104.9129473,39.66807366,6/2/2022 9:03,9:03,15,0,0,MONACO ST S & 2600 BLK S,14,5,3,7,1,4,0,0,35,0,0,0,0,0,4,2,16
,2022-20707,-104.9223158,39.77339074,6/13/2022 8:15,8:15,3,0,0,HOLLY ST N & SMITH RD,1,1,0,0,1,9,0,0,15,0,0,0,0,0,4,2,11
,2022-20709,-104.983617,39.73698093,5/23/2022 19:30,19:30,6,0,0,GRANT ST N & 13TH AVE E,11,2,0,1,1,4,0,0,25,0,0,0,0,0,4,2,16
,2022-20710,-105.0532447,39.72732494,5/22/2022 2:08,2:08,3,0,2,SHERIDAN BLVD N & HWY 6 EB OFF RAMP,1,3,1,0,1,1,0,0,35,0,0,0,0,3,2,2,1
,2022-20712,-104.8243795,39.77883146,5/26/2022 17:45,17:45,5,0,1,ANDREWS DR E & 14525 E ANDREWS DR,1,1,0,0,3,3,0,0,35,0,0,0,0,1,4,1,1
,2022-20713,-105.0080867,39.75925402,6/12/2022 22:00,22:00,6,0,0,17TH ST & CENTRAL ST,1,4,1,0,1,4,0,0,25,0,0,0,0,0,4,2,16
,2022-20714,-104.9541096,39.78361232,5/30/2022 15:00,15:00,6,0,0,4795 N CLAYTON ST & E 48TH AVE,1,1,0,0,1,4,0,0,25,0,0,0,0,0,4,2,16
,2022-20715,-104.9775869,39.73203611,6/12/2022 12:24,12:24,3,0,1,E 10TH AVE & N CLARKSON ST,1,1,0,0,1,1,0,0,25,0,0,0,0,1,4,3,11
,2022-20716,-105.0146883,39.78544787,5/27/2022 17:00,17:00,6,0,0,WYANDOT ST N & 49TH AVE W,1,3,0,0,1,4,0,0,25,0,0,0,0,0,4,2,16
,2022-20717,-104.9110299,39.77867893,6/10/2022 17:09,17:09,15,0,0,STAPLETON DR NE & IVY ST N,1,1,0,0,1,1,0,0,35,0,0,0,0,0,4,2,6
,2022-20718,-104.8258863,39.7901332,6/13/2022 19:11,19:11,8,0,1,5100 BLK N CROWN BLVD & N BLACKHAWK WAY,1,1,0,0,1,4,0,0,25,0,0,0,0,1,4,4,1
,2022-20719,-104.8827886,39.77412064,6/12/2022 16:15,16:15,12,0,1,E 40TH AVE & N CENTRAL PARK BLVD,1,1,0,0,1,3,0,0,35,0,0,0,0,2,4,3,3
,2022-20721,-104.9874297,39.72666846,5/31/2022 23:57,23:57,3,0,2,N BROADWAY ST & SPEER BLVD,11,3,0,1,1,1,0,0,30,0,0,0,0,3,4,2,14
,2022-20722,-104.955823,39.69607406,6/3/2022 20:36,20:36,6,0,0,ELIZABETH ST S & MISSISSIPPI AVE E,1,1,0,0,1,2,0,0,30,0,0,0,0,0,4,2,11
,2022-20723,-104.9406271,39.72728288,6/13/2022 11:10,11:10,15,0,0,COLORADO BLVD N & 7TH AVE E,1,1,0,0,1,3,0,0,35,0,0,0,0,0,2,2,8
,2022-20724,-104.9989614,39.75803719,6/10/2022 12:15,12:15,15,0,0,20TH ST & CHESTNUT PL,1,1,0,0,1,4,0,0,35,0,0,0,0,0,4,2,13
,2022-20725,-104.9924091,39.69535344,6/10/2022 9:41,9:41,15,0,0,HWY 85 SB SPLIT TO & PLATTE RIVER DR S,1,1,0,0,1,3,0,0,40,0,0,0,0,0,2,2,8
,2022-20726,-104.9962226,39.78178127,6/13/2022 9:51,9:51,15,0,0,I-70 WB ENT GORE PT FROM & I-25 SB,1,1,0,0,1,14,0,0,55,0,0,0,0,0,1,2,16
,2022-20727,-104.9593326,39.70166433,6/10/2022 16:31,16:31,12,0,0,S UNIVERSITY BLVD & E OHIO AVE,1,1,0,0,1,4,0,0,30,0,0,0,0,0,4,3,3
,2022-20729,-104.9528014,39.73837452,6/12/2022 23:43,23:43,12,0,2,E 14TH AVE & N FILLMORE ST,1,3,0,0,1,3,0,0,35,0,0,0,0,3,4,2,3
,2022-20734,-104.831706,39.78995927,5/25/2022 8:48,8:48,6,0,0,N WORCHESTER ST & E 51ST AVE,1,3,0,0,1,4,0,0,,0,0,0,0,0,4,2,16
,2022-20735,-105.0080528,39.75313327,6/12/2022 13:11,13:11,12,0,0,N SPEER BLVD & ELITCH CIR,1,1,0,0,1,1,0,0,35,0,0,0,0,0,4,2,1
,2022-20742,-104.970882,39.76423304,6/12/2022 23:50,23:50,6,0,0,3351 N LAFAYETTE ST & E BRUCE RANDOLPH AVE,1,4,0,0,1,4,0,0,25,0,0,0,0,0,4,2,14
,2022-20744,-104.9899866,39.7130142,6/12/2022 8:33,8:33,3,0,0,W CEDAR AVE & S BANNOCK ST,1,1,0,1,1,1,0,0,25,0,0,0,0,0,4,2,13
,2022-20745,-104.9953008,39.73845398,6/13/2022 11:00,11:00,3,0,1,W 14TH AVE & N FOX ST,1,1,0,0,1,1,0,0,30,0,0,0,0,1,4,2,13
,2022-20748,-104.9949398,39.76568293,6/1/2022 8:29,8:29,1,0,0,PARK AVEW & GLOBEVILLE RD N,11,1,1,1,1,1,0,0,35,0,0,0,0,0,4,2,11
,2022-20753,-104.9420073,39.71780662,5/30/2022 8:22,8:22,10,0,0,1ST AVE E & JACKSON ST N,1,1,0,1,1,4,0,0,30,0,0,0,0,0,4,2,16
,2022-20757,-104.9597665,39.75071751,6/11/2022 14:40,14:40,3,0,0,E 23RD AVE & N YORK ST,1,1,0,0,1,1,0,0,35,0,0,0,0,0,4,2,11
,2022-20759,-104.8827892,39.77711354,4/18/2022 16:30,16:30,15,0,1,CENTRAL PARK BLVD N & I-70 EB RAMPS,1,1,0,0,1,4,0,0,35,0,0,0,0,1,4,2,1
,2022-20762,-104.9861232,39.7352747,5/28/2022 0:28,0:28,12,0,0,12TH AVE E & LINCOLN ST N,1,3,3,0,1,3,0,0,30,0,0,0,0,0,4,3,16
,2022-20763,-105.0203619,39.69742852,4/9/2022 5:30,5:30,6,0,0,1066 S CLAY ST & W MISSISSIPPI AVE,1,2,0,0,1,4,0,0,25,0,0,0,0,0,4,2,16
,2022-20765,-104.9602751,39.73838988,5/3/2022 12:45,12:45,6,0,0,14TH AVE E & YORK ST N,1,1,0,0,1,2,0,0,,0,0,0,0,0,4,2,16
,2022-20766,-104.9407668,39.73509177,6/1/2022 8:40,8:40,3,0,0,E 12TH AVE (RD E) & N COLORADO BLVD,11,1,0,1,1,1,0,0,,0,0,0,0,0,4,2,16
,2022-20767,-104.940879,39.68319274,6/13/2022 14:32,14:32,12,0,1,I-25 & COLORADO BLVD S,1,1,0,0,1,4,0,0,60,0,0,0,1,3,1,2,11
,2022-20770,-104.9283125,39.72562451,6/12/2022 10:42,10:42,12,0,0,E 6TH AVE & N FAIRFAX ST,1,1,0,0,1,1,0,0,30,0,0,0,0,0,4,2,16
,2022-20771,-104.8829699,39.77702125,6/13/2022 18:26,18:26,12,0,0,I-270 EB EXIT GORE PT TO & CENTRAL PARK BLVD N,1,1,0,0,1,4,0,0,55,0,0,0,0,0,1,2,12
,2022-20782,-104.9644829,39.70022511,6/10/2022 17:55,17:55,12,0,0,KENTUCKY AVE E & HIGH ST S,1,2,0,0,1,4,0,0,25,0,0,0,0,0,4,2,13
,2022-20783,-105.0167809,39.75128884,6/12/2022 14:50,14:50,12,0,0,I-25 & 23RD AVE W,1,1,0,0,1,4,0,0,55,0,0,0,0,0,1,2,13
,2022-20787,-104.8470297,39.77400525,6/12/2022 14:21,14:21,12,0,0,I-70 & PEORIA ST,1,1,0,0,1,4,0,0,55,0,0,0,0,0,1,2,7
,2022-20789,-104.9734169,39.68027208,6/10/2022 16:01,16:01,12,0,0,S DOWNING ST & E ASBURY AVE,1,1,0,0,1,4,0,0,30,0,0,0,0,0,4,3,3
,2022-20792,-104.97532,39.67128934,6/13/2022 7:20,7:20,6,0,0,1000 BLK E HARVARD AVE & S OGDEN ST,1,1,3,0,1,4,0,0,25,0,0,0,0,0,4,2,10
,2022-20793,-104.9935151,39.73386651,6/13/2022 6:25,6:25,3,0,1,W 11TH AVE & N SPEER BLVD,1,1,0,0,1,1,0,0,30,0,0,0,0,1,4,2,11
,2022-20799,-104.9892006,39.77781669,6/13/2022 17:07,17:07,12,0,0,I-25 & I-70,1,1,0,0,1,4,0,0,55,0,0,0,0,0,1,2,3
,2022-20803,-104.9874144,39.7420986,6/13/2022 0:35,0:35,6,0,0,BROADWAY ST N & 1600 BLK,1,3,0,0,1,3,0,0,30,0,0,0,0,0,4,2,12
,2022-20812,-105.0091885,39.71304805,6/11/2022 9:53,9:53,1,0,0,1500 BLK W CEDAR AVE & S RARITAN ST,1,1,0,1,1,2,0,0,25,0,0,0,0,0,4,2,13
,2022-20853,-104.9034407,39.68497251,6/14/2022 12:28,12:28,12,0,0,S QUEBEC ST & E CHERRY CREEK S DR,1,1,0,0,1,3,0,0,30,0,0,0,0,0,4,2,10
,2022-20854,-104.9924662,39.72093933,6/14/2022 1:00,1:00,6,0,0,300 BLK W 3RD AVE & N DELAWARE ST,1,3,0,0,1,12,0,0,25,0,0,0,0,0,4,2,16
,2022-20856,-104.9234886,39.66457656,6/14/2022 8:33,8:33,15,0,0,I-25 & YALE AVE E,1,1,1,0,1,4,0,0,65,0,0,0,0,0,1,2,10
,2022-20857,-104.9035549,39.69859435,6/13/2022 16:30,16:30,12,0,0,S QUEBEC ST & LEETSDALE DR,1,1,0,0,1,1,0,0,30,0,0,0,0,0,2,2,3
,2022-20858,-104.9923627,39.71118374,6/14/2022 18:23,18:23,12,0,0,W ALAMEDA AVE & S CHEROKEE ST,1,1,0,0,1,3,0,0,35,0,0,0,0,0,4,2,13
,2022-20860,-104.9764504,39.73686927,6/14/2022 18:10,18:10,3,0,1,E 13TH AVE & N EMERSON ST,1,1,0,0,1,1,0,0,25,0,0,0,0,2,4,2,16
,2022-20862,-105.0131182,39.72551753,6/14/2022 12:55,12:55,12,0,2,I-25 & 6TH AVE W,1,1,0,0,1,4,0,0,55,0,0,0,0,1,1,3,12
,2022-20863,-104.9634714,39.73942448,5/17/2022 20:08,20:08,16,0,0,COLFAX AVE & 2000 E ,1,1,0,0,5,7,0,0,,0,0,0,0,0,3,2,16
,2022-20864,-104.9884576,39.74049495,6/13/2022 0:59,0:59,5,0,0,COLFAX AVE W & 15TH ST,1,3,0,0,6,3,0,0,30,0,0,0,0,0,2,1,16
,2022-20865,-105.0468473,39.71898886,5/25/2022 17:59,17:59,6,0,0,WINONA CT N & 1ST AVE N,1,1,0,0,3,4,0,0,25,0,0,0,0,0,4,2,16
,2022-20866,-104.9866363,39.76440034,6/14/2022 16:01,16:01,15,0,1,29TH ST & N BRIGHTON ST,1,1,0,0,1,1,0,0,30,0,0,0,0,2,4,2,11
,2022-20867,-104.9985747,39.75774928,6/13/2022 16:37,16:37,1,0,2,CHESTNUT PL & 20TH ST,1,1,2,0,1,1,0,0,30,0,0,0,0,2,4,2,11
,2022-20868,-104.9593819,39.6822399,6/14/2022 15:52,15:52,12,0,0,1800 S UNIVERSITY BL & E BUCHTEL BL,1,1,0,0,1,3,0,0,30,0,0,0,0,0,4,2,12
,2022-20870,-104.9879387,39.76317162,6/13/2022 22:01,22:01,5,0,1,N BRIGHTON BLVD & 28TH ST,1,3,0,0,6,4,0,0,35,0,0,0,1,3,2,1,10
,2022-20872,-104.8845719,39.65305239,6/13/2022 15:31,15:31,3,0,0,HAMPDEN AVE E & YOSEMITE ST S,1,1,0,0,1,2,0,0,45,0,0,0,0,0,2,2,11
,2022-20874,-104.8660534,39.67050591,6/13/2022 12:07,12:07,12,0,0,HAVANA ST S & PARKER RD S,1,1,0,0,1,3,0,0,45,0,0,0,0,0,2,2,3
,2022-20875,-104.9849195,39.75078738,6/13/2022 12:20,12:20,3,0,0,22ND ST & CALIFORNIA ST,1,1,0,0,1,1,0,0,25,0,0,0,0,0,4,2,3
,2022-20881,-105.0126877,39.75536708,5/25/2022 23:51,23:51,15,0,0,I-25 SB EXIT GORE PT TO  & SPEER BLVD N,1,3,0,0,1,4,0,0,55,0,0,0,0,0,1,2,16
,2022-20882,-104.9129629,39.6661632,6/13/2022 13:47,13:47,3,0,0,AMHERST AVE E & MONACO ST S,1,1,0,0,1,2,0,0,35,0,0,0,0,0,4,2,11
,2022-20884,-104.9877418,39.75939647,6/14/2022 15:09,15:09,12,0,0,N BROADWAY ST & BLAKE,1,1,3,0,1,1,0,0,30,0,0,0,0,0,4,2,13
,2022-20890,-104.9405044,39.78002872,6/14/2022 9:47,9:47,12,0,0,I-70 & COLORADO BLVD N,1,1,0,0,1,4,0,0,55,0,0,0,0,0,1,2,1
,2022-20895,-104.9861177,39.74488996,6/13/2022 16:41,16:41,12,0,0,LINCOLN ST N & 18TH AVE E,1,1,0,0,1,1,0,0,,0,0,0,0,0,4,2,16
,2022-20896,-104.9920576,39.68939091,6/13/2022 15:00,15:00,3,0,0,SANTA FE DR S & FLORIDA AVE W,1,1,0,0,1,1,0,0,45,0,0,0,0,0,2,2,3
,2022-20897,-104.7343933,39.79842386,6/13/2022 6:00,6:00,3,0,0,56TH AVE E & PICADILLY RD N,1,1,0,0,1,1,0,0,40,0,0,0,0,0,4,2,8
,2022-20901,-105.0354174,39.72544086,6/13/2022 17:58,17:58,15,0,0,6TH AVE W & LOWELL BLVD N,1,1,1,0,1,4,0,0,55,0,0,0,0,0,2,3,16
,2022-20903,-104.9593793,39.66759523,6/13/2022 15:15,15:15,12,0,0,E YALE AVE & S UNIVERSITY BLVD,1,1,0,0,1,1,0,0,25,0,0,0,0,0,4,2,3
,2022-20904,-104.9534609,39.78874954,6/14/2022 16:37,16:37,3,0,1,FILLMORE ST N & 51ST AVE E,1,1,0,0,1,2,0,0,25,0,0,0,0,2,4,3,11
,2022-20906,-105.0393177,39.74013144,6/13/2022 14:10,14:10,3,0,0,PERRY ST N & COLFAX AVE W,1,1,0,0,1,2,0,0,30,0,0,0,0,0,4,2,11
,2022-20907,-104.9336779,39.69297009,6/11/2022 13:25,13:25,6,0,0,E LOUISIANA AVE & S CHERRY ST,1,1,0,0,1,4,0,0,,0,0,0,0,0,4,2,16
,2022-20908,-104.884652,39.7434621,5/28/2022 14:18,14:18,6,0,0,YOSEMITE ST N & 17TH AVE E,1,1,0,0,1,2,0,0,30,0,0,0,0,0,4,2,16
,2022-20912,-104.9139933,39.74624738,6/14/2022 7:03,7:03,6,0,0,1900 BLK N LOCUST ST & E 19TH AVE,1,1,0,0,1,4,0,0,25,0,0,0,0,0,4,2,3
,2022-20913,-105.0251483,39.7284137,6/14/2022 13:36,13:36,15,0,0,FEDERAL BLVD N & 8TH AVE W,1,1,3,0,1,3,0,0,35,0,0,0,0,0,2,2,13
,2022-20914,-104.9182399,39.65309085,6/13/2022 18:20,18:20,12,0,0,I-25 & HAMPDEN AVE E,1,1,0,0,1,4,0,0,,0,0,0,0,0,1,2,16
,2022-20920,-104.8470302,39.77419185,6/14/2022 6:20,6:20,12,0,2,I-70 & PEORIA ST N,1,1,0,0,1,4,0,0,55,0,0,0,0,1,1,3,7
,2022-20921,-105.0351183,39.72576092,6/14/2022 12:10,12:10,3,0,0,6TH AVE W DR S & LOWELL BLVD N,1,1,0,0,1,1,0,0,25,0,0,0,0,0,4,2,12
,2022-20928,-104.9663427,39.77992563,6/7/2022 0:20,0:20,15,0,0,I-70 & BRIGHTON BLVD N,1,3,0,0,1,4,0,1,55,0,0,0,0,0,1,2,16
,2022-20930,-105.0250817,39.70765614,6/14/2022 10:40,10:40,1,0,0,W VIRGINIA AVE & S FEDERAL BLVD,1,1,0,0,1,1,0,0,25,0,0,0,0,0,2,2,3
,2022-20975,-104.997691,39.75035226,6/15/2022 8:05,8:05,15,0,0,1600 BLK MARKET ST & 16TH ST,1,1,0,0,1,4,0,0,25,0,0,0,0,0,4,2,16
,2022-20976,-104.9964867,39.73845254,6/15/2022 7:40,7:40,15,0,0,N GALAPAGO ST & W 14TH AVE,1,1,0,0,1,1,0,0,25,0,0,0,1,0,4,2,11
,2022-20977,-104.9919397,39.68757244,6/15/2022 11:15,11:15,3,0,0,SANTA FE DR S & IOWA AVE W,1,1,0,0,1,1,0,0,55,0,0,0,0,0,2,2,13
,2022-20978,-104.892441,39.76732797,6/15/2022 12:27,12:27,12,0,2,E 36TH AVE & N UINTA ST,1,1,0,0,1,3,0,0,30,0,0,0,0,2,4,3,3
,2022-20979,-104.9570489,39.72018364,6/15/2022 12:00,12:00,6,0,0,COLUMBINE ST N & 200 BLK N,1,1,0,0,1,4,0,0,25,0,0,0,0,0,4,2,3
,2022-20980,-104.9395903,39.67663693,6/14/2022 14:15,14:15,6,0,0,WARREN AVE E & ALBION ST S,1,1,0,0,1,1,0,0,25,0,0,0,0,0,4,2,3
,2022-20981,-105.0047562,39.76115807,6/15/2022 9:37,9:37,12,0,1,I-25 & 20TH ST,1,1,0,0,1,4,0,0,55,0,0,0,0,1,1,2,13
,2022-20983,-104.9593337,39.70203234,6/14/2022 13:20,13:20,8,0,0,700 BLK S UNIVERSITY BLVD & E OHIO AVE,1,1,0,0,1,4,0,0,30,0,0,0,0,0,4,2,2
,2022-20984,-104.9895092,39.70292594,6/14/2022 19:56,19:56,12,0,1,I-25 & SANTA FE DR S,1,1,0,0,1,4,0,0,55,0,0,0,1,3,1,2,3
,2022-20986,-104.9733894,39.70020356,6/14/2022 17:30,17:30,6,0,0,DOWNING ST S & KENTUCKY AVE E,1,1,0,0,1,3,0,0,30,0,0,0,0,0,4,2,14
,2022-20987,-104.7721277,39.78157053,6/15/2022 12:10,12:10,10,0,0,N TOWER RD & E 47TH AVE,1,1,1,0,1,3,0,0,40,0,0,0,0,0,4,2,11
,2022-20992,-105.0501202,39.77295502,6/11/2022 2:20,2:20,12,0,0,41ST AVE W & XAVIER ST N,1,3,0,0,1,4,0,0,25,0,0,0,0,0,4,2,9
,2022-20996,-104.9994078,39.71324123,5/20/2022 10:07,10:07,15,0,0,W CEDAR AVE & S KALAMATH ST,11,1,0,1,1,4,0,0,25,0,0,0,0,0,4,2,16
,2022-21001,-104.987637,39.74720124,6/15/2022 7:54,7:54,3,0,0,19TH ST & WELTON ST,1,1,0,1,1,1,0,0,25,0,0,0,0,0,4,2,13
,2022-21002,-104.9695404,39.7395892,6/14/2022 10:05,10:05,6,0,0,1400 BLK N HUMBOLDT ST & E. COLFAX AVE,1,1,0,0,1,4,0,0,25,0,0,0,0,0,4,2,1
,2022-21003,-104.9222343,39.68209227,6/15/2022 11:00,11:00,3,0,0,HOLLY ST S & JEWELL AVE E,1,1,0,0,1,1,0,0,,0,0,0,0,0,4,2,16
,2022-21004,-104.9222661,39.67847173,6/14/2022 15:00,15:00,12,0,0,S HOLLY ST & E EVANS AVE,1,1,0,0,1,1,0,0,30,0,0,0,0,0,4,2,3
,2022-21005,-104.9836831,39.73383264,6/13/2022 0:44,0:44,6,0,2,E 11TH AVE & N GRANT ST,1,3,0,0,1,4,0,0,30,0,0,0,0,3,4,5,16
,2022-21006,-104.7468365,39.83381537,6/9/2022 5:20,5:20,15,0,0,PENA BLVD & E-470 NB ON RAMP,1,1,0,0,1,3,0,0,45,0,0,0,0,0,4,3,1
,2022-21007,-104.9591717,39.74346213,6/14/2022 12:10,12:10,10,0,0,E 17TH AVE & N JOSEPHINE ST,1,1,0,0,1,1,0,0,25,0,0,0,0,0,4,2,16
,2022-21008,-104.9404489,39.78425221,6/15/2022 7:49,7:49,12,0,0,COLORADO BLVD N & 48TH AVE E,1,1,0,0,1,3,0,0,45,0,0,0,0,0,2,2,11
,2022-21009,-104.7721183,39.80664215,6/14/2022 14:43,14:43,10,0,0,N TOWER RD & 18700 BLK,1,1,0,0,1,3,0,0,35,0,0,0,0,0,4,2,11
,2022-21012,-104.9862613,39.72564692,6/15/2022 16:45,16:45,3,0,0,LINCOLN ST N & SPEER BLVD E,1,1,3,0,1,1,0,0,30,0,0,0,0,0,4,4,8
,2022-21014,-104.9043123,39.67732406,6/9/2022 13:10,13:10,15,0,0,E EVANS AVE & S QUEBEC ST,1,1,0,0,1,4,0,0,45,0,0,0,0,0,4,2,16
,2022-21015,-104.8203915,39.79121993,6/13/2022 17:00,17:00,6,0,0,DILLON ST N & MAXWELL PL E,1,3,0,0,1,4,0,0,25,0,0,0,0,0,4,2,1
,2022-21016,-104.9972716,39.73528282,6/15/2022 8:20,8:20,6,0,0,12TH AVE W & GALAPAGO ST N,1,1,0,0,1,4,0,0,25,0,0,0,0,0,4,4,1
,2022-21022,-104.9930867,39.74585857,6/9/2022 15:55,15:55,6,0,0,STOUT ST & 16TH ST,1,1,0,0,1,4,0,0,,0,0,0,0,0,4,2,16
,2022-21025,-104.8474099,39.76822159,6/15/2022 17:28,17:28,12,0,1,N PEORIA ST & E 39TH AVE,1,1,1,0,1,4,0,0,35,0,0,0,0,1,4,2,10
,2022-21030,-104.9972294,39.71138828,6/15/2022 8:55,8:55,15,0,0,200 BLK S SANTA FE DR (NOT CDOT) & W ALAMEDA AVE,1,1,1,0,1,4,0,0,35,0,0,0,0,0,4,2,11
,2022-21038,-104.9687357,39.68030671,6/14/2022 19:15,19:15,6,0,0,FRANKLIN ST S & ASBURY AVE E,1,1,0,0,1,3,0,0,25,0,0,0,0,0,4,2,2
,2022-21040,-104.959304,39.71476365,6/4/2022 16:49,16:49,12,0,2,UNIVERSITY BLVD S & CHERRY CREEK DR SE,1,1,0,0,1,4,0,0,,0,0,0,0,2,4,2,16
,2022-21044,-104.9791539,39.77935673,6/15/2022 4:07,4:07,15,0,0,I-70 & WASHINGTON ST N,1,4,1,0,1,4,0,0,55,0,0,0,0,0,1,2,3
,2022-21045,-104.9874355,39.72563832,6/15/2022 12:08,12:08,10,0,0,N BROADWAY ST & E 6TH AVE,1,1,0,0,1,1,0,0,30,0,0,0,0,0,4,2,13
,2022-21047,-104.9218463,39.69674827,6/15/2022 14:34,14:34,12,0,1,S HOLLY ST & E CHERRY CREEK N DR,1,1,0,0,1,3,0,0,30,0,0,0,0,1,4,3,16
,2022-21048,-104.9246564,39.68935689,6/15/2022 17:57,17:57,12,0,0,5400 BLK E FLORIDA AVE & S HUDSON ST,1,1,0,7,1,4,0,0,40,0,0,0,0,0,4,2,14
,2022-21051,-104.9405607,39.69657743,6/14/2022 11:00,11:00,12,0,0,COLORADO BLVD S & MISSISSIPPI AVE E,1,1,0,0,1,1,0,0,30,0,0,0,0,0,2,2,3
,2022-21052,-104.9496711,39.74015151,5/16/2022 21:16,21:16,11,0,1,COLFAX AVE E & STEELE ST N,1,3,0,0,1,4,0,0,0,0,1,0,0,3,2,1,16
,2022-21057,-104.9984773,39.75766917,6/14/2022 15:55,15:55,12,0,0,20TH ST & CHESTNUT PL,1,1,1,0,1,3,0,0,35,0,0,0,0,0,4,2,14