id,drcog_id,longitude,latitude,crashtime,time,crashtype,numbkilled,numbinjurd,drcoglocat,rdconditin,lightngcon,roadcntgrd,weatherco,location,roaddescrp,schoolzone,constrzone,splimit,bikeinv,pedinv,sctrinv,motoinv,svrty,rdsystem,ttlvehcls,hcf
,2022-21060,-105.0250114,39.68497788,6/14/2022 21:25,21:25,15,0,0,FEDERAL BLVD S & COLORADO AVE W,1,3,0,0,1,4,0,0,40,0,0,0,0,0,2,2,1
,2022-21061,-104.9920857,39.76958686,6/14/2022 23:00,23:00,12,0,0,I-25 & PARK AVE W,1,4,0,0,1,4,0,0,55,0,0,0,0,0,1,2,13
,2022-21062,-104.9404569,39.78364807,6/11/2022 12:26,12:26,12,0,0,COLORADO BLVD N & 48TH AVE E,1,1,0,0,1,3,0,0,30,0,0,0,0,0,2,2,16
,2022-21065,-104.8847855,39.6530269,1/15/2022 19:16,19:16,12,0,0,YOSEMITE ST S & HAMPDEN AVE E,1,3,1,0,1,1,0,0,40,0,0,0,0,0,2,3,16
,2022-21109,-104.9923983,39.71118394,6/13/2022 6:47,6:47,2,0,1,ALAMEDA AVE W & CHEROKEE ST S,14,1,0,0,1,1,0,0,35,1,0,0,0,2,4,1,11
,2022-21121,-105.0310035,39.73793539,6/14/2022 12:29,12:29,6,0,0,HOWARD PL W & JULIAN ST N,1,1,3,0,1,4,0,0,25,0,0,0,0,0,4,2,16
,2022-21170,-105.0203819,39.67647344,5/22/2022 5:21,5:21,6,0,1,WARREN AVE W & FEDERAL BLVD S,1,3,0,0,3,4,0,0,25,0,0,0,0,1,4,3,16
,2022-21183,-105.0440127,39.76936284,5/8/2022 13:00,13:00,6,0,0,TENNYSON ST N & 38TH AVE W,1,1,0,0,1,4,0,0,25,0,0,0,0,0,4,2,16
,2022-21188,-104.9401926,39.71154673,5/6/2022 13:35,13:35,12,0,0,E ALAMEDA AVE & S COLORADO BLVD,1,1,0,0,1,4,0,0,35,0,0,0,0,0,4,2,16
,2022-21191,-104.9805987,39.69300291,6/16/2022 0:35,0:35,6,0,1,LOUISIANA AVE E & PEARL ST S,1,3,0,0,1,3,0,0,30,0,0,0,0,2,4,2,16
,2022-21192,-104.906341,39.63323619,6/15/2022 10:17,10:17,12,0,1,I-25 & I-225,1,1,0,0,1,4,0,0,65,0,0,0,0,1,1,4,16
,2022-21194,-104.9034061,39.7772307,6/15/2022 21:47,21:47,1,0,0,QUEBEC ST N & I-70 EB ON RAMP,1,3,1,0,1,1,0,0,35,0,0,0,0,0,4,2,13
,2022-21197,-105.0158685,39.7692827,6/15/2022 14:55,14:55,3,0,0,W 38TH AVE & N ZUNI ST,1,1,0,0,1,3,0,0,35,0,0,0,0,0,4,2,3
,2022-21198,-104.9991495,39.6966933,6/16/2022 6:42,6:42,3,0,1,JASON ST S & MISSISSIPPI AVE W,1,1,0,0,1,1,0,0,25,0,0,0,0,2,4,2,3
,2022-21203,-104.9874715,39.69253317,6/16/2022 12:36,12:36,15,0,0,BROADWAY ST S & LOUISIANA AVE E,1,1,0,0,1,4,0,0,35,0,0,0,0,0,4,2,16
,2022-21205,-104.9798678,39.73515182,6/16/2022 16:55,16:55,3,0,0,E 12TH AVE & N PEARL ST,1,1,0,0,1,1,0,0,25,0,0,0,0,0,4,2,13
,2022-21206,-104.8913485,39.71060184,5/30/2022 21:45,21:45,5,0,0,ALAMEDA AVE E & FAIRMONT DR E,1,3,0,0,2,4,0,0,35,0,0,0,0,0,4,1,1
,2022-21207,-104.9895612,39.78010359,6/16/2022 7:24,7:24,12,0,1,I-25 & I-70,1,1,1,0,1,4,0,0,55,0,0,0,0,1,1,3,3
,2022-21210,-104.9066077,39.63375863,6/16/2022 14:30,14:30,15,0,0,I-25 & I-225,1,1,0,0,1,4,0,0,65,0,0,0,0,0,1,2,7
,2022-21213,-104.9935151,39.73386651,5/16/2022 11:10,11:10,10,0,0,11TH AVE W & SPEER BLVD N,1,1,0,0,1,1,0,0,30,0,0,0,0,0,4,2,13
,2022-21214,-105.0240698,39.76928423,6/16/2022 13:51,13:51,3,0,0,38TH AVE W & 2900 BLK W,14,5,3,7,1,9,0,0,30,0,0,0,0,0,4,2,13
,2022-21216,-105.025213,39.72568353,6/16/2022 12:38,12:38,15,0,0,FEDERAL BLVD N & HWY 6 WB OFF RAMP,1,1,0,0,1,3,0,0,35,0,0,0,0,0,2,2,8
,2022-21217,-105.039286,39.77595572,6/4/2022 1:27,1:27,6,0,0,4300 BLK N PERRY ST & W 43RD AVE,1,4,0,0,1,4,0,0,25,0,0,0,0,0,4,2,16
,2022-21219,-104.9410796,39.78066009,5/6/2022 22:14,22:14,3,0,2,COLORADO BLVD N & 46TH AVE ,1,3,0,0,1,1,0,0,40,0,0,0,0,3,2,2,1
,2022-21220,-105.0440571,39.74033349,4/9/2022 16:22,16:22,15,0,0,COLFAX AVE W & TENNYSON ST N,1,1,0,0,1,1,0,0,40,0,0,0,0,0,2,2,1
,2022-21222,-104.9891615,39.74474925,6/16/2022 14:20,14:20,15,0,0,17TH ST & GLENARM PL,1,1,0,0,1,1,0,0,30,0,0,0,0,0,4,2,13
,2022-21223,-104.8628902,39.66027683,6/17/2022 12:00,12:00,3,0,0,DARTMOUTH AVE E & BETHANY DR S,1,1,1,0,1,2,0,0,35,0,0,0,0,0,4,2,13
,2022-21225,-105.0137816,39.75437477,6/16/2022 16:53,16:53,12,0,2,I-25 & SPEER BLVD N,1,1,0,0,1,4,0,0,55,0,0,0,0,1,1,2,16
,2022-21226,-104.940612,39.74035589,6/16/2022 12:17,12:17,12,0,0,COLORADO BLVD N & COLFAX AVE E,1,1,0,0,1,3,0,0,30,0,0,0,0,0,2,2,3
,2022-21227,-105.0295228,39.69310168,6/5/2022 13:50,13:50,11,0,1,LOUISIANA AVE W & IRVING ST S,1,1,0,0,1,4,0,0,25,0,1,0,0,3,4,1,14
,2022-21228,-104.9849195,39.75078738,4/8/2022 18:10,18:10,3,1,1,CALIFORNIA ST & 22ND ST,1,1,0,0,1,1,0,0,25,0,0,0,1,4,4,2,1
,2022-21229,-104.834805,39.77752492,5/8/2022 14:27,14:27,6,0,0,ANAHEIM CT N & ALBROOK DR E,1,1,0,0,3,4,0,0,25,0,0,0,0,0,4,2,13
,2022-21230,-104.9524187,39.75958989,4/29/2022 2:29,2:29,6,0,0,3000 N MILWAUKEE ST & E 30TH AV,1,4,0,0,1,4,0,0,35,0,0,0,0,0,4,2,16
,2022-21236,-104.9405997,39.75090299,5/2/2022 13:50,13:50,15,0,0,COLORADO BLVD N & 23RD AVE E,1,1,0,0,1,3,0,0,35,0,0,0,0,0,2,2,1
,2022-21237,-104.9425244,39.71149989,6/16/2022 17:52,17:52,12,0,0,3800 BLK E ALAMEDA AVE & S JACKSON ST,1,1,0,0,1,4,0,0,30,0,0,0,0,0,4,2,3
,2022-21238,-105.0250485,39.69128019,6/14/2022 14:26,14:26,15,0,0,FEDERAL BLVD S & ARKANSAS AVE W,1,1,0,0,1,1,0,0,40,0,0,0,0,0,2,2,3
,2022-21239,-104.9182339,39.65307809,6/15/2022 12:11,12:11,12,0,0,I-25 & HAMPDEN AVE E,1,1,0,0,1,4,0,0,55,0,0,0,0,0,1,2,13
,2022-21240,-104.9761418,39.74590844,6/16/2022 6:45,6:45,3,0,0,EMERSON ST N & PARK AVE W,1,1,0,0,1,1,0,0,20,0,0,0,0,0,4,2,1
,2022-21241,-105.0001804,39.72850702,6/16/2022 9:10,9:10,15,0,0,KALAMATH ST N & 8TH AVE W,1,1,0,0,1,3,0,0,30,0,0,0,0,0,4,2,8
,2022-21242,-105.0360698,39.73658218,6/16/2022 0:36,0:36,6,0,0,13TH AVE W & MEADE ST N,1,3,0,0,1,4,0,0,25,0,0,0,0,0,4,3,14
,2022-21243,-104.9405461,39.68932218,6/15/2022 13:50,13:50,12,0,0,COLORADO BLVD S & FLORIDA AVE E,1,1,0,0,1,1,0,0,30,0,0,0,0,0,2,4,3
,2022-21244,-104.9939986,39.7021955,6/15/2022 10:23,10:23,15,0,1,I-25 NB ON RAMP ENT GORE PT FROM & SANTA FE NB,1,1,1,0,1,8,0,0,55,0,0,0,0,1,1,3,13
,2022-21247,-104.9129217,39.65302476,4/10/2022 12:18,12:18,12,0,0,E HAMPDEN AVE & S MONACO ST,1,1,0,0,1,1,0,0,45,0,0,0,0,0,4,3,16
,2022-21248,-104.9522044,39.72070057,4/23/2022 21:32,21:32,6,0,0,N MILWAUKEE ST & E 3RD AVE,1,3,0,0,1,4,0,0,25,0,0,0,0,0,4,2,16
,2022-21249,-104.9255253,39.66749874,4/30/2022 21:40,21:40,6,0,0,I-25 & YALE AVE E,1,3,1,0,1,4,0,0,65,0,0,0,0,0,1,3,16
,2022-21251,-105.0213956,39.73450369,5/6/2022 7:43,7:43,12,0,0,2700 BLK W 12TH AVE & N DECATUR ST,1,1,0,1,1,4,0,0,25,0,0,0,0,0,4,2,16
,2022-21252,-105.0205316,39.75482785,6/17/2022 13:51,13:51,3,0,2,26TH AVE W & CLAY ST N,1,1,2,0,1,1,0,0,25,0,0,0,0,1,4,2,8
,2022-21253,-104.8881652,39.74058048,6/13/2022 0:36,0:36,6,0,0,N WILLOW ST & E COLFAX AVE,1,3,0,0,1,4,0,0,25,0,0,0,0,0,4,3,16
,2022-21255,-104.8973757,39.72555636,6/17/2022 9:28,9:28,6,0,1,6TH AVE E & TRENTON ST N,1,1,0,0,1,4,0,0,30,0,0,0,0,1,4,2,2
,2022-21256,-104.9733768,39.70935087,6/17/2022 14:09,14:09,12,0,0,300 BLK S DOWNING ST & E DAKOTA AVE,1,1,0,0,1,4,0,0,30,0,0,0,0,0,4,3,16
,2022-21257,-104.8471813,39.79823776,6/9/2022 21:57,21:57,1,0,1,E 56TH AVE & N PEORIA ST,1,3,0,0,1,1,0,0,40,0,0,0,1,3,4,2,16
,2022-21259,-104.9827265,39.69710358,6/15/2022 16:26,16:26,12,0,4,I-25 & LOGAN ST S,1,1,1,0,1,4,0,0,60,0,0,0,0,1,1,3,16
,2022-21267,-104.9895612,39.78010359,6/17/2022 6:45,6:45,15,0,0,I-25 & I-70,1,1,1,0,1,4,0,0,55,0,0,0,0,0,1,2,2
,2022-21268,-104.9869154,39.74328943,5/17/2022 18:00,18:00,6,0,0,1700 BLOCK N BROADWAY ST & 17TH ST,1,1,0,0,1,4,0,0,30,0,0,0,0,0,4,2,16
,2022-21274,-104.9406041,39.74717392,6/16/2022 8:31,8:31,12,0,0,COLORADO BLVD N & MONTVIEW BLVD E,1,1,0,0,1,3,0,0,30,0,0,0,0,0,2,2,11
,2022-21277,-104.8742784,39.75663169,6/15/2022 16:18,16:18,3,0,0,E 28TH AVE & N EMPORIA ST,1,1,0,0,1,1,0,0,25,0,0,0,0,0,4,2,7
,2022-21279,-105.0251796,39.78438167,6/16/2022 16:29,16:29,12,0,0,I-70 & FEDERAL BLVD N,1,1,2,0,1,4,0,0,55,0,0,0,0,0,1,5,1
,2022-21280,-105.0062548,39.77428512,6/2/2022 7:00,7:00,6,0,0,42ND AVE W & PECOS ST N,1,5,0,0,2,4,0,0,25,0,0,0,0,0,4,3,16
,2022-21281,-104.9172545,39.73172106,5/5/2022 21:43,21:43,6,0,0,1100 BLK N KEARNEY ST & E 10TH AVE,1,3,0,0,1,4,0,0,,0,0,0,0,0,4,2,16
,2022-21282,-104.8708044,39.67475846,5/3/2022 13:00,13:00,12,0,0,E ILIFF AVE & S PARKER RD,1,1,0,0,1,1,0,0,35,0,0,0,0,0,2,2,16
,2022-21284,-104.9862301,39.72251853,6/16/2022 18:00,18:00,3,0,1,LINCOLN ST N & 4TH AVE E,1,1,0,0,1,1,0,0,30,0,0,0,0,1,4,2,16
,2022-21285,-105.0349303,39.70766704,6/8/2022 16:35,16:35,3,0,0,VIRGINIA AVE W & LOWELL BLVD S,1,1,0,0,1,1,0,0,25,0,0,0,0,0,4,2,1
,2022-21287,-104.9405488,39.69293117,5/12/2022 22:19,22:19,12,0,0,COLORADO BLVD S & LOUISIANA AVE E,1,3,0,0,1,1,0,0,35,0,0,0,0,0,2,2,1
,2022-21289,-104.9861275,39.73439677,5/12/2022 21:45,21:45,15,0,0,1100 BLK N LINCOLN ST & E 11TH AVE,1,3,0,0,1,4,0,0,30,0,0,0,0,0,4,2,13
,2022-21290,-104.9589989,39.6853246,6/17/2022 7:26,7:26,12,0,0,I-25 NB OFF RAMP TO  & UNIVERSITY BLVD S,1,1,0,0,1,8,0,0,30,0,0,0,0,0,1,2,3
,2022-21292,-104.9729788,39.7337094,6/16/2022 22:36,22:36,6,0,0,E 11TH AVE & N DOWNING ST,1,4,0,0,1,4,0,0,30,0,0,0,0,0,4,3,3
,2022-21294,-105.025078,39.69856453,6/16/2022 15:11,15:11,3,0,0,FEDERAL BLVD S & TENNESSEE AVE W,1,1,0,0,1,2,0,0,35,0,0,0,0,0,2,2,16
,2022-21296,-104.9591429,39.68492067,6/15/2022 9:07,9:07,12,0,1,I-25 & UNIVERSITY BLVD S,1,1,0,0,1,4,0,0,60,0,0,0,0,1,1,2,2
,2022-21297,-104.9709051,39.7432406,6/6/2022 2:17,2:17,8,0,1,E 17TH AVE & N LAFAYETTE ST,1,3,0,0,1,1,0,0,25,0,0,0,0,2,4,2,16
,2022-21298,-104.9671664,39.77987417,6/17/2022 8:15,8:15,15,0,0,I-70 & BRIGHTON BLVD N,1,1,0,0,1,4,0,0,55,0,0,0,0,0,1,2,16
,2022-21299,-104.9902807,39.74128238,6/16/2022 15:15,15:15,6,0,0,1400 BLK COURT PL & E 15TH AVE,1,1,0,0,1,4,0,0,35,0,0,0,0,0,4,3,16
,2022-21303,-104.8657287,39.77562189,6/17/2022 7:55,7:55,15,0,0,I-70 & HAVANA ST N,1,1,1,0,1,4,0,0,55,0,0,0,0,0,1,2,14
,2022-21310,-105.0136534,39.67866873,6/16/2022 17:10,17:10,12,0,0,2200 BLK W EVANS AVE & S VALLEJO ST,1,1,0,0,1,4,0,0,35,0,0,0,0,0,4,3,16
,2022-21311,-105.02504,39.67528799,6/17/2022 16:47,16:47,12,0,1,FEDERAL BLVD S & ILIFF AVE W,1,1,0,0,1,1,0,0,35,0,0,0,0,1,2,3,13
,2022-21314,-104.9967957,39.70642408,6/17/2022 6:05,6:05,15,0,0,I-25 & SANTA FE DR S,1,1,1,0,1,4,0,0,55,0,0,0,0,0,1,2,16
,2022-21315,-104.9259985,39.77891887,6/16/2022 17:00,17:00,15,0,0,I-70 & HOLLY ST N,1,1,0,0,1,4,0,0,65,0,0,0,0,0,1,2,1
,2022-21316,-104.9128795,39.7784036,6/16/2022 15:45,15:45,12,0,1,I-70 & MONACO ST,1,1,0,0,1,4,0,0,55,0,0,0,0,1,1,2,16
,2022-21317,-105.0547625,39.65603156,6/16/2022 13:04,13:04,15,0,0,SHERIDAN BLVD & 3125 BLK S,1,1,0,0,1,4,0,0,35,0,0,0,0,0,2,3,1
,2022-21318,-105.0532564,39.66778641,6/15/2022 13:32,13:32,12,0,0,SHERIDAN BLVD S & YALE AVE W,1,1,1,0,1,1,0,0,40,0,0,0,0,0,2,2,12
,2022-21319,-105.0031983,39.74848565,5/18/2022 8:00,8:00,15,0,0,BLAKE ST & SPEER BLVD,1,1,0,0,1,1,0,0,,0,0,0,0,0,4,2,16
,2022-21320,-105.0157047,39.71112533,6/17/2022 7:10,7:10,10,0,0,ALAMEDA AVE W & ZUNI ST S,1,1,0,0,1,1,0,0,35,0,0,0,0,0,2,2,7
,2022-21321,-104.989958,39.68032442,6/17/2022 11:22,11:22,3,0,0,W ASBURY AVE & S BANNOCK ST,1,1,0,0,1,1,0,0,25,0,0,0,0,1,4,2,1
,2022-21322,-105.0203348,39.71301147,5/6/2022 17:35,17:35,3,0,0,CLAY ST S & CEDAR AVE W,1,1,0,0,1,1,0,0,,0,0,0,0,0,4,2,16
,2022-21323,-104.9941273,39.75040833,5/6/2022 14:05,14:05,3,0,1,LAWRENCE ST & 18TH ST,1,1,0,0,1,1,0,0,30,0,0,0,0,1,4,2,1
,2022-21325,-104.9805684,39.74001451,5/21/2022 1:30,1:30,15,0,0,COLFAX AVE E & PENNSYLVANIA ST N,9,3,0,2,1,4,0,0,,0,0,0,0,0,2,2,16
,2022-21326,-105.0139596,39.74044224,5/31/2022 20:30,20:30,15,0,0,I-25 & COLFAX AVE W,11,3,0,1,1,4,0,0,55,0,0,0,0,0,1,2,16
,2022-21327,-104.9881006,39.75507699,5/27/2022 17:32,17:32,3,0,1,LAWRENCE ST & PARK AVE W,1,1,0,0,1,1,0,0,30,0,0,0,0,3,4,3,3
,2022-21328,-105.0531446,39.72502566,5/29/2022 22:56,22:56,5,0,0,6TH AVE W & SHERIDAN BLVD N,1,4,0,0,3,4,0,0,55,0,0,0,0,0,2,1,16
,2022-21330,-104.9835794,39.7400415,5/30/2022 19:25,19:25,12,0,0,COLFAX AVE E & GRANT ST N,1,3,0,0,1,1,0,0,,0,0,0,0,0,2,2,16
,2022-21331,-104.9688214,39.93680964,5/29/2022 21:57,21:57,6,0,0,N HUMBOLDT ST & N HUMBOLDT ST,11,4,0,1,1,3,0,0,30,0,0,0,0,0,4,2,16
,2022-21332,-104.8470297,39.77400525,5/31/2022 16:30,16:30,12,0,0,I-70 & PEORIA ST N,11,1,0,1,1,4,0,0,55,0,0,0,0,0,1,3,16
,2022-21333,-104.9660029,39.736823,6/2/2022 17:32,17:32,6,0,0,N WILLIAMS ST & E 13TH AVE,1,1,0,0,1,3,0,0,,0,0,0,0,0,4,2,16
,2022-21336,-104.8053596,39.79830406,6/5/2022 2:01,2:01,8,0,1,15500 BLK E 56TH AVE & N CHAMBERS RD,1,3,0,0,1,4,0,0,40,0,0,0,0,2,4,2,16
,2022-21337,-104.9400438,39.68345475,5/11/2022 15:45,15:45,12,0,0,I-25 NB OFF RAMP & COLORADO BLVD S,1,1,1,0,1,8,0,0,,0,0,0,0,0,4,2,16
,2022-21338,-105.024756,39.72571156,6/16/2022 22:47,22:47,12,0,1,HWY 6 WB OFF RAMP TO  & FEDERAL BLVD N,1,3,0,0,1,8,0,0,35,0,0,0,0,3,2,2,3
,2022-21339,-104.8987479,39.73870572,6/16/2022 9:50,9:50,3,0,1,E 14TH AVE & N SYRACUSE ST,1,1,0,0,1,1,0,0,35,0,0,0,1,2,4,2,16
,2022-21340,-104.9828254,39.71086795,4/28/2022 19:50,19:50,6,0,0,300 BLK S LOGAN ST & E ALAMEDA AVE,1,3,0,0,1,2,0,0,15,0,0,0,0,0,4,2,16
,2022-21341,-104.9874099,39.75267299,6/17/2022 6:40,6:40,1,0,0,N BROADWAY ST & 22ND ST,1,1,0,1,1,1,0,0,25,0,0,0,0,0,4,2,13
,2022-21342,-105.0123743,39.7874283,5/15/2022 15:29,15:29,3,0,1,W 50TH AVE & N UMATILLA ST,1,1,0,0,1,1,0,0,30,0,0,0,0,2,4,2,14
,2022-21343,-104.9211057,39.76183807,5/14/2022 11:35,11:35,6,0,0,E MLK BLVD & N IVANHOE ST,1,1,0,0,1,4,0,0,25,0,0,0,0,0,4,4,16
,2022-21345,-104.8423251,39.77360611,4/26/2022 16:29,16:29,15,0,0,I-70 EB ENT GORE PT FROM & PEORIA ST N,1,1,0,0,1,14,0,0,55,0,0,0,0,0,1,2,13
,2022-21346,-105.0026475,39.74762721,5/7/2022 1:07,1:07,3,0,0,N SPEER BLVD & AURARIA PKWY,1,3,0,0,1,1,0,0,30,0,0,0,0,0,4,2,16
,2022-21348,-104.8474182,39.79424045,5/29/2022 2:56,2:56,6,0,0,PEORIA ST N & 5475 N PEORIA ST,1,3,0,0,1,4,0,0,30,0,0,0,0,0,4,2,16
,2022-21349,-105.0531908,39.68229294,5/29/2022 22:53,22:53,1,0,1,SHERIDAN BLVD S & JEWELL AVE W,11,3,1,1,1,1,0,0,40,0,0,0,0,3,2,2,3
,2022-21350,-104.9763004,39.77363098,5/11/2022 17:04,17:04,15,0,0,38TH ST & DELGANY ST,1,1,0,0,1,4,0,0,30,0,0,0,0,0,4,2,1
,2022-21351,-105.0252859,39.75486819,5/26/2022 17:34,17:34,12,0,0,FEDERAL BLVD N & 26TH AVE W,1,1,1,0,1,3,0,0,35,0,0,0,0,0,2,2,16
,2022-21357,-104.9994034,39.76916232,6/8/2022 13:05,13:05,6,0,0,JASON ST N & 38TH AVE W,1,1,0,0,1,4,0,0,25,0,0,0,0,0,4,2,16
,2022-21358,-104.7718785,39.83341565,6/16/2022 15:59,15:59,15,0,0,PENA BLVD & TOWER RD,1,1,0,0,1,4,0,0,65,0,0,0,0,0,2,2,7
,2022-21359,-105.0531756,39.72490448,6/17/2022 7:15,7:15,12,0,0,6TH AVE W & SHERIDAN BLVD N,1,1,1,0,1,4,0,0,55,0,0,0,0,0,2,2,16
,2022-21360,-104.973635,39.76762477,5/6/2022 16:30,16:30,16,0,0,3545 LARIMER ST & 3545 BLK,14,1,3,7,5,7,0,0,,0,0,0,0,0,3,2,16
,2022-21361,-104.9862366,39.71916787,6/17/2022 9:40,9:40,10,0,0,100 BLK N LINCOLN ST & E 2ND AVE,1,1,0,0,1,2,0,0,30,0,0,0,0,0,4,2,8
,2022-21362,-105.0394718,39.73062274,4/14/2022 18:32,18:32,3,0,0,N PERRY ST & W 9TH AVE,1,1,0,0,1,1,0,0,30,0,0,0,1,0,4,2,16
,2022-21367,-105.0488162,39.70041413,5/11/2022 8:02,8:02,12,0,1,KENTUCKY AVE W & WOLFF ST S,1,1,0,0,1,4,0,0,25,0,0,0,0,1,4,2,1
,2022-21368,-104.9810809,39.7384309,5/12/2022 1:37,1:37,6,0,0,E 14TH AVE & N PENNSYLVANIA ST,1,4,0,0,1,4,0,0,30,0,0,0,0,0,4,3,16
,2022-21369,-105.0086509,39.71101481,5/27/2022 12:04,12:04,1,0,0,ALAMEDA AVE W & TEJON ST S,1,1,0,0,1,1,0,0,40,0,0,0,0,0,4,2,13
,2022-21370,-104.9846116,39.75239338,6/17/2022 5:02,5:02,3,0,0,PARK AVE W & STOUT ST,1,2,3,7,1,1,0,0,30,0,0,0,0,0,4,2,16
,2022-21371,-105.0165222,39.7513218,6/17/2022 13:29,13:29,12,0,0,I-25 & 23RD AVE W,1,1,0,0,1,4,0,0,55,0,0,0,0,0,1,2,13
,2022-21373,-104.971041,39.6888657,6/17/2022 14:56,14:56,12,0,1,I-25 & DOWNING ST S,1,1,0,0,1,4,0,0,60,0,0,0,1,2,1,2,16
,2022-21374,-105.0297062,39.68945792,5/28/2022 15:24,15:24,1,0,1,W FLORIDA AVE & S IRVING ST,1,1,0,0,1,3,0,0,30,0,0,0,1,3,4,2,11
,2022-21375,-104.8417024,39.78058134,6/16/2022 16:43,16:43,3,0,1,ALBROOK DR E & TULSA CT N,1,1,0,0,1,1,0,0,25,0,0,0,0,1,4,2,13
,2022-21376,-105.0288482,39.72292767,6/16/2022 10:00,10:00,5,0,0,3200 BLK W 4TH AVE & N HOOKER ST,1,1,0,0,3,4,0,0,25,0,0,0,0,0,4,1,6
,2022-21377,-104.9222908,39.75837443,4/27/2022 14:30,14:30,3,0,0,29TH AVE E & HOLLY ST N,1,1,0,0,1,1,0,0,25,0,0,0,0,0,4,2,13
,2022-21378,-105.0312248,39.71123654,6/17/2022 14:14,14:14,5,0,0,ALAMEDA AVE W & JULIAN ST S,1,1,0,0,2,4,0,0,35,0,0,0,0,0,2,1,16
,2022-21379,-105.0203456,39.76926669,6/17/2022 9:26,9:26,12,0,0,2600 BLK W 38TH AVE & N CLAY ST,1,1,3,0,1,4,0,0,30,0,0,0,0,0,4,2,13
,2022-21380,-104.9835794,39.7400415,5/13/2022 23:28,23:28,1,0,1,COLFAX AVE E & GRANT ST N,1,3,0,0,1,1,0,0,35,0,0,0,0,1,1,2,11
,2022-21381,-104.8850705,39.64321344,6/11/2022 23:24,23:24,1,0,2,S YOSEMITE ST & E NASSAU AVE,1,3,0,0,1,3,0,0,45,0,0,0,0,3,4,2,14
,2022-21382,-105.0033455,39.74846118,5/31/2022 15:15,15:15,3,0,0,AURARIA PKWY & N SPEER BLVD,11,1,0,1,1,3,0,0,35,0,0,0,0,0,4,2,1
,2022-21383,-105.0533821,39.64073371,5/27/2022 15:11,15:11,6,0,0,PRINCETON DR W & 5205 W PRINCETON DR,1,1,0,0,1,2,0,0,25,0,0,0,0,0,4,2,16
,2022-21384,-104.9839849,39.68847107,6/1/2022 15:59,15:59,6,0,1,1500 BLK S SHERMAN-GRANT ALY & E MEXICO AVE,13,1,0,0,1,9,0,0,15,0,0,0,1,2,4,2,7
,2022-21385,-104.9951516,39.74559344,6/11/2022 1:36,1:36,2,0,0,CHAMPA ST & 15TH ST,1,3,0,0,1,1,0,0,30,1,0,0,0,0,4,2,16
,2022-21386,-104.9740843,39.72879948,6/2/2022 21:00,21:00,6,0,0,700 BLK N CORONA ST & E 8TH AVE,1,3,0,0,1,4,0,0,25,0,0,0,0,0,4,2,16
,2022-21387,-104.7979599,39.78378637,6/17/2022 23:29,23:29,12,0,1,E GVR BLVD & N MEMPHIS ST,1,3,0,0,1,1,0,0,40,0,0,0,0,2,4,2,12
,2022-21388,-104.9123901,39.75850267,5/11/2022 17:06,17:06,12,0,0,2900 BLK N MONACO ST & E 29TH AVE,1,1,0,0,1,4,0,0,30,0,0,0,0,0,4,2,3
,2022-21389,-104.9025336,39.76737975,6/18/2022 16:11,16:11,8,0,1,N QUEBEC ST & E 36TH AVE,1,1,0,0,1,1,0,0,35,0,0,0,0,2,4,2,16
,2022-21390,-105.0126363,39.72490295,6/18/2022 8:51,8:51,12,0,1,I-25 & 6TH AVE W,1,1,0,0,1,4,0,0,55,0,0,0,0,1,1,2,1
,2022-21391,-104.9991495,39.6966933,6/17/2022 19:13,19:13,3,0,0,1100 BLK S JASON ST & W MISSISSIPPI AVE,1,1,0,0,1,3,0,0,40,0,0,0,0,0,4,3,16
,2022-21392,-104.8660409,39.79838725,6/17/2022 14:52,14:52,1,0,0,E 56TH AVE & N HAVANA ST,1,1,0,0,1,1,0,0,40,0,0,0,0,0,4,2,3
,2022-21394,-104.7905794,39.77262031,6/17/2022 7:31,7:31,12,0,0,PENA BLVD INBOUND & 4000 BLK,1,1,0,0,1,4,0,0,55,0,0,0,0,0,4,2,7
,2022-21395,-105.0298176,39.70942668,6/17/2022 18:32,18:32,11,0,2,DAKOTA AVE W & IRVING ST S,1,1,0,0,1,1,0,0,25,0,0,1,0,2,4,1,13
,2022-21396,-104.9733246,39.75950817,6/17/2022 20:11,20:11,12,0,0,E 30TH AVE & N DOWNING ST,1,2,0,0,1,4,0,0,25,0,0,0,1,1,4,2,16
,2022-21397,-104.9810809,39.7384309,5/14/2022 21:29,21:29,15,0,0,14TH AVE E & PENNSYLVANIA ST N,1,3,0,0,1,4,0,0,30,0,0,0,0,0,4,2,14
,2022-21400,-105.0064573,39.76937028,6/9/2022 9:47,9:47,15,0,0,3800 BLK N PECOS ST & W 38TH AVE,1,1,0,0,1,4,0,0,30,0,0,0,0,0,4,2,13
,2022-21403,-104.8685209,39.80445198,6/18/2022 15:34,15:34,12,0,0,E 59TH PL & N GALENA ST,1,1,3,0,1,3,0,0,20,0,0,0,0,0,4,2,16
,2022-21404,-104.9624868,39.72560935,6/18/2022 9:56,9:56,15,0,1,E 6TH AVE & N VINE ST,1,1,0,0,1,1,0,0,,0,0,0,0,2,4,2,16
,2022-21405,-105.0310042,39.72292903,5/13/2022 18:33,18:33,12,0,0,W 4TH AVE & N JULIAN ST,1,1,0,0,1,4,0,0,25,0,0,0,0,0,4,2,13
,2022-21406,-104.9863923,39.70933327,6/17/2022 17:00,17:00,3,0,1,LINCOLN ST S & DAKOTA AVE E,1,1,0,0,1,1,0,0,25,0,0,0,0,2,4,2,13
,2022-21408,-105.0405418,39.72596004,6/17/2022 17:30,17:30,6,0,0,QUITMAN ST N & 6TH AVE W,1,1,0,0,1,4,0,0,,0,0,0,0,0,4,1,16