id,drcog_id,longitude,latitude,crashtime,time,crashtype,numbkilled,numbinjurd,drcoglocat,rdconditin,lightngcon,roadcntgrd,weatherco,location,roaddescrp,schoolzone,constrzone,splimit,bikeinv,pedinv,sctrinv,motoinv,svrty,rdsystem,ttlvehcls,hcf
,2022-21409,-105.0086516,39.7214714,6/18/2022 9:41,9:41,12,0,0,I-25 NB EXIT GORE PT TO  & 6TH AVE W,1,1,0,0,1,4,0,0,55,0,0,0,0,0,1,2,12
,2022-21410,-105.0088736,39.72167243,6/18/2022 10:17,10:17,12,0,1,I-25 NB EXIT GORE PT TO  & 6TH AVE W,1,1,0,7,1,14,0,0,55,0,0,0,0,1,1,2,1
,2022-21412,-104.9129217,39.65302476,6/17/2022 16:56,16:56,12,0,1,HAMPDEN AVE E & MONACO ST S,1,1,0,0,1,3,0,0,45,0,0,0,0,2,2,3,16
,2022-21413,-104.9033997,39.75597585,6/18/2022 16:57,16:57,10,0,0,E 28TH AVE & N QUEBEC ST,1,1,0,0,1,1,0,0,35,0,0,0,0,0,4,3,16
,2022-21415,-105.0233618,39.72525113,5/14/2022 16:57,16:57,12,0,0,HWY 6 EB ON RAMP FROM  & FEDERAL BLVD N,1,1,0,0,1,8,0,0,55,0,0,0,0,0,2,2,16
,2022-21416,-105.0251835,39.65865369,6/18/2022 14:51,14:51,12,0,2,FEDERAL BLVD & 3200 BLK S,1,1,1,0,1,4,0,0,40,0,0,0,0,2,2,2,7
,2022-21417,-104.9591429,39.68492067,6/17/2022 15:17,15:17,12,0,0,I-25 & UNIVERSITY BLVD S,1,1,0,0,1,4,0,0,55,0,0,0,0,0,1,2,2
,2022-21418,-104.8491902,39.78139052,5/6/2022 6:45,6:45,16,0,0,4685 N PEORIA ST & N PEORIA ST,1,1,0,0,5,7,0,0,,0,0,0,0,0,3,2,13
,2022-21419,-104.9668549,39.78024386,6/17/2022 16:50,16:50,1,0,0,E 46TH AVE & N BRIGHTON BLVD,1,1,0,0,1,1,0,0,30,0,0,0,0,0,4,2,13
,2022-21422,-104.9253257,39.69791598,6/13/2022 17:20,17:20,8,0,2,5300 BLK E CHERRY CREEK S DR & E MISSISSIPPI AVE,1,1,0,0,1,4,0,0,30,0,0,0,0,2,4,2,16
,2022-21423,-104.965862,39.68590443,6/17/2022 19:00,19:00,12,0,0,I-25 SB DISTRIBUTOR RAMP FROM & DOWNING ST S,1,1,1,0,1,8,0,0,35,0,0,0,0,0,1,2,3
,2022-21425,-104.912879,39.77867876,6/17/2022 18:47,18:47,12,0,1,E 45TH AVE & N MONACO ST,1,1,0,0,1,3,0,0,35,0,0,0,0,2,4,3,3
,2022-21427,-104.9647698,39.73985428,6/18/2022 0:23,0:23,12,0,0,1400 BLK N HIGH ST & E COLFAX ,1,4,0,7,1,4,0,0,30,0,0,0,0,0,4,3,1
,2022-21428,-104.8417701,39.78062611,6/18/2022 6:08,6:08,3,0,0,E ALBROOK DR & N TULSA CT,1,1,0,0,1,1,0,0,25,0,0,0,0,0,4,2,11
,2022-21431,-104.9970796,39.71106507,6/18/2022 8:35,8:35,15,0,0,SANTA FE DR 300 BLK S  & W ALAMEDA AVE,1,1,0,0,1,4,0,0,35,0,0,0,0,0,1,2,13
,2022-21434,-104.9408985,39.68181688,6/18/2022 14:09,14:09,12,0,0,I-25 SB OFF RAMP & COLORADO BLVD S,1,1,1,0,1,8,0,0,35,0,0,0,0,0,1,2,11
,2022-21445,-104.9406162,39.7366912,6/9/2022 15:50,15:50,3,0,0,COLORADO BLVD N & 13TH AVE E,1,1,0,0,1,1,0,0,35,0,0,0,0,0,2,2,1
,2022-21446,-104.9511921,39.71799013,6/3/2022 14:20,14:20,15,0,0,3100 BLK E 1ST AVE & N ST PAUL ST,1,1,0,0,1,3,0,0,35,0,0,0,0,0,4,2,13
,2022-21450,-104.9875018,39.7179041,2/24/2022 15:15,15:15,12,0,0,50 BLK N BROADWAY ST & E ELLSWORTH AVE,11,1,0,0,1,4,0,0,35,0,0,0,0,0,4,2,13
,2022-21451,-104.9942724,39.75433534,6/10/2022 13:30,13:30,3,0,0,20TH ST & BLAKE ST,1,1,0,0,1,1,0,0,,0,0,0,0,0,4,2,16
,2022-21452,-104.9848831,39.72539546,6/5/2022 14:16,14:16,12,0,0,E SPEER BLVD & N SHERMAN ST,1,1,0,0,1,1,0,0,35,0,0,0,0,1,4,2,16
,2022-21453,-104.9573745,39.74017943,4/21/2022 14:30,14:30,12,0,0,COLFAX AVE E & COLUMBINE ST N,1,1,0,0,1,3,0,0,35,0,0,0,0,0,2,2,1
,2022-21454,-105.0154217,39.74116783,6/18/2022 21:40,21:40,12,0,2,I-25 SB OFF RAMP TO  & COLFAX AVE W,1,3,1,0,1,8,0,0,40,0,0,0,0,1,1,2,16
,2022-21458,-104.9899602,39.74001192,5/20/2022 0:05,0:05,15,0,0,COLFAX AVE W & BANNOCK ST N,1,3,0,0,1,4,0,0,,0,0,0,0,0,2,2,16
,2022-21461,-105.0653699,39.65939287,6/1/2022 18:50,18:50,6,0,0,6100 BLK W DARTMOUTH AVE & S JOSLIN CT,1,2,0,0,1,4,0,0,30,0,0,0,0,0,4,2,14
,2022-21470,-104.9983306,39.71025153,6/4/2022 13:51,13:51,15,0,0,I-25 NB ENT GORE PT FROM & SANTA FE DR S,1,1,0,0,1,14,0,0,55,0,0,0,0,0,1,2,13
,2022-21474,-104.9849195,39.75078738,6/1/2022 21:30,21:30,3,0,0,22ND ST & CALIFORNIA ST,1,3,0,0,1,1,0,0,30,0,0,0,0,0,4,2,1
,2022-21476,-104.7721172,39.79837837,5/22/2022 16:15,16:15,12,0,0,TOWER RD N & 56TH AVE E,1,1,0,0,1,1,0,0,,0,0,0,0,0,4,4,16
,2022-21477,-104.9874126,39.73344463,6/18/2022 22:15,22:15,6,0,0,BROADWAY ST N & 11TH AVE E,1,3,0,0,1,4,0,0,35,0,0,0,0,2,4,3,3
,2022-21479,-104.7647957,39.80022611,6/17/2022 10:16,10:16,3,0,0,E 57TH AVE & N CEYLON ST,1,1,0,0,1,3,0,0,30,0,0,0,0,0,4,2,13
,2022-21488,-105.0250691,39.72206256,4/23/2022 16:35,16:35,3,0,0,FEDERAL BLVD N & 4TH AVE W,1,1,0,0,1,1,0,0,,0,0,0,0,0,2,2,16
,2022-21490,-104.9419417,39.72254084,6/11/2022 14:00,14:00,6,0,0,4TH AVE E & HARRISON ST N,1,1,0,7,1,4,0,0,,0,0,0,0,0,4,2,16
,2022-21492,-104.973345,39.76863875,5/25/2022 18:39,18:39,6,0,0,DOWNING ST N & WALNUT ST,14,5,3,7,1,4,0,0,,0,0,0,0,0,4,2,16
,2022-21493,-104.9226161,39.64603064,6/19/2022 3:50,3:50,5,0,0,S HOLLY ST & E HAPPY CANYON RD,1,3,0,0,2,3,0,0,25,0,0,0,0,0,4,1,11
,2022-21495,-104.9684486,39.7424142,6/3/2022 6:45,6:45,6,0,0,FRANKLIN ST N & 17TH AVE E,1,2,0,0,1,4,0,0,25,0,0,0,0,0,4,4,1
,2022-21496,-104.8826065,39.78818146,6/8/2022 12:30,12:30,1,0,1,N CENTRAL PARK BLVD & E 50TH AVE,1,1,0,0,1,1,0,0,30,0,0,0,0,3,4,2,10
,2022-21497,-104.9406638,39.78003647,6/2/2022 5:59,5:59,15,0,0,I-70 & COLORADO BLVD N,1,1,0,0,1,4,0,0,55,0,0,0,0,0,1,2,1
,2022-21498,-104.9206676,39.74007068,6/9/2022 13:15,13:15,15,0,0,COLFAX AVE E & IVY ST N,1,1,0,0,1,3,0,0,30,0,0,0,0,0,2,2,1
,2022-21499,-104.9698692,39.71818846,6/19/2022 4:14,4:14,12,0,1,1ST AVE E & LAFAYETTE ST N,1,4,0,0,1,4,0,0,35,0,0,0,1,1,4,2,3
,2022-21500,-104.944507,39.74013963,6/17/2022 18:22,18:22,6,0,0,COLFAX AVE E & GARFIELD ST N,1,3,0,0,1,4,0,0,,0,0,0,0,0,2,2,16
,2022-21504,-104.9529882,39.73995304,4/21/2022 14:30,14:30,6,0,0,FILLMORE ST N & COLFAX AVE E,1,1,0,0,1,4,0,0,25,0,0,0,0,0,4,3,1
,2022-21506,-104.936239,39.71112797,6/1/2022 15:16,15:16,12,0,0,LEETSDALE DR & ALAMEDA AVE E,1,1,0,0,1,3,0,0,30,0,0,0,0,0,2,2,16
,2022-21509,-105.0475027,39.74049575,6/19/2022 17:34,17:34,6,0,0,WINONA CT & 1500-BLK N ,1,1,0,0,1,4,0,0,20,0,0,0,0,0,4,3,3
,2022-21512,-104.839929,39.78251677,5/4/2022 8:45,8:45,6,0,0,E ELK PL & N TULSA CT,1,1,0,4,1,4,0,0,25,0,0,0,0,0,4,2,16
,2022-21514,-104.9406223,39.71131385,6/19/2022 9:00,9:00,12,0,0,COLORADO BLVD S & ALAMEDA AVE E,1,1,0,0,1,4,0,0,35,0,0,0,0,0,2,2,14
,2022-21518,-104.9315656,39.7112092,4/25/2022 16:30,16:30,12,0,0,ALAMEDA AVE E & DAHLIA ST S,1,1,0,0,1,1,0,0,,0,0,0,0,0,4,2,16
,2022-21519,-104.8859678,39.77645896,6/18/2022 14:53,14:53,12,0,0,I-270 / I-70 EB OFF RAMP SPLIT TO & CENTRAL PARK BLVD N,1,1,3,0,1,8,0,0,45,0,0,0,0,0,1,2,13
,2022-21520,-104.9666597,39.71817428,6/19/2022 9:55,9:55,3,0,0,E 1ST AVE & N GILPIN ST,1,1,0,0,1,1,0,0,30,0,0,0,1,0,4,2,11
,2022-21522,-105.0251112,39.66771796,5/5/2022 18:43,18:43,1,1,4,W YALE AVE & S FEDERAL BLVD,1,1,0,0,1,1,0,0,40,0,0,0,0,4,2,3,1
,2022-21528,-104.9862882,39.68847722,5/18/2022 15:06,15:06,6,0,0,LINCOLN ST S & IOWA AVE E,1,1,0,0,1,1,0,0,,0,0,0,0,0,4,2,16
,2022-21532,-105.0386211,39.6761202,6/14/2022 23:53,23:53,6,0,0,PATTON CT S & WARREN AVE W,1,3,0,0,1,4,0,0,25,0,0,0,0,0,4,2,3
,2022-21547,-105.0149349,39.75346875,5/17/2022 21:30,21:30,12,0,0,I-25 NB EXIT GORE PT TO & SPEER BLVD N,1,3,0,0,1,4,0,0,55,0,0,0,0,0,1,2,16
,2022-21548,-105.0028316,39.73050656,6/15/2022 12:06,12:06,10,0,1,N MARIPOSA ST & W 9TH AVE,1,1,0,0,1,1,0,0,30,0,0,0,0,1,4,2,16
,2022-21561,-104.8846519,39.74380813,5/17/2022 23:20,23:20,3,0,0,E 17TH AVE & N YOSEMITE ST,1,3,0,7,1,1,0,0,30,0,0,0,0,0,4,2,13
,2022-21613,-105.0203698,39.6835526,6/20/2022 15:43,15:43,6,0,0,1800 BLK S CLAY ST & W. COLORADO AVE,1,1,0,0,1,4,0,0,25,0,0,0,0,0,4,2,12
,2022-21616,-104.9921682,39.71649468,6/14/2022 11:11,11:11,6,0,0,N CHEROKEE ST & W ELLSWORTH AVE,1,1,0,0,1,4,0,0,25,0,0,0,0,0,4,2,13
,2022-21619,-105.0532498,39.72565601,6/19/2022 12:28,12:28,12,0,0,SHERIDAN BLVD N & HWY 6 EB ON RAMP,1,1,0,0,1,1,0,0,30,0,0,0,0,0,2,2,3
,2022-21622,-104.8128795,39.78307968,6/18/2022 8:20,8:20,1,0,0,5000 BLK N FONTANA CT & E 50TH WAY,1,1,0,0,1,4,0,0,25,0,0,0,0,0,4,2,11
,2022-21623,-104.9497531,39.71766538,6/17/2022 15:40,15:40,15,0,0,STEELE ST N (NOT CDOT) & 1ST AVE E,1,1,0,0,1,4,0,0,30,0,0,0,0,0,4,2,11
,2022-21627,-105.0298117,39.71030685,6/19/2022 23:11,23:11,10,0,0,S IRVING ST & W NEVEDA PL,1,4,0,0,1,1,0,0,25,0,0,0,0,0,4,2,16
,2022-21629,-104.9383662,39.77333977,6/5/2022 11:30,11:30,6,0,0,ALBION ST N & 9TH AVE E,1,1,0,0,1,4,0,0,20,0,0,0,0,0,4,2,1
,2022-21630,-104.7872898,39.79839285,6/18/2022 13:48,13:48,12,0,0,E 56TH AVE & PENA BLVD OUTBOUND,1,1,0,0,1,4,0,0,40,0,0,0,0,1,4,3,3
,2022-21631,-104.958237,39.77767429,6/19/2022 8:30,8:30,10,0,0,E 44TH AVE & N JOSEPHINE ST,1,1,0,0,1,1,0,0,30,0,0,0,0,0,4,2,8
,2022-21632,-104.8955826,39.74022032,6/19/2022 22:40,22:40,15,0,1,COLFAX AVE E & TAMARAC ST N,1,3,0,0,1,3,0,0,35,0,0,0,0,2,2,2,16
,2022-21633,-104.9954168,39.76021347,6/12/2022 16:08,16:08,6,0,0,FOX ST N & 3000 BLK N,1,1,0,0,1,4,0,0,25,0,0,0,0,0,4,4,14
,2022-21634,-104.870982,39.67475379,5/25/2022 19:00,19:00,12,0,0,E ILIFF AVE & S PARKER RD,1,2,0,0,1,3,0,0,35,0,0,0,0,0,4,2,16
,2022-21640,-104.9151535,39.74071009,6/19/2022 4:52,4:52,6,0,0,LEYDEN ST N & COLFAX AVE E,1,2,0,0,1,4,0,0,30,0,0,0,0,0,4,3,3
,2022-21643,-104.9671664,39.77987417,6/19/2022 14:52,14:52,5,0,1,I-70 & BRIGHTON BLVD N,1,1,0,0,3,4,0,0,55,0,0,0,0,2,1,1,1
,2022-21649,-104.9407545,39.77932829,6/20/2022 13:03,13:03,12,0,0,COLORADO BLVD N & I-70 EB OFF RAMP,1,1,0,0,1,3,0,0,35,0,0,0,0,0,4,2,16
,2022-21650,-104.9941588,39.76831164,6/17/2022 16:58,16:58,12,0,0,I-25 & PARK AVE W,1,1,0,0,1,4,0,0,55,0,0,0,0,0,1,2,3
,2022-21651,-105.025041,39.68768535,6/20/2022 11:20,11:20,12,0,1,FEDERAL BLVD S & IOWA AVE W,1,1,1,0,1,12,0,0,40,0,0,0,0,1,2,2,10
,2022-21653,-104.833819,39.77286982,6/20/2022 15:00,15:00,15,0,0,I-70 & MM 282.26,1,1,1,0,1,4,0,0,55,0,0,0,0,0,1,2,14
,2022-21654,-104.9891611,39.78003347,6/19/2022 23:37,23:37,9,0,1,I-25 & I-70,1,3,0,0,1,4,0,0,45,0,0,0,0,2,1,1,14
,2022-21655,-105.0911086,39.61833205,6/20/2022 10:20,10:20,12,0,1,WADSWORTH BLVD S & CRESTLINE AVE W,1,1,0,0,1,1,0,0,40,0,0,0,0,1,2,2,7
,2022-21657,-104.95932,39.71818683,6/20/2022 2:41,2:41,3,0,1,UNIVERSITY BLVD N & 1ST AVE E,1,3,0,0,1,1,0,0,30,0,0,0,0,1,4,2,2
,2022-21660,-105.0532495,39.7004307,6/16/2022 7:38,7:38,3,0,2,SHERIDAN BLVD S & KENTUCKY AVE W,1,1,1,0,1,1,0,0,35,0,0,0,0,3,2,4,3
,2022-21661,-105.0251269,39.72751426,6/17/2022 17:51,17:51,1,0,0,FEDERAL BLVD N & 7TH AVE W,1,1,0,0,1,1,0,0,45,0,0,0,0,0,2,2,13
,2022-21662,-104.894024,39.74603558,6/17/2022 13:30,13:30,6,0,0,1900 BLK N ULSTER ST & E 19TH AVE,1,1,0,0,1,4,0,0,35,0,0,0,0,0,4,2,16
,2022-21663,-104.9929399,39.69666191,6/19/2022 6:17,6:17,3,0,0,MISSISSIPPI AVE W & PLATTE RIVER DR S,1,1,0,1,1,1,0,0,30,0,0,0,0,0,2,2,13
,2022-21664,-104.9991195,39.71120695,6/19/2022 23:49,23:49,15,0,0,I-25 & ALAMEDA AVE W,1,3,1,0,1,14,0,0,60,0,0,0,0,0,1,2,7
,2022-21665,-104.7718798,39.82547808,6/18/2022 14:10,14:10,12,0,0,N TOWER RD & N TOWER RD,1,1,0,6,1,4,0,0,40,0,0,0,0,1,4,2,1
,2022-21666,-104.9594252,39.68278764,6/6/2022 12:00,12:00,12,0,0,UNIVERSITY BLVD S & BUCHTEL BLVD E,1,1,0,0,1,1,0,0,,0,0,0,0,0,4,2,16
,2022-21667,-104.9671664,39.77987417,6/19/2022 16:25,16:25,1,0,0,BRIGHTON BLVD N & I-70 EB ON RAMP,1,1,0,0,1,1,0,0,35,0,0,0,0,0,4,2,11
,2022-21675,-104.9880929,39.75507117,6/19/2022 14:00,14:00,3,0,1,LAWRENCE ST & PARK AVE_W,1,1,0,0,1,1,0,0,30,0,0,0,0,2,4,2,13
,2022-21676,-104.9911722,39.72967291,6/18/2022 11:40,11:40,15,0,1,SPEER BLVD N & BANNOCK ST N,1,1,0,6,1,4,0,0,35,0,0,0,0,1,4,2,3
,2022-21677,-105.0373949,39.74033895,6/18/2022 12:14,12:14,12,0,0,COLFAX AVE W & NEWTON ST N,1,1,0,7,1,4,0,0,30,0,0,0,0,0,2,2,16
,2022-21686,-104.9408882,39.68010858,4/24/2022 21:10,21:10,11,0,1,COLORADO BLVD S & BUCHTEL BLVD E,11,3,0,1,1,1,0,0,0,0,1,0,0,3,2,1,16
,2022-21713,-104.9963768,39.72390512,6/20/2022 8:00,8:00,6,0,0,400 BLK N GALAPAGO ST & E 5TH AVE,1,1,0,0,1,12,0,0,25,0,0,0,1,0,4,2,3
,2022-21714,-104.9874079,39.74619274,6/21/2022 7:44,7:44,10,0,0,BROADWAY ST & GLENARM PL,1,1,0,1,1,1,0,0,30,0,0,0,0,0,4,2,13
,2022-21717,-104.9293905,39.76184389,6/21/2022 17:21,17:21,12,0,0,E MLK BLVD & N ELM ST,1,1,0,0,1,1,0,0,35,0,0,0,0,0,4,2,13
,2022-21718,-104.8844453,39.79832315,6/20/2022 12:15,12:15,10,0,1,N CENTRAL PARK BLVD & E 56TH AVE,1,1,0,0,1,1,0,0,35,0,0,0,0,2,4,2,8
,2022-21719,-104.7607976,39.76920204,6/21/2022 16:00,16:00,1,0,0,38TH AVE E & ENSANADA ST N,1,1,0,0,1,1,0,0,40,0,0,0,0,0,4,2,11
,2022-21721,-104.7718832,39.83447021,6/20/2022 12:15,12:15,15,0,0,N TOWER RD & PENA BLVD INBOUND,1,1,1,6,1,4,0,0,45,0,0,0,0,0,4,2,16
,2022-21723,-104.9143799,39.67846279,6/20/2022 11:20,11:20,14,0,0,EVANS AVE E & 6359 E EVANS AVE,1,1,0,0,1,2,0,0,30,0,0,0,0,0,4,2,3
,2022-21724,-104.9835878,39.74361517,6/21/2022 12:00,12:00,6,0,0,GRANT ST N & 17TH AVE E,1,1,0,0,1,4,0,0,30,0,0,0,0,0,4,2,16
,2022-21725,-104.9873869,39.70141073,5/4/2022 17:45,17:45,12,0,0,I-25 & BROADWAY ST S,11,1,0,0,1,4,0,0,,0,0,0,0,0,1,2,16
,2022-21726,-105.0139968,39.72917211,6/21/2022 8:24,8:24,15,0,0,I-25 NB OFF RAMP TO & 8TH AVE ,1,1,0,0,1,8,0,0,40,0,0,0,0,0,1,2,13
,2022-21728,-104.8959921,39.71734883,6/21/2022 6:59,6:59,3,0,0,LOWRY BLVD E & RAMPART WY N,1,1,0,0,1,6,0,0,15,0,0,0,0,0,4,2,16
,2022-21730,-104.9652447,39.67484524,6/20/2022 15:20,15:20,15,0,0,ILIFF AVE E & HIGH ST S,1,1,0,0,1,1,0,0,,0,0,0,0,0,4,2,16
,2022-21731,-105.0150499,39.72932217,6/21/2022 9:55,9:55,12,0,2,I-25 & 8TH AVE W,1,1,0,0,1,4,0,0,55,0,0,0,0,1,1,2,16
,2022-21732,-104.94061,39.71465812,6/21/2022 6:14,6:14,12,0,0,LEETSDALE DR & S COLORADO BLVD,1,1,1,0,1,3,0,0,30,0,0,0,0,0,4,2,3
,2022-21744,-104.755449,39.79635487,6/21/2022 7:00,7:00,6,0,0,20000 BLK E 55TH PL & HALIFAX CT,1,1,1,0,1,4,0,0,25,0,0,0,0,0,4,2,1
,2022-21745,-104.8905205,39.76001325,6/21/2022 19:28,19:28,3,0,0,N CENTRAL PARK BLVD & E MLK BLVD,1,1,0,0,1,1,0,0,35,0,0,0,0,0,4,2,11
,2022-21746,-104.9222661,39.67847173,6/20/2022 13:05,13:05,1,0,0,E EVANS AVE & S HOLLY ST,1,1,0,0,1,1,0,0,35,0,0,0,0,0,4,2,16
,2022-21748,-104.9407884,39.7146587,6/20/2022 15:56,15:56,1,0,2,COLORADO BLVD S & BAYAUD AVE E,1,1,1,0,1,1,0,0,35,0,0,0,0,3,2,2,11
,2022-21749,-104.8850162,39.64590754,6/21/2022 5:38,5:38,3,0,0,YOSEMITE ST S & MANSFIELD AVE E,1,1,0,0,1,1,0,0,35,0,0,0,0,0,4,2,13
,2022-21750,-104.868861,39.75917024,6/20/2022 14:10,14:10,10,0,0,E 29TH DR & N GENEVA ST,1,1,0,6,1,2,0,0,30,0,0,0,0,1,4,2,11
,2022-21751,-104.9889554,39.75576427,6/21/2022 7:04,7:04,10,0,0,PARK AVE W & LARIMER ST,1,1,0,1,1,1,0,0,30,0,0,0,0,0,4,2,13
,2022-21752,-105.0215133,39.7112866,6/20/2022 1:13,1:13,6,0,0,200 BLK S DALE CT & W ALAMEDA AVE,1,3,0,0,1,4,0,0,25,0,0,0,0,0,4,2,2
,2022-21754,-105.0532476,39.76926575,6/20/2022 17:20,17:20,12,0,0,SHERIDAN BLVD N & 38TH AVE W,1,1,0,0,1,3,0,0,35,0,0,0,0,0,2,2,13
,2022-21755,-104.8415182,39.78045961,6/21/2022 12:15,12:15,2,0,1,ALBROOK DR E & 46TH AVE E,1,1,0,6,1,1,0,0,25,1,0,0,0,2,4,1,10
,2022-21756,-104.903422,39.77822311,6/21/2022 2:00,2:00,12,0,1,I-70 & QUEBEC ST N,1,3,2,0,1,4,0,0,55,0,0,0,0,2,1,2,16
,2022-21783,-104.9929399,39.69666191,6/20/2022 16:45,16:45,12,0,0,W MISSISSIPPI AVE & S PLATTE RIVER DR,1,1,0,0,1,1,0,0,30,0,0,0,0,0,4,2,3
,2022-21789,-104.8098832,39.77357214,6/20/2022 17:30,17:30,3,0,0,N CHAMBERS RD & E GVR BLVD,1,1,0,6,1,1,0,0,30,0,0,0,0,0,4,2,10
,2022-21808,-105.0169146,39.71117354,6/21/2022 19:56,19:56,12,0,0,ALAMEDA AVE W & ALCOTT ST S,1,1,0,0,1,3,0,0,35,0,0,0,0,0,2,2,13
,2022-21809,-104.992305,39.75833729,6/21/2022 17:05,17:05,12,0,0,1600 BLK PARK AVE_W & WAZEE ST,1,1,0,0,1,4,0,0,35,0,0,0,0,0,4,3,13
,2022-21810,-105.0526286,39.72624624,6/22/2022 6:48,6:48,12,0,0,6TH AVE W & SHERIDAN BLVD N,1,1,0,1,1,4,0,0,35,0,0,0,0,0,2,2,13
,2022-21812,-104.9569641,39.69646108,6/22/2022 9:37,9:37,6,0,0,COLUMBINE ST S & MISSISSIPPI AVE E,1,1,0,1,1,4,0,0,25,0,0,0,0,0,4,2,16
,2022-21815,-105.0064252,39.78313348,6/22/2022 19:05,19:05,15,0,0,I-70 & PECOS ST N,1,2,0,0,1,4,0,0,55,0,0,0,0,0,2,2,13
,2022-21817,-104.7721472,39.77799331,6/21/2022 22:44,22:44,1,0,0,45TH AVE E & TOWER RD N,1,3,0,0,1,1,0,0,40,0,0,0,0,0,4,2,1
,2022-21818,-104.940629,39.67845463,6/18/2022 22:20,22:20,2,0,1,COLORADO BLVD S & EVANS AVE E,1,3,0,0,1,1,0,1,0,1,0,0,0,2,2,1,16
,2022-21819,-104.983619,39.72563055,6/22/2022 8:52,8:52,3,0,0,E 6TH AVE & N GRANT ST,1,1,0,0,1,3,0,0,30,0,0,0,0,1,4,2,13
,2022-21828,-104.9406261,39.717795,6/22/2022 9:10,9:10,1,0,1,COLORADO BLVD N & 1ST AVE E,1,1,1,0,1,1,0,0,35,0,0,0,0,2,2,2,11
,2022-21831,-104.9746144,39.76148093,6/21/2022 13:25,13:25,3,0,1,32ND ST & CHAMPA ST,1,1,0,0,1,1,0,0,30,0,0,0,0,2,4,2,13
,2022-21832,-104.9671664,39.77987417,6/22/2022 7:05,7:05,12,0,0,I-70 & BRIGHTON BLVD N,1,1,1,0,1,4,0,0,55,0,0,0,0,0,1,2,16
,2022-21833,-104.9594472,39.68472353,5/12/2022 12:13,12:13,15,0,0,I-25 & UNIVERSITY BLVD S,1,1,1,0,1,4,0,0,55,0,0,0,0,0,1,2,16
,2022-21835,-104.9993358,39.74231388,6/16/2022 15:34,15:34,3,0,0,N SPEER BLVD & CHAMPA ST,1,1,0,0,1,1,0,0,35,0,0,0,0,0,4,2,7
,2022-21837,-104.8753736,39.70884307,6/9/2022 21:45,21:45,12,0,0,S DAYTON ST & E ALAMEDA AVE,1,2,0,0,1,4,0,0,30,0,0,0,0,0,4,2,1
,2022-21839,-104.9405291,39.68311149,6/16/2022 15:58,15:58,15,0,2,I-25 & COLORADO BLVD S,1,1,0,0,1,4,0,0,55,0,0,0,0,1,1,2,16
,2022-21845,-104.8488894,39.78623219,6/22/2022 9:25,9:25,3,0,0,N PARIS ST & E 49TH AVE,1,1,0,0,1,1,0,0,30,0,0,0,0,1,4,2,11
,2022-21846,-105.0438662,39.77658528,5/10/2022 13:17,13:17,6,0,0,44TH AVE W & TENNYSON ST N,1,1,0,0,1,4,0,0,30,0,0,0,0,0,4,2,16
,2022-21847,-105.0345711,39.78730877,5/8/2022 19:30,19:30,6,0,0,LOWELL BLVD N & 50TH AVE W,1,1,0,0,1,4,0,0,30,0,0,0,0,0,4,2,16
,2022-21848,-105.0349619,39.66768139,5/7/2022 18:16,18:16,12,0,0,YALE AVE W & LOWELL BLVD S,1,1,0,0,1,1,0,0,30,0,0,0,0,0,4,2,16
,2022-21849,-105.0497857,39.72614622,6/22/2022 6:48,6:48,12,0,0,6TH AVE W & SHERIDAN BLVD N,1,1,0,1,1,4,0,0,35,0,0,0,0,0,2,2,13
,2022-21851,-104.9002139,39.76049594,6/22/2022 13:15,13:15,1,0,0,E MLK BLVD & N ROSLYN ST,1,1,0,0,1,1,0,0,35,0,0,0,0,1,4,2,8
,2022-21852,-105.0345995,39.78001652,6/16/2022 10:14,10:14,14,0,1,LOWELL BLVD N & 46TH AVE W,1,1,0,0,1,4,0,0,30,0,0,0,0,1,4,2,16
,2022-21855,-104.882959,39.77713978,6/17/2022 15:30,15:30,15,0,2,I-70 EB & I-270 EB DIRECT CONNECT EXIT GORE PT FROM,1,1,0,0,1,4,0,0,55,0,0,0,0,1,1,2,16
,2022-21856,-104.9873866,39.75405035,5/21/2022 21:13,21:13,11,0,1,BROADWAY ST N & ARAPAHOE ST,1,3,0,0,1,4,0,0,0,0,1,0,0,3,4,1,16
,2022-21857,-105.0150499,39.72932217,6/21/2022 21:55,21:55,15,0,0,I-25 & 8TH AVE W,1,3,0,0,1,4,0,0,55,0,0,0,0,0,1,2,11
,2022-21859,-104.9884865,39.74051095,6/21/2022 1:58,1:58,5,0,1,COLFAX AVE W & 15TH ST,1,3,0,0,2,3,0,0,35,0,0,0,0,1,2,1,9
,2022-21861,-104.9034618,39.72829137,6/22/2022 10:08,10:08,12,0,0,700 BLK N QUEBEC ST & E SEVERN PL,1,1,1,0,1,3,0,0,30,0,0,0,0,0,4,3,3
,2022-21862,-105.0332637,39.65704248,6/21/2022 14:28,14:28,1,0,0,S LOWELL BLVD & W GRAMBLING DR,1,1,1,0,1,3,0,0,25,0,0,0,0,0,4,2,11
,2022-21864,-105.0006423,39.71118439,6/21/2022 17:30,17:30,12,0,0,PLATTE RIVER DR S & ALAMEDA AVE W,1,1,0,0,1,1,0,0,,0,0,0,0,0,2,2,16
,2022-21865,-105.1016822,39.63295866,6/22/2022 14:28,14:28,12,0,1,GARLAND WY S & GARRISON ST S,1,1,0,0,1,1,0,0,25,0,0,0,0,1,4,2,1