id,drcog_id,longitude,latitude,crashtime,time,crashtype,numbkilled,numbinjurd,drcoglocat,rdconditin,lightngcon,roadcntgrd,weatherco,location,roaddescrp,schoolzone,constrzone,splimit,bikeinv,pedinv,sctrinv,motoinv,svrty,rdsystem,ttlvehcls,hcf
,2022-21866,-104.9929606,39.75724455,6/22/2022 11:54,11:54,15,0,0,1300 BLK 22ND ST & BLAKE ST,1,1,0,0,1,4,0,0,25,0,0,0,0,0,4,2,16
,2022-21874,-104.9863923,39.70933327,6/21/2022 10:00,10:00,6,0,0,DAKOTA AVE E & LINCOLN ST S,1,1,0,0,1,1,0,0,25,0,0,0,0,0,4,2,3
,2022-21876,-104.9812106,39.73688397,6/22/2022 10:02,10:02,10,0,1,13TH AVE E & WASHINGTON ST N,1,1,0,0,1,4,0,0,25,0,0,0,0,1,4,2,16
,2022-21880,-104.8280754,39.79819392,6/22/2022 0:30,0:30,5,0,1,E 56TH AVE & N POTOMAC WAY,1,4,0,0,3,4,0,0,45,0,0,0,0,2,4,1,16
,2022-21890,-105.0297338,39.74027795,6/22/2022 10:05,10:05,15,0,0,COLFAX AVE W & IRVING ST N,1,1,0,0,1,3,0,0,35,0,0,0,0,0,2,2,1
,2022-21897,-104.9659917,39.73999726,6/22/2022 7:20,7:20,3,0,0,COLFAX AVE E & WILLIAMS ST N,1,1,0,0,1,1,0,0,35,0,0,0,0,0,2,2,16
,2022-21909,-104.9899866,39.7130142,6/16/2022 17:10,17:10,3,0,0,W CEDAR AVE & S BANNOCK ST,1,2,0,1,1,1,0,0,25,0,0,0,0,0,4,2,13
,2022-21911,-104.7653099,39.78068752,5/27/2022 18:10,18:10,6,0,0,E 46TH AVE & N ARGONNE ST,1,1,0,0,1,1,0,0,25,0,0,0,0,0,4,2,16
,2022-21915,-104.9409116,39.70608782,6/22/2022 8:06,8:06,12,0,0,E CHERRY CREEK S DR & S COLORADO BLVD,1,1,0,0,1,3,0,0,30,0,0,0,0,0,4,2,16
,2022-21916,-104.9920576,39.68939091,6/21/2022 23:49,23:49,3,0,0,S SANTA FE DR & W FLORIDA AVE,1,3,0,0,1,1,0,0,25,0,0,0,0,0,4,2,16
,2022-21922,-104.9787358,39.74167128,4/27/2022 8:30,8:30,2,0,1,16TH AVE E & WASHINGTON ST N,1,1,0,0,1,1,0,0,,1,0,0,0,2,4,1,16
,2022-21923,-104.9882269,39.74958703,6/19/2022 0:53,0:53,2,0,1,20TH ST & STOUT ST,1,3,0,7,1,1,0,0,0,1,0,0,0,2,4,1,16
,2022-21925,-104.9406122,39.74012349,4/30/2022 13:36,13:36,12,0,1,COLORADO BLVD & 1500 N ,1,1,0,0,1,4,0,0,30,0,0,0,0,1,4,3,16
,2022-21962,-104.9129099,39.65322083,6/23/2022 19:46,19:46,10,0,0,3400 S MONACO ST PKWY & E HAMPDEN AVE,1,2,0,0,1,3,0,0,35,0,0,0,0,0,4,2,13
,2022-21966,-105.0015649,39.7111843,6/23/2022 1:10,1:10,12,0,0,W ALAMEDA AVE & S LIPAN ST,1,3,0,0,1,1,0,0,35,0,0,0,0,0,4,2,13
,2022-21967,-104.89641,39.73562089,5/29/2022 17:00,17:00,3,0,0,12TH AVE E & 8000 E 12TH AVE,11,1,0,1,1,2,0,0,25,0,0,0,0,0,4,2,16
,2022-21968,-104.994785,39.76293675,6/22/2022 15:40,15:40,12,0,0,PARK AVE W & N GLOBEVILLE RD,1,1,0,0,1,4,0,0,35,0,0,0,0,1,4,3,16
,2022-21969,-104.9733904,39.74483508,6/4/2022 2:01,2:01,11,0,0,DOWNING ST N & 18TH AVE E,1,3,0,0,1,1,0,0,0,0,0,1,0,0,4,2,16
,2022-21970,-105.0253625,39.72933026,6/22/2022 19:13,19:13,12,0,0,6TH AVE W & FEDERAL BLVD,1,1,0,0,1,4,0,0,55,0,0,0,0,0,2,3,13
,2022-21971,-105.0417139,39.67285743,6/23/2022 6:38,6:38,3,0,0,W HARVARD AVE & S RALEIGH ST,1,1,0,0,1,1,0,0,25,0,0,0,0,0,4,2,16
,2022-21972,-104.9895612,39.78010359,6/22/2022 15:10,15:10,12,0,0,I-25 & I-70,1,1,1,0,1,4,0,0,55,0,0,0,0,0,1,3,3
,2022-21974,-104.95605,39.72097792,5/29/2022 17:30,17:30,6,0,0,E 3RD AVE & N DETROIT ST,1,2,0,0,1,9,0,0,25,0,0,0,0,0,4,2,13
,2022-21976,-104.9957203,39.73685632,5/22/2022 1:40,1:40,3,0,0,13TH AVE W & SPEER BLVD N,1,3,0,0,1,1,0,0,35,0,0,0,0,0,4,2,16
,2022-21978,-104.9824341,39.73203592,6/22/2022 23:59,23:59,6,0,0,E 10TH AVE & N LOGAN ST,1,3,0,0,1,4,0,0,35,0,0,0,0,0,4,2,14
,2022-21979,-104.897558,39.74021941,6/21/2022 20:35,20:35,3,0,1,COLFAX AVE E & SPRUCE ST N,1,3,0,0,1,1,0,0,25,0,0,0,1,2,2,2,16
,2022-21981,-104.9875116,39.6877392,6/23/2022 15:35,15:35,12,0,0,1500 S BROADWAY ST & W IOWA AVE,1,1,0,0,1,3,0,0,30,0,0,0,0,1,4,2,13
,2022-21982,-105.0130163,39.72542371,6/23/2022 10:45,10:45,12,0,1,I-25 & 6TH AVE W,1,1,0,0,1,4,0,0,55,0,0,0,0,1,1,2,3
,2022-21983,-105.0249115,39.69674737,6/12/2022 10:58,10:58,14,0,0,2900 BLK W MISSISSIPPI AVE & S FEDERAL BLVD,1,1,0,1,1,4,0,0,30,0,0,0,0,0,4,2,13
,2022-21984,-104.982003,39.76784218,6/22/2022 16:27,16:27,15,0,0,BRIGHTON BLVD N & 32ND ST,1,1,0,0,1,4,0,0,35,0,0,0,0,0,4,2,16
,2022-21985,-105.0239299,39.71753946,6/16/2022 10:21,10:21,15,0,0,IRVINGTON PL W & 2900 BLK W,1,1,0,0,1,4,0,0,20,0,0,0,0,0,4,3,16
,2022-21986,-105.0344808,39.70034757,6/23/2022 6:22,6:22,12,0,1,W KENTUCKY AVE & S LOWELL BLVD,1,1,0,0,1,3,0,0,25,0,0,0,0,2,4,2,2
,2022-21987,-104.8934378,39.63552877,6/22/2022 16:30,16:30,12,0,0,TAMARAC ST S & I-225 NB/EB RAMPS,1,1,0,0,1,1,0,0,30,0,0,0,0,0,4,2,3
,2022-21988,-104.9895612,39.78010359,6/22/2022 15:02,15:02,12,0,0,I-25 & I-70,1,1,0,0,1,4,0,0,55,0,0,0,0,0,1,2,13
,2022-21989,-105.0348833,39.71115282,6/18/2022 11:39,11:39,3,0,0,ALAMEDA AVE W & LOWELL BLVD,1,1,0,0,1,1,0,0,30,0,0,0,0,0,2,3,13
,2022-21990,-105.0079915,39.68947512,6/22/2022 16:45,16:45,12,0,0,W FLORIDA AVE & S QUIETO CT,1,1,0,0,1,4,0,0,30,0,0,0,0,0,4,2,16
,2022-21991,-104.903422,39.77822311,5/29/2022 0:49,0:49,12,0,1,I-70 & QUEBEC ST N,1,3,0,0,1,4,0,0,55,0,0,0,0,2,1,2,16
,2022-21992,-104.9405458,39.68291817,6/22/2022 10:00,10:00,15,0,0,I-25 & COLORADO BLVD S,1,1,0,0,1,4,0,0,65,0,0,0,0,0,1,2,3
,2022-21993,-104.7857542,39.79838631,6/23/2022 7:25,7:25,12,0,0,E 56TH AVE & INBOUND PENA BLVD,1,1,0,0,1,3,0,0,40,0,0,0,0,1,4,3,11
,2022-21994,-104.9850078,39.72280198,6/23/2022 9:30,9:30,6,0,0,201 BLK E 4TH AVE ALY & N SHERMAN ST,1,1,0,0,1,9,0,0,25,0,0,0,0,0,4,2,13
,2022-21995,-104.9957849,39.75354385,6/23/2022 2:04,2:04,5,0,2,1909 BLAKE ST & 19TH ST / BLAKE ST,1,3,1,0,3,4,0,0,30,0,0,0,0,2,4,1,14
,2022-21996,-104.8657287,39.77562189,6/22/2022 14:31,14:31,12,0,0,I-70 & HAVANA ST N,1,1,0,0,1,4,0,0,55,0,0,0,0,0,1,2,16
,2022-21997,-104.9608904,39.72560707,6/22/2022 17:01,17:01,12,0,0,E 6TH AVE & N GAYLORD ST,1,1,0,0,1,3,0,0,30,0,0,0,0,1,4,2,3
,2022-21998,-104.9787201,39.74485194,6/23/2022 10:25,10:25,10,0,0,18TH AVE E & WASHINGTON ST N,1,1,0,0,1,1,0,0,30,0,0,0,0,0,4,2,8
,2022-21999,-104.8470104,39.78238809,6/23/2022 16:15,16:15,1,0,4,47TH AVE E & ALBROOK DR E,1,1,0,0,1,1,0,0,35,0,0,0,0,3,4,2,13
,2022-22000,-104.9858914,39.71655878,5/29/2022 22:00,22:00,6,0,0,ELLSWORTH AVE E & LINCOLN ST N,1,3,0,0,1,4,0,0,,0,0,0,0,0,4,4,16
,2022-22001,-105.0532224,39.74398083,6/22/2022 16:21,16:21,12,0,0,SHERIDAN BLVD & 17TH AVE W,1,1,0,0,1,1,0,0,35,0,0,0,0,0,2,2,3
,2022-22002,-105.0174197,39.75121648,6/22/2022 21:50,21:50,1,0,0,23RD AVE W & I-25 SB ON RAMP,1,3,1,0,1,1,0,0,25,0,0,0,0,0,1,2,13
,2022-22003,-104.9269987,39.77528332,6/20/2022 11:03,11:03,8,0,2,E SMITH RD & N FOREST ST,1,1,0,0,6,1,0,0,35,0,0,0,0,2,4,2,9
,2022-22004,-104.9034592,39.73759408,6/23/2022 7:19,7:19,12,0,0,1300 BLK N QUEBEC ST & E 13TH AVE,1,1,1,0,1,3,0,0,30,0,0,0,0,1,4,3,1
,2022-22007,-104.9436735,39.65295416,6/23/2022 9:08,9:08,12,0,1,HAMPDEN AVE E & COLORADO BLVD S,1,1,0,0,1,4,0,0,40,0,0,0,0,1,2,3,3
,2022-22008,-104.9628622,39.70729642,6/23/2022 9:40,9:40,6,0,0,500 BLK S VINE ST & E VIRGINIA AVE,1,1,0,0,1,4,0,0,25,0,0,0,0,0,4,2,13
,2022-22010,-105.0097329,39.75405651,6/23/2022 14:30,14:30,12,0,0,N SPEER BLVD & ELITCH CIR,1,1,0,0,1,4,0,0,35,0,0,0,0,0,4,2,13
,2022-22011,-104.9206901,39.706973,6/23/2022 13:40,13:40,15,0,0,LEETSDALE DR & HOLLY ST S,1,1,0,0,1,4,0,0,30,0,0,0,0,0,2,2,16
,2022-22012,-104.9528993,39.74015882,6/17/2022 8:19,8:19,6,0,0,COLFAX AVE E & FILLMORE ST N,1,1,0,0,1,3,0,0,35,0,0,0,0,0,2,2,13
,2022-22013,-104.692935,39.83346184,6/22/2022 13:37,13:37,3,0,0,PENA BLVD & JACKSON GAP ST N,1,1,0,0,1,1,0,0,45,0,0,0,0,0,4,2,1
,2022-22014,-105.0322296,39.73657335,6/23/2022 10:41,10:41,1,0,0,N KNOX CT & W 13TH AVE,1,1,1,0,1,1,0,0,25,0,0,0,0,0,4,2,16
,2022-22016,-105.0093676,39.76022938,6/12/2022 17:00,17:00,6,0,0,17TH ST & BOULDER ST,1,1,0,0,1,4,0,0,30,0,0,0,0,0,4,2,3
,2022-22020,-104.9529999,39.74380001,6/23/2022 11:20,11:20,6,0,0,2900 BLK E 17TH AVE & N MILWAUKEE ST,1,1,0,0,1,4,0,0,35,0,0,0,0,0,4,2,16
,2022-22022,-104.9841731,39.76696095,6/15/2022 18:15,18:15,3,0,0,31ST ST & ARKINS CT,1,1,0,0,1,2,0,0,25,0,0,0,0,0,4,3,11
,2022-22023,-104.99889,39.71119349,6/22/2022 18:00,18:00,12,0,0,I-25 & ALAMEDA AVE W,1,1,0,0,1,4,0,0,65,0,0,0,0,0,1,2,3
,2022-22024,-104.9941588,39.76831164,6/23/2022 9:54,9:54,12,0,0,I-25 & PARK AVE W,1,1,0,0,1,4,0,0,55,0,0,0,0,0,1,2,13
,2022-22025,-105.0129522,39.72533177,6/23/2022 8:25,8:25,15,0,0,I-25 & 6TH AVE W,1,1,0,0,1,4,0,0,55,0,0,0,0,0,1,3,13
,2022-22026,-104.9456087,39.74014218,6/22/2022 14:30,14:30,6,0,0,COLFAX AVE E & MONROE ST N,1,1,0,0,1,4,0,0,35,0,0,0,0,0,2,2,11
,2022-22030,-104.9475607,39.7889061,6/16/2022 17:35,17:35,6,0,0,N COOK ST & E 51ST AVE,1,1,3,0,1,4,0,0,25,0,0,0,0,0,4,2,3
,2022-22032,-104.67963,39.85051349,6/23/2022 15:20,15:20,6,0,0,PENA BLVD & 8400 BLK,1,1,0,0,5,4,0,0,15,0,0,0,0,0,2,2,3
,2022-22034,-104.9971408,39.711194,6/23/2022 14:28,14:28,15,0,0,S SANTA FE DR & W ALAMEDA AVE (NOT CDOT),1,1,0,0,1,1,0,0,35,0,0,0,0,0,2,2,16
,2022-22035,-104.6711598,39.83781501,6/23/2022 15:44,15:44,3,0,0,SHADY GROVE ST & 80TH AVE E,1,1,0,0,1,2,0,0,35,0,0,0,0,0,4,2,11
,2022-22040,-105.0203574,39.71114538,6/7/2022 15:15,15:15,12,0,0,W ALAMEDA AVE & S CLAY ST,1,1,0,0,1,3,0,0,35,0,0,0,0,0,4,2,14
,2022-22041,-105.0028406,39.74785789,6/14/2022 15:47,15:47,15,0,0,N SPEER BLVD & AURARIA PKWY,1,1,3,0,1,4,0,0,35,0,0,0,0,0,4,2,13
,2022-22042,-104.677,39.84414238,6/6/2022 0:33,0:33,5,0,0,PENA BLVD & 8148 BLK,1,3,0,0,5,7,0,0,10,0,0,0,0,0,3,1,3
,2022-22043,-104.9182399,39.65309085,6/24/2022 16:27,16:27,12,0,1,I-25 & HAMPDEN AVE E,1,1,0,0,1,4,0,0,65,0,0,0,0,1,2,2,16
,2022-22044,-104.9728865,39.71862083,6/24/2022 13:36,13:36,12,0,1,N DOWNING ST & E SPEER BLVD,1,1,0,0,1,4,0,0,35,0,0,0,0,2,4,2,1
,2022-22045,-104.9622573,39.73463942,6/23/2022 17:45,17:45,6,0,0,1100 BLK N VINE ST & E 12TH AVE,1,1,0,0,1,4,0,0,,0,0,0,0,0,4,2,14
,2022-22046,-104.8098793,39.7731883,6/23/2022 15:14,15:14,1,0,5,CHAMBERS RD N & 40TH AVE E,1,1,0,0,1,1,0,0,35,0,0,0,0,2,4,3,13
,2022-22047,-104.9803728,39.69662455,6/24/2022 8:42,8:42,10,0,0,E MISSISSIPPI AVE & S PEARL ST,1,1,0,0,1,1,0,0,30,0,0,0,0,0,4,2,11
,2022-22048,-104.9034009,39.75555454,6/24/2022 12:00,12:00,15,0,0,QUEBEC ST N & 26TH AVE E,1,1,0,0,1,4,0,0,30,0,0,0,0,0,4,2,13
,2022-22049,-105.0250857,39.70583343,6/23/2022 17:03,17:03,15,0,0,FEDERAL BLVD S & CENTER AVE W,1,1,0,0,1,4,0,0,40,0,0,0,0,0,2,2,8
,2022-22050,-104.8470268,39.77666603,6/24/2022 14:20,14:20,3,0,0,PEORIA ST N & 44TH AVE E,1,3,0,0,1,1,0,0,40,0,0,0,0,0,4,2,13
,2022-22051,-104.9035917,39.67665189,6/24/2022 7:18,7:18,3,0,0,S QUEBEC ST & E ILIFF AVE,1,1,0,0,1,2,0,0,35,0,0,0,0,0,4,2,11
,2022-22052,-105.0087802,39.76204053,6/24/2022 13:15,13:15,5,0,1,32ND AVE W & 18TH ST E,1,1,0,0,3,4,0,0,35,0,0,0,0,2,4,1,10
,2022-22053,-104.8663942,39.65706029,6/24/2022 13:26,13:26,15,0,0,HAVANA ST S & GIRARD AVE E,1,1,0,0,1,1,0,0,45,0,0,0,0,0,2,2,13
,2022-22054,-104.995159,39.70444462,6/24/2022 14:51,14:51,15,0,0,I-25 SB ON RAMP FROM  & SANTA FE DR S,1,1,3,0,1,8,0,0,40,0,0,0,0,0,4,2,13
,2022-22055,-105.0372809,39.72310383,6/24/2022 14:01,14:01,12,0,0,N NEWTON ST & W 4TH AVE,1,1,0,0,1,4,0,0,25,0,0,0,0,0,4,2,1
,2022-22057,-104.9406128,39.73966237,6/24/2022 14:20,14:20,12,0,0,COLORADO BLVD N & COLFAX AVE E,1,1,0,0,1,4,0,0,35,0,0,0,0,0,2,2,13
,2022-22058,-104.8488819,39.78238128,6/24/2022 13:29,13:29,3,0,0,N PARIS ST & E 47TH AVE,1,1,0,0,1,1,0,0,25,0,0,0,0,0,4,2,11
,2022-22059,-104.7721472,39.77799279,6/24/2022 14:51,14:51,15,0,0,E 45TH AVE & N TOWER RD,1,1,0,0,1,4,0,0,35,0,0,0,0,0,4,2,10
,2022-22060,-104.9828892,39.75106966,6/24/2022 10:35,10:35,3,0,0,PARK AVE W & WELTON ST,1,1,0,0,1,1,0,0,30,0,0,0,0,0,4,2,3
,2022-22062,-104.9874308,39.69663426,6/24/2022 11:25,11:25,3,0,0,MISSISSIPPI AVE W & BROADWAY ST S,1,1,0,0,1,1,0,0,35,0,0,0,0,0,4,2,7
,2022-22063,-104.9936189,39.69130513,6/24/2022 12:24,12:24,15,0,0,SANTA FE DR S & FLORIDA AVE W,1,1,0,0,1,4,0,0,35,0,0,0,0,0,2,2,11
,2022-22065,-104.8827719,39.77439496,6/22/2022 7:03,7:03,12,0,0,N CENTRAL PARK BLVD & E 40TH AVE,1,1,1,0,1,3,0,0,35,0,0,0,0,0,4,2,11
,2022-22066,-105.0532245,39.65717193,6/23/2022 19:05,19:05,6,0,1,SHERIDAN BLVD S & COLGATE PL W,1,1,0,0,3,1,0,0,40,0,0,0,0,2,2,2,1
,2022-22067,-104.6806787,39.8511687,6/23/2022 5:06,5:06,5,0,1,OAKHILL ST N & LOADING DOCK RD,1,1,1,0,5,1,0,0,25,0,0,0,0,2,3,1,14
,2022-22068,-104.9874154,39.73385657,6/24/2022 14:49,14:49,3,0,1,11TH AVE W & BROADWAY ST N,1,1,1,0,1,9,0,0,30,0,0,0,0,1,4,2,16
,2022-22069,-104.9861039,39.74000577,6/24/2022 7:02,7:02,12,0,0,COLFAX AVE E & LINCOLN ST N,1,1,1,0,1,1,0,0,30,0,0,0,0,0,2,2,16
,2022-22071,-104.9786041,39.6929953,6/24/2022 7:36,7:36,15,0,0,LOUISIANA AVE E & BUCHTEL BLVD S,1,1,0,0,1,1,0,0,30,0,0,0,0,0,4,2,8
,2022-22072,-104.9987983,39.74003356,6/24/2022 10:43,10:43,3,0,0,COLFAX AVE W & SPEER BLVD SB,1,1,0,1,1,1,0,0,30,0,0,0,0,0,2,2,16
,2022-22073,-104.9124432,39.74743096,6/23/2022 15:00,15:00,1,0,0,E MONTVIEW BLVD & N MONACO ST,1,1,0,0,1,1,0,0,35,0,0,0,0,0,4,2,11
,2022-22074,-104.9828856,39.67856474,6/24/2022 13:30,13:30,3,0,0,E EVANS AVE & S LOGAN ST,1,1,0,0,1,1,0,0,35,0,0,0,0,1,4,4,14
,2022-22075,-104.9874061,39.74169255,6/23/2022 16:07,16:07,12,0,0,N BROADWAY ST & 16TH ST,1,1,0,0,1,1,0,0,30,0,0,0,0,1,4,2,1
,2022-22076,-104.8658188,39.77212747,6/24/2022 15:06,15:06,12,0,0,E HAVANA ST & N 37TH AVE,1,1,1,0,1,4,0,0,35,0,0,0,0,0,4,2,13
,2022-22077,-104.9729244,39.72626344,6/23/2022 17:00,17:00,6,0,0,600 BLK N DOWNING ST & E 6TH AVE,1,2,1,0,1,4,0,0,30,0,0,0,0,0,4,2,13
,2022-22079,-104.9828856,39.67856474,6/24/2022 10:22,10:22,3,0,0,E EVANS AVE & S LOGAN ST,1,1,0,0,1,1,0,0,35,0,0,0,0,0,4,2,14
,2022-22080,-105.0158538,39.77670204,6/24/2022 17:16,17:16,12,0,0,N ZUNI ST & W 44TH AVE,1,1,0,0,1,4,0,0,25,0,0,0,0,0,4,2,11
,2022-22081,-105.0297404,39.69688248,6/24/2022 15:54,15:54,3,0,0,S IRVING ST & W MISSISSIPPI AVE,1,1,0,0,1,1,0,0,35,0,0,0,0,0,4,2,13
,2022-22082,-104.847029,39.78434346,6/24/2022 22:50,22:50,12,0,0,4700 BLK N PEORIA ST & ALBROOK DRIVE,1,3,0,0,1,4,0,0,40,0,0,0,0,0,4,2,1
,2022-22088,-104.9923983,39.71118394,6/15/2022 7:00,7:00,11,0,1,CHEROKEE ST S & ALAMEDA AVE W,1,1,0,0,1,1,0,0,0,0,1,0,0,2,4,1,16
,2022-22092,-104.9728434,39.72557701,6/24/2022 21:34,21:34,15,0,0,1200 BLK E 6TH AVE & N DOWNING ST,1,3,0,0,1,4,0,0,35,0,0,0,0,0,4,2,13
,2022-22093,-104.8827871,39.77401628,6/10/2022 14:52,14:52,15,0,0,3900 BLK N CENTRAL PARK BLVD & E 40TH AVE,1,1,0,0,1,4,0,0,35,0,0,0,0,0,4,2,16
,2022-22094,-104.9339699,39.67844568,6/24/2022 22:20,22:20,15,0,0,I-25 SB EXIT GORE PT TO & EVANS AVE,1,3,1,0,1,14,0,0,60,0,0,0,0,0,1,5,1
,2022-22096,-104.9619497,39.73505083,5/29/2022 16:19,16:19,3,0,1,12TH AVE E & 2100 BLK E,1,1,0,0,1,9,0,0,,0,0,0,0,3,4,3,16
,2022-22100,-105.0000592,39.74004799,6/24/2022 23:47,23:47,15,0,0,COLFAX AVE W & KALAMATH ST N,1,3,0,0,1,3,0,0,40,0,0,0,0,0,2,2,16
,2022-22104,-104.8098799,39.77324323,6/25/2022 17:47,17:47,12,0,0,N CHAMBERS RD & E 40TH AVE,1,1,0,0,1,4,0,0,40,0,0,0,0,0,4,2,13
,2022-22105,-105.0158333,39.75644107,6/19/2022 15:16,15:16,1,0,0,ZUNI ST N & SPEER BLVD N,1,1,1,0,1,2,0,0,30,0,0,0,0,0,4,2,3
,2022-22108,-105.0250715,39.69674835,6/24/2022 17:54,17:54,1,0,0,FEDERAL BLVD S & MISSISSIPPI AVE W,1,1,0,0,1,1,0,0,35,0,0,0,0,0,2,2,1
,2022-22109,-104.9459795,39.76175331,6/25/2022 13:00,13:00,12,0,0,MLK BLVD & N MADISON ST,1,1,0,0,1,4,0,0,35,0,0,0,0,0,4,3,7
,2022-22110,-104.9733647,39.7532262,6/25/2022 8:23,8:23,6,0,2,25TH AVE E & DOWNING ST N,1,1,0,0,3,4,0,0,30,0,0,0,0,1,4,2,2
,2022-22112,-104.9659521,39.76695953,6/20/2022 17:13,17:13,11,0,1,36TH AVE E & WILLIAMS ST N,1,1,0,0,1,1,0,0,0,0,0,1,0,2,4,1,16
,2022-22113,-104.9223512,39.77828771,6/24/2022 15:03,15:03,12,0,0,I-70 & HOLLY ST,1,1,0,0,1,4,0,0,55,0,0,0,0,0,1,2,13
,2022-22114,-105.0160358,39.72494466,6/25/2022 13:47,13:47,12,0,0,HWY 6 EB DISTRIBUTOR RAMP COLLECTOR END TO & I-25 NB/SB RAMP SPLIT,1,1,1,0,1,8,0,0,45,0,0,0,0,0,2,2,7
,2022-22115,-104.9929399,39.69666191,6/24/2022 19:32,19:32,10,0,1,S PLATTE RIVER DR & W MISSISSIPPI AVE,11,1,0,1,1,3,0,0,45,0,0,0,0,2,2,2,11
,2022-22118,-104.8098793,39.7731883,6/25/2022 16:52,16:52,15,0,0,CHAMBERS RD N & 40TH AVE E,1,1,0,0,1,1,0,0,45,0,0,0,0,0,4,3,1
,2022-22119,-104.9406179,39.73828665,6/20/2022 13:10,13:10,11,0,1,14TH AVE E & COLORADO BLVD N,1,1,0,0,1,1,0,0,35,0,1,0,0,1,2,1,11
,2022-22120,-104.9499123,39.76680948,6/25/2022 11:04,11:04,6,0,1,STEELE ST N (NOT CDOT) & 36TH AVE E,1,1,0,0,3,4,0,0,25,0,0,0,0,2,4,2,2
,2022-22121,-104.77201,39.81824704,6/25/2022 11:55,11:55,1,0,0,E 67TH AVE & E 67TH AVE,1,1,0,0,1,3,0,0,45,0,0,0,0,0,4,2,1
,2022-22122,-105.0145974,39.74197934,5/21/2022 23:00,23:00,15,0,0,I-25 & AURARIA PKWY,1,3,1,0,1,4,0,0,,0,0,0,0,0,1,2,16
,2022-22123,-105.0251112,39.66771796,6/20/2022 11:52,11:52,12,0,1,FEDERAL BLVD S & YALE AVE W,1,1,0,0,1,1,0,0,40,0,0,0,0,1,2,3,3
,2022-22124,-104.8107461,39.77504114,6/24/2022 19:31,19:31,1,0,0,E ANDREWS ST & N GRANBY WAY,1,1,0,0,1,3,0,0,25,0,0,0,0,0,4,2,11
,2022-22126,-104.9406185,39.73469057,6/24/2022 20:50,20:50,15,0,0,COLORADO BLVD N & 12TH AVE E,11,3,0,0,1,1,0,0,40,0,0,0,0,0,2,3,13
,2022-22127,-105.049126,39.7657276,6/25/2022 0:26,0:26,6,0,0,35TH AVE W & WOLFF ST N,1,3,0,0,1,4,0,0,25,0,0,0,0,0,4,3,8
,2022-22128,-104.9129157,39.65308328,6/17/2022 18:36,18:36,15,0,0,S MONACO ST & S MONACO ST,1,1,0,0,1,4,0,0,40,0,0,0,0,0,4,2,7
,2022-22129,-105.0532531,39.75297218,5/28/2022 19:50,19:50,15,0,0,SHERIDAN BLVD N & BYRON PL W,1,1,0,0,1,1,0,0,35,0,0,0,0,0,2,2,11
,2022-22131,-104.9835849,39.7448679,6/19/2022 20:01,20:01,15,0,0,E 18TH AVE & N GRANT ST,1,1,0,0,1,1,0,0,35,0,0,0,0,0,4,2,16
,2022-22154,-105.0127592,39.71115653,6/20/2022 10:25,10:25,12,0,1,ALAMEDA AVE W & TEJON ST S,1,1,0,0,1,1,0,0,35,0,0,0,0,2,2,2,1
,2022-22162,-104.847103,39.77338824,6/20/2022 7:32,7:32,10,0,0,PEORIA ST N & I-70 EB OFF RAMP,1,1,1,0,1,3,0,0,40,0,0,0,0,0,1,2,8
,2022-22163,-104.9593788,39.78017762,6/19/2022 16:50,16:50,15,0,1,I-70 & YORK ST N,1,1,0,0,1,4,0,0,55,0,0,0,0,1,2,2,16
,2022-22166,-104.9216619,39.70722402,6/21/2022 8:06,8:06,1,0,0,LEETSDALE DR 5800 BLK & S HOLLY ST,1,1,0,0,1,2,0,0,35,0,0,0,0,0,4,2,13
,2022-22169,-105.0091051,39.72188902,6/21/2022 9:38,9:38,12,0,2,I-25 NB OFF RAMP EXIT GORE PT TO  & 6TH AVE W,1,1,1,0,1,8,0,0,55,0,0,0,0,1,1,3,16
,2022-22221,-104.8822638,39.77707595,2/13/2022 21:43,21:43,5,0,5,I-70 & HAVANA ST N ,1,3,3,0,3,4,0,0,55,0,0,0,0,3,1,1,13
,2022-22227,-104.9500291,39.69476517,6/26/2022 12:53,12:53,3,0,0,E ARIZONA AVE & S STEELE ST,1,1,0,0,1,1,0,0,25,0,0,0,0,0,4,2,10
,2022-22228,-105.0251483,39.72931358,6/25/2022 18:48,18:48,12,0,0,FEDERAL BLVD N & 8TH AVE W,1,3,0,0,1,4,0,0,35,0,0,0,0,0,2,2,13
,2022-22230,-104.9568123,39.7368106,6/24/2022 22:54,22:54,12,0,1,2500 BLK E 13TH AVE & N ELIZABETH ST,1,3,0,0,1,4,0,0,30,0,0,0,0,2,4,4,1
,2022-22231,-104.9874755,39.70021285,6/25/2022 23:26,23:26,9,0,1,BROADWAY ST S & KENTUCKY AVE W,1,3,0,0,1,1,0,0,35,0,0,0,1,1,4,1,10
,2022-22259,-104.9581384,39.68910445,6/26/2022 14:45,14:45,6,0,0,JOSEPHINE ST S & FLORIDA AVE E,1,1,0,0,1,4,0,0,25,0,0,0,0,0,4,2,12
,2022-22261,-105.0442616,39.68949583,6/26/2022 14:51,14:51,3,0,0,S TENNYSON ST & W FLORIDA AVE,1,1,0,0,1,1,0,0,,0,0,0,0,0,4,2,1
,2022-22262,-105.0064567,39.76942521,6/25/2022 19:02,19:02,6,0,0,N PECOS ST & W 38TH AVE,1,1,0,0,1,4,0,0,25,0,0,0,0,0,4,3,16