id,drcog_id,longitude,latitude,crashtime,time,crashtype,numbkilled,numbinjurd,drcoglocat,rdconditin,lightngcon,roadcntgrd,weatherco,location,roaddescrp,schoolzone,constrzone,splimit,bikeinv,pedinv,sctrinv,motoinv,svrty,rdsystem,ttlvehcls,hcf
,2022-22901,-104.9985875,39.75775881,4/16/2022 20:05,20:05,12,0,0,20TH ST & CHESTNUT PL,1,3,0,0,1,1,0,0,30,0,0,0,0,0,4,2,16
,2022-22902,-105.0252199,39.72541538,6/29/2022 8:34,8:34,12,0,0,W 6TH AVE FWY & N FEDERAL BLVD,1,1,1,0,1,4,0,0,55,0,0,0,0,1,4,3,1
,2022-22905,-105.047824,39.77657077,6/29/2022 10:10,10:10,12,0,0,4700 BLK W 44TH AVE & N WOLFF ST,1,1,0,0,1,4,0,0,30,0,0,0,0,0,4,2,3
,2022-22907,-105.0531322,39.72618049,6/29/2022 7:44,7:44,12,0,0,W 6TH AVE WB ON RAMP & N SHERIDAN BLVD,1,1,1,0,1,3,0,0,35,0,0,0,0,0,4,2,7
,2022-22908,-104.9406066,39.7449556,6/29/2022 9:00,9:00,3,0,0,N COLORADO BLVD & E 18TH AVE,1,1,0,0,1,1,0,0,30,0,0,0,0,0,2,2,1
,2022-22909,-105.0532407,39.78354905,5/6/2022 14:57,14:57,12,0,1,I-70 & N SHERIDAN BLVD,1,1,0,0,1,13,0,0,55,0,0,0,0,1,1,2,16
,2022-22910,-104.8657424,39.77582352,6/29/2022 9:41,9:41,15,0,0,I-70 WB & N HAVANA ST,1,1,0,0,1,4,0,1,55,0,0,0,0,0,1,2,14
,2022-22911,-105.0441141,39.6795743,6/29/2022 17:30,17:30,8,0,0,2100 BLK S TENNYSON ST & W EVANS AVE,1,1,0,0,1,4,0,0,25,0,0,0,0,0,4,2,3
,2022-22912,-104.9504129,39.7511563,6/29/2022 20:27,20:27,5,0,1,2600 BLK E 23RD AVE & N YORK ST,1,2,1,0,3,4,0,0,30,0,0,0,0,3,4,1,1
,2022-22916,-104.9139864,39.74928739,6/25/2022 22:19,22:19,6,0,0,N LOCUST ST & E 22ND AVE,1,3,0,0,1,4,0,0,25,0,0,0,0,0,4,2,16
,2022-22917,-104.9204359,39.72533348,6/25/2022 0:08,0:08,3,0,0,E 6TH AVE & N IVY ST,1,4,0,0,1,1,0,0,30,0,0,0,0,0,4,2,16
,2022-22934,-104.979894,39.74246354,6/26/2022 1:05,1:05,14,0,0,1600 BLK N PEARL ST & E 17TH AVE /  N PEARL ST,1,3,0,0,1,4,0,0,25,0,0,0,0,0,4,2,16
,2022-22936,-105.0250605,39.68949117,5/16/2022 18:40,18:40,3,0,2,S FEDERAL BLVD & W FLORIDA AVE,1,1,0,0,1,1,0,0,,0,0,0,0,2,2,2,16
,2022-22937,-104.917298,39.6529843,5/5/2022 16:30,16:30,12,0,0,HAMPDEN AVE 6100 BLK E & I-25,1,2,0,0,1,4,0,0,35,0,0,0,0,0,2,2,13
,2022-22940,-104.7532995,39.79837372,6/29/2022 5:29,5:29,10,0,0,BLK E 56TH AVE [20300  BLK] & N HIMALAYA RD,1,3,1,0,1,3,0,0,45,0,0,0,0,0,4,2,3
,2022-22941,-104.9859651,39.75133794,5/29/2022 4:30,4:30,6,0,0,2100 BLK STOUT ST & 22ND ST,1,3,0,0,1,4,0,0,25,0,0,0,0,0,4,2,16
,2022-22942,-104.9873899,39.75023608,6/29/2022 0:59,0:59,5,0,0,N BROADWAY & STOUT ST,1,3,0,0,6,10,0,0,35,0,0,0,0,0,4,1,16
,2022-22943,-104.9709051,39.7432406,6/23/2022 20:39,20:39,3,0,3,E 17TH AVE & N LAFAYETTE ST,1,1,0,0,1,1,0,0,25,0,0,0,0,2,4,2,1
,2022-22944,-104.9497854,39.74779385,6/21/2022 8:02,8:02,6,0,0,STEELE ST & 2100 N ,1,1,0,6,1,4,0,0,15,0,0,0,0,0,4,2,16
,2022-22951,-104.9918733,39.75613591,6/28/2022 18:50,18:50,12,0,0,22ND ST & BLAKE ST,1,1,0,0,1,1,0,0,30,0,0,0,0,0,4,2,3
,2022-22952,-104.9057973,39.76745919,6/28/2022 14:20,14:20,6,0,0,E 36TH AVE & N PONTIAC ST,1,1,0,0,1,3,0,0,25,0,0,0,0,0,4,2,16
,2022-22954,-105.0250486,39.67864394,6/28/2022 6:31,6:31,3,0,0,W EVANS AVE & S FEDERAL BLVD,1,1,0,1,1,1,0,0,35,0,0,0,0,0,2,3,13
,2022-22955,-104.8708044,39.67475846,6/11/2022 2:40,2:40,3,0,2,S PARKER RD & E ILIFF AVE,1,3,0,0,1,1,0,0,45,0,0,0,0,2,2,2,16
,2022-22956,-104.9222793,39.77871872,6/28/2022 16:28,16:28,12,0,0,E STAPLETON N DR & N HOLLY ST,1,1,0,0,1,1,0,0,35,0,0,0,0,0,4,2,13
,2022-22957,-104.9407889,39.70930307,6/29/2022 11:01,11:01,1,0,0,S COLORADO BLVD & E DAKOTA AVE,1,1,0,0,1,1,0,0,35,0,0,0,0,0,2,2,11
,2022-22958,-104.9980145,39.74002359,6/29/2022 9:30,9:30,12,0,0,N SPEER BLVD & W COLFAX AVE,1,1,0,0,1,1,0,0,30,0,0,0,0,0,4,2,3
,2022-22963,-105.006425,39.78517668,6/29/2022 17:15,17:15,3,0,0, N PECOS ST [4800 BLK] & W DIXIE PL,1,1,0,0,1,2,0,0,35,0,0,0,0,0,4,2,8
,2022-22970,-104.987575,39.71115786,6/28/2022 17:22,17:22,12,0,0,W ALAMEDA AVE & S BROADWAY ST,1,1,0,0,1,3,0,0,30,0,0,0,0,0,4,2,3
,2022-22972,-104.9406856,39.65301487,6/28/2022 12:00,12:00,3,0,1,S COLORADO BLVD & E HAMPDEN AVE,1,1,0,0,1,1,0,0,30,0,0,0,0,1,2,5,13
,2022-22979,-104.9573365,39.76198281,6/28/2022 10:00,10:00,12,0,0,E MLK BLVD & N COLUMBINE ST,1,1,0,0,1,1,0,0,30,0,0,0,0,0,4,2,3
,2022-22981,-104.9810788,39.7465941,5/18/2022 19:06,19:06,14,0,0,PENNSYLVANIA ST 1900 BLK N  & E 19TH AVE,1,1,0,0,1,4,0,0,25,0,0,0,0,0,4,2,1
,2022-22982,-104.9687485,39.67848954,6/29/2022 14:57,14:57,3,0,0,E EVANS AVE & S FRANKLIN ST,1,1,0,0,1,1,0,0,35,0,0,0,0,1,4,2,16
,2022-22984,-104.9185139,39.65305196,6/28/2022 12:41,12:41,12,0,1,I-25 & E HAMPDEN AVE,1,1,0,0,1,4,0,0,65,0,0,0,0,1,1,3,13
,2022-22985,-104.9105616,39.70103398,6/29/2022 15:58,15:58,15,0,0,S NIAGARA ST & LEETSDALE DR,1,1,0,0,1,4,0,0,25,0,0,0,0,0,4,2,16
,2022-22986,-104.9937843,39.75920986,6/17/2022 22:27,22:27,8,0,0,WEWATTA ST & PARK AVE W,1,3,2,0,1,1,0,0,35,0,0,0,0,0,4,2,14
,2022-22994,-105.0193044,39.75601915,5/22/2022 3:35,3:35,6,0,0,W 27TH AVE & N BRYANT ST,1,4,0,0,1,4,0,0,,0,0,0,0,0,4,2,14
,2022-22995,-105.0142648,39.73625402,6/28/2022 7:26,7:26,12,0,0,I-25 & W ALAMEDA AVE,1,1,3,1,1,4,0,0,55,0,0,0,0,0,1,4,13
,2022-22997,-105.0141402,39.74031599,6/17/2022 23:06,23:06,12,0,0,I-25 & W COLFAX AVE,1,3,3,0,1,4,0,0,55,0,0,0,0,0,1,3,16
,2022-22999,-104.8987254,39.65307764,6/28/2022 10:45,10:45,12,0,0,E HAMPDEN AVE & S TAMARAC ST,1,1,0,0,1,1,0,0,35,0,0,0,0,0,2,2,3
,2022-23001,-104.7904868,39.78339557,6/28/2022 14:17,14:17,15,0,0,OUTBOUND PENA BLVD & MM 4,1,1,0,0,1,4,0,0,65,0,0,0,0,0,4,2,13
,2022-23002,-105.0069914,39.67859874,6/3/2022 0:13,0:13,11,0,1,EVANS AVE 1600 BLK W  & S PECOS ST,1,3,0,0,1,4,0,0,0,0,1,0,0,3,4,1,16
,2022-23003,-104.9957203,39.73685632,6/29/2022 16:16,16:16,10,0,1,W 13TH AVE & N SPEER BLVD,1,1,0,0,1,1,0,0,30,0,0,0,1,2,4,2,1
,2022-23004,-104.8470222,39.7740046,6/25/2022 11:45,11:45,15,0,0,I-70 & N PEORIA ST,1,1,0,0,1,4,0,0,55,0,0,0,0,0,1,2,1
,2022-23009,-105.0141402,39.74031599,6/5/2022 23:35,23:35,15,0,0,I-25 & W COLFAX AVE,1,3,0,0,1,4,0,0,55,0,0,0,0,0,1,2,11
,2022-23010,-104.9441747,39.72560559,6/12/2022 1:40,1:40,5,0,0,3600 BLK E 6TH AVE & N GARFIELD ST,1,3,0,0,2,4,0,1,35,0,0,0,0,0,4,1,16
,2022-23016,-105.025149,39.72933001,6/29/2022 8:35,8:35,12,0,0,W 6TH AVE & N FEDERAL BLVD,1,1,1,0,1,4,0,0,55,0,0,0,0,0,2,3,13
,2022-23017,-104.9672292,39.73840434,6/29/2022 9:06,9:06,3,0,0,N GILPIN ST & E 14TH AVE,1,1,0,0,1,1,0,0,25,0,0,0,0,0,4,2,11
,2022-23056,-105.0001485,39.72570812,1/28/2022 15:21,15:21,15,0,0,N KALAMATH ST & W 6TH AVE,1,1,0,0,1,1,0,0,,0,0,0,0,0,4,2,16
,2022-23058,-105.0052842,39.76484274,4/8/2022 21:01,21:01,6,0,0,OSAGE ST 3400 N  & W 34TH ST,1,4,0,0,1,4,0,0,35,0,0,0,0,0,4,2,16
,2022-23064,-105.0384416,39.72549105,5/3/2022 21:55,21:55,8,0,3,6TH AVE W & N OSCEOLA ST,1,3,2,0,1,13,0,0,55,0,0,0,0,3,2,3,1
,2022-23068,-104.9873869,39.70141073,6/30/2022 13:05,13:05,12,0,0,I-25 & S BROADWAY ST,11,1,1,1,1,4,0,0,55,0,0,0,0,0,1,2,8
,2022-23071,-104.930517,39.65310092,6/29/2022 14:50,14:50,12,0,0,E HAMPDEN AVE & S EUDORA ST,1,1,0,0,1,1,0,0,30,0,0,0,0,0,2,2,3
,2022-23072,-104.986124,39.7354746,6/30/2022 10:45,10:45,6,0,0,1200 N LINCOLN ST & 13TH AVE,1,1,0,0,1,4,0,0,35,0,0,0,0,0,4,2,16
,2022-23073,-104.986246,39.72094006,6/30/2022 11:15,11:15,10,0,0,N LINCOLN ST & E 3RD AVE,1,1,0,0,1,1,0,0,35,0,0,0,0,0,4,2,8
,2022-23074,-104.9902951,39.75490477,6/29/2022 17:30,17:30,12,0,0,22ND ST & MARKET ST,1,1,0,0,1,4,0,0,25,0,0,0,0,1,4,2,3
,2022-23075,-105.0472197,39.70299352,6/30/2022 10:23,10:23,15,0,0,BLK S VRAIN ST [700 BLK] & W ADA PL,1,1,0,0,1,4,0,0,25,0,0,0,0,0,4,2,13
,2022-23076,-104.9754257,39.77296274,6/29/2022 21:02,21:02,3,0,1,38TH ST & N BRIGHTON BLVD,11,3,0,1,1,1,0,0,35,0,0,0,0,2,4,2,16
,2022-23078,-104.940787,39.72492426,7/1/2022 7:29,7:29,12,0,1,N COLORADO BLVD & E 6TH AVE,1,1,0,0,1,4,0,0,35,0,0,0,0,1,2,2,3
,2022-23080,-104.9734181,39.68999371,7/1/2022 11:12,11:12,12,0,0,I-25 NB & S DOWNING ST,1,1,0,0,1,4,0,0,55,0,0,0,0,0,1,2,13
,2022-23083,-105.0459231,39.73670128,6/23/2022 21:02,21:02,6,0,0,W 13TH AVE & N VRAIN ST,1,3,0,0,1,4,0,0,25,0,0,0,0,0,4,2,16
,2022-23085,-104.9929399,39.69666191,6/28/2022 1:59,1:59,3,0,0,W MISSISSIPPI AVE & S PLATTE RIVER DR,1,3,0,0,1,1,0,0,45,0,0,0,0,0,2,2,13
,2022-23088,-104.9944541,39.76818296,6/29/2022 21:58,21:58,12,0,0,I-25 & W 38TH AVE,1,3,0,0,1,4,0,0,55,0,0,0,0,0,1,2,13
,2022-23089,-105.0141494,39.74044681,6/30/2022 16:26,16:26,12,0,0,I-25 SB & W COLFAX AVE,1,1,0,0,1,4,0,0,55,0,0,0,0,0,1,2,3
,2022-23090,-104.9558397,39.72097766,6/30/2022 13:25,13:25,12,0,0,E 3RD AVE & N CLAYTON ST,1,1,0,0,1,1,0,0,25,0,0,0,0,0,4,2,13
,2022-23091,-104.9406224,39.71156102,6/29/2022 11:00,11:00,15,0,0,E ALAMEDA AVE & S COLORADO BLVD,1,1,0,0,1,1,0,0,30,0,0,0,0,0,4,2,3
,2022-23092,-104.9484611,39.78381408,6/22/2022 23:15,23:15,8,0,0,ADAMS ST & 4800 BLK,1,4,0,0,1,3,0,0,25,0,0,0,0,0,4,2,6
,2022-23093,-105.0252044,39.7858866,6/29/2022 18:42,18:42,12,0,0, N FEDERAL BLVD [4900 BLK] & W 49TH AVE,11,1,0,1,1,4,0,0,35,0,0,0,0,0,2,2,10
,2022-23094,-104.986389,39.78954635,6/30/2022 2:00,2:00,6,0,0,5100 N LINCOLN ST & E 51ST AVE,1,3,0,0,1,4,0,0,25,0,0,0,0,0,4,2,3
,2022-23095,-104.9949398,39.76568293,6/30/2022 14:18,14:18,3,0,0,PARK AVE_W & N GLOBEVILLE RD,1,1,1,0,1,1,0,0,35,0,0,0,0,0,4,2,13
,2022-23096,-104.9034009,39.77829351,6/29/2022 13:11,13:11,15,0,0,I-70 EB & N NORTHFIELD QUEBEC ST,1,1,0,0,2,4,0,0,,0,0,0,0,0,1,2,16
,2022-23097,-105.053218,39.73510378,6/30/2022 9:56,9:56,6,0,0,N SHERIDAN BLVD & 1198 BLK,14,5,3,7,1,4,0,0,15,0,0,0,0,0,2,2,16
,2022-23098,-104.9035157,39.72326922,6/30/2022 17:18,17:18,12,0,0,500 N QUEBEC ST & E 6TH AVE,1,1,0,0,1,1,0,0,35,0,0,0,0,0,4,2,13
,2022-23099,-104.9218918,39.69662405,6/29/2022 23:05,23:05,12,0,1,E CHERRY CREEK N DR & S HOLLY ST,1,3,0,0,1,1,0,0,30,0,0,0,0,2,4,2,13
,2022-23100,-104.9852824,39.71936441,6/29/2022 18:30,18:30,6,0,0,203 N SHERMAN ST & E 2ND AVE,1,1,0,0,1,4,0,0,25,0,0,0,0,0,4,2,16
,2022-23101,-104.9605591,39.70386188,6/29/2022 17:00,17:00,3,0,0,S YORK ST & E EXPOSITION AVE,1,1,0,0,1,1,0,0,25,0,0,0,0,0,4,2,3
,2022-23102,-104.9804704,39.75293211,6/25/2022 22:20,22:20,3,0,3,25TH ST & WELTON ST,1,3,0,0,1,1,0,0,25,0,0,0,0,1,4,2,16
,2022-23104,-104.9017452,39.62377074,6/29/2022 16:00,16:00,15,0,0,I-25 & E BELLEVIEW AVE,1,1,0,0,1,4,0,0,65,0,0,0,0,0,1,2,3
,2022-23105,-105.0532376,39.77113503,6/29/2022 18:16,18:16,3,0,0,N SHERIDAN BLVD & W 39TH AVE,1,1,0,0,1,1,0,0,35,0,0,0,0,0,2,3,7
,2022-23108,-104.9250383,39.66749409,6/30/2022 11:56,11:56,3,0,1,E YALE AVE & I-25 NB ENT / EXIT RAMPS,1,1,0,0,1,1,0,0,30,0,0,0,0,1,4,2,13
,2022-23114,-104.9869608,39.75417223,6/29/2022 21:31,21:31,12,0,0,3400 BLK PARK AVE W & N BROADWAY,11,3,1,1,1,3,0,0,35,0,0,0,0,1,4,3,14
,2022-23119,-105.0532184,39.69374031,7/1/2022 18:08,18:08,15,0,1,S SHERIDAN BLVD [1200 BLK] & W ARIZONA AVE,1,1,0,0,1,4,0,0,35,0,0,0,0,1,2,3,11
,2022-23120,-104.9229871,39.65310997,7/1/2022 16:51,16:51,12,0,1,E HAMPDEN AVE & S HOLLY ST,1,1,0,0,1,3,0,0,35,0,0,0,0,1,4,3,16
,2022-23121,-104.9041955,39.69883271,6/30/2022 21:30,21:30,12,0,2,LEETSDALE DR 7200 BLK & S QUEBEC ST,1,3,0,0,1,4,0,0,40,0,0,0,0,2,4,2,3
,2022-23122,-104.9517887,39.74015631,6/27/2022 4:02,4:02,6,0,0,E COLFAX AVE & N MILWAUKEE ST (RD S),1,3,0,0,1,4,0,0,35,0,0,0,0,0,4,2,2
,2022-23125,-105.0510905,39.70043319,6/30/2022 9:30,9:30,11,0,1,W KENTUCKY AVE & S YATES ST,1,1,0,0,1,4,0,0,25,0,1,0,0,3,4,1,6
,2022-23129,-105.0510194,39.70043259,6/30/2022 9:30,9:30,15,0,0,W KENTUCKY AVE & S YATES ST,1,1,0,0,1,4,0,0,30,0,0,0,0,0,4,2,1
,2022-23132,-104.9034331,39.79363252,6/30/2022 16:50,16:50,12,0,0,N QUEBEC ST & E 53RD PL,1,1,0,0,1,4,0,0,35,0,0,0,0,0,4,2,3
,2022-23139,-104.7648974,39.78372349,7/1/2022 20:35,20:35,1,0,1,N ARGONNE ST & E GVR BLVD,1,1,0,0,1,1,0,0,35,0,0,0,0,2,4,2,3
,2022-23141,-105.0042556,39.74814493,7/1/2022 4:56,4:56,5,0,0,AURARIA PKWY & 12TH ST,1,3,0,0,6,1,0,0,30,0,0,0,0,0,4,1,8
,2022-23158,-104.7979599,39.78378637,6/30/2022 21:09,21:09,11,0,1,E GVR BLVD & N MEMPHIS ST,1,3,0,0,1,3,0,0,35,0,1,0,0,2,4,1,11
,2022-23159,-104.9269372,39.73109518,6/30/2022 20:07,20:07,5,0,3,5200 BLK E HALE PKWY & E HALE PKWY / E 9TH AVE,1,1,0,0,6,4,0,0,35,0,0,0,0,2,4,1,1
,2022-23160,-105.0095681,39.72244747,7/1/2022 9:05,9:05,12,0,1,I-25 NB EXIT RAMP & W 6TH AVE FWY,1,1,0,0,1,14,0,0,55,0,0,0,0,1,1,2,8
,2022-23161,-105.0623,39.65298089,7/1/2022 11:12,11:12,12,0,1,W HAMPDEN S FRTG (NOT CDOT) & S HARLAN ST,1,1,0,0,1,4,0,0,30,0,0,0,0,2,4,3,10
,2022-23162,-105.0229975,39.68055196,7/1/2022 18:45,18:45,3,0,0,W ASBURY AVE [2800 BLK] & S DECATUR ST,1,1,0,0,1,2,0,0,25,0,0,0,0,0,4,2,16
,2022-23163,-105.0086642,39.6786281,6/30/2022 12:26,12:26,3,0,0,W EVANS AVE & S RARITAN ST,1,1,0,0,1,1,0,0,25,0,0,0,0,0,4,2,13
,2022-23164,-104.9936163,39.72567571,7/1/2022 8:03,8:03,12,0,0,W 6TH AVE & N DELAWARE ST,1,1,0,0,1,4,0,0,35,0,0,0,0,0,4,2,16
,2022-23165,-104.9874857,39.72253636,7/1/2022 6:50,6:50,1,0,0,E 4TH AVE & N BROADWAY ST,1,1,0,0,1,1,0,0,30,0,0,0,0,1,4,2,11
,2022-23172,-105.0102046,39.75716768,7/2/2022 12:50,12:50,12,0,0,I-25 SB & 20TH ST,1,1,0,0,1,4,0,0,55,0,0,0,0,0,1,3,13
,2022-23174,-105.0114951,39.72369673,7/2/2022 10:05,10:05,12,0,0,I-25 NB & W 6TH AVE ,1,1,0,0,1,4,0,0,55,0,0,0,0,0,1,3,13
,2022-23175,-104.8928505,39.73563101,7/2/2022 1:34,1:34,6,0,0,E 12TH AVE & N UINTA ST,1,3,0,0,1,4,0,0,20,0,0,0,0,0,4,3,14
,2022-23179,-105.0248828,39.68949138,7/1/2022 22:47,22:47,11,0,0, W FLORIDA AVE [2900 BLK] & S FEDERAL BLVD,1,3,0,0,1,1,0,0,35,1,0,0,0,0,2,2,16
,2022-23183,-104.9929399,39.69666191,7/2/2022 2:11,2:11,3,0,0,W MISSISSIPPI AVE & S PLATTE RIVER DR,1,3,0,0,1,1,0,0,45,0,0,0,0,0,2,2,16
,2022-23184,-104.8098846,39.78034556,7/2/2022 15:43,15:43,12,0,0,E BOLLING DR & N CHAMBERS RD,1,1,0,0,1,4,0,0,25,0,0,0,1,1,4,2,7
,2022-23186,-105.0344297,39.76213794,7/1/2022 21:05,21:05,6,0,0,W 32ND AVE & N LOWELL BLVD,1,3,0,0,3,4,0,0,35,0,0,0,0,0,4,3,3
,2022-23191,-104.6685005,39.84686349,6/30/2022 11:44,11:44,15,0,0,PENA BLVD [8300 BLK] & EAST TERMINAL /WEST TERMINAL SPLIT,1,1,0,0,1,4,0,0,45,0,0,0,0,0,2,2,11
,2022-23193,-104.9573567,39.74017922,6/30/2022 19:25,19:25,6,0,0,E COLFAX AVE & N COLUMBINE ST,1,1,0,0,1,4,0,0,25,0,0,0,0,0,4,3,12
,2022-23194,-104.9064292,39.63281723,7/1/2022 21:58,21:58,15,0,0,I-225 & I-25 SB,1,3,0,0,1,8,0,0,,0,0,0,0,0,1,2,16
,2022-23203,-104.8262682,39.77221678,7/1/2022 19:47,19:47,15,0,1,I-70 EB & I-25 SB [FLYOVER RAMP],1,1,0,0,1,4,0,0,55,0,0,0,0,2,1,2,1
,2022-23208,-105.0431914,39.70660579,7/1/2022 20:45,20:45,14,0,1,500 BLK S STUART ST & W CUSTER PL,1,4,0,0,1,4,0,0,20,0,0,0,0,2,4,4,3
,2022-23222,-104.885114,39.63941111,7/2/2022 17:44,17:44,12,0,1,S YOSEMITE ST & I-225 NB,1,1,0,0,1,4,0,0,45,0,0,0,0,1,4,3,14
,2022-23225,-105.0251691,39.73298246,7/1/2022 14:11,14:11,15,0,0,W 10TH AVE & N FEDERAL BLVD,1,1,0,0,1,3,0,0,35,0,0,0,0,0,2,2,16
,2022-23226,-105.0911086,39.61833205,7/3/2022 14:37,14:37,12,0,1,S WADSWORTH BLVD & W CRESTLINE AVE,1,1,0,0,1,1,0,0,45,0,0,0,0,2,2,2,16
,2022-23228,-105.091325,39.62311682,6/21/2022 19:21,19:21,15,0,0,S WADSWORTH BLVD & W BELLEVIEW AVE,1,2,0,0,1,4,0,0,40,0,0,0,0,0,2,2,13
,2022-23235,-104.9405489,39.69294214,7/3/2022 12:17,12:17,1,0,0,S COLORADO BLVD & E LOUISIANA AVE,1,1,0,0,1,1,0,0,45,0,0,0,0,0,2,2,13
,2022-23236,-104.9861163,39.74167869,7/3/2022 9:48,9:48,3,0,1,E 16TH AVE & N LINCOLN ST,1,1,3,0,1,1,0,0,30,0,0,0,0,2,4,2,11
,2022-23237,-105.0307517,39.78360371,7/1/2022 12:14,12:14,5,0,1,I-70 EB & N FEDERAL BLVD,1,1,0,0,1,4,0,0,55,0,0,0,0,2,1,2,16
,2022-23240,-104.940776,39.73048054,5/17/2022 15:45,15:45,12,0,0,N COLORADO BLVD & E 9TH AVE,1,1,0,0,1,1,0,0,30,0,0,0,0,0,2,2,16
,2022-23241,-104.9823198,39.74486785,6/17/2022 22:09,22:09,12,0,0,E 18TH AVE & N LOGAN ST,1,3,0,7,1,1,0,0,35,0,0,0,0,0,4,2,1
,2022-23242,-104.8828808,39.77822874,7/2/2022 23:59,23:59,1,0,0,N CENTRAL PARK BLVD & I-70 WB ENT RAMP ,1,3,0,0,1,1,0,0,35,0,0,0,0,0,4,2,16
,2022-23244,-104.9873778,39.7572814,6/14/2022 11:30,11:30,15,0,1,2400 BLK N BROADWAY ST & LARIMER SR,1,1,0,0,1,4,0,0,30,0,0,0,0,2,4,2,1
,2022-23245,-105.0069252,39.77901391,7/2/2022 23:50,23:50,6,0,0,W CHAFFEE PL & N QUIETO CT,1,3,0,0,1,3,0,0,20,0,0,0,0,0,4,2,8
,2022-23246,-104.9974347,39.73817142,7/2/2022 23:43,23:43,12,0,0, N SPEER BLVD [1300 BLK] & MARKET ST,1,3,0,0,1,3,0,0,30,0,0,0,0,0,4,2,16
,2022-23247,-104.9861232,39.7352747,6/30/2022 7:43,7:43,2,0,0,E 12TH AVE & N LINCOLN ST,1,1,0,0,1,1,0,0,30,1,0,0,0,0,4,2,13
,2022-23248,-104.9408883,39.68009485,7/2/2022 8:34,8:34,15,0,0,S COLORADO BLVD & E BUTCHEL BLVD,1,1,0,0,1,1,0,0,35,0,0,0,0,0,4,2,8
,2022-23249,-104.9400729,39.78302201,7/3/2022 6:19,6:19,12,0,0,E STAPLETON S DR & N HOLLY ST,1,1,0,0,1,3,0,0,,0,0,0,0,0,4,2,7
,2022-23250,-104.9025336,39.76737975,7/2/2022 17:50,17:50,12,0,0,N QUEBEC ST & E 36TH AVE,1,1,0,0,1,4,0,0,35,0,0,0,0,1,4,2,13
,2022-23252,-104.9810986,39.74970596,7/2/2022 21:36,21:36,12,0,0,TREMONT PL & PARK AVE WEST,1,3,0,0,1,4,0,0,30,0,0,0,0,0,4,2,14
,2022-23259,-104.9404899,39.68568272,7/2/2022 21:23,21:23,12,0,0,E MEXICO AVE & S COLORADO BLVD,1,3,0,0,1,3,0,0,30,0,0,0,0,0,4,2,3
,2022-23267,-105.0910499,39.62415457,6/7/2022 10:59,10:59,15,0,0,W BELLEVIEW AVE & S WADSWORTH BLVD,1,1,0,0,1,1,0,0,40,0,0,0,0,0,2,2,3
,2022-23280,-104.9918825,39.69666007,7/2/2022 22:50,22:50,1,0,2,W MISSISSIPPI AVE & S SANTA FE DR,1,3,0,0,1,1,0,0,30,0,0,0,0,2,2,2,11
,2022-23304,-105.0357946,39.79070892,6/27/2022 10:06,10:06,6,0,0,MEADE ST 5100 BLK N  & W 52ND AVE,1,1,0,0,1,4,0,0,25,0,0,0,0,0,4,2,16
,2022-23340,-104.9891643,39.77938956,6/27/2022 7:15,7:15,12,0,0,I-25 & I-70 ,1,1,1,0,1,4,0,0,55,0,0,0,0,0,1,3,16
,2022-23347,-104.9873733,39.75721283,5/14/2022 23:22,23:22,11,0,1,N BROADWAY ST & LARIMER ST,1,3,0,0,1,4,0,0,0,0,1,0,0,3,4,1,16
,2022-23375,-104.91256,39.72533832,6/27/2022 15:40,15:40,3,0,0,E 6TH AVE & N MONACO ST,1,1,0,0,1,1,0,0,25,0,0,0,0,0,4,2,13
,2022-23379,-105.0127004,39.75514564,6/28/2022 9:10,9:10,12,0,1,I-25 & N SPEER BLVD,1,1,0,0,1,4,0,0,55,0,0,0,0,1,1,2,16
,2022-23380,-104.8825791,39.79133461,6/24/2022 10:35,10:35,3,0,1,N CENTRAL PARK BLVD & E PRAIRIE MEADOW,1,1,0,0,1,1,0,0,0,1,0,0,0,3,4,1,16
,2022-23384,-104.9025336,39.76737975,6/26/2022 16:15,16:15,12,0,1,N QUEBEC ST & E 36TH AVE,1,1,0,0,1,1,0,0,35,0,0,0,0,3,4,2,16
,2022-23386,-104.7696925,39.78363479,5/31/2022 20:19,20:19,12,0,0,GREEN VALLEY RANCH BLVD & 18600 BLK E ,11,3,0,1,1,2,0,0,,0,0,0,0,0,4,2,16
,2022-23387,-104.9017452,39.62377074,6/29/2022 15:20,15:20,12,0,1,I-25 SB  & E BELLEVIEW AVE,1,1,0,0,1,4,0,0,65,0,0,0,0,1,1,2,16
,2022-23389,-104.9609934,39.75697889,6/11/2022 21:19,21:19,3,0,1,N GAYLORD ST & E 28TH AVE,1,3,0,0,1,1,0,0,30,0,0,0,0,2,4,4,16
,2022-23391,-104.9337605,39.67845081,7/3/2022 23:04,23:04,3,0,2,E EVANS AVE & I-25 NB EXIT RAMP ,1,3,0,0,1,1,0,0,30,0,0,0,0,1,4,2,1
,2022-23407,-104.9339699,39.67844568,6/27/2022 14:17,14:17,12,0,0,I-25 & E EVANS AVE,14,5,3,7,1,1,0,0,35,0,0,0,1,0,4,2,1
,2022-23408,-105.0131182,39.72551753,7/3/2022 11:46,11:46,12,0,1,I-25 NB & W 6TH AVE EXIT RAMP [GORE PT],1,1,3,0,1,14,0,0,55,0,0,0,0,1,1,3,13
,2022-23409,-104.9874355,39.72563832,7/3/2022 3:40,3:40,3,0,1,W 6TH AVE & N BROADWAY ST,1,3,0,0,1,1,0,0,35,0,0,0,0,2,4,2,3