id,drcog_id,longitude,latitude,crashtime,time,crashtype,numbkilled,numbinjurd,drcoglocat,rdconditin,lightngcon,roadcntgrd,weatherco,location,roaddescrp,schoolzone,constrzone,splimit,bikeinv,pedinv,sctrinv,motoinv,svrty,rdsystem,ttlvehcls,hcf
,2022-23410,-104.9339699,39.67844568,5/31/2022 8:21,8:21,12,0,0,I-25 & E EVANS AVE,1,1,0,1,1,4,0,0,60,0,0,0,0,0,1,2,16
,2022-23411,-104.9943637,39.76822239,6/19/2022 19:54,19:54,15,0,0,I-25 & W 38TH AVE,1,3,0,0,1,4,0,0,55,0,0,0,0,0,1,2,16
,2022-23412,-104.9671121,39.78013827,6/21/2022 19:37,19:37,5,0,0,I-70 & BRIGHTON BLVD,1,1,1,0,2,13,0,0,55,0,0,0,0,0,1,4,8
,2022-23413,-104.9222705,39.6794604,6/17/2022 15:00,15:00,15,0,1,2000 BLK S HOLLY ST & E EVANS AVE,1,1,0,0,1,4,0,0,30,0,0,0,0,2,4,2,1
,2022-23415,-105.0008912,39.71446787,6/29/2022 19:08,19:08,15,0,0,I-25 SB & W ALAMEDA AVE SB EXIT RAMP [GORE PT],1,1,0,0,1,4,0,0,,0,0,0,1,0,1,2,16
,2022-23416,-105.0140427,39.74031397,7/4/2022 1:58,1:58,12,0,2,W COLFAX AVE & I-25 SB,1,4,0,0,1,3,0,0,40,0,0,0,0,2,2,2,16
,2022-23423,-104.8996582,39.78120966,6/6/2022 16:17,16:17,12,0,0,I-270 & N QUEBEC ST,1,1,3,0,1,4,0,0,45,0,0,0,0,0,1,2,16
,2022-23428,-105.0532495,39.70038951,7/3/2022 22:27,22:27,12,0,0,S SHERIDAN BLVD & W KENTUCKY AVE,1,3,0,0,1,4,0,0,35,0,0,0,0,0,2,2,10
,2022-23429,-105.028744,39.77481622,7/3/2022 23:33,23:33,6,0,0,W 42ND AVE & N HOOKER ST,1,3,0,0,3,4,0,0,35,0,0,0,0,0,4,2,3
,2022-23430,-104.9222799,39.77798169,7/4/2022 12:16,12:16,3,0,0,E STAPLETON S DR & N HOLLY ST,1,1,0,0,1,1,0,0,35,0,0,0,0,0,4,2,8
,2022-23432,-104.8017099,39.78379737,7/3/2022 20:28,20:28,3,0,0,E GVR BLVD & N KITTREDGE ST,1,1,0,0,1,1,0,0,30,0,0,0,0,1,4,2,16
,2022-23438,-104.9891814,39.7801983,4/21/2022 5:15,5:15,15,0,0,I-25 & I-70,1,2,1,0,1,4,0,0,55,0,0,0,0,0,1,2,13
,2022-23439,-104.9312682,39.71120636,5/6/2022 15:24,15:24,1,0,3,ALAMEDA AVE & COLORADO BLVD,1,1,1,0,1,1,0,0,35,0,0,0,0,2,4,3,11
,2022-23447,-105.025078,39.69856453,6/30/2022 15:13,15:13,15,0,0,S FEDERAL BLVD [1000 BLK] & W TENNESSEE AVE,1,1,0,0,1,4,0,0,35,0,0,0,0,0,2,2,1
,2022-23454,-105.0139411,39.74036804,6/27/2022 4:38,4:38,15,0,0,I-25 & W COLFAX AVE,1,4,0,0,1,4,0,0,55,0,0,0,0,0,1,2,16
,2022-23457,-104.9105576,39.70024348,6/30/2022 18:51,18:51,6,0,1,900 S NIAGARA ST & E TENNESSEE AVE,1,1,0,0,1,1,0,0,25,0,0,0,0,2,4,2,16
,2022-23459,-105.0523992,39.65335733,7/3/2022 23:18,23:18,5,0,0,W HAMPDEN AVE [4900 BLK] & S SHERIDAN BLVD,1,3,0,0,2,4,0,0,55,0,0,0,0,0,2,1,16
,2022-23465,-104.9799108,39.7400086,6/24/2022 10:01,10:01,11,0,1,N PEARL ST & E COLFAX AVE,1,1,0,0,1,3,0,0,0,0,1,0,0,3,4,1,16
,2022-23473,-104.9610021,39.74549165,6/15/2022 16:00,16:00,6,0,0,1800 BLK N GAYLORD ST & 18TH AVE,1,1,0,0,1,1,0,0,25,0,0,0,0,0,4,2,16
,2022-23481,-104.9908308,39.75159036,6/26/2022 0:44,0:44,11,0,1,20TH ST & ARAPAHOE ST,1,3,0,0,1,1,0,0,,0,0,1,0,2,4,1,16
,2022-23484,-104.8472916,39.77339157,7/1/2022 7:05,7:05,12,0,0,I-70 EB RAMP & NORTH PEORIA ST,1,1,1,0,1,8,0,0,35,0,0,0,0,0,1,2,11
,2022-23485,-104.9837951,39.72334102,6/4/2022 22:22,22:22,11,0,1,N GRANT ST & E SPEER BLVD,1,3,0,0,1,3,0,0,25,0,0,1,0,3,4,1,16
,2022-23487,-104.9161566,39.73838815,6/30/2022 15:17,15:17,15,0,1,N KRAMERIA ST & E 14TH AVE,11,1,0,1,1,4,0,0,30,0,0,0,0,2,4,3,13
,2022-23491,-105.0358048,39.75485616,6/29/2022 12:03,12:03,15,0,0,W 26TH AVE & N MEADE ST,1,1,0,0,1,1,0,0,30,0,0,0,0,0,4,2,16
,2022-23514,-105.034643,39.76954783,7/4/2022 11:42,11:42,11,0,1,N LOWELL BLVD & W 38TH AVE,1,1,0,0,1,1,0,0,30,0,1,0,0,1,4,1,13
,2022-23527,-104.9985747,39.75774928,6/7/2022 17:12,17:12,2,0,1,20TH ST & CHESTNUT PL,1,1,0,0,1,1,0,0,0,1,0,0,0,3,4,1,16
,2022-23561,-105.0347073,39.63859364,7/3/2022 10:15,10:15,3,0,0,W QUINCY AVE & S LOWELL BLVD,1,1,0,1,1,1,0,0,25,0,0,0,0,0,4,2,13
,2022-23563,-104.8904944,39.76301389,6/30/2022 17:15,17:15,12,0,0,E 33RD AVE & N CENTRAL PARK BLVD,1,1,0,0,1,3,0,0,35,0,0,0,0,1,4,3,16
,2022-23564,-104.9181861,39.65297726,6/13/2022 17:40,17:40,12,0,0,E HAMPDEN AVE & I-25,1,1,0,0,1,1,0,0,,0,0,0,0,0,2,2,1
,2022-23565,-104.9941408,39.73501595,6/23/2022 0:32,0:32,15,0,0,ELATI ST & W 12TH AVE,1,3,0,0,1,4,0,0,,0,0,0,0,0,4,4,16
,2022-23568,-104.9971408,39.711194,6/28/2022 19:30,19:30,12,0,0,W ALAMEDA AVE & S SANTA FE DR,1,2,0,0,1,1,0,0,,0,0,0,0,0,4,2,16
,2022-23570,-104.9988391,39.7414031,6/9/2022 21:42,21:42,3,0,0,STOUT ST & N SPEER BLVD,1,3,0,0,1,1,0,0,35,0,0,0,0,0,4,2,16
,2022-23571,-105.0142377,39.74044894,5/21/2022 17:30,17:30,12,0,0,W COLFAX AVE & I-25 ,1,3,0,0,1,1,0,0,55,0,0,0,0,0,2,2,16
,2022-23573,-104.9027525,39.76119728,7/5/2022 7:45,7:45,3,0,0,N QUEBEC ST & E MLK BLVD,1,1,0,0,1,3,0,0,35,0,0,0,0,0,4,2,16
,2022-23576,-104.9600406,39.73074755,7/3/2022 12:17,12:17,15,0,0,N YORK ST [900 BLK] & W. 9TH AVE,1,1,0,0,1,4,0,0,30,0,0,0,0,0,4,2,3
,2022-23577,-105.0532475,39.76912845,7/5/2022 12:56,12:56,12,0,1, N SHERIDAN BLVD [3700 BLK] & W 38TH AVE,1,1,0,0,1,4,0,0,35,0,0,0,0,1,2,2,16
,2022-23578,-105.0520692,39.73730792,6/26/2022 15:30,15:30,6,0,0,N ZENOBIA ST & W 13TH AVE,1,1,1,0,1,4,0,0,,0,0,0,0,0,4,2,16
,2022-23579,-104.8967344,39.68933342,7/4/2022 20:59,20:59,6,0,0,S QUEBEC WY & E FLORIDA AVE,1,4,1,0,3,4,0,0,35,0,0,0,0,0,4,3,3
,2022-23581,-104.9600406,39.73074755,7/3/2022 13:53,13:53,15,0,0,N YORK ST  & W 9TH AVE,1,1,3,0,1,4,0,0,30,0,0,0,0,0,4,2,8
,2022-23584,-104.9972905,39.73901246,6/28/2022 14:32,14:32,6,0,0,SPEER BLVD & 1450 N ,1,1,0,0,5,7,0,0,,0,0,0,0,0,3,2,13
,2022-23585,-104.9769075,39.71110267,7/5/2022 8:08,8:08,3,0,1,E ALAMEDA AVE & S EMERSON ST,1,1,0,0,1,1,0,0,35,0,0,0,0,2,4,4,11
,2022-23586,-104.9887414,39.68757734,7/5/2022 11:49,11:49,3,0,0,S ACOMA ST & W IOWA AVE,1,1,1,0,1,1,0,0,25,0,0,0,0,0,4,2,7
,2022-23591,-104.9919436,39.68729783,6/4/2022 19:43,19:43,15,0,0,S SANTA FE DR & E IOWA AVE,1,1,0,0,1,4,0,0,,0,0,0,0,0,2,2,16
,2022-23596,-104.8471884,39.79823811,7/1/2022 23:54,23:54,12,0,0,E 56TH AVE & N PEORIA ST,1,3,0,0,1,4,0,0,40,0,0,0,0,0,4,3,16
,2022-23598,-105.0001485,39.72570812,3/25/2022 11:48,11:48,15,0,0,W 6TH AVE & N KALAMATH ST,1,1,0,0,1,4,0,0,35,0,0,0,0,0,4,2,16
,2022-23602,-104.9601706,39.72560765,6/21/2022 16:00,16:00,12,0,0,E 6TH AVE & N YORK ST,1,1,0,0,1,1,0,0,,0,0,0,0,0,4,2,16
,2022-23603,-104.9986003,39.75776834,7/4/2022 16:52,16:52,10,0,0,20TH ST & CHESTNUT PL,1,1,1,0,1,3,0,0,30,0,0,0,0,1,4,2,14
,2022-23606,-104.9861255,39.73585634,7/1/2022 11:20,11:20,12,0,0,N LINCOLN ST & E 13TH AVE,1,1,0,0,1,4,0,0,35,0,0,0,0,0,4,3,3
,2022-23609,-104.9677605,39.77787572,6/6/2022 8:45,8:45,15,0,0,BRIGHTON BLVD & 4300 N ,1,1,0,0,1,4,0,1,,0,0,0,0,0,4,2,16
,2022-23610,-104.7960153,39.77283023,7/4/2022 18:30,18:30,3,0,3,E 40TH AVE & N AIRPORT WAY,1,1,0,0,1,1,0,0,25,0,0,0,0,2,4,2,16
,2022-23612,-105.0513605,39.65617782,7/4/2022 12:15,12:15,15,0,0, W DARTMOUTH AVE  & 5100 BLK,1,1,0,1,1,4,0,0,30,0,0,0,0,0,4,2,13
,2022-23613,-104.9911194,39.75368281,7/3/2022 18:49,18:49,15,0,0, LARIMER STREET & 2100 BLK,1,1,0,0,1,4,0,0,35,0,0,0,0,0,4,2,8
,2022-23614,-104.6724894,39.84606341,7/5/2022 6:22,6:22,6,0,0,PENA BLVD [8240 BLK] & WEST GARAGE LEVEL 5,1,1,1,0,1,4,0,0,10,0,0,0,0,0,4,3,7
,2022-23615,-105.0351539,39.72576103,6/19/2022 1:50,1:50,5,0,0,W 6TH AVE & N LOWELL BLVD,1,3,0,0,3,4,0,0,35,0,0,0,0,0,4,1,16
,2022-23617,-104.9741877,39.73204855,6/18/2022 21:00,21:00,6,0,0,E 10TH AVE & N CORONA ST,1,4,0,0,1,3,0,0,,0,0,0,0,0,4,2,16
,2022-23618,-104.9407671,39.73495445,6/14/2022 19:30,19:30,12,0,0,N COLORADO BLVD & E 12TH AVE,1,1,0,0,1,1,0,0,35,0,0,0,0,0,2,2,7
,2022-23619,-104.8304081,39.77668609,7/2/2022 9:00,9:00,6,0,0, N CORNISH WAY [4400 BLK] & E ALBROOK DR,1,1,0,0,1,4,0,0,25,0,0,0,0,0,4,2,3
,2022-23620,-104.9754257,39.77296274,6/14/2022 4:58,4:58,3,0,0,38TH ST & N BRIGHTON BLVD,1,3,0,0,1,3,0,0,30,0,0,0,0,0,4,2,1
,2022-23621,-104.9725214,39.73046009,7/5/2022 6:27,6:27,6,0,0, E 9TH AVE [1200 BLK] & N DOWNING ST,1,1,0,1,1,4,0,0,25,0,0,0,0,0,4,2,16
,2022-23622,-104.7718785,39.83341565,7/5/2022 0:32,0:32,3,0,1,N TOWER RD & PENA BLVD ,1,3,0,0,1,1,0,0,35,0,0,0,0,2,4,2,16
,2022-23623,-105.078689,39.66774763,7/4/2022 12:30,12:30,12,0,0,W YALE AVE & S WEBSTER ST,1,1,0,0,1,1,0,0,25,0,0,0,0,0,4,2,13
,2022-23624,-104.9742831,39.76308199,7/1/2022 8:30,8:30,3,0,0,33RD ST & CURTIS ST,1,1,0,0,1,1,0,0,25,0,0,0,0,0,4,2,11
,2022-23626,-105.0250228,39.72349116,7/5/2022 11:56,11:56,1,0,0,N FEDERAL BLVD & W 5TH AVE,1,1,0,0,1,1,0,0,35,0,0,0,0,0,2,2,11
,2022-23627,-104.8999175,39.62802211,7/2/2022 10:00,10:00,3,0,1,E UNION AVE & S SYRACUSE ST,1,1,0,0,1,1,0,0,35,0,0,0,0,2,4,2,3
,2022-23628,-104.9953008,39.73845398,7/5/2022 9:14,9:14,3,0,0,W 14TH AVE & N FOX ST,1,1,0,1,1,1,0,0,25,0,0,0,0,0,4,2,13
,2022-23629,-104.9775368,39.74484773,7/4/2022 16:15,16:15,3,0,1,E 18TH AVE & N CLARKSON ST,1,1,0,0,1,1,0,0,30,0,0,0,0,1,4,2,8
,2022-23630,-104.9927191,39.74744493,7/4/2022 14:20,14:20,12,0,0,17TH ST & CHAMPA ST,1,1,0,0,1,1,0,0,30,0,0,0,0,0,4,2,13
,2022-23631,-104.9357502,39.7797951,6/19/2022 19:00,19:00,2,0,1,STAPLETON SOUTH DR & N DAHLIA ST,1,3,0,0,1,4,0,0,,1,0,0,0,3,4,1,16
,2022-23632,-104.994537,39.76814685,6/16/2022 4:09,4:09,15,0,0,I-25 & PARK AVE,1,3,1,0,1,4,0,0,,0,0,0,0,0,1,2,16
,2022-23636,-104.9861489,39.7293417,6/9/2022 5:47,5:47,6,0,0,N LINCOLN ST & E 8TH AVE,1,2,1,0,1,4,0,0,30,0,0,0,0,0,4,2,16
,2022-23637,-104.9152339,39.65315813,7/4/2022 12:56,12:56,12,0,0,E HAMPDEN AVE & S LOCUST ST,1,1,0,0,1,3,0,0,45,0,0,0,0,0,2,2,3
,2022-23638,-104.9405105,39.77287971,7/4/2022 16:21,16:21,3,0,0,E 40TH AVE [3900 BLK] & N COLORADO BLVD,1,1,0,0,1,2,0,0,30,0,0,0,0,0,2,2,11
,2022-23640,-104.9976458,39.73845852,7/4/2022 13:03,13:03,8,0,0,N SPEER BLVD & W 14TH AVE,1,1,0,0,1,1,0,0,35,0,0,0,0,0,4,2,11
,2022-23641,-105.0346072,39.74857606,6/12/2022 19:15,19:15,6,0,0,2000 BLK N LOWELL BLVD & W 21ST AVE,1,1,0,0,1,4,0,0,30,0,0,0,0,0,4,2,16
,2022-23642,-104.8940282,39.74210226,7/3/2022 15:30,15:30,6,0,0,1600 BLK N ULSTER ST & E 16TH AVE,1,2,1,0,1,4,0,0,25,0,0,0,0,0,4,2,16
,2022-23645,-104.9809325,39.7475449,7/4/2022 9:23,9:23,6,0,0,400 BLK E 20TH AVE & N. PENNSYLVANIA AVE,1,1,0,0,1,4,0,0,30,0,0,0,0,0,4,2,14
,2022-23646,-104.7857899,39.78363898,7/2/2022 14:01,14:01,12,0,0,17400 BLK E GVR BLVD & N SALIDA ST,1,1,0,0,1,3,0,0,35,0,0,0,0,1,4,2,3
,2022-23648,-104.8907428,39.72008792,6/10/2022 22:58,22:58,5,0,0,E LOWRY BLVD & N UINTA WAY,1,3,0,0,2,1,0,0,30,0,0,0,0,0,4,1,16
,2022-23649,-104.675088,39.84779411,6/27/2022 15:04,15:04,16,0,0,84TH AVE 26700 BLK E & PENA BLVD INBOUND ,1,1,0,0,5,3,0,0,,0,0,0,0,0,3,2,16
,2022-23650,-104.9129626,39.68193597,6/22/2022 11:43,11:43,12,0,0,S MONACO ST & E JEWELL AVE,1,1,0,0,1,4,0,0,35,0,0,0,0,0,4,2,16
,2022-23651,-105.0250817,39.70765614,7/3/2022 17:12,17:12,3,0,1, S FEDERAL BLVD [500 BLK] & W VIRGINIA AVE,1,1,1,0,1,2,0,0,40,0,0,0,0,2,2,2,11
,2022-23654,-104.9311589,39.83782768,7/5/2022 4:54,4:54,3,0,1,N ELK ST & E 78TH AVE,1,2,0,0,1,1,0,0,45,0,0,0,0,2,4,2,11
,2022-23655,-104.99707,39.75082379,7/5/2022 8:15,8:15,3,0,1,17TH ST & MARKET ST,1,1,0,0,1,1,0,0,25,0,0,0,0,2,4,2,11
,2022-23660,-104.9734196,39.68888184,7/5/2022 13:28,13:28,3,0,2,E BUCHTEL BLVD & S DOWNING ST,1,1,0,0,1,3,0,0,30,0,0,0,0,1,4,2,7
,2022-23661,-104.9429096,39.72795353,7/3/2022 7:20,7:20,6,0,0,730 N JACKSON ST & E 7TH AVE,1,1,0,0,1,4,0,0,25,0,0,0,0,0,4,2,16
,2022-23663,-104.9828856,39.67856474,7/5/2022 7:59,7:59,12,0,0,E EVANS AVE & S LOGAN ST,1,1,0,0,1,1,0,0,30,0,0,0,0,0,4,2,10
,2022-23664,-105.034617,39.76303124,5/21/2022 23:05,23:05,6,0,0,N LOWELL BLVD & W MONCRIEFF PL,1,1,0,0,1,4,0,0,25,0,0,0,0,0,4,2,16
,2022-23666,-104.9987983,39.74003356,6/27/2022 18:45,18:45,3,0,4,W COLFAX AVE & N SPEER BLVD,14,5,3,7,1,1,0,0,35,0,0,0,0,2,2,2,11
,2022-23667,-105.0252054,39.78561196,6/19/2022 18:26,18:26,3,0,0,W 49TH AVE & N FEDERAL BLVD,1,1,3,0,1,1,0,0,,0,0,0,0,0,2,2,16
,2022-23669,-104.9874029,39.73045372,7/1/2022 14:55,14:55,3,0,0,N BROADWAY ST & W 9TH AVE,1,1,0,0,1,1,0,0,35,0,0,0,0,0,4,2,13
,2022-23670,-104.7697729,39.79848011,6/24/2022 1:00,1:00,5,0,0,65TH AVE 18700 BLK E  & N ARGONNE ST,1,3,0,0,2,1,0,0,35,0,0,0,0,0,4,1,7
,2022-23744,-104.9410212,39.7209636,7/6/2022 8:11,8:11,12,0,0,E 3RD AVE & N COLORADO BLVD,1,1,1,0,1,4,0,0,25,0,0,0,0,0,4,2,11
,2022-23751,-104.9579157,39.78195272,7/6/2022 4:00,4:00,6,0,0,2400 BLK E 47TH AVE & N JOSEPHINE ST,1,3,0,0,1,4,0,0,25,0,0,0,0,0,4,2,1
,2022-23758,-105.0250306,39.72571569,7/2/2022 1:50,1:50,5,0,0,6TH AVE WB EXIT RAMP [GORE PT] & N FEDERAL BLVD,1,3,1,0,2,4,0,0,55,0,0,0,0,0,2,1,1
,2022-23759,-104.8817106,39.64095343,7/6/2022 0:09,0:09,5,0,1,I-225 SB & S TAMARAC ST,1,3,1,0,3,4,0,0,55,0,0,0,0,1,1,1,14
,2022-23762,-105.0532347,39.74743164,6/13/2022 13:50,13:50,15,0,0,N SHERIDAN BLVD & W 20TH AVE,1,1,0,0,1,4,0,0,35,0,0,0,0,0,2,2,1
,2022-23766,-105.0314579,39.70312859,6/19/2022 3:00,3:00,6,0,0,3400 BLK W WALSH PL & S KNOX CT,1,4,0,0,1,4,0,0,25,0,0,0,0,0,4,2,16
,2022-23773,-105.043565,39.77249014,6/23/2022 10:17,10:17,6,0,0,41ST AVE 4300 BLK W  & N TENNYSON ST,1,1,0,0,1,4,0,0,25,0,0,0,0,0,4,2,16
,2022-23774,-104.958237,39.77767429,6/23/2022 12:00,12:00,6,0,0,N JOSEPHINE ST & E 44TH AVE,1,1,0,0,1,1,0,0,30,0,0,0,0,0,4,2,11
,2022-23785,-104.8658291,39.79014831,5/20/2022 0:18,0:18,12,0,0,N HAVANA ST & E 51ST AVE,1,3,0,0,1,1,0,0,40,0,0,0,0,0,4,3,3
,2022-23788,-105.0349128,39.71815532,7/6/2022 11:34,11:34,3,0,0,N LOWELL BLVD & W 1ST AVE,1,1,1,0,1,1,0,0,25,0,0,0,0,0,4,2,16
,2022-23794,-105.0532498,39.72565601,7/6/2022 14:12,14:12,12,0,0,W 6TH AVE WB EXIT RAMP & N SHERIDAN BLVD,1,1,1,0,1,3,0,0,25,0,0,0,0,0,2,2,3
,2022-23796,-104.9419874,39.78010085,7/5/2022 17:35,17:35,15,0,0,I-70 & COLORADO BLVD,1,1,0,0,1,13,0,0,55,0,0,0,0,0,1,2,13
,2022-23798,-104.9106934,39.63926724,7/6/2022 7:28,7:28,15,0,0,I-25 & I-225 SB OFF RAMP,1,1,0,0,1,14,0,0,65,0,0,0,0,0,1,2,13
,2022-23802,-104.9054863,39.62415235,7/6/2022 12:06,12:06,10,0,0,E BELLEVIEW AVE & S OLIVE ST,1,1,0,0,1,3,0,0,35,0,0,0,0,0,2,2,11
,2022-23803,-104.9720459,39.77039456,6/16/2022 16:30,16:30,15,0,0,38TH ST & WALNUT ST,1,1,0,0,1,4,0,0,30,0,0,0,0,0,4,2,16
,2022-23808,-104.9733924,39.71472896,7/6/2022 8:53,8:53,3,0,1,S DOWNING ST & E BAYAUD AVE,1,1,0,0,1,1,0,0,30,0,0,0,0,2,4,2,11
,2022-23810,-105.025041,39.68768533,7/6/2022 14:23,14:23,12,0,1,FEDERAL BLVD [1500 BLK] & W IOWA AVE,1,1,0,0,1,4,0,0,35,0,0,0,0,1,2,2,16
,2022-23812,-105.0301444,39.77062696,6/27/2022 19:00,19:00,6,0,0,3300 BLK W 39TH AVE & N IRVING ST,1,1,0,0,1,4,0,0,25,0,0,0,0,0,4,4,3
,2022-23813,-104.9407884,39.7146587,7/5/2022 11:00,11:00,15,0,0,N COLORADO BLVD & E BAYAUD AVE,1,1,0,0,1,1,0,0,30,0,0,0,0,0,2,2,3
,2022-23814,-104.7744575,39.78590654,7/5/2022 12:15,12:15,6,0,0,E 61ST AVE & N YAMPA ST,1,1,0,0,1,4,0,1,20,0,0,0,0,0,4,2,13
,2022-23815,-104.9383204,39.73103454,7/6/2022 17:21,17:21,1,0,0,N ASH ST & E 9TH AVE,1,1,0,0,1,1,0,0,25,0,0,0,0,0,4,2,13
,2022-23817,-105.0212372,39.76442214,7/5/2022 16:04,16:04,6,0,0,W 34TH AVE [2700 BLK] & N CLAY ST,1,1,0,0,1,4,0,0,25,0,0,0,0,0,4,4,2
,2022-23818,-104.9128116,39.67846224,7/5/2022 17:15,17:15,12,0,0,S MONACO ST & E EVANS AVE,1,1,0,0,1,1,0,0,30,0,0,0,0,0,4,4,6
,2022-23819,-104.9813958,39.77941141,7/5/2022 7:30,7:30,12,0,1,I-25 SB & N WASHINGTON ST [EXIT RAMP GORE PT],1,1,0,0,1,4,0,0,55,0,0,0,0,1,1,2,3
,2022-23820,-104.9593596,39.70386391,7/6/2022 13:05,13:05,1,0,0,S UNIVERSITY BLVD & S BONNIE BRAE BLVD,1,1,0,0,1,1,0,0,30,0,0,0,0,0,4,2,16
,2022-23821,-104.74476,39.78647351,7/5/2022 1:30,1:30,6,0,0,E 50TH PL [20800 BLK ] & E BEEKMAN PL,1,3,0,0,1,4,0,0,15,0,0,0,0,0,4,2,16
,2022-23827,-104.9874239,39.74508733,7/4/2022 18:58,18:58,12,0,0,18TH ST & N BROADWAY ST,1,1,0,0,1,4,0,0,,0,0,0,0,0,4,7,16
,2022-23832,-105.0029984,39.7516197,7/1/2022 11:35,11:35,3,0,2,WEWATTA ST & 15TH ST,1,1,0,0,1,1,0,0,25,0,0,0,0,1,4,2,13
,2022-23836,-104.9964123,39.7540175,7/5/2022 7:47,7:47,11,0,1,19TH ST & WAZEE ST,1,1,0,1,1,1,0,0,0,0,0,1,0,1,4,2,16
,2022-23838,-104.985628,39.72906912,7/4/2022 12:15,12:15,11,0,1, E 8TH AVE [100 BLK] & N LINCOLN ST,1,1,1,0,1,9,0,0,30,0,1,0,0,3,4,1,16
,2022-23851,-104.8706595,39.71003455,7/5/2022 10:00,10:00,6,0,0, S GALENA WAY [400 BLK] & E ALAMEDA AVE,1,1,0,0,1,4,0,0,,0,0,0,0,0,4,2,16
,2022-23852,-104.9722341,39.75447913,6/15/2022 12:58,12:58,6,0,0,E 26TH AVE & N MARION ST,1,1,0,0,1,4,0,0,,0,0,0,0,0,4,2,16
,2022-23853,-104.9895508,39.78026028,7/6/2022 7:40,7:40,15,0,0,I-70 WB EXIT RAMP & I-25,1,1,1,0,1,8,0,0,45,0,0,0,0,0,1,2,10
,2022-23854,-104.9223318,39.6904606,7/6/2022 12:36,12:36,10,0,0,1400 BLK S HOLLY ST & E FLORIDA AVE,1,1,0,0,1,2,0,0,30,0,0,0,0,0,4,2,3
,2022-23855,-104.9894477,39.74123316,6/29/2022 16:55,16:55,11,0,0,15TH ST [2800 BLK[ & COURT PL,1,1,0,0,5,2,0,0,0,0,0,1,0,0,3,2,16
,2022-23856,-105.0001512,39.74004732,7/6/2022 15:47,15:47,3,0,1,W COLFAX AVE & N KALAMATH ST,11,1,0,1,1,1,0,0,35,0,0,0,1,3,2,3,16
,2022-23857,-104.9863692,39.71115947,7/5/2022 13:30,13:30,12,0,0,S LINCOLN ST & E ALAMEDA AVE,1,1,0,0,1,1,0,0,30,0,0,0,0,0,4,3,3
,2022-23858,-104.9818041,39.75590583,7/5/2022 23:48,23:48,6,0,0,CHAMPA ST [2500 BLK] & 26TH ST,1,3,0,0,2,4,0,0,30,0,0,0,0,0,4,3,11
,2022-23860,-104.9450751,39.74014095,6/20/2022 20:46,20:46,5,0,0,E COLFAX AVE & N MONROE ST,1,3,0,0,3,1,0,0,35,0,0,0,0,0,2,1,16
,2022-23865,-105.0251799,39.78422127,7/5/2022 21:16,21:16,1,0,0,N FEDERAL BLVD & I-70 EB EXIT RAMP ,1,3,0,0,1,1,0,0,35,0,0,0,0,0,2,2,2
,2022-23866,-105.0028307,39.73092404,7/4/2022 0:09,0:09,6,0,1,918 N MARIPOSA ST & W 9TH AVE,1,3,0,0,1,4,0,0,30,0,0,0,1,3,4,4,16
,2022-23867,-104.9498042,39.77436203,7/6/2022 8:36,8:36,6,0,0,4100 BLK N STEELE ST & E 41ST AVE,1,3,0,0,1,4,0,0,30,0,0,0,0,0,4,2,1
,2022-23868,-104.9534073,39.71941155,7/6/2022 13:03,13:03,6,0,0,N FILLMORE ST [100 BLK] & E 1ST AVE,1,1,0,0,1,4,0,0,20,0,0,0,0,0,4,2,10
,2022-23872,-104.9331587,39.76433774,5/27/2022 10:09,10:09,11,0,1,DEXTER ST 3300 BLK N  & E BRUCE RANDOLPH AVE,1,1,0,0,1,4,0,0,25,0,1,0,0,2,4,1,13
,2022-23889,-105.0532212,39.73309345,7/5/2022 7:43,7:43,11,0,1,W 10TH AVE & N SHERIDAN BLVD,1,1,0,0,1,1,0,0,30,0,1,0,0,1,2,1,13
,2022-23892,-104.9585962,39.73681248,7/5/2022 12:00,12:00,11,0,1,N JOSEPHINE ST & E 13TH AVE,1,1,0,0,1,1,0,0,30,0,0,1,0,2,4,1,11
,2022-23918,-104.9687485,39.67848954,7/6/2022 16:40,16:40,3,0,0,E EVANS AVE & S FRANKLIN ST,1,1,0,0,1,1,0,0,30,0,0,0,0,0,4,2,3
,2022-23919,-105.0347801,39.63156597,7/6/2022 22:28,22:28,6,0,0,3590 BLK & W UNION AVE,1,3,0,0,1,4,0,0,25,0,0,0,0,0,4,3,12
,2022-23927,-104.8098615,39.77318821,7/7/2022 14:15,14:15,12,0,0,E 40TH AVE & N CHAMBERS RD,1,1,0,0,1,3,0,0,35,0,0,0,0,0,4,3,16
,2022-23929,-104.9919393,39.68759991,7/6/2022 18:59,18:59,12,0,1,S SANTA FE DR & W IOWA AVE,11,1,0,1,1,3,0,0,45,0,0,0,0,1,2,3,8
,2022-23931,-105.0004095,39.76805167,7/6/2022 22:53,22:53,6,0,0,1203 W 37TH AVE & N KALAMATH ST,1,3,0,0,1,4,0,0,25,0,0,0,0,0,4,2,16
,2022-23932,-104.8659554,39.78674769,7/7/2022 13:50,13:50,3,0,0,E 49TH AVE & N HAVANA ST,1,1,0,0,1,1,0,0,25,0,0,0,0,0,4,2,13
,2022-23935,-104.692935,39.83346184,7/6/2022 23:54,23:54,1,0,0,JACKSON GAP ST & PENA BLVD,1,3,0,0,1,1,0,0,35,0,0,0,0,0,4,2,8
,2022-23945,-104.7904699,39.78363776,7/8/2022 7:10,7:10,1,0,0,E GVR BLVD & PENA BLVD INBOUND,1,1,0,0,1,1,0,0,35,0,0,0,0,0,4,2,11