id,drcog_id,longitude,latitude,crashtime,time,crashtype,numbkilled,numbinjurd,drcoglocat,rdconditin,lightngcon,roadcntgrd,weatherco,location,roaddescrp,schoolzone,constrzone,splimit,bikeinv,pedinv,sctrinv,motoinv,svrty,rdsystem,ttlvehcls,hcf
,2022-23947,-105.0569764,39.64630869,7/4/2022 22:00,22:00,6,0,0,S CHASE ST & W MILAN PL,1,3,0,0,1,4,0,0,15,0,0,0,0,0,4,2,16
,2022-23948,-104.9634536,39.74946126,7/8/2022 7:39,7:39,3,0,0,N RACE ST & E 22ND AVE,1,1,0,0,1,1,0,0,25,0,0,0,0,1,4,3,11
,2022-23949,-105.011229,39.72346477,7/7/2022 12:05,12:05,12,0,0,I-25 NB & W 6TH EXIT RAMP [GORE PT],1,1,0,0,1,14,0,0,45,0,0,0,0,0,1,2,13
,2022-23952,-104.8996449,39.77123794,7/7/2022 22:50,22:50,1,0,0,E SMITH RD & N SYRACUSE ST,1,3,0,0,1,1,0,0,35,0,0,0,0,1,4,2,7
,2022-23958,-104.9405044,39.78002872,7/8/2022 8:20,8:20,5,0,0,I-70 & N COLORADO BLVD,1,1,0,0,1,14,0,0,25,0,0,0,0,0,1,2,8
,2022-23962,-104.9880284,39.74571399,7/7/2022 9:45,9:45,8,0,2,GLENARM PL & 18TH ST,1,1,0,0,1,1,0,0,25,0,0,0,0,2,4,3,10
,2022-23966,-105.0509395,39.75484589,7/7/2022 17:00,17:00,3,0,1,W 26TH AVE & N YATES ST,1,1,0,7,1,3,0,0,25,0,0,0,0,2,4,2,7
,2022-23968,-104.9827227,39.69742292,7/7/2022 7:30,7:30,12,0,0,I-25 NB & S LOGAN ST,1,1,0,0,1,4,0,0,60,0,0,0,0,0,1,3,16
,2022-23977,-104.9222793,39.77871872,7/7/2022 10:44,10:44,3,0,0,N HOLLY ST & E STAPLETON N DR,1,1,0,0,1,1,0,0,30,0,0,0,0,0,4,3,3
,2022-23981,-104.9759977,39.76041024,7/7/2022 7:45,7:45,6,0,0,3100 CHAMPA ST & 31ST ST,1,1,0,0,1,4,0,0,30,0,0,0,0,0,4,2,2
,2022-23992,-104.9593812,39.6748427,7/6/2022 12:00,12:00,12,0,1,S UNIVERSITY BLVD & E ILIFF AVE,1,1,0,0,1,1,0,0,30,0,0,0,1,2,4,2,1
,2022-23994,-105.0181616,39.74683059,7/7/2022 12:15,12:15,15,0,0,I-25 NB & 23RD AVE,1,1,0,0,1,4,0,0,,0,0,0,0,0,1,2,16
,2022-23995,-104.9863692,39.71115947,7/6/2022 16:00,16:00,12,0,0,S LINCOLN ST & E ALAMEDA AVE,1,1,0,0,1,1,0,0,30,0,0,0,0,0,4,2,3
,2022-23996,-104.9139493,39.72927486,7/7/2022 8:34,8:34,3,0,0,E 8TH AVE & N LOCUST ST,1,1,0,0,1,1,0,0,25,0,0,0,0,0,4,2,13
,2022-23997,-105.0445899,39.74033304,7/7/2022 15:30,15:30,3,0,0,W COLFAX AVE & 4400 BLK,14,5,3,7,1,2,0,0,35,0,0,0,0,0,2,2,13
,2022-23998,-104.9776403,39.73999967,7/7/2022 7:01,7:01,3,0,0,E COLFAX AVE & N CLARKSON ST,1,1,0,0,1,1,0,0,30,0,0,0,0,0,2,2,1
,2022-23999,-104.865846,39.78430865,7/6/2022 14:45,14:45,3,0,0,E 48TH AVE & N HAVANA ST,1,1,0,0,1,1,0,0,25,0,0,0,0,0,4,2,13
,2022-24001,-104.8937874,39.6356719,7/7/2022 11:30,11:30,3,0,1,S TAMARAC ST & I-225 NB EXIT RAMP,1,1,0,0,1,1,0,0,30,0,0,0,0,2,4,3,16
,2022-24002,-104.9919489,39.7561363,7/7/2022 13:09,13:09,12,0,0,2200 BLK BLAKE ST & 22ND ST,1,1,0,0,1,4,0,0,25,0,0,0,0,0,4,2,7
,2022-24003,-104.95932,39.71818683,7/6/2022 14:00,14:00,15,0,0,E 1ST AVE & S UNIVERSITY BLVD,1,1,0,0,1,1,0,0,30,0,0,0,0,0,4,2,3
,2022-24005,-104.9594299,39.68469264,7/7/2022 6:26,6:26,12,0,2,I-25 & S UNIVERSITY BLVD,1,1,1,0,1,4,0,0,60,0,0,0,0,1,1,3,3
,2022-24010,-104.978864,39.78104202,7/6/2022 17:50,17:50,12,0,0,4600 BLK N WASHINGTON ST & E 47TH AVE,11,1,0,0,1,4,0,0,35,0,0,0,0,0,4,3,13
,2022-24015,-105.0047562,39.76115807,7/7/2022 13:32,13:32,3,0,0,I-25 SB & 20TH ST,1,1,0,0,1,1,0,0,30,0,0,0,0,0,1,2,13
,2022-24020,-104.9975818,39.72890435,7/7/2022 17:06,17:06,3,0,0,W 8TH AVE & N INCA ST,1,1,0,0,1,1,0,0,25,0,0,0,0,0,4,2,16
,2022-24024,-104.9320579,39.74740288,7/8/2022 2:41,2:41,5,0,0,N DAHLIA ST & E MONTVIEW BLVD,1,3,0,0,6,3,0,0,30,0,0,0,0,0,4,1,3
,2022-24030,-105.0047803,39.76116991,7/8/2022 11:30,11:30,12,0,2,20TH ST & I-25 SB,1,1,0,0,1,1,0,0,30,0,0,0,0,1,4,2,13
,2022-24031,-105.0252054,39.78561197,7/8/2022 16:07,16:07,1,0,0,N FEDERAL BLVD & W 49TH AVE,1,1,0,0,1,1,0,0,35,0,0,0,0,0,2,2,13
,2022-24032,-104.9222793,39.77871872,7/7/2022 11:07,11:07,15,0,0,N HOLLY ST & E STAPLETON N DR,1,1,0,0,1,3,0,0,25,0,0,0,0,0,4,2,13
,2022-24035,-104.9445553,39.74377697,6/26/2022 1:49,1:49,6,0,4,17TH AVE 3600 BLK E  & N GARFIELD ST,1,3,0,0,1,4,0,0,30,0,0,0,0,2,4,3,3
,2022-24036,-104.7590241,39.78076612,6/24/2022 3:50,3:50,6,0,0,N FLANDERS WAY & E 47TH AVE,1,3,0,0,2,4,0,0,25,0,0,0,0,0,4,2,16
,2022-24046,-104.9835794,39.7400415,7/9/2022 14:56,14:56,3,0,0,E COLFAX AVE & N GRANT ST,1,1,0,0,1,1,0,0,35,0,0,0,0,0,2,2,14
,2022-24047,-104.9676952,39.72559091,7/9/2022 9:22,9:22,15,0,0, E 6TH AVE [1600 BLK] & N FRANKLIN ST,1,1,0,0,1,4,0,0,30,0,0,0,0,0,4,2,13
,2022-24048,-104.9671644,39.77988654,7/9/2022 1:00,1:00,3,0,2,E 46TH S AVE & N BRIGHTON BLVD,1,3,0,0,1,1,0,0,35,0,0,0,0,2,2,2,11
,2022-24049,-105.0296529,39.68945855,7/8/2022 11:27,11:27,12,0,0,W FLORIDA AVE & S IRVING ST,1,1,0,0,1,3,0,0,,0,0,0,0,0,4,2,16
,2022-24050,-105.0248709,39.67864465,7/8/2022 18:17,18:17,3,0,1, W EVANS AVE [2900 BLK] & S FEDERAL BLVD,1,1,0,0,1,2,0,0,35,0,0,0,0,1,2,4,1
,2022-24052,-104.9719157,39.77030097,7/8/2022 14:53,14:53,2,0,1,38TH ST & WALNUT ST,1,1,0,0,1,1,0,0,30,1,0,0,0,2,4,1,16
,2022-24056,-104.8470297,39.77400525,7/8/2022 22:29,22:29,12,0,0,I-70 EB & N PEORIA ST,1,3,0,0,1,4,0,0,55,0,0,0,0,0,1,3,11
,2022-24058,-104.9593825,39.66734807,7/9/2022 15:45,15:45,12,0,0,2700 BLK S UNIVERSITY BLVD & E YALE AVE,1,1,1,0,1,4,0,0,30,0,0,0,0,0,4,2,3
,2022-24066,-104.9530046,39.78011951,7/7/2022 16:03,16:03,12,0,0,I-70 WB & N VASQUEZ BLVD ENT RAMP [GORE PT],1,1,0,0,1,4,0,0,50,0,0,0,0,0,1,2,7
,2022-24067,-104.9986027,39.74003108,7/7/2022 14:07,14:07,3,0,0,W COLFAX AVE & N SPEER BLVD,1,1,0,0,1,3,0,0,35,0,0,0,0,0,2,2,13
,2022-24069,-105.0286554,39.69310358,7/9/2022 20:25,20:25,14,0,0, W LOUISIANA AVE [3200 BLK] & S IRVING ST,1,1,0,0,1,4,0,0,,0,0,0,0,0,4,2,16
,2022-24070,-104.8851167,39.63929362,7/8/2022 23:16,23:16,3,0,1,S YOSEMITE ST & I-225 NB EXIT RAMP ,1,3,0,0,1,1,0,0,35,0,0,0,0,2,4,2,16
,2022-24072,-104.9128895,39.69215495,7/9/2022 12:21,12:21,12,0,0, S MONACO ST [1300 BLK] & E CHERRY CREEK N DR,1,1,0,0,1,4,0,0,35,0,0,0,0,0,4,2,14
,2022-24074,-104.976946,39.68965589,7/8/2022 21:20,21:20,6,0,1,1400 BLK S EMERSON ST & E FLORIDA AVE,1,3,0,0,1,4,0,0,25,0,0,0,0,2,4,3,3
,2022-24080,-104.7654031,39.7767221,7/7/2022 4:35,4:35,6,0,0,N CATHAY ST & E 44TH AVE,1,3,0,0,1,4,0,0,20,0,0,0,0,0,4,2,16
,2022-24081,-105.0532399,39.76660462,7/7/2022 22:42,22:42,9,0,1,N SHERIDAN BLVD [3500 BLK] & W 36TH AVE,1,3,0,0,1,1,0,0,35,0,0,0,1,3,2,1,1
,2022-24085,-105.0532099,39.74032371,7/9/2022 17:24,17:24,3,0,0,N SHERIDAN BLVD & W COLFAX AVE,1,1,0,0,1,1,0,0,35,0,0,0,0,0,2,3,13
,2022-24086,-104.8800296,39.7770355,7/6/2022 23:35,23:35,15,0,0,I-70 WB & I-270 WB EXIT RAMP [GORE PT],1,3,0,0,1,14,0,0,65,0,0,0,0,0,1,2,16
,2022-24087,-104.9429096,39.72795353,7/3/2022 7:20,7:20,6,0,0,730 N JACKSON ST & N JACKSON ST,1,1,0,0,1,4,0,0,25,0,0,0,0,0,4,2,16
,2022-24088,-104.8385353,39.79694599,7/7/2022 6:30,6:30,6,0,0,E PENSACOLA PL & N TUCSON ST,1,2,0,0,1,4,0,0,,0,0,0,0,0,4,2,16
,2022-24089,-105.0064273,39.78326345,7/9/2022 4:00,4:00,5,0,1,I-70 WB & N PECOS ST,1,3,0,0,2,4,0,0,55,0,0,0,0,2,1,1,11
,2022-24091,-104.9038742,39.69871518,7/8/2022 14:40,14:40,15,0,0,E LEETSDALE DR & S QUEBEC ST,1,1,0,0,1,4,0,0,,0,0,0,0,0,2,2,16
,2022-24102,-104.9874099,39.75267299,7/7/2022 10:54,10:54,3,0,2,22ND ST & N BROADWAY ST,1,1,0,0,1,1,0,0,30,0,0,0,0,2,4,2,8
,2022-24108,-104.9861163,39.74176107,7/7/2022 19:36,19:36,11,0,1,N LINCOLN ST & E 16TH AVE,1,1,0,0,1,4,0,0,0,0,1,0,0,2,4,1,16
,2022-24201,-104.9372864,39.73827944,7/8/2022 16:38,16:38,3,0,1,E 14TH AVE & N BELLARE ST,1,1,0,0,1,1,0,0,30,0,0,0,0,3,4,2,16
,2022-24205,-105.0001884,39.72718284,7/8/2022 9:25,9:25,5,0,0,N KALAMATH ST & W 7TH AVE,1,1,0,0,3,4,0,0,30,0,0,0,0,0,4,1,16
,2022-24226,-104.9539862,39.78017398,6/9/2022 16:35,16:35,15,0,0,46TH AVE 2800 BLK E  & N CLAYTON ST,1,1,0,0,1,1,0,0,,0,0,0,0,0,4,2,16
,2022-24237,-104.9745608,39.7546234,6/11/2022 12:35,12:35,3,0,0,E 26TH AVE & N OGDEN ST,1,1,0,0,1,1,0,0,35,0,0,0,0,0,4,2,16
,2022-24242,-104.8124918,39.79479828,7/3/2022 22:30,22:30,6,0,0,E MAXWELL PL & N FAIRPLAY ST,1,3,0,0,1,4,0,0,15,0,0,0,0,0,4,4,16
,2022-24250,-105.0465743,39.76573658,7/9/2022 21:31,21:31,6,0,0,W 35TH AVE & N VRAIN ST,1,3,0,0,3,4,0,0,35,0,0,0,0,0,4,2,16
,2022-24251,-104.9983798,39.73367932,6/30/2022 8:45,8:45,12,0,0,W 11TH AVE & N KALAMATH ST,1,1,0,0,1,4,0,0,,0,0,0,0,0,4,2,16
,2022-24254,-105.0462782,39.77385356,6/27/2022 2:44,2:44,6,0,0,4200 BLOCK N VRAIN ST & W 43RD AVE,1,4,0,7,1,4,0,0,25,0,0,0,0,0,4,2,3
,2022-24261,-104.9406279,39.72094951,7/10/2022 1:51,1:51,12,0,4,N COLORADO BLVD & E 3RD AVE,1,3,0,0,1,1,0,0,35,0,0,0,0,1,2,4,1
,2022-24275,-104.8830668,39.78572865,7/9/2022 14:35,14:35,3,0,0,N CENTRAL PARK BLVD & E NORTHFIELD BLVD,1,1,0,0,1,1,0,0,35,0,0,0,0,0,4,2,13
,2022-24283,-104.7013199,39.83802611,6/11/2022 15:20,15:20,15,0,0,78TH AVE 24000 BLK E & JACKSON GAP,1,1,0,0,1,2,0,0,45,0,0,0,0,0,4,2,8
,2022-24290,-104.9485841,39.7192352,5/3/2022 11:30,11:30,6,0,0,ADAMS ST 100 BLK N  & E 2ND AVE,1,1,0,0,1,4,0,0,25,0,0,0,0,0,4,2,16
,2022-24291,-104.7904699,39.78363776,6/17/2022 21:36,21:36,15,0,2,E GVR BLVD & N PENA BLVD,1,3,0,0,1,1,0,0,40,0,0,0,0,2,4,2,16
,2022-24294,-104.9082044,39.69059986,6/21/2022 8:40,8:40,6,0,0,1400 BLK S ONEIDA ST & E ARKANSAS AVE,1,1,0,0,1,4,0,0,30,0,0,0,0,0,4,2,16
,2022-24299,-104.9861237,39.73541202,7/9/2022 23:10,23:10,12,0,4, N LINCOLN ST [1200 BLK] & E 12TH AVE,1,3,0,0,1,4,0,0,30,0,0,0,0,1,4,3,14
,2022-24304,-104.9819816,39.75038622,7/6/2022 19:50,19:50,3,0,0,PARK AVE WEST & GLENARM PL,1,2,0,0,1,1,0,0,30,0,0,0,0,0,4,2,16
,2022-24308,-104.9960519,39.75831837,7/6/2022 13:49,13:49,6,0,0,DELGANY ST & W 29TH AVE,1,1,0,0,1,4,0,0,25,0,0,0,0,0,4,2,1
,2022-24311,-104.9866821,39.73684882,7/9/2022 23:49,23:49,12,0,1,13TH AVE & N BROADWAY ST,1,3,0,0,1,4,0,0,,0,0,0,0,2,4,2,16
,2022-24312,-104.9752501,39.72728015,7/6/2022 22:16,22:16,3,0,0,E 7TH AVE & N OGDEN ST,1,4,0,0,1,1,0,0,,0,0,0,0,0,4,2,16
,2022-24313,-104.8700005,39.70876533,7/3/2022 18:42,18:42,6,0,0,S GALENA WAY [400 BLK] & E DAKOTA AVE,1,1,0,0,2,4,0,0,35,0,0,0,0,0,4,3,1
,2022-24321,-104.980679,39.7461813,6/15/2022 12:34,12:34,6,0,0,500 BLK E 19TH AVE & N MARION ST,1,1,0,0,1,4,0,0,,0,0,0,0,0,4,2,16
,2022-24333,-104.9356921,39.741389,7/7/2022 13:09,13:09,6,0,0,E 16TH AVE & N CLERMONT ST,1,1,0,0,1,4,0,0,25,0,0,0,0,0,4,2,16
,2022-24342,-104.9811704,39.76849708,6/26/2022 19:18,19:18,6,0,0,N BRIGHTON BLVD & E 33RD ST,1,1,0,0,1,4,0,0,30,0,0,0,0,0,4,4,16
,2022-24364,-104.9761201,39.74000233,7/5/2022 0:45,0:45,6,0,0, E COLFAX AVE [900 BLK] & N EMERSON ST,1,3,0,0,1,4,0,0,,0,0,0,0,0,2,2,16
,2022-24366,-104.9674974,39.72908642,7/9/2022 21:20,21:20,6,0,0,E 8TH AVE & N GILPIN ST,1,4,0,0,1,4,0,0,30,0,0,0,0,0,4,2,14
,2022-24368,-104.7721171,39.7983921,7/6/2022 1:12,1:12,3,0,0,N TOWER RD & E 56TH AVE,1,3,0,0,1,1,0,0,45,0,0,0,0,0,4,2,16
,2022-24383,-105.0038703,39.75230112,7/10/2022 0:14,0:14,12,0,3,15TH ST & DELGANY ST,1,3,0,0,1,3,0,0,35,0,0,0,0,2,4,2,14
,2022-24391,-104.9497567,39.78010339,7/3/2022 13:33,13:33,15,0,0,I-70 WB & N STEELE ST,1,1,0,0,1,4,0,0,55,0,0,0,0,0,1,2,1
,2022-24392,-105.0252414,39.71339081,7/9/2022 23:00,23:00,12,0,0,S FEDERAL BLVD [100 BLK] & W CEDAR AVE,1,4,0,0,1,4,0,0,35,0,0,0,0,0,2,2,16
,2022-24393,-104.9968961,39.71067826,7/2/2022 13:57,13:57,12,0,0,SANTA FE DR 300 BLK S (NOT CDOT) & W ALAMEDA AVE,1,1,0,0,1,3,0,0,35,0,0,0,1,0,4,3,16
,2022-24403,-105.0131182,39.72551753,6/22/2022 11:50,11:50,12,0,1,I-25 NB OFF RAMP & W 6TH AVE WB,1,1,3,0,1,8,0,0,55,0,0,0,0,1,1,2,16
,2022-24408,-105.0148299,39.72932162,6/13/2022 17:25,17:25,15,0,0,I-25 & W 8TH AVE,1,1,0,0,1,4,0,0,,0,0,0,0,0,1,2,16
,2022-24409,-104.9986715,39.73510399,7/6/2022 13:00,13:00,6,0,0, N SANTA FE DR [1100 BLK] & E 12TH AVE,1,1,0,0,2,4,0,0,30,0,0,0,0,0,4,3,16
,2022-24417,-104.9035566,39.69852377,7/7/2022 8:30,8:30,10,0,0,S PARKER RD & S QUEBEC ST,1,1,0,0,1,3,0,0,30,0,0,0,0,0,2,2,16
,2022-24422,-104.9961392,39.75287812,7/5/2022 15:07,15:07,12,0,0,BLAKE ST & 1800 BLK ,1,1,0,0,1,4,0,0,35,0,0,0,0,0,4,2,16
,2022-24425,-105.0134491,39.72565651,6/25/2022 2:20,2:20,5,0,1,I-25 & W 6TH AVE FWY EB ON RAMP,1,3,1,0,3,4,0,0,55,0,0,0,0,1,1,1,16
,2022-24428,-104.9223512,39.77828771,7/7/2022 15:06,15:06,12,0,0,I-70 WB & N HOLLY ST,1,1,3,0,1,4,0,0,55,0,0,0,0,0,1,2,13
,2022-24429,-104.8851038,39.63957844,7/11/2022 8:30,8:30,12,0,2,I-225 SB & S YOSEMITE ST,1,1,0,0,1,4,0,0,65,0,0,0,0,1,1,3,3
,2022-24430,-104.9947571,39.76805094,7/11/2022 2:25,2:25,12,0,1,I-25 & PARK AVE W,1,3,0,0,1,4,0,0,55,0,0,0,0,2,1,2,14
,2022-24432,-104.9919432,39.68733078,7/8/2022 7:26,7:26,12,0,1,S SANTA FE DR [1600 BLK] & W IOWA AVE,1,1,0,0,1,4,0,0,45,0,0,0,0,1,2,2,7
,2022-24433,-105.0051989,39.74020327,7/9/2022 19:20,19:20,12,0,0,W COLFAX AVE & 7TH ST,1,2,0,0,1,3,0,0,35,0,0,0,0,0,2,3,1
,2022-24437,-104.9124373,39.74260322,7/9/2022 11:40,11:40,12,0,0,1600 BLK N MONACO ST & E BATAVIA PL,1,1,0,0,1,4,0,0,30,0,0,0,0,0,4,2,14
,2022-24440,-104.9597972,39.73290544,7/8/2022 13:49,13:49,15,0,0,N YORK ST [1000 BLK ] & E 11TH AVE,1,1,0,0,1,2,0,0,30,0,0,0,0,0,4,2,8
,2022-24441,-105.0250486,39.67864394,7/11/2022 15:24,15:24,3,0,0,S FEDERAL BLVD & W EVANS AVE,1,1,0,0,1,2,0,0,40,0,0,0,0,0,2,2,1
,2022-24442,-104.9199396,39.75725707,7/10/2022 16:00,16:00,6,0,0, N IVY ST [2800 BLK] & E 28TH AVE,1,1,0,0,1,4,0,0,25,0,0,0,0,0,4,2,7
,2022-24443,-104.9828856,39.67856474,7/11/2022 7:27,7:27,10,0,0,E EVANS AVE & S LOGAN ST,1,1,0,0,1,1,0,0,35,0,0,0,0,0,4,2,11
,2022-24444,-104.902933,39.7782242,7/7/2022 16:39,16:39,12,0,0,I-70 WB & NORTHFIELD QUEBEC ST,1,1,0,0,1,1,0,0,55,0,0,0,0,0,1,2,13
,2022-24445,-105.012906,39.75519984,7/8/2022 13:35,13:35,3,0,2,N SPEER BLVD & I25 HWY_SB RAMP,1,1,0,0,1,1,0,0,35,0,0,0,0,2,4,2,13
,2022-24447,-104.9861527,39.72906707,7/8/2022 10:55,10:55,3,0,0,E 8TH AVE & N LINCOLN ST,1,1,0,0,1,1,0,0,30,0,0,0,0,0,4,2,13
,2022-24448,-104.9910365,39.71117648,7/8/2022 8:07,8:07,12,0,0,100 BLK W ALAMEDA AVE & S CHEROKEE ST,1,1,0,0,1,4,0,0,30,0,0,0,0,0,4,2,11
,2022-24451,-105.0250197,39.68227101,7/7/2022 14:00,14:00,3,0,1,S FEDERAL BLVD & W JEWELL AVE,1,1,0,0,1,1,0,0,35,0,0,0,0,2,2,3,1
,2022-24452,-105.0017133,39.77915414,7/9/2022 7:54,7:54,6,0,0,N LIPAN ST [4500 BLK] & MARIPOSA WAY,1,1,0,1,1,4,0,0,25,0,0,0,0,0,4,2,16
,2022-24457,-105.0456892,39.71816381,7/9/2022 5:15,5:15,5,0,1,W 1ST AVE & N VRAIN ST,1,2,0,0,1,3,0,0,40,0,0,0,0,2,4,1,14
,2022-24462,-104.9968774,39.74693776,7/10/2022 19:24,19:24,10,0,0,15TH ST & ARAPAHOE ST,1,3,0,0,1,1,0,0,25,0,0,0,0,0,4,2,11
,2022-24470,-105.0047562,39.76115807,7/11/2022 8:55,8:55,15,0,0,I-25 SB & 20TH ST,1,1,0,0,1,4,0,0,55,0,0,0,0,0,1,2,11
,2022-24471,-104.9947571,39.76805094,7/8/2022 14:05,14:05,12,0,0,I-25 SB & PARK AVE W,1,1,0,0,1,4,0,0,55,0,0,0,0,0,1,2,13
,2022-24473,-104.9938036,39.74394798,7/8/2022 14:50,14:50,16,0,0,650 15TH ST & WELTON ST,1,1,0,0,5,7,0,0,15,0,0,0,0,0,3,2,11
,2022-24474,-104.9948624,39.7680099,7/8/2022 10:41,10:41,12,0,0,I-25 NB & PARK AVE W,1,1,0,0,1,4,0,0,55,0,0,0,0,0,1,3,13
,2022-24481,-104.884652,39.74198764,7/5/2022 11:25,11:25,3,0,0,N YOSEMITE ST & E 16TH AVE,1,1,0,0,1,1,0,0,30,0,0,0,0,0,4,2,16
,2022-24487,-104.9875085,39.7158878,7/8/2022 13:52,13:52,15,0,0, S BROADWAY ST [50 BLK] & W ARCHER PL,1,1,0,0,1,4,0,0,30,0,0,0,0,0,4,2,11
,2022-24489,-104.8954435,39.72272624,7/8/2022 12:53,12:53,3,0,0,N SPRUCE ST & E 1ST PL,1,1,0,0,1,1,0,0,25,0,0,0,0,0,4,2,11
,2022-24495,-104.9882367,39.71478386,7/10/2022 20:40,20:40,6,0,0,W BAYAUD AVE & S BROADWAY ST,1,3,0,0,1,4,0,0,25,0,0,0,0,0,4,2,16
,2022-24496,-104.9406638,39.78003647,6/21/2022 15:39,15:39,15,0,0,I-70 & N COLORADO BLVD,1,1,0,0,1,13,0,0,55,0,0,0,0,0,1,2,16
,2022-24504,-104.9900666,39.74542611,7/10/2022 8:45,8:45,15,0,1,17TH ST & WELTON ST,1,1,0,0,1,3,0,0,30,0,0,0,0,1,4,2,8
,2022-24510,-105.0000592,39.74004799,7/6/2022 18:13,18:13,3,0,0,W COLFAX AVE & N KALAMATH ST,11,1,0,1,1,1,0,0,30,0,0,0,0,0,2,2,13
,2022-24513,-104.9495021,39.72913463,7/5/2022 12:40,12:40,10,0,0,E 8TH AVE & N STEELE ST,1,1,0,0,1,1,0,0,30,0,0,0,0,0,4,2,13
,2022-24517,-104.9137792,39.74007798,7/10/2022 9:00,9:00,2,0,0,E COLFAX AVE [6400 BLK] & N LOCUST ST,1,1,0,0,1,2,0,0,0,1,0,0,0,0,2,1,16
,2022-24518,-104.9954608,39.73845376,7/10/2022 9:01,9:01,6,0,0, W 14TH AVE [600 BLK] & N FOX ST,1,1,0,1,1,4,0,0,30,0,0,0,0,0,4,2,16
,2022-24521,-105.0086577,39.71211351,7/11/2022 10:04,10:04,6,0,0,200 BLK S RARITAN ST & W ALAMEDA AVE,1,1,0,1,1,4,0,0,25,0,0,0,0,0,4,2,16
,2022-24526,-104.8470104,39.78238809,7/3/2022 13:47,13:47,12,0,0,N PEORIA ST & E ALBROOK DR,1,1,3,0,1,4,0,0,25,0,0,0,0,0,4,2,16
,2022-24535,-105.053472,39.65617034,7/9/2022 10:56,10:56,12,0,0,5200 BLK W DARTMOUTH AVE & S SHERIDAN BLVD,1,1,0,0,1,4,0,0,40,0,0,0,0,0,4,2,11
,2022-24558,-104.9823697,39.72907279,7/12/2022 12:48,12:48,3,0,1,E 8TH AVE & N LOGAN ST,1,1,0,0,1,1,0,0,,0,0,0,0,1,4,2,16
,2022-24560,-104.8470316,39.77163853,7/11/2022 11:15,11:15,15,0,1,N PEORIA ST & E 39TH AVE,1,1,0,6,1,4,0,0,35,0,0,0,0,1,4,2,11
,2022-24566,-104.9424896,39.74013492,7/11/2022 14:45,14:45,15,0,0,E COLFAX AVE & N COLORADO BLVD,1,1,0,6,1,4,0,0,30,0,0,0,0,0,2,2,13
,2022-24569,-104.7721266,39.7817765,7/11/2022 17:49,17:49,12,0,0,N TOWER RD & E 47TH AVE,1,1,0,0,1,1,0,0,40,0,0,0,0,0,4,2,3
,2022-24570,-104.9895612,39.78010359,7/11/2022 15:10,15:10,12,0,0,I-70 EB & I-25 DN,1,1,0,0,1,4,0,0,55,0,0,0,0,0,1,2,16
,2022-24571,-104.9991195,39.71120695,7/12/2022 8:40,8:40,12,0,0,I-25 SB & W ALAMEDA AVE,1,1,1,0,1,4,0,0,55,0,0,0,0,0,1,2,16
,2022-24577,-104.9769493,39.6920535,7/12/2022 7:30,7:30,12,0,0,I-25 SB & S EMERSON ST,1,1,0,0,1,4,0,0,60,0,0,0,0,0,1,2,7
,2022-24582,-104.9853229,39.7352751,7/10/2022 0:53,0:53,12,0,0, E 12TH AVE [100 BLK] & N LINCOLN ST,1,3,0,0,1,9,0,0,25,0,0,0,0,0,4,2,16
,2022-24583,-104.692935,39.83346184,7/12/2022 11:32,11:32,15,0,0,N JACKSON GAP ST & PENA BLVD,1,1,0,0,1,1,0,0,45,0,0,0,0,0,4,2,1
,2022-24584,-104.7721425,39.78953459,7/11/2022 7:52,7:52,12,0,0,N TOWER RD & E 51ST AVE,1,1,0,0,1,1,0,0,45,0,0,0,0,0,4,2,1
,2022-24585,-104.8905205,39.76001325,7/12/2022 9:10,9:10,3,0,0,E MLK BLVD & N CENTRAL PARK BLVD,1,1,0,0,1,1,0,0,35,0,0,0,0,0,4,2,13
,2022-24588,-104.9562728,39.73838167,7/11/2022 12:30,12:30,15,0,0,E 14TH AVE & N ELIZABETH ST,1,1,0,6,1,1,0,0,30,0,0,0,0,0,4,2,11
,2022-24590,-104.9599274,39.73998198,7/11/2022 17:09,17:09,12,0,0,E COLFAX AVE & N YORK ST,1,1,0,0,1,4,0,0,30,0,0,0,0,0,2,2,8
,2022-24592,-105.0220867,39.76683878,7/12/2022 8:05,8:05,3,0,0,N DECATUR ST & W 36TH AVE,1,1,0,0,1,1,0,0,20,0,0,0,0,0,4,2,11
,2022-24593,-104.983619,39.72563055,7/11/2022 17:00,17:00,15,0,0,N GRANT ST & E 6TH AVE,1,1,0,0,1,1,0,0,30,0,0,0,0,0,4,2,3
,2022-24596,-104.9873969,39.74697406,7/11/2022 15:00,15:00,6,0,0,N BROADWAY ST & 19TH ST,1,1,0,0,1,1,0,0,30,0,0,0,0,0,4,4,13
,2022-24597,-104.9105616,39.70103398,5/23/2022 8:05,8:05,15,0,0,LEETSDALE DR & S NIAGARA ST,1,1,0,0,1,12,0,0,45,0,0,0,0,0,2,2,16
,2022-24600,-104.7904699,39.78363776,7/12/2022 12:55,12:55,12,0,0,E GVR BLVD & PENA BLVD,1,1,0,0,1,4,0,0,40,0,0,0,0,0,4,3,3
,2022-24601,-104.9534191,39.71974114,7/10/2022 8:26,8:26,6,0,0,200 BLK N FILLMORE ST & E 2ND AVE,1,1,0,1,1,4,0,0,25,0,0,0,0,0,4,2,16
,2022-24603,-104.998391,39.71120449,7/12/2022 15:24,15:24,1,0,0,W ALAMEDA AVE & S KALAMATH ST,1,1,0,0,1,1,0,0,35,0,0,0,0,0,2,2,7
,2022-24604,-104.9791252,39.71831823,7/11/2022 11:00,11:00,6,0,0,N WASHINGTON ST & E 1ST AVE,1,1,0,0,1,1,0,0,25,0,0,0,0,0,4,2,3