id,drcog_id,longitude,latitude,crashtime,time,crashtype,numbkilled,numbinjurd,drcoglocat,rdconditin,lightngcon,roadcntgrd,weatherco,location,roaddescrp,schoolzone,constrzone,splimit,bikeinv,pedinv,sctrinv,motoinv,svrty,rdsystem,ttlvehcls,hcf
,2022-24610,-104.9027525,39.76119728,7/12/2022 20:35,20:35,3,0,0,N QUEBEC ST & E MLK BLVD,1,1,0,0,1,1,0,0,35,0,0,0,0,0,4,2,13
,2022-24614,-104.9790948,39.74326631,7/12/2022 12:30,12:30,12,0,0,600 BLK E 17TH AVE & N WASHINGTON ST,1,1,0,0,1,3,0,0,30,0,0,0,0,0,4,2,13
,2022-24615,-104.9429049,39.73048618,7/11/2022 14:37,14:37,3,0,0,E 9TH AVE & N JACKSON ST,1,1,0,0,1,3,0,0,25,0,0,0,0,0,4,2,16
,2022-24616,-104.9394617,39.74766874,7/7/2022 17:50,17:50,6,0,0,2000 BLK N ALBION ST & E MONTVIEW BLVD,1,1,0,0,1,4,0,0,20,0,0,0,0,0,4,2,16
,2022-24617,-104.9951002,39.76791766,7/12/2022 6:25,6:25,12,0,0,I-25 NB & PARK AVE W,1,1,1,0,1,4,0,0,55,0,0,0,0,0,1,3,13
,2022-24618,-104.9222661,39.67847173,7/11/2022 15:45,15:45,12,0,0,E EVANS AVE & S HOLLY ST,1,1,0,0,1,1,0,0,,0,0,0,0,0,4,2,16
,2022-24619,-104.9949525,39.74917048,7/12/2022 9:17,9:17,12,0,0,1200 BLK 17TH ST & LAWRENCE ST,1,1,0,0,1,4,0,0,30,0,0,0,0,0,4,2,7
,2022-24620,-104.9406038,39.74739362,7/11/2022 9:15,9:15,12,0,0,N COLORADO BLVD & E MONTVIEW BLVD,1,1,0,0,1,1,0,0,35,0,0,0,0,0,2,3,13
,2022-24621,-104.940629,39.67845463,7/2/2022 23:09,23:09,3,0,0,E EVANS AVE & S COLORADO BLVD,1,3,0,0,1,3,0,0,40,0,0,0,0,0,2,2,16
,2022-24622,-104.9497575,39.77996339,5/23/2022 7:00,7:00,15,0,0,I-70 & N STEELE ST,1,1,0,0,1,4,0,0,55,0,0,0,0,0,1,2,1
,2022-24624,-105.0252073,39.78506358,7/12/2022 13:35,13:35,12,0,0,N FEDERAL BLVD [4800 BLK] & W 48TH AVE,1,1,1,0,1,4,0,0,35,0,0,0,0,0,1,2,10
,2022-24628,-104.9863692,39.71115947,7/11/2022 18:30,18:30,12,0,0,S LINCOLN ST & E ALAMEDA AVE,1,1,0,0,1,1,0,0,30,0,0,0,0,0,4,3,3
,2022-24630,-104.8658629,39.79838681,7/11/2022 21:14,21:14,15,0,0,E 56TH AVE & N HAVANA ST,1,3,0,0,1,4,0,0,45,0,0,0,0,0,4,2,11
,2022-24631,-104.9920576,39.68939091,7/11/2022 19:08,19:08,12,0,1,S SANTE FE DR & W FLORIDA AVE,1,3,0,0,1,3,0,0,45,0,0,0,1,1,2,2,1
,2022-24632,-104.9424558,39.67841034,7/12/2022 18:00,18:00,12,0,0,3800 E EVANS AVE & S COLORADO BL,1,1,0,0,1,3,0,0,35,0,0,0,0,0,4,2,13
,2022-24634,-104.997547,39.72569704,7/12/2022 14:24,14:24,3,0,0,N INCA ST & W 6TH AVE,1,1,0,0,1,1,0,0,25,0,0,0,0,0,4,2,13
,2022-24635,-104.9578139,39.68491585,7/11/2022 18:25,18:25,12,0,1,I-25 SB & S UNIVERSITY BLVD,1,1,0,0,1,4,0,0,60,0,0,0,0,1,1,2,16
,2022-24637,-104.8097974,39.78375545,7/8/2022 12:30,12:30,2,0,1,N CHAMBERS RD & E GVR BLVD,1,1,0,0,1,1,0,0,,1,0,0,0,2,4,1,16
,2022-24639,-105.0042556,39.74814493,7/7/2022 23:57,23:57,5,0,0,AURARIA PKWY & 12TH ST,1,3,0,0,6,1,0,0,30,0,0,0,0,0,4,1,16
,2022-24642,-105.0001485,39.72570812,7/11/2022 11:10,11:10,12,0,0,N KALAMATH ST & W 6TH AVE,1,1,0,0,1,3,0,0,40,0,0,0,0,0,4,2,13
,2022-24643,-104.6872926,39.83345689,7/11/2022 1:50,1:50,15,0,0,7800 PENA BLVD & JACKSON GAP,1,3,0,0,1,4,0,0,65,0,0,0,0,0,4,2,16
,2022-24644,-104.9874554,39.69860597,7/11/2022 17:45,17:45,15,0,0,S BROADWAY ST & E TENNESSEE AVE,1,1,0,0,1,1,0,0,30,0,0,0,0,0,4,2,3
,2022-24647,-105.0021167,39.75095542,7/7/2022 8:50,8:50,8,0,0,15TH ST & WYNKOOP ST,1,1,0,0,1,1,0,0,,0,0,0,0,0,4,2,16
,2022-24649,-105.0064366,39.78384061,7/12/2022 8:26,8:26,3,0,0,N PECOS ST & W 48TH AVE,1,1,0,0,1,1,0,0,20,0,0,0,0,0,1,2,13
,2022-24654,-105.0086681,39.74392799,6/18/2022 21:00,21:00,15,0,0,WALNUT ST & 7TH ST,1,3,0,1,1,1,0,0,25,0,0,0,0,0,4,2,13
,2022-24657,-105.0204785,39.76139068,7/12/2022 13:34,13:34,12,0,0,W ARGYLE PL & N CLAY ST,1,1,0,0,1,1,0,0,25,0,0,0,0,0,4,2,13
,2022-24658,-104.9034015,39.77757484,7/7/2022 14:03,14:03,15,0,0,NORTHFIELD QUEBEC ST & I-70 WB RAMPS,1,1,0,0,1,3,0,0,35,0,0,0,0,0,2,2,13
,2022-24659,-104.9671284,39.7796412,7/11/2022 14:00,14:00,1,0,0,N BRIGHTON BLVD & I-70 EB ENT RAMP ,1,1,0,0,1,1,0,1,25,0,0,0,0,0,2,2,11
,2022-24661,-104.9891611,39.78003347,7/8/2022 12:45,12:45,5,0,1,I-70 WB & I-25 EB,1,1,1,0,1,1,0,0,35,0,0,0,0,1,1,1,1
,2022-24664,-104.7835637,39.77280637,7/11/2022 11:15,11:15,12,0,0,E 40TH AVE & N SALIDA ST,1,1,0,0,1,1,0,0,35,0,0,0,0,0,4,2,13
,2022-24666,-104.9919397,39.68757244,7/12/2022 0:21,0:21,12,0,4,S SANTA FE DR & W IOWA AVE,1,3,0,0,1,3,0,0,45,0,0,0,0,2,2,4,1
,2022-24676,-104.9875842,39.67049352,7/10/2022 15:36,15:36,12,0,1, S BROADWAY ST  & 2500 BLK,1,1,0,7,1,3,0,0,30,0,0,0,0,1,4,2,10
,2022-24677,-104.931645,39.77990778,7/11/2022 15:55,15:55,12,0,0,I-70 WB & N DAHLIA ST,1,1,0,0,1,4,0,0,55,0,0,0,0,0,1,2,3
,2022-24678,-104.986269,39.71476019,7/11/2022 16:15,16:15,10,0,0,S LINCOLN ST & E BAYAUD AVE,1,1,0,0,1,1,0,0,30,0,0,0,0,0,4,2,8
,2022-24680,-105.0148299,39.72932162,7/10/2022 12:12,12:12,15,0,0,I-25 NB ENT RAMP & 6TH AVE WB,1,1,0,0,1,8,0,0,,0,0,0,0,0,1,2,16
,2022-24682,-105.0532099,39.74032371,6/11/2022 22:00,22:00,10,0,0,W COLFAX AVE & N SHERIDAN BLVD,1,3,0,0,1,1,0,0,35,0,0,0,0,0,2,2,1
,2022-24683,-105.0299694,39.769403,7/10/2022 21:17,21:17,1,0,1,N IRVING ST & W 38TH AVE,1,3,0,0,1,1,0,0,35,0,0,0,0,1,4,2,14
,2022-24684,-104.8970499,39.62501354,7/6/2022 17:50,17:50,16,0,0,BELLEVIEW AVE & 7887 E ,1,1,0,0,5,7,0,0,,0,0,0,0,0,3,2,16
,2022-24716,-104.9405105,39.7728797,6/1/2022 14:26,14:26,15,0,0,COLORADO BLVD N  & E 40TH AVE,1,1,0,0,1,1,0,0,35,0,0,0,0,0,2,5,16
,2022-24759,-104.991653,39.74291303,7/13/2022 13:40,13:40,15,0,0,15TH ST & GLENARM PL,1,1,0,0,1,1,0,0,35,0,0,0,0,0,4,2,16
,2022-24760,-104.9222934,39.77844359,7/13/2022 13:59,13:59,12,0,1,I-70 WB & N HOLLY ST,1,1,0,0,1,4,0,0,55,0,0,0,0,1,1,2,16
,2022-24761,-105.0016114,39.71658899,7/12/2022 11:00,11:00,6,0,0,N LIPAN ST & W RIO GRANDE RD,1,1,0,0,1,1,0,0,25,0,0,0,0,0,4,3,3
,2022-24762,-104.9128936,39.68207965,7/12/2022 22:50,22:50,12,0,2,S MONACO ST & E JEWELL AVE,1,3,0,0,1,1,0,0,25,0,0,0,0,2,4,2,13
,2022-24763,-104.9868329,39.75407678,7/12/2022 22:30,22:30,12,0,0,3500 BLK PARK AVE W & N BROADWAY,1,3,1,0,1,3,0,0,35,0,0,0,0,0,4,2,7
,2022-24764,-105.0203666,39.682296,7/12/2022 21:01,21:01,3,0,0,W JEWELL AVE & S CLAY ST,1,3,0,0,1,1,0,0,25,0,0,0,0,0,4,2,3
,2022-24771,-105.0036978,39.74769508,7/12/2022 23:05,23:05,5,0,2,AURARIA PKWY & SPEER BLVD,1,3,0,7,2,4,0,0,35,0,0,0,0,3,4,1,16
,2022-24773,-104.940789,39.70765551,7/13/2022 15:56,15:56,12,0,0,S COLORADO BLVD & E CHERRY CREEK DR,1,1,0,0,1,4,0,0,35,0,0,0,0,0,2,2,16
,2022-24774,-104.9791539,39.77935673,7/13/2022 9:00,9:00,12,0,0,I-70 EB & N WASHINGTON ST,1,1,1,0,1,4,0,0,55,0,0,0,0,0,1,2,8
,2022-24775,-104.9593281,39.70022416,7/13/2022 14:34,14:34,1,0,0,S UNIVERSITY BLVD & E KENTUCKY AVE,1,1,0,0,1,1,0,0,30,0,0,0,0,0,4,3,13
,2022-24776,-104.9405044,39.78002872,6/23/2022 19:38,19:38,15,0,0,I-70 & N COLORADO BLVD,1,2,0,0,1,4,0,0,65,0,0,0,0,0,1,2,3
,2022-24777,-104.9536389,39.71803263,7/12/2022 14:55,14:55,12,0,0,E 1ST AVE & N FILLMORE AVE,1,1,0,0,1,1,0,0,30,0,0,0,0,0,4,2,13
,2022-24778,-104.7904801,39.78358288,7/13/2022 17:36,17:36,12,0,0, PENA BLVD [4700 BLK] & GREEN VALLEY RANCH BLVD,1,1,0,0,1,3,0,0,45,0,0,0,0,0,4,2,1
,2022-24797,-104.9406162,39.73666375,7/13/2022 5:00,5:00,12,0,1,N COLORADO BLVD & E 13TH AVE,1,2,0,0,1,3,0,0,30,0,0,0,0,1,2,2,10
,2022-24798,-104.9594252,39.68278764,7/13/2022 13:21,13:21,1,0,0,S UNIVERSITY BLVD & BUCHTEL BLVD,1,1,1,0,1,1,0,0,35,0,0,0,0,0,4,2,16
,2022-24799,-104.9982805,39.71349189,7/12/2022 12:45,12:45,6,0,0,N SANTA FE DR & W CEDAR AVE,1,1,0,0,1,1,0,0,30,0,0,0,0,0,4,2,3
,2022-24800,-104.9788137,39.73999874,7/13/2022 14:30,14:30,12,0,0,E COLFAX AVE & N WASHINGTON ST,1,1,0,0,1,4,0,0,35,0,0,0,0,0,2,3,14
,2022-24806,-104.8902523,39.7521787,7/12/2022 21:30,21:30,6,0,1,2400 BLK N CENTRAL PARK BLVD & N VERBENA ST,1,3,0,0,1,4,0,0,30,0,0,0,0,1,4,2,14
,2022-24808,-104.9349876,39.73648427,7/13/2022 12:57,12:57,10,0,0,E 13TH AVE & N CLERMONT ST,1,1,0,0,1,1,0,0,30,0,0,0,0,0,4,2,13
,2022-24809,-104.9385027,39.6784515,7/13/2022 8:52,8:52,3,0,1,S ASH ST & E EVANS AVE,1,1,0,0,1,1,0,0,25,0,0,0,0,2,4,2,11
,2022-24810,-105.0141494,39.74044681,7/13/2022 12:58,12:58,12,0,0,I-25 SB & W COLFAX AVE,1,1,0,0,1,4,0,0,55,0,0,0,0,0,1,2,13
,2022-24813,-104.9647558,39.74322445,7/13/2022 11:34,11:34,3,0,3,E 17TH AVE & N HIGH ST,1,1,0,0,1,1,0,0,30,0,0,0,0,1,4,2,8
,2022-24816,-104.9238122,39.66759878,7/13/2022 13:47,13:47,1,0,0,E YALE AVE & S HUDSON ST,1,1,0,0,1,1,0,0,35,0,0,0,0,0,4,2,11
,2022-24817,-104.6718575,39.83986722,7/13/2022 5:54,5:54,16,0,0,INBOUND PENA BLVD & nan,1,1,0,7,1,4,0,0,65,0,0,0,0,0,2,2,16
,2022-24820,-104.9734241,39.68756103,7/12/2022 16:00,16:00,12,0,0,S DOWNING ST & E IOWA AVE,1,1,0,0,1,1,0,0,25,0,0,0,0,0,4,2,3
,2022-24825,-104.9124086,39.76182719,7/13/2022 12:55,12:55,3,0,0,E MLK BLVD & N MONACO ST,1,1,0,0,1,1,0,0,35,0,0,0,0,0,4,2,11
,2022-24827,-104.8097219,39.7947913,7/11/2022 16:03,16:03,14,0,0,N CHAMBERS RD & E MAXWELL PL,1,1,0,0,1,1,0,0,,0,0,0,0,0,4,2,16
,2022-24831,-104.9915199,39.74839479,7/12/2022 16:30,16:30,9,0,1,CHAMPA ST & 18TH ST,1,1,0,0,1,1,0,0,30,0,0,1,0,2,4,1,11
,2022-24832,-104.9407884,39.7146587,7/13/2022 9:59,9:59,3,0,0,S COLORADO BLVD & E BAYAUD AVE,1,1,0,0,1,1,0,0,35,0,0,0,0,0,2,2,11
,2022-24835,-105.0520803,39.75847054,7/13/2022 14:28,14:28,3,0,1,N ZENOBIA ST & W 29TH AVE,1,1,1,0,1,1,0,0,20,0,0,0,1,2,4,2,1
,2022-24836,-104.9338465,39.73828759,7/13/2022 9:05,9:05,3,0,1,N CHERRY ST & E 14TH AVE,1,1,0,0,1,1,0,0,25,0,0,0,0,1,4,2,11
,2022-24837,-104.9035549,39.69859434,7/12/2022 17:00,17:00,1,0,0,LEETSDALE DR & S QUEBEC ST,1,1,0,0,1,1,0,0,35,0,0,0,0,0,2,2,3
,2022-24838,-104.8684047,39.65351969,7/12/2022 19:00,19:00,12,0,0,E HAMPDEN AVE & S GALENA ST,1,1,0,0,1,1,0,0,35,0,0,0,0,0,2,2,3
,2022-24839,-105.0252437,39.76026749,7/9/2022 11:00,11:00,1,0,1,N FEDERAL BLVD & N SPEER BLVD,1,1,0,0,1,1,0,0,,0,0,0,0,1,2,2,16
,2022-24841,-104.9222799,39.77798169,7/13/2022 14:58,14:58,15,0,0,N HOLLY ST & E STAPLETON S DR,1,1,0,0,1,1,0,0,,0,0,0,0,0,4,2,16
,2022-24845,-104.9688339,39.68775384,7/12/2022 15:57,15:57,12,0,0,I-25 & S FRANKLIN ST,1,1,0,0,1,4,0,0,60,0,0,0,0,0,1,3,16
,2022-24846,-104.8905205,39.76001325,7/13/2022 1:29,1:29,3,0,0,N CENTRAL PARK BLVD & E MLK BLVD,1,3,0,0,1,1,0,0,35,0,0,0,0,0,4,2,13
,2022-24847,-105.0127802,39.76536856,7/12/2022 19:35,19:35,6,0,1,3400 BLK N VALLEJO ST & W 35TH AVE,1,2,0,0,1,4,0,0,25,0,0,0,0,2,4,2,3
,2022-24862,-104.9668027,39.78052097,5/30/2022 0:44,0:44,3,1,2,46TH AVE N & BRIGHTON BLVD,1,3,0,0,1,1,0,1,35,0,0,0,0,4,2,3,16
,2022-24868,-105.0532226,39.74403576,7/7/2022 14:22,14:22,3,0,1,N SHERIDAN BLVD & W 17TH AVE,1,1,0,0,1,1,0,0,35,0,0,0,0,1,2,3,13
,2022-24869,-104.9875898,39.75282515,7/14/2022 9:23,9:23,15,0,0,22ND ST & N BROADWAY ST,1,1,0,0,1,1,0,0,35,0,0,0,0,0,4,2,13
,2022-24870,-104.945099,39.79099109,7/14/2022 10:19,10:19,3,0,0, E 52ND AVE [3500 BLK] & N MONROE ST,1,1,0,0,1,2,0,0,30,0,0,0,0,0,4,2,11
,2022-24872,-104.8708044,39.67475846,7/15/2022 4:55,4:55,3,0,0,S PARKER RD & E ILLIFF AVE,1,1,0,0,1,1,0,0,45,0,0,0,0,0,2,2,13
,2022-24873,-104.8835417,39.76721255,7/15/2022 10:50,10:50,6,0,0,3656 N AKRON ST & E 35TH DR,1,1,0,0,1,4,0,0,25,0,0,0,0,0,4,2,16
,2022-24875,-104.7489166,39.83382396,7/14/2022 3:25,3:25,12,0,0,PENA BLVD & E-470,1,3,0,0,1,4,0,1,65,0,0,0,0,0,4,2,10
,2022-24877,-104.9030201,39.65304846,7/15/2022 12:22,12:22,3,0,1,E HAMPDEN AVE & 7500 BLK,1,1,0,0,1,1,0,0,40,0,0,0,0,2,2,2,11
,2022-24882,-104.9734241,39.68756103,7/13/2022 13:11,13:11,3,0,0,E IOWA AVE & S DOWNING ST,1,1,0,0,1,1,0,0,25,0,0,0,0,0,4,2,13
,2022-24884,-104.8098886,39.77411346,7/13/2022 22:52,22:52,3,0,0, N CHAMBERS RD [4000 BLK] & PRIVATE RD,1,3,0,0,1,1,0,0,40,0,0,0,0,0,4,2,7
,2022-24886,-104.9099499,39.63861951,7/14/2022 10:10,10:10,12,0,0,I-25 NB & E QUINCY AVE,1,1,0,0,1,4,0,0,40,0,0,0,0,0,1,3,16
,2022-24890,-104.9405112,39.77304449,7/14/2022 7:13,7:13,12,0,0, N COLORADO BLVD & E 40TH AVE,1,1,0,0,1,3,0,0,40,0,0,0,0,0,2,2,7
,2022-24892,-105.0253107,39.77317327,7/14/2022 12:50,12:50,12,0,1,N FEDERAL BLVD & W 41ST AVE,1,1,0,0,1,4,0,0,35,0,0,0,0,1,2,2,13
,2022-24894,-104.9407829,39.74397818,7/15/2022 8:35,8:35,5,0,0,N COLORADO BLVD & E 17TH AVE,1,1,0,0,3,4,0,0,35,0,0,0,0,0,2,1,10
,2022-24898,-104.8118315,39.78383952,7/13/2022 11:55,11:55,3,0,0,N FRASER WAY & E GATEWAY AVE,14,1,0,0,1,3,0,0,10,0,0,0,0,0,4,2,7
,2022-24899,-104.9111245,39.71120535,7/15/2022 12:36,12:36,3,0,0,E ALAMEDA AVE & S MAGNOLIA ST,1,1,0,0,1,1,0,0,25,0,0,0,0,0,4,2,11
,2022-24902,-104.9933177,39.67845081,7/13/2022 14:00,14:00,12,0,0,S SANTA FE DR & W EVANS AVE,1,1,0,0,1,1,0,0,45,0,0,0,0,0,2,2,3
,2022-24903,-104.9803678,39.70930475,7/15/2022 10:01,10:01,3,0,0,S PEARL ST & E DAKOTA AVE,1,1,0,0,1,1,0,0,25,0,0,0,0,0,4,2,11
,2022-24906,-105.0343205,39.74034134,7/14/2022 16:24,16:24,15,0,0,W COLFAX AVE & N LOWELL BLVD,1,1,0,0,1,4,0,0,35,0,0,0,0,0,2,2,16
,2022-24907,-105.0250599,39.66854361,7/15/2022 9:40,9:40,1,0,0,S FEDERAL BLVD & W COLLEGE AVE,1,1,0,0,1,3,0,0,40,0,0,0,0,0,2,2,16
,2022-24908,-105.0017782,39.75967152,7/14/2022 16:55,16:55,12,0,0,20TH ST & LITTLE RAVEN ST,1,1,0,0,1,1,0,0,35,0,0,0,0,0,4,4,3
,2022-24909,-105.0016953,39.78198065,7/15/2022 16:01,16:01,3,0,0,W 47TH AVE & N LIPAN ST,1,1,0,0,1,1,0,0,25,0,0,0,0,0,4,2,16
,2022-24911,-104.8987254,39.65307764,7/14/2022 13:21,13:21,1,0,1,E HAMPDEN AVE & S TAMARAC DR,1,1,1,0,1,1,0,0,45,0,0,0,0,1,2,4,11
,2022-24912,-105.0064483,39.76564458,7/15/2022 14:54,14:54,2,0,1,W 35TH AVE & N PECOS ST,1,1,1,0,1,1,0,0,0,1,0,0,0,2,4,1,16
,2022-24913,-105.0390115,39.70681774,7/14/2022 16:25,16:25,12,0,0,MORRISON RD & S PATTON CT,1,1,0,0,1,4,0,0,30,0,0,0,0,0,4,2,11
,2022-24914,-104.9123745,39.65302609,7/15/2022 10:33,10:33,12,0,0,E HAMPDEN AVE & S MONACO ST,1,1,0,0,1,4,0,0,40,0,0,0,0,0,2,3,16
,2022-24915,-104.9875529,39.71198158,7/14/2022 15:31,15:31,12,0,0,200 BLK S BROADWAY ST & W ALAMEDA AVE,1,1,0,0,1,4,0,0,30,0,0,0,0,0,4,2,13
,2022-24916,-104.9405489,39.693052,7/14/2022 13:36,13:36,12,0,3,S COLORADO BLVD & E LOUISIANA AVE,1,1,1,0,1,3,0,0,45,0,0,0,0,1,2,2,13
,2022-24918,-104.9734246,39.68981364,7/14/2022 21:01,21:01,12,0,0,S DOWNING ST & I-25 SB ENT RAMP ,1,3,0,0,1,8,0,0,35,0,0,0,0,0,1,2,13
,2022-24920,-104.95932,39.71818683,7/13/2022 19:55,19:55,3,0,0,S UNIVERSITY BLVD & E 1ST AVE,1,1,0,0,1,1,0,0,30,0,0,0,0,0,4,2,3
,2022-24921,-105.020014,39.67866073,7/13/2022 16:28,16:28,15,0,0,W EVANS AVE & S CLAY ST,1,1,0,0,1,1,0,0,30,0,0,0,0,0,4,2,11
,2022-24922,-104.8097976,39.78374358,7/14/2022 6:20,6:20,1,0,0,E GVR BLVD & N CHAMBERS RD,1,1,0,0,1,1,0,0,35,0,0,0,0,0,4,2,13
,2022-24923,-104.9128795,39.7784036,7/14/2022 8:00,8:00,12,0,1,I-70 WB & N MONACO ST,1,1,0,0,1,4,0,0,55,0,0,0,0,1,1,2,12
,2022-24925,-104.9848498,39.74005378,7/13/2022 20:32,20:32,1,0,2,E COLFAX AVE & N SHERMAN ST,1,2,1,0,1,1,0,0,35,0,0,0,0,2,2,2,14
,2022-24926,-104.7904699,39.78363776,7/14/2022 16:32,16:32,3,0,1,E GVR BLVD & PENA BLVD INBOUND,11,1,0,1,1,3,0,0,35,0,0,0,0,2,3,2,11
,2022-24929,-104.9604643,39.76198995,7/13/2022 8:34,8:34,12,0,0,E MLK BLVD & N YORK ST,1,1,0,0,1,3,0,0,25,0,0,0,0,0,4,3,16
,2022-24935,-104.8827886,39.77412064,7/13/2022 18:02,18:02,3,0,0,N CENTRAL PARK BLVD & E 40TH AVE,1,1,0,0,1,1,0,0,35,0,0,0,0,0,4,2,13
,2022-24939,-104.9687276,39.68751355,7/13/2022 23:18,23:18,12,0,0,I-25 SB & S FRANKLIN ST,1,3,0,0,1,4,0,0,65,0,0,0,0,0,1,3,16
,2022-24940,-104.963464,39.7432213,7/13/2022 14:45,14:45,3,0,1,E 17TH AVE & N RACE ST,1,1,0,0,1,1,0,0,25,0,0,0,1,1,4,4,16
,2022-24942,-104.9268182,39.76922743,6/30/2022 0:54,0:54,6,0,0,E 38TH AVE & N FOREST ST,11,3,0,1,1,4,0,0,35,0,0,0,0,0,4,2,13
,2022-24943,-105.0191914,39.72521281,7/14/2022 9:47,9:47,12,0,1,W 6TH AVE FWY & N FEDERAL BLVD,1,1,1,0,1,3,0,0,55,0,0,0,0,1,2,2,14
,2022-24944,-104.7626952,39.79843458,7/13/2022 14:13,14:13,1,0,2,N DUNKIRK ST & E 56TH AVE,1,1,0,0,1,1,0,0,40,0,0,0,0,2,4,2,11
,2022-24945,-104.9124443,39.74715634,7/15/2022 12:48,12:48,12,0,0,N MONACO ST & E MONTVIEW BLVD,1,1,0,0,1,4,0,0,30,0,0,0,0,0,4,2,16
,2022-24946,-105.0421344,39.72579463,7/15/2022 7:35,7:35,15,0,1,W 6TH AVE & N FEDERAL BLVD,1,1,0,0,1,4,0,0,55,0,0,0,0,1,2,2,3
,2022-24950,-104.8659619,39.71005072,7/14/2022 11:05,11:05,12,0,1, HAVANA ST [300 BLK ] & E ALAMEDA AVE,1,1,0,0,1,4,0,0,45,0,0,0,0,2,2,2,2
,2022-24951,-104.9715919,39.7482187,7/14/2022 15:30,15:30,6,0,0,1300 BLK E 21ST AVE & N MARION ST,1,1,0,0,1,4,0,0,35,0,0,0,0,0,4,2,2
,2022-24976,-104.9658813,39.72909415,7/16/2022 8:35,8:35,15,0,0,E 8TH AVE & N WILLIAMS ST,1,1,0,0,1,1,0,0,30,0,0,0,0,0,4,2,11
,2022-24978,-104.9428426,39.76809572,5/29/2022 6:00,6:00,6,0,0,E 37TH AVE & JACKSON ST,1,1,0,0,1,4,0,0,20,0,0,0,0,0,4,2,14
,2022-24979,-104.9333998,39.65298477,7/15/2022 9:49,9:49,12,0,0, E HAMPDEN AVE [4500 BLK] & S CHERRY ST,1,1,1,0,1,4,0,0,40,0,0,0,0,0,2,2,13
,2022-24983,-105.0911231,39.61689024,7/14/2022 12:20,12:20,12,0,0, S WADSWORTH BLVD [5400 BLK] & W CRESTLINE AVE,1,1,1,0,1,4,0,0,45,0,0,0,0,0,2,2,3
,2022-24984,-104.8642084,39.75950548,7/15/2022 17:09,17:09,3,0,2,N HAVANA ST & E MLK BLVD,1,1,0,0,1,1,0,0,35,0,0,0,0,1,4,2,3
,2022-24986,-104.9919292,39.69652775,7/15/2022 9:43,9:43,12,0,0,S SANTA FE DR & W MISSISSIPPI AVE,1,1,0,0,1,4,0,0,35,0,0,0,0,0,2,2,13
,2022-24988,-104.997636,39.7122805,7/15/2022 14:20,14:20,15,0,0,W BYERS PL & S SANTA FE DR,1,1,0,0,1,4,0,0,35,0,0,0,0,0,4,2,16
,2022-24989,-104.7863773,39.79838481,7/15/2022 11:39,11:39,12,0,0,E 56TH AVE & PENA BLVD INBOUND,1,1,0,0,1,1,0,0,40,0,0,0,0,0,4,4,3
,2022-24990,-105.0911238,39.61682158,7/14/2022 12:19,12:19,12,0,1, S WADSWORTH BLVD [5400 BLK] & W CRESTLINE AVE,1,1,1,0,1,4,0,0,45,0,0,0,0,1,2,2,16
,2022-24991,-105.0045918,39.74004794,7/16/2022 3:08,3:08,16,0,0,COLFAX AVE & 1350 BLK W ,1,3,0,0,5,7,0,0,15,0,0,0,0,0,3,2,11
,2022-24995,-104.8760147,39.65301992,7/15/2022 22:10,22:10,12,0,0,E HAMPDEN AVE [9600 BLK] & S DAYTON ST,1,3,0,0,1,4,0,0,45,0,0,0,0,0,2,2,3
,2022-24999,-104.9240104,39.76379313,7/15/2022 11:57,11:57,8,0,0,3300 BLK OF N HUDSON ST & E 33RD AVE,1,1,0,0,1,4,0,0,15,0,0,0,0,0,4,2,16
,2022-25000,-104.9829258,39.69661784,7/15/2022 15:37,15:37,1,0,1,E MISSISSIPPI AVE & S LOGAN ST,1,1,0,0,1,1,0,0,30,0,0,0,0,1,4,2,11
,2022-25004,-104.9804356,39.68813065,7/16/2022 14:40,14:40,6,0,0,1500 BLK S PEARL ST & E IOWA AVE,1,1,0,0,1,4,0,0,25,0,0,0,0,0,4,2,8
,2022-25008,-105.0203666,39.682296,7/16/2022 9:13,9:13,3,0,0,S CLAY ST & W JEWELL AVE,1,1,0,0,1,1,0,0,25,0,0,0,0,0,4,2,16
,2022-25009,-104.9918424,39.69679385,7/15/2022 13:36,13:36,6,0,0,S SANTA FE DR & W MISSISSIPPI AVE,1,1,0,0,1,3,0,0,45,0,0,0,0,0,2,2,10
,2022-25010,-104.9033902,39.77929691,7/16/2022 11:31,11:31,15,0,0,N QUEBEC ST & I-70 WB EXIT RAMP ,1,1,0,0,1,1,0,0,45,0,0,0,0,0,2,2,11
,2022-25011,-105.0158354,39.75630377,7/15/2022 11:39,11:39,14,0,0,N ZUNI ST & N SPEER BLVD,1,1,0,0,1,1,0,0,30,0,0,0,0,0,4,2,13
,2022-25012,-105.0252448,39.71815939,7/16/2022 12:51,12:51,11,0,1,N FEDERAL BLVD & W 1ST AVE,1,1,0,0,1,1,0,0,0,0,1,0,0,1,2,1,16
,2022-25013,-104.9832432,39.72378117,7/1/2022 21:33,21:33,15,0,0,300-BLK E SPEER BLVD & N GRANT ST,1,3,0,0,1,4,0,0,30,0,0,0,0,0,4,2,13
,2022-25016,-105.0047562,39.76115807,7/16/2022 8:00,8:00,15,0,0,I-25 NB & 20TH ST,1,1,0,7,1,4,0,0,55,0,0,0,0,0,1,2,16
,2022-25018,-104.9926567,39.75299677,7/15/2022 23:02,23:02,12,0,0,20TH ST & LARIMER ST,1,3,0,0,1,4,0,0,35,0,0,0,0,0,4,2,14