id,drcog_id,longitude,latitude,crashtime,time,crashtype,numbkilled,numbinjurd,drcoglocat,rdconditin,lightngcon,roadcntgrd,weatherco,location,roaddescrp,schoolzone,constrzone,splimit,bikeinv,pedinv,sctrinv,motoinv,svrty,rdsystem,ttlvehcls,hcf
,2022-25020,-104.8475713,39.65918426,7/12/2022 18:00,18:00,11,0,1,S PARKER RD & E PEORIA AVE,1,1,0,0,1,1,0,0,,0,1,0,0,1,2,1,16
,2022-25029,-105.0252048,39.78578194,7/7/2022 14:00,14:00,12,0,1,N FEDERAL BLVD & 4901 BLK,1,1,0,0,1,4,0,0,35,0,0,0,1,3,2,2,16
,2022-25096,-105.0453038,39.63863902,7/16/2022 20:21,20:21,5,0,0,W QUINCY AVE & S UTICA ST,1,2,0,0,2,3,0,0,35,0,0,0,0,0,4,1,14
,2022-25098,-104.987575,39.71115786,7/17/2022 2:11,2:11,3,0,4,S BROADWAY ST & E ALAMEDA AVE,1,3,0,0,1,1,0,0,35,0,0,0,0,2,4,2,13
,2022-25101,-104.9963573,39.71786393,7/9/2022 12:29,12:29,6,0,0, N GALAPAGO ST & 71 BLK,1,1,0,0,5,9,0,0,,0,0,0,0,0,3,2,16
,2022-25102,-104.9967957,39.70642408,7/1/2022 13:45,13:45,12,0,0,I-25 SB & S SANTA FE DR,1,1,0,0,1,4,0,0,55,0,0,0,0,0,1,2,16
,2022-25103,-104.9389172,39.68294175,6/1/2022 17:00,17:00,12,0,0,I-25 & COLORADO BLVD,1,1,3,0,1,8,0,0,45,0,0,0,0,0,1,2,13
,2022-25107,-104.6718573,39.83988021,7/17/2022 12:55,12:55,15,0,0,7900 BLK PENA BLVD & E 80TH AVE,1,1,0,0,1,4,0,0,45,0,0,0,0,0,4,2,8
,2022-25108,-104.8167048,39.79301111,7/17/2022 11:50,11:50,3,0,0,N SABLE ST & E MAXWELL PL,1,1,0,0,1,1,0,0,25,0,0,0,1,0,4,2,11
,2022-25110,-104.7718785,39.83341565,7/17/2022 2:49,2:49,3,0,0,N TOWER RD & PENA BLVD INBOUND,1,3,0,0,1,1,0,0,45,0,0,0,0,0,4,2,13
,2022-25111,-104.9646406,39.67841956,6/1/2022 16:18,16:18,12,0,0,E EVANS AVE & S RACE ST,1,1,0,0,1,3,0,0,30,0,0,0,0,0,4,2,16
,2022-25112,-105.0000418,39.72570803,6/17/2022 20:30,20:30,15,0,0,W 6TH AVE & N KALAMATH ST,1,4,0,0,1,4,0,0,35,0,0,0,0,0,2,2,16
,2022-25114,-104.9862611,39.72561946,6/17/2022 23:47,23:47,12,0,0,N LINCOLN ST & E 6TH AVE,1,3,0,0,1,4,0,0,35,0,0,0,0,0,4,2,13
,2022-25117,-105.0253471,39.736775,6/23/2022 12:41,12:41,11,0,1,FEDERAL BLVD & 1300 BLK N,1,1,1,0,1,10,0,0,15,0,1,0,0,3,2,1,13
,2022-25118,-105.0279689,39.7254197,7/14/2022 8:27,8:27,12,0,0,W 6TH AVE FWY & N FEDERAL BLVD,1,1,1,0,1,4,0,0,55,0,0,0,0,0,2,3,16
,2022-25120,-104.974131,39.73842269,7/17/2022 4:15,4:15,3,0,1,N CORONA ST & E 14TH AVE,1,3,0,0,1,1,0,0,30,0,0,0,0,2,4,2,14
,2022-25124,-104.7905734,39.77282797,7/14/2022 14:38,14:38,1,0,0,E 40TH AVE & PENA BLVD INBOUND,1,1,0,0,1,1,0,0,40,0,0,0,0,0,4,2,8
,2022-25125,-104.9826005,39.72260797,7/14/2022 17:25,17:25,10,0,0,E SPEER BLVD & N LOGAN ST,1,1,0,0,1,1,0,0,30,0,0,0,0,0,4,2,8
,2022-25129,-104.8470106,39.78241555,7/14/2022 13:15,13:15,12,0,0,N PEORIA ST & E 47TH AVE,1,1,0,0,1,1,0,0,35,0,0,0,0,0,4,3,1
,2022-25130,-104.9764205,39.73079393,6/20/2022 2:26,2:26,6,0,0,900 BLK N EMERSON ST & E 9TH AVE,1,3,0,0,1,4,0,0,25,0,0,0,0,0,4,3,16
,2022-25132,-104.8844453,39.79832315,7/16/2022 21:15,21:15,1,0,1,N CENTRAL PARK BLVD & E 56TH AVE,1,3,0,0,1,1,0,0,35,0,0,0,1,2,4,2,16
,2022-25142,-104.9846241,39.75238361,7/15/2022 0:39,0:39,2,0,1,STOUT ST & PARK AVE W,1,3,0,0,1,3,0,0,30,1,0,0,0,2,4,1,13
,2022-25146,-104.9621286,39.7399793,7/17/2022 0:00,0:00,11,0,0, E COLFAX AVE [2100 BLK] & N VINE ST,1,3,0,0,1,4,0,0,35,0,1,0,0,0,2,2,16
,2022-25147,-104.9828856,39.67856474,6/20/2022 0:28,0:28,3,0,0,E EVANS AVE & S LOGAN ST,1,3,0,0,1,1,0,0,35,0,0,0,0,1,4,2,1
,2022-25151,-104.9546239,39.71944225,7/5/2022 3:02,3:02,6,0,0,N DETROIT ST & E 2ND AVE,1,3,0,0,1,3,0,0,25,0,0,0,0,0,4,2,14
,2022-25154,-105.050738,39.77657292,7/17/2022 14:00,14:00,6,0,0,W 44TH AVE & N YATES ST,1,1,0,0,1,4,0,0,30,0,0,0,0,0,4,3,11
,2022-25158,-104.7907918,39.78363899,7/17/2022 16:34,16:34,12,0,0,PENA BLVD INBOUND & E GVR BLVD,1,1,0,0,1,4,0,0,25,0,0,0,0,0,4,2,7
,2022-25159,-104.9948039,39.74720412,6/19/2022 22:50,22:50,2,0,1,CURTIS ST & 16TH ST,1,3,0,0,1,1,0,0,20,1,0,0,0,1,4,1,16
,2022-25164,-104.9941329,39.74501512,6/22/2022 23:07,23:07,6,0,0,STOUT ST 1500 BLK & 15TH ST,1,3,0,0,3,4,0,0,,0,0,0,0,0,4,2,16
,2022-25165,-104.8999016,39.74743789,7/16/2022 11:11,11:11,12,0,0,E MONTVIEW BLVD & N ROSEMARY ST,1,1,0,0,1,1,0,0,35,0,0,0,0,0,4,3,3
,2022-25169,-104.8470297,39.77400525,7/15/2022 7:30,7:30,3,0,1,N PEORIA ST & I-70 EB EXIT RAMP ,1,1,0,0,1,1,0,0,45,0,0,0,0,1,4,2,16
,2022-25171,-104.9692898,39.7181859,7/12/2022 8:16,8:16,12,0,0,1600 BLK E 1ST AVE & N GILPIN ST,1,1,0,1,1,4,0,0,30,0,0,0,0,0,4,2,13
,2022-25179,-104.9823387,39.74327188,7/16/2022 16:20,16:20,15,0,0,N LOGAN ST & E 17TH AVE,1,1,3,0,1,1,0,0,,0,0,0,0,0,4,2,16
,2022-25180,-104.9897564,39.78737338,6/23/2022 13:25,13:25,3,0,1,BANNOCK ST & 5100 BLK N ,1,1,0,0,1,2,0,0,30,0,0,0,0,3,4,2,1
,2022-25185,-104.9034922,39.77179667,6/25/2022 23:25,23:25,15,0,0,N QUEBEC ST & E SMITH RD,1,3,0,0,1,4,0,0,45,0,0,0,0,0,4,2,16
,2022-25187,-105.0251816,39.73114749,7/16/2022 22:45,22:45,12,0,0,N FEDERAL BLVD & W 9TH AVE,1,3,0,0,1,1,0,0,35,0,0,0,0,0,2,2,13
,2022-25191,-105.0110415,39.68229506,7/16/2022 22:37,22:37,1,0,2,W JEWELL AVE & S TEJON ST,1,3,0,0,6,1,0,0,30,0,0,0,0,2,4,2,16
,2022-25196,-105.0350445,39.70965351,7/1/2022 20:11,20:11,6,0,0, S LOWELL BLVD [300 BLK[ & MORRISON RD,1,3,0,0,1,4,0,0,25,0,0,0,0,0,4,3,16
,2022-25200,-105.0045299,39.74668353,6/27/2022 14:47,14:47,5,0,0,11TH ST  & WALNUT ST ,1,1,0,0,3,3,0,0,30,0,0,0,0,0,4,1,7
,2022-25202,-104.90341,39.7674611,6/15/2022 11:27,11:27,3,0,0,36TH AVE 7200 BLK E  & N QUEBEC ST,1,1,0,0,1,2,0,0,25,0,0,0,0,0,4,2,11
,2022-25203,-104.7744732,39.78371353,6/17/2022 22:02,22:02,12,0,0,E GVR BLVD & N YAMPA ST,1,3,0,0,1,4,0,0,35,0,0,0,0,0,4,2,16
,2022-25206,-104.9985726,39.72570691,6/20/2022 21:41,21:41,3,0,1,W 6TH AVE & N SANTA FE DR,1,3,0,0,1,1,0,0,30,0,0,0,0,2,4,2,1
,2022-25207,-105.0251483,39.72931358,7/17/2022 1:13,1:13,12,0,0,N FEDERAL BLVD & W 8TH AVE,1,3,0,0,1,1,0,0,35,0,0,0,0,0,2,2,16
,2022-25208,-104.9403004,39.77288248,7/16/2022 14:58,14:58,12,0,0,OUTBOUND PENA BLVD & E 40TH AVE,1,1,1,0,1,4,0,0,45,0,0,0,0,0,4,2,7
,2022-25209,-104.9312664,39.78343026,7/16/2022 14:18,14:18,15,0,0, E 48TH AVE [4600 BLK] & N DAHLIA ST,1,1,0,0,1,4,0,0,25,0,0,0,0,0,4,2,8
,2022-25212,-104.9861301,39.73384751,7/17/2022 15:24,15:24,5,0,1,E 11TH AVE & N LINCOLN ST,1,1,0,0,2,1,0,0,25,0,0,0,0,2,4,1,14
,2022-25217,-105.0252131,39.78834363,6/28/2022 7:45,7:45,2,0,1,FEDERAL BLVD  & W 51ST AVE,1,1,0,0,1,2,0,0,,1,0,0,0,2,2,1,13
,2022-25218,-105.0431742,39.67972115,7/6/2022 0:35,0:35,6,0,0,4200 BLK OF W EVANS AVE & S STUART ST,1,3,0,0,1,4,0,0,30,0,0,0,0,0,4,2,16
,2022-25245,-104.8971237,39.63859734,7/4/2022 17:00,17:00,6,0,0,TRADING POST RD & BETWEEN RD ROCAS PARK RD & ARMARDA PARKWAY,1,1,3,0,1,7,0,0,25,0,0,0,0,0,4,2,13
,2022-25250,-104.9781278,39.67853226,7/17/2022 15:09,15:09,12,0,1,S CLARKSON ST & E EVANS AVE,1,1,0,0,1,1,0,0,35,0,0,0,0,2,4,4,13
,2022-25251,-105.0251691,39.73298246,7/17/2022 8:53,8:53,12,0,1,N FEDERAL BLVD & W 10TH AVE,1,1,0,0,1,1,0,0,35,0,0,0,0,1,2,2,3
,2022-25252,-104.9850071,39.76015696,6/3/2022 12:05,12:05,11,0,0,27TH ST & WALNUT ST,1,1,0,0,1,1,0,1,25,0,1,0,0,0,4,1,1
,2022-25254,-104.9861155,39.74286826,7/15/2022 15:45,15:45,12,0,0,1600 BLK N LINCOLN ST & E 17TH AVE,1,1,0,0,1,4,0,0,35,0,0,0,0,0,4,2,3
,2022-25255,-105.0040972,39.76082855,7/16/2022 20:53,20:53,11,0,1,I-25 NB EXIT RAMP & 20TH ST,1,3,1,0,1,3,0,0,25,0,0,1,0,1,4,1,11
,2022-25257,-104.9883629,39.74410535,7/17/2022 23:10,23:10,3,0,0,17TH ST & TREMONT PL,1,3,0,0,1,1,0,0,30,0,0,0,0,0,4,2,3
,2022-25261,-104.9823283,39.74044223,7/17/2022 12:30,12:30,10,0,0,1500 BLK N LOGAN ST & E. COLFAX AVE.,1,1,0,0,1,2,0,0,30,0,0,0,0,1,4,2,8
,2022-25264,-104.9185752,39.76183564,7/18/2022 7:05,7:05,12,0,0,6000 BLK E MLK BLVD & N JASMINE ST,1,1,0,0,1,4,0,0,35,0,0,0,0,0,4,2,1
,2022-25271,-104.9222355,39.68222957,7/18/2022 9:04,9:04,6,0,0,S HOLLY ST [1800 BLK] & E JEWELL AVE,1,1,0,0,1,4,0,0,30,0,0,0,0,0,4,2,14
,2022-25281,-104.9754257,39.77296274,7/18/2022 11:58,11:58,12,0,0,38TH ST & N BRIGHTON BLVD,1,1,0,0,1,1,0,0,30,0,0,0,0,0,4,3,3
,2022-25282,-104.8682705,39.70718782,7/15/2022 8:14,8:14,3,0,0,S GALENA WAY & E VIRGINIA AVE,1,1,0,0,1,1,0,0,30,0,0,0,0,0,4,2,16
,2022-25283,-104.8135275,39.78440953,7/18/2022 11:43,11:43,5,0,0,E GATEWAY AVE & N FONTANA CT,1,1,0,0,2,1,0,0,35,0,0,0,0,0,4,1,10
,2022-25284,-104.8313063,39.78419058,7/18/2022 9:13,9:13,3,0,0,N CROWN BLVD & E ANDREWS DR,1,1,0,0,1,1,0,0,25,0,0,0,0,0,4,2,16
,2022-25285,-104.8995984,39.69711396,7/16/2022 12:30,12:30,15,0,1,S PARKER RD & E MISSISSIPPI AVE,1,1,0,0,1,4,0,0,40,0,0,0,0,1,2,2,11
,2022-25287,-105.0020979,39.75977191,7/15/2022 12:54,12:54,12,0,1,20TH ST & LITTLE RAVEN ST,1,1,1,0,1,4,0,0,30,0,0,0,0,1,4,2,16
,2022-25289,-104.9187567,39.76183535,7/18/2022 7:10,7:10,15,0,0,E MLK BLVD & N JASMINE ST,1,1,0,0,1,1,0,0,,0,0,0,0,0,4,2,16
,2022-25291,-104.8844453,39.79832315,7/17/2022 12:30,12:30,1,0,0,N CENTRAL PARK BLVD & E 56TH AVE,1,1,0,0,1,1,0,0,,0,0,0,0,0,4,2,16
,2022-25292,-104.9782366,39.73203084,7/17/2022 13:10,13:10,3,0,0, E 10TH AVE [700 BLK] & N WASHINGTON ST,1,1,0,0,1,9,0,0,30,0,0,0,0,0,4,2,10
,2022-25303,-104.9999411,39.71119597,7/17/2022 20:05,20:05,3,0,0,I-25 SB EXIT RAMP & W ALAMEDA AVE,1,2,1,0,1,1,0,0,35,0,0,0,0,0,2,2,3
,2022-25305,-104.6731416,39.84280557,7/17/2022 15:30,15:30,15,0,0, N PENA BLVD [8100 BLK]  & GROUND TRANSPORTATION LOT EXIT,1,1,0,0,1,4,0,0,45,0,0,0,0,0,3,2,14
,2022-25306,-104.9234277,39.73830019,7/16/2022 11:00,11:00,10,0,0,E 14TH AVE & N HUDSON ST,1,1,0,0,1,1,0,0,30,0,0,0,0,0,4,2,11
,2022-25311,-105.0064366,39.78384061,7/18/2022 8:39,8:39,3,0,0,N PECOS ST & W 48TH AVE,1,1,0,0,1,1,0,0,20,0,0,0,0,0,4,2,11
,2022-25315,-104.7904868,39.78339557,7/17/2022 17:11,17:11,3,0,4,E GVR BLVD & PENA BLVD OUTBOUND,1,1,0,0,1,1,0,0,35,0,0,0,0,2,3,2,13
,2022-25319,-104.9726885,39.74324003,7/17/2022 16:45,16:45,10,0,1,PARK AVE & E 17TH AVE,1,1,0,0,1,1,0,0,30,0,0,0,0,2,4,2,10
,2022-25333,-104.9711102,39.6739225,7/17/2022 16:04,16:04,6,0,0,LAFAYETTE ST & 2351 S ,1,1,0,0,1,4,0,0,,0,0,0,0,0,4,2,16
,2022-25339,-104.6685005,39.84686349,7/18/2022 8:51,8:51,15,0,0,INBOUND PENA BLVD & 8300 BLK,1,1,0,0,1,4,0,0,45,0,0,0,0,0,2,2,11
,2022-25347,-104.7626952,39.79843458,7/17/2022 20:20,20:20,1,0,0,N DUNKIRK ST & E 56TH AVE,1,3,0,0,1,1,0,0,45,0,0,0,0,0,4,2,11
,2022-25358,-105.0251799,39.78422127,7/17/2022 19:58,19:58,3,0,1,N FEDERAL BLVD & I-70 WB EXIT RAMP,1,1,0,0,1,1,0,0,35,0,0,0,0,2,2,2,13
,2022-25368,-104.9094362,39.76564935,7/17/2022 11:35,11:35,3,0,0,E 35TH AVE & N NEWPORT ST,1,1,0,6,1,1,0,0,25,0,0,0,0,0,4,2,8
,2022-25370,-105.0131182,39.72551753,7/15/2022 10:20,10:20,12,0,1,I-25 NB & W 6TH AVE,1,1,0,0,1,4,0,0,55,0,0,0,0,1,1,3,8
,2022-25372,-105.0252153,39.7165743,7/17/2022 23:44,23:44,10,0,2,FEDERAL BLVD & W ELLSWORTH AVE,1,3,0,0,1,1,0,0,35,0,0,0,0,2,2,2,7
,2022-25375,-104.8989777,39.76009294,7/16/2022 14:20,14:20,10,0,0,E MLK BLVD & N SYRACUSE ST,1,1,0,0,1,1,0,0,30,0,0,0,0,0,4,2,3
,2022-25376,-105.0043198,39.76094363,7/14/2022 16:29,16:29,12,0,0,I-25 NB  & 20TH ST,1,1,0,0,1,4,0,0,55,0,0,0,0,0,1,2,3
,2022-25382,-105.0064681,39.78785097,7/14/2022 20:00,20:00,6,0,0,W BEEKMAN PL & N PECOS ST,1,5,0,0,1,4,0,0,,0,0,0,0,0,4,2,16
,2022-25386,-104.94051,39.77276437,6/17/2022 15:45,15:45,15,0,0,N COLORADO BLVD & E 40TH AVE,1,1,0,0,1,4,0,0,45,0,0,0,0,0,4,2,16
,2022-25387,-104.9874332,39.69682649,7/18/2022 0:56,0:56,6,0,0,1000 BLK S BROADWAY ST & E MISSISSIPPI AVE,1,3,0,0,1,4,0,0,30,0,0,0,0,1,4,4,1
,2022-25403,-104.9037015,39.71672084,6/23/2022 8:02,8:02,11,0,3,QUEBEC ST 440 BLK N  & E 43RD AVE,1,1,0,0,1,4,0,0,35,0,1,0,0,3,4,3,11
,2022-25406,-105.0401555,39.7255875,7/17/2022 21:54,21:54,15,0,2,W 6TH AVE & S FEDERAL BLVD,1,3,0,0,1,4,0,0,55,0,0,0,0,2,2,3,14
,2022-25423,-105.0464824,39.78023823,7/17/2022 22:21,22:21,1,0,0,W 46TH AVE & N VRAIN ST,1,3,0,0,1,4,0,0,35,0,0,0,0,0,4,2,16
,2022-25507,-104.9787425,39.7399981,6/25/2022 2:09,2:09,3,0,5,E COLFAX AVE & N WASHINGTON ST,1,3,0,0,1,1,0,0,,0,1,0,0,2,2,3,16
,2022-25514,-104.9940499,39.73685608,7/18/2022 15:05,15:05,12,0,0,400 BLK W 13TH AVE & N. ELATI ST.,1,1,0,0,1,3,0,0,30,0,0,0,0,0,4,2,13
,2022-25517,-105.025149,39.72933001,7/18/2022 10:20,10:20,15,0,0,W 6TH AVE & N FEDERAL BLVD,1,1,0,0,1,4,0,0,55,0,0,0,0,0,2,2,16
,2022-25519,-104.9127813,39.71836384,7/18/2022 21:39,21:39,15,0,0,E 1ST AVE & N MONACO ST,1,3,0,0,1,4,0,0,35,0,0,0,0,0,4,2,16
,2022-25521,-104.9104123,39.70107633,7/19/2022 15:45,15:45,1,0,2,6767 LEETSDALE DR & S NIAGARA ST,1,1,0,0,1,2,0,0,,0,0,0,0,2,2,2,16
,2022-25522,-104.9792537,39.69413359,7/19/2022 14:31,14:31,12,0,1,I-25 & S WASHINGTON ST,1,1,0,0,1,4,0,0,65,0,0,0,0,1,1,3,13
,2022-25525,-104.903773,39.77822232,7/19/2022 6:47,6:47,12,0,0,I-70 WB & N QUEBEC ST,1,1,0,0,1,4,0,0,55,0,0,0,0,0,1,2,11
,2022-25526,-105.0251716,39.71123825,7/18/2022 14:42,14:42,15,0,0,S FEDERAL BLVD & W ALAMEDA AVE,1,1,0,0,1,3,0,0,35,0,0,0,0,0,2,2,7
,2022-25527,-105.0213684,39.75846083,7/19/2022 13:49,13:49,12,0,0,W 29TH AVE & N SPEER BLVD,1,1,0,0,1,1,0,0,30,0,0,0,0,0,4,2,13
,2022-25528,-104.9101897,39.63911373,7/19/2022 12:40,12:40,12,0,2,I-25 NB & E QUINCY AVE,1,1,0,0,1,4,0,0,65,0,0,0,0,1,1,2,16
,2022-25529,-104.9828197,39.71335425,7/19/2022 9:19,9:19,6,0,0,S LOGAN ST & E CEDAR AVE,1,1,0,0,1,4,0,0,25,0,0,0,0,0,4,2,12
,2022-25531,-104.8905513,39.74008521,7/18/2022 15:14,15:14,6,0,2,8330 E COLFAX AVE & VERBENA ST,1,1,0,7,1,4,0,0,35,0,0,0,0,1,2,2,13
,2022-25532,-104.8947947,39.6382838,7/19/2022 12:30,12:30,1,0,0,S TAMARAC ST & E QUINCY AVE,1,1,0,0,1,1,0,0,30,0,0,0,0,0,4,2,10
,2022-25533,-105.0252828,39.77657961,7/19/2022 6:57,6:57,12,0,0,N FEDERAL BLVD [4300 BLK] & W 44TH AVE,1,1,0,0,1,2,0,0,35,0,0,0,0,0,2,2,13
,2022-25538,-105.0527386,39.68228906,7/17/2022 7:37,7:37,12,0,0,5100 BLK W JEWELL AVE & S SHERIDAN BLVD,1,1,0,1,1,4,0,0,30,0,0,0,0,0,4,2,16
,2022-25539,-104.9964723,39.73686262,7/4/2022 21:00,21:00,11,0,1,W 13TH AVE & N SPEER BLVD,1,3,0,0,1,1,0,0,30,0,1,0,0,1,4,1,8
,2022-25540,-104.9532461,39.73837604,7/19/2022 8:10,8:10,3,0,0,E 14TH AVE & N FILLMORE ST,1,1,0,0,1,9,0,0,15,0,0,0,0,0,4,2,11
,2022-25542,-104.8317779,39.79222483,7/17/2022 18:05,18:05,6,0,0,5304 N WHEELING ST & N VICTOR WAY,1,1,0,0,1,4,0,0,20,0,0,0,0,0,4,2,16
,2022-25543,-104.9069473,39.7402146,7/18/2022 12:00,12:00,12,0,0,E COLFAX AVE & N OLIVE ST,1,1,0,0,1,1,0,0,35,0,0,0,0,0,2,2,3
,2022-25544,-104.9943587,39.72253191,7/18/2022 18:47,18:47,6,0,0,W 4TH AVE & N ELATI ST,1,3,0,0,1,4,0,0,25,0,0,0,0,0,4,2,16
,2022-25546,-105.0532906,39.65363075,7/19/2022 14:00,14:00,12,0,0,S SHERIDAN BLVD & W HAMPDEN AVE,11,1,0,1,1,4,0,0,35,0,0,0,0,0,2,3,13
,2022-25553,-104.925196,39.67754419,7/18/2022 8:19,8:19,15,0,0,2100 BLK S GRAPE ST & E EVANS AVE,1,1,0,0,1,3,0,0,25,0,0,0,0,0,4,2,7
,2022-25554,-104.9064292,39.63281723,7/19/2022 11:59,11:59,12,0,0,I-25 SB & I-225 NB ENT RAMP [GORE PT],1,1,0,0,1,4,0,0,60,0,0,0,0,0,1,2,16
,2022-25555,-105.0252057,39.78552958,7/19/2022 15:45,15:45,12,0,0,N FEDERAL BLVD [4800 BLK] & W 49TH AVE,1,1,0,0,1,3,0,0,35,0,0,0,0,0,2,2,3
,2022-25557,-104.9950429,39.76568371,7/18/2022 19:41,19:41,1,0,0,PARK AVE _W & N GLOBEVILLE RD,1,1,0,0,1,1,0,0,35,0,0,0,0,0,4,2,16
,2022-25562,-104.9789784,39.77943325,7/19/2022 15:51,15:51,12,0,0,I-70 WB & N WASHINGTON ST,11,1,1,1,1,8,0,0,55,0,0,0,0,0,1,2,16
,2022-25567,-104.9915867,39.745659,7/17/2022 14:30,14:30,6,0,0,CALIFORNIA ST [1600 BLK] & 16TH ST,1,1,0,0,1,4,0,0,30,0,0,0,0,0,4,2,16
,2022-25568,-104.9814678,39.71653246,7/2/2022 18:00,18:00,6,0,0,N PENNSYLVANIA ST & E ELLSWORTH AVE,1,2,0,0,1,4,0,0,30,0,0,0,0,0,4,2,16
,2022-25569,-105.0203599,39.69674193,7/19/2022 11:53,11:53,3,0,0,W MISSISSIPPI AVE & S CLAY ST,1,1,0,0,1,1,0,0,25,0,0,0,0,0,4,2,3
,2022-25573,-104.9963843,39.72647883,7/10/2022 13:13,13:13,6,0,0,N GALAPAGO ST [600 BLK] & W 6TH AVE,1,1,0,0,1,4,0,0,25,0,0,0,0,0,4,2,3
,2022-25574,-104.9840144,39.71114573,7/19/2022 8:49,8:49,8,0,0,E ALAMEDA AVE & S GRANT ST,1,1,0,0,1,1,0,0,25,0,0,0,0,0,4,2,13
,2022-25577,-104.9207062,39.66758392,7/18/2022 14:45,14:45,1,0,0,E YALE AVE & S HOLLY ST,1,1,0,0,1,1,0,0,30,0,0,0,0,0,4,2,3
,2022-25579,-104.9164557,39.71119645,7/18/2022 11:00,11:00,10,0,0,E ALAMEDA AVE & S KRAMERIA ST,1,1,0,0,1,1,0,0,30,0,0,0,0,0,4,2,13
,2022-25580,-104.9972475,39.7111949,7/18/2022 15:15,15:15,12,0,0,W ALAMEDA AVE & S SANTA FE DR,1,1,0,0,1,3,0,0,35,0,0,0,0,0,4,2,16
,2022-25585,-104.9406038,39.74739362,7/18/2022 13:00,13:00,12,0,0,N COLORADO BLVD & E MONTVIEW BLVD,1,1,0,0,1,1,0,0,35,0,0,0,0,0,2,2,3
,2022-25607,-104.9574278,39.74018005,7/19/2022 13:35,13:35,11,0,1,E COLFAX AVE & N COLUMBINE ST,1,1,0,0,1,1,0,0,0,0,1,0,0,3,2,1,16
,2022-25608,-104.9989128,39.71123181,7/18/2022 16:18,16:18,12,0,0,I-25 NB & W ALAMEDA AVE,1,1,1,0,1,4,0,0,55,0,0,0,0,0,1,3,3
,2022-25610,-104.940145,39.76445812,7/18/2022 20:37,20:37,3,0,0,E BRUCE RANDOLPH AVE [4000 BLK] & N COLORADO BLVD,1,3,0,0,1,9,0,0,25,0,0,0,0,0,2,2,11
,2022-25612,-104.9689814,39.74323811,7/19/2022 12:35,12:35,15,0,0,1500 BLK E 17TH AVE & N FRANKLIN ST,1,1,0,0,1,4,0,0,30,0,0,0,0,0,4,2,11
,2022-25617,-104.8987605,39.74021883,7/19/2022 16:21,16:21,11,0,0,E COLFAX AVE & N SYRACUSE ST,1,1,0,0,1,1,0,0,30,0,1,0,0,0,2,1,16
,2022-25623,-105.032475,39.72509121,7/19/2022 5:50,5:50,12,0,0,W 6TH AVE & N KNOX CT,1,1,2,0,1,4,0,0,55,0,0,0,0,0,2,3,16
,2022-25624,-104.9405965,39.78003319,7/19/2022 10:53,10:53,15,0,0,I-70 WB & N COLORADO BLVD,1,1,0,0,1,13,0,0,55,0,0,0,0,0,1,2,8
,2022-25625,-105.0251381,39.75096176,7/17/2022 10:17,10:17,12,0,0,N FEDERAL BLVD [2200 BLK ] & W 23RD AVE,1,1,0,1,1,4,0,0,35,0,0,0,0,0,2,2,16
,2022-25631,-104.9338319,39.74005729,7/18/2022 18:21,18:21,12,0,0, E COLFAX AVE & N CHERRY ST,1,1,0,0,1,1,0,0,35,0,0,0,0,0,2,2,16
,2022-25636,-105.0394556,39.72549725,7/15/2022 12:15,12:15,12,0,0,W 6TH AVE & N PERRY ST,1,1,1,0,1,4,0,0,55,0,0,0,0,0,2,2,16
,2022-25637,-105.0298583,39.74027785,7/19/2022 16:51,16:51,15,0,0,W COLFAX AVE & N IRVING ST,1,1,0,0,1,3,0,0,30,0,0,0,0,0,2,2,11
,2022-25638,-105.0251299,39.75601354,7/18/2022 16:40,16:40,15,0,0,N FEDERAL BLVD & 2700 BLK [APPROX],1,1,0,0,1,4,0,0,35,0,0,0,0,0,2,2,11
,2022-25640,-104.9597611,39.74945603,7/19/2022 14:58,14:58,3,0,0,N YORK ST & E 22ND AVE,1,1,0,0,1,1,0,0,25,0,0,0,0,0,4,2,11
,2022-25718,-104.9861281,39.7325485,7/16/2022 11:58,11:58,6,0,0,1000 BLK N LINCOLN ST & E 10TH AVE,1,1,0,0,1,4,0,0,,0,0,0,0,0,4,2,16
,2022-25719,-104.9895508,39.78026028,7/15/2022 12:09,12:09,12,0,0,I-70 WB & I-25 SB,1,1,0,0,1,4,0,0,45,0,0,0,0,0,1,2,13
,2022-25721,-104.9128742,39.6676319,7/19/2022 16:00,16:00,1,0,0,S MONACO ST & E YALE AVE,1,1,0,0,1,1,0,0,30,0,0,0,0,0,4,2,3
,2022-25729,-104.9222939,39.77606906,7/20/2022 14:31,14:31,12,0,0,N HOLLY ST & E 42ND AVE,1,1,0,0,1,4,0,0,30,0,0,0,0,0,4,2,14
,2022-25731,-105.0033455,39.74846118,7/20/2022 8:10,8:10,1,0,0,AURARIA PKWY & N SPEER BLVD,1,1,0,0,1,1,0,0,35,0,0,0,1,1,4,2,13
,2022-25732,-104.9052543,39.66763906,7/20/2022 7:41,7:41,12,0,0,7100 BLK E YALE AVE & S QUEBEC ST,1,1,1,0,1,4,0,0,30,0,0,0,0,0,4,2,11
,2022-25734,-104.9891814,39.7801983,7/20/2022 9:31,9:31,15,0,0,I-25 NB EXIT RAMP & I-70 WB,1,1,0,0,1,8,0,0,55,0,0,0,0,0,1,2,13
,2022-25735,-104.9038329,39.66762764,7/19/2022 11:00,11:00,12,0,0,E YALE AVE & S QUEBEC ST,1,1,0,0,1,1,0,0,30,0,0,0,0,0,4,3,3