id,drcog_id,longitude,latitude,crashtime,time,crashtype,numbkilled,numbinjurd,drcoglocat,rdconditin,lightngcon,roadcntgrd,weatherco,location,roaddescrp,schoolzone,constrzone,splimit,bikeinv,pedinv,sctrinv,motoinv,svrty,rdsystem,ttlvehcls,hcf
,2022-25736,-104.9880948,39.75508144,7/20/2022 18:40,18:40,3,0,0,PARK AVE WEST & LAWRENCE ST,1,1,0,0,1,1,0,0,35,0,0,0,0,1,4,2,14
,2022-25743,-104.7863773,39.79838481,7/19/2022 18:30,18:30,12,0,0,E 56TH AVE & N PENA BLVD,1,1,0,0,1,1,0,0,45,0,0,0,0,0,4,2,11
,2022-25755,-104.9406279,39.72094951,7/19/2022 17:30,17:30,12,0,0,N COLORADO BLVD & E 3RD AVE,1,1,0,0,1,1,0,0,35,0,0,0,0,0,2,2,3
,2022-25756,-104.9908404,39.6784115,7/19/2022 11:58,11:58,3,0,0,200 BLK W EVANS AVE & S BANNOCK ST /S CHEROKEE ST ALLEY,1,1,1,0,1,9,0,0,,0,0,0,0,0,4,2,16
,2022-25758,-105.0295995,39.68945918,7/20/2022 5:31,5:31,14,0,0,3200 BLK W FLORIDA AVE & S IRVING ST,1,1,0,1,1,4,0,0,25,0,0,0,0,0,4,2,13
,2022-25760,-104.9497967,39.71777572,7/19/2022 17:00,17:00,15,0,0,N STEELE ST & E 1ST AVE,1,1,0,0,1,1,0,0,30,0,0,0,0,0,4,2,3
,2022-25761,-104.9874493,39.69479882,7/19/2022 21:04,21:04,12,0,0,S BROADWAY ST & W ARIZONA AVE,1,3,0,0,1,1,0,0,35,0,0,0,0,0,4,2,8
,2022-25769,-105.0250269,39.68036536,7/9/2022 21:40,21:40,16,0,0,FEDERAL BLVD & 1951 S ,1,3,0,0,5,7,0,0,,0,0,0,0,0,3,2,16
,2022-25775,-104.6750278,39.8479686,7/20/2022 3:45,3:45,5,0,0,7900 BLK PENA BLVD & E. 84TH AVE,1,3,0,0,3,4,0,0,45,0,0,0,0,0,4,1,10
,2022-25776,-104.9721009,39.76697251,7/20/2022 17:03,17:03,3,0,0,E 36TH AVE & N MARION ST,1,1,0,0,1,1,0,0,20,0,0,0,0,0,4,2,11
,2022-25784,-104.9671431,39.74000258,7/20/2022 16:58,16:58,12,0,3,E COLFAX AVE & N GILPIN ST,1,1,0,0,1,3,0,0,30,0,0,0,0,2,4,4,13
,2022-25789,-104.9802811,39.7180494,7/19/2022 20:45,20:45,6,0,0,N PEARL ST & E 1ST AVE,1,4,0,0,1,4,0,0,25,0,0,0,0,0,4,3,3
,2022-25791,-104.9875741,39.67670604,7/19/2022 13:00,13:00,3,0,0,S BROADWAY ST & E WARREN AVE,1,1,0,0,1,1,0,0,25,0,0,0,0,0,4,2,3
,2022-25793,-104.9721008,39.76450728,7/20/2022 17:48,17:48,3,0,0,N MARION ST & BRUCE RANDOLPH AVE,1,1,0,0,1,1,0,0,25,0,0,0,0,0,4,2,13
,2022-25805,-104.9787166,39.73999786,7/19/2022 23:53,23:53,16,0,0,629 E COLFAX AVE. & WASHINGTON ST,1,3,0,0,5,7,0,0,,0,0,0,0,0,3,2,1
,2022-25806,-104.9013981,39.62377418,7/20/2022 9:04,9:04,12,0,0,I-25 NB & E BELLEVIEW AVE,1,1,0,0,1,4,0,0,65,0,0,0,0,0,1,2,7
,2022-25807,-104.9847076,39.778371,7/19/2022 22:35,22:35,6,0,0,4505 N SHERMAN ST & 45TH AVE,1,3,0,0,1,3,0,0,30,0,0,0,0,0,4,2,16
,2022-25808,-104.986246,39.72094006,7/20/2022 10:41,10:41,15,0,0,N LINCOLN ST & E 3RD AVE,1,1,0,0,1,1,0,0,30,0,0,0,0,0,4,2,8
,2022-25810,-104.9671664,39.77987417,7/19/2022 17:49,17:49,12,0,0,I-70 EB & N BRIGHTON BLVD,1,1,3,0,1,4,0,0,55,0,0,0,0,0,1,3,2
,2022-25834,-104.8827688,39.77727111,7/20/2022 5:50,5:50,15,0,0,I-70 WB & N CENTRAL PARK BLVD,1,1,0,0,1,4,0,0,55,0,0,0,0,0,1,2,11
,2022-25836,-104.8829761,39.79998865,7/19/2022 14:25,14:25,12,0,0,E 57TH AVE & N ALTON ST,1,1,0,0,1,3,0,0,25,0,0,0,0,0,4,2,11
,2022-25840,-104.9451407,39.68058651,7/19/2022 18:30,18:30,12,0,0,E BUCHTEL BLVD & S MONROE ST,1,1,0,0,1,1,0,0,30,0,0,0,0,0,4,2,3
,2022-25843,-104.969643,39.75823922,7/18/2022 3:00,3:00,6,0,0,1511 E 29TH AVE & N HUMBOLDT ST,1,3,0,0,1,4,0,0,25,0,0,0,0,0,4,2,16
,2022-25850,-104.9717263,39.779689,7/20/2022 13:24,13:24,5,0,0,I-70 EB & N BRIGHTON BLVD,1,1,0,0,2,4,0,1,55,0,0,0,0,0,1,1,16
,2022-25852,-104.9934184,39.75365463,7/20/2022 16:08,16:08,3,0,0,20TH ST & MARKET ST,1,1,0,0,1,1,0,0,25,0,0,0,0,0,4,2,16
,2022-25856,-104.94062,39.70736633,7/19/2022 15:00,15:00,1,0,0,S COLORADO BLVD & E VIRGINIA AVE,1,1,0,0,1,1,0,0,35,0,0,0,0,0,2,2,3
,2022-25861,-105.0141494,39.74044681,7/19/2022 13:26,13:26,3,0,1,I-25 SB & W COLFAX AVE,1,1,0,0,1,1,0,0,40,0,0,0,0,2,2,2,16
,2022-25866,-104.9255253,39.66749874,7/20/2022 6:49,6:49,12,0,0,I-25 SB & E YALE AVE,1,1,1,0,1,4,0,0,55,0,0,0,0,0,1,2,16
,2022-25877,-104.8775773,39.7687024,7/20/2022 10:57,10:57,16,0,1,6090 E SMITH RD & E SMITH RD,1,1,0,0,5,7,0,0,0,1,0,0,0,3,3,1,16
,2022-25891,-104.9827865,39.7093082,6/7/2022 13:30,13:30,6,0,0,E DAKOTA AVE & S LOGAN ST,1,1,0,0,1,1,0,0,,0,0,0,0,0,4,2,3
,2022-25895,-105.025213,39.72578353,4/15/2022 1:46,1:46,1,0,1,N FEDERAL BLVD & W 6TH AVE WB RAMP,1,3,0,0,1,1,0,0,35,0,0,0,0,2,2,2,16
,2022-25900,-104.9023209,39.6601589,7/18/2022 11:40,11:40,1,0,0,S TAMARAC DR & E CORNELL AVE,1,1,0,0,1,1,0,0,35,0,0,0,0,0,4,2,16
,2022-25901,-104.8470282,39.78238802,7/14/2022 17:00,17:00,12,0,0,E 47TH AVE & N PEORIA ST,1,1,0,0,1,4,0,0,,0,0,0,0,0,4,3,16
,2022-25903,-104.9900073,39.71122141,7/22/2022 19:33,19:33,3,0,1,S BANNOCK ST & W ALAMEDA AVE,1,1,0,0,1,1,0,0,35,0,0,0,0,2,4,3,16
,2022-25904,-105.0080332,39.76928763,6/27/2022 15:51,15:51,12,0,0,W 38TH AVE & N QUIVAS ST,1,1,0,0,1,1,0,0,30,0,0,0,0,0,4,2,1
,2022-25905,-104.9825166,39.74327188,6/19/2022 2:50,2:50,6,0,1,E 17TH AVE & N LOGAN ST,1,3,0,0,1,4,0,0,35,0,0,0,0,2,4,3,16
,2022-25906,-105.0297407,39.69701978,7/19/2022 12:37,12:37,6,0,0,1020 S IRVING ST & W MISSISSIPPI AVE,1,1,0,0,1,4,0,0,25,0,0,0,0,0,4,2,16
,2022-25907,-104.8986764,39.73727346,5/14/2022 11:00,11:00,12,0,0,E 13TH AVE & N SYRACUSE ST,1,1,0,0,1,3,0,0,35,0,0,0,0,0,4,2,16
,2022-25908,-104.8469926,39.78238809,6/28/2022 20:20,20:20,12,0,0,E ALBROOK DR & N PEORIA ST,1,2,0,0,1,3,0,0,,0,0,0,0,0,4,3,16
,2022-25909,-105.0064416,39.76206993,6/25/2022 19:00,19:00,6,0,0,3200 N PECOS ST & W 32ND AVE,1,1,0,0,1,4,0,0,25,0,0,0,0,0,4,2,1
,2022-25910,-104.9976149,39.73210446,6/27/2022 16:19,16:19,6,0,0,900 BLK N INCA ST & W 10TH AVE,1,1,0,0,1,4,0,0,,0,0,0,0,0,4,2,16
,2022-25913,-105.0532598,39.68954643,6/16/2022 16:02,16:02,8,0,0,W FLORIDA AVE & S SHERIDAN BLVD,1,1,0,0,1,4,0,0,35,0,0,0,0,0,4,2,16
,2022-25915,-104.7606558,39.7742267,6/29/2022 1:00,1:00,6,0,0,E 41ST PL & N ENSENADA ST,1,1,0,0,1,4,0,0,,0,0,0,0,0,4,2,16
,2022-25917,-104.7320684,39.83450213,6/2/2022 19:36,19:36,5,0,1,PENA BLVD OB 19601 BLK  & E-470,1,2,1,0,2,4,0,0,65,0,0,0,0,3,4,1,10
,2022-25919,-104.9799108,39.7400086,7/4/2022 1:17,1:17,3,0,1,N PEARL ST & E COLFAX AVE,1,3,0,0,1,1,0,0,,0,0,0,0,1,2,2,13
,2022-25921,-105.0250709,39.70132761,5/20/2022 13:17,13:17,12,0,1,FEDERAL BLVD 800 BLK S  & W ADA PL,11,1,0,2,1,4,0,0,45,0,0,0,0,1,2,4,1
,2022-25922,-105.0165222,39.7513218,6/22/2022 14:31,14:31,15,0,0,I-25  & W 23RD AVE,1,1,0,0,1,4,0,0,55,0,0,0,0,0,1,2,13
,2022-25925,-104.9964723,39.73686262,7/18/2022 13:00,13:00,3,0,0,N SPEER BLVD & W 13TH AVE,1,1,0,0,1,1,0,0,30,0,0,0,0,0,4,2,1
,2022-25928,-104.9729036,39.74000789,3/23/2022 13:05,13:05,12,0,0,E COLFAX AVE & N DOWNING ST,1,1,0,0,1,3,0,0,,0,0,0,0,0,2,2,3
,2022-25929,-104.9034588,39.74260229,5/20/2022 17:39,17:39,12,0,0,E BATAVIA PL & N QUEBEC ST,11,1,0,0,1,1,0,0,25,0,0,0,0,0,4,2,3
,2022-25930,-104.9793198,39.77832915,6/20/2022 12:40,12:40,1,0,0,45TH AVE & N WASHINGTON ST,1,1,0,0,1,2,0,0,30,0,0,0,0,0,4,2,16
,2022-25931,-104.9862471,39.71655359,4/28/2022 14:25,14:25,12,0,0,E ELLSWORTH AVE & E ELLSWORTH AVE,1,1,0,0,1,2,0,0,,0,0,0,0,0,4,2,16
,2022-25932,-105.0324398,39.70943918,6/10/2022 15:48,15:48,2,0,1,S KNOX CT & W DAKOTA AVE,1,1,0,0,1,1,0,0,0,1,0,0,0,3,4,1,16
,2022-25936,-104.959307,39.71532664,7/22/2022 23:02,23:02,1,0,1,S UNIVERSITY BLVD & E CHERRY CREEK S DR,1,3,0,0,1,1,0,0,35,0,0,0,0,2,4,2,13
,2022-25938,-105.0047562,39.76115807,7/22/2022 12:25,12:25,12,0,1,I-25 SB & 20TH ST,1,1,0,0,1,4,0,0,55,0,0,0,0,1,1,2,16
,2022-25939,-104.7368133,39.79564724,7/22/2022 0:52,0:52,6,0,0,N ORLEANS ST & E 54TH PL,1,3,0,0,1,4,0,0,,0,0,0,0,0,4,2,16
,2022-25940,-104.8470302,39.77419185,7/22/2022 3:29,3:29,5,0,1,I-70 WB & N PEORIA ST,1,3,0,0,2,14,0,0,55,0,0,0,0,2,1,1,14
,2022-25942,-104.9406143,39.73828662,7/20/2022 12:15,12:15,3,0,0,N COLORADO BLVD & E 14TH AVE,1,1,0,0,1,3,0,0,30,0,0,0,0,0,2,2,11
,2022-25943,-104.9526325,39.74015822,6/7/2022 12:00,12:00,15,0,0,E COLFAX AVE & N FILLMORE ST,1,1,0,0,1,4,0,0,45,0,0,0,0,0,2,2,16
,2022-25944,-105.081768,39.63510254,7/21/2022 17:46,17:46,12,0,0,S WADSWORTH BLVD (NOT CDOT) & W STANFORD AVE,1,1,0,0,1,3,0,0,45,0,0,0,0,0,4,2,16
,2022-25945,-104.8914263,39.68406239,7/22/2022 17:30,17:30,12,0,1,S QUEBEC WAY & 1818 BLK,1,1,0,0,1,4,0,0,25,0,0,0,0,2,4,2,3
,2022-25946,-104.8370639,39.78376402,7/22/2022 0:30,0:30,6,0,0,E 48TH AVE [12986 BLK] & N TITAN ST,1,3,0,0,1,1,0,0,25,0,0,0,0,0,4,2,16
,2022-25949,-104.9811845,39.72563544,6/14/2022 22:45,22:45,6,0,0,E 6TH AVE & N PENNSYLVANIA ST,1,3,0,0,1,4,0,0,30,0,0,0,0,0,4,2,16
,2022-25952,-104.7608306,39.76985238,7/21/2022 19:06,19:06,3,0,4,E 39TH AVE & N ENSENADA ST,1,1,0,0,1,1,0,0,40,0,0,0,0,2,4,2,13
,2022-25953,-104.9521344,39.71802855,7/22/2022 17:30,17:30,12,0,0,E 1ST AVE & N MILWAUKEE ST,1,1,0,0,1,3,0,0,25,0,0,0,0,0,4,2,13
,2022-25956,-104.9519,39.71940815,6/19/2022 17:36,17:36,6,0,0,2ND AVE 3000 BLK E  & N ST PAUL ST,1,1,0,0,1,4,0,0,25,0,0,0,0,0,4,2,13
,2022-25961,-104.8705251,39.75999355,7/22/2022 8:45,8:45,15,0,0,E MLK BLVD & N FULTON ST,1,1,0,0,1,4,0,0,30,0,0,0,0,0,4,2,11
,2022-25962,-105.0217331,39.7312026,7/18/2022 20:55,20:55,6,0,0,N DECATUR ST & W 9TH AVE,1,3,0,0,3,4,0,0,,0,0,0,0,0,4,2,16
,2022-25966,-104.7721424,39.78950439,7/21/2022 10:45,10:45,3,0,1,N TOWER RD & E 51ST AVE,1,1,0,0,1,3,0,0,45,0,0,0,0,2,4,3,12
,2022-25967,-105.0165222,39.7513218,7/22/2022 13:47,13:47,12,0,0,I-25 NB & W 23RD AVE,1,1,0,0,1,4,0,0,55,0,0,0,0,0,1,3,13
,2022-25968,-104.9622177,39.76198564,7/21/2022 17:25,17:25,10,0,0,E MLK BLVD & N VINE ST,1,1,0,0,1,1,0,0,30,0,0,0,0,0,4,2,8
,2022-25969,-104.8830668,39.78572865,7/22/2022 5:40,5:40,3,0,0,N CENTRAL PARK BLVD & E NORTHFIELD BLVD,1,2,0,0,1,1,0,0,35,0,0,0,0,1,4,2,14
,2022-25970,-105.0252859,39.75484073,7/4/2022 0:22,0:22,12,0,0,N FEDERAL BLVD & W 26TH AVE,1,3,0,0,1,1,0,0,35,0,0,0,0,0,2,2,16
,2022-25971,-104.9828584,39.67490164,7/22/2022 9:39,9:39,3,0,0,E ILIFF AVE & S LOGAN ST,1,1,0,0,1,1,0,0,30,0,0,0,0,1,4,2,16
,2022-25972,-105.0251334,39.75847416,7/22/2022 22:56,22:56,3,0,0,W 29TH AVE & N FEDERAL BLVD,1,3,0,0,1,1,0,0,,0,0,0,0,0,4,3,16
,2022-25973,-104.9874115,39.73328344,7/21/2022 20:41,20:41,6,0,0,N BORADWAY ST & N BROADWAY ST,1,3,0,0,1,10,0,0,25,0,0,0,0,0,4,2,3
,2022-25974,-105.0394587,39.72661247,6/3/2022 22:00,22:00,11,0,1,N PERRY ST & W 6TH AVE N,1,4,0,0,1,4,0,0,0,0,1,0,0,3,4,1,16
,2022-25976,-104.9404448,39.71155512,7/22/2022 8:31,8:31,12,0,0,E ALAMEDA AVE & S COLORADO BLVD,1,1,0,0,1,3,0,0,35,0,0,0,0,1,4,2,16
,2022-25977,-105.0148299,39.72932162,7/23/2022 11:03,11:03,15,0,0,I-25 NB & W 8TH AVE,1,1,0,0,1,4,0,0,55,0,0,0,0,0,1,3,13
,2022-25980,-104.9881361,39.7456301,7/22/2022 15:15,15:15,12,0,0,GLENARM PL & 18TH ST,1,1,0,0,1,4,0,0,25,0,0,0,0,0,4,2,13
,2022-25981,-105.0127876,39.72509684,7/22/2022 12:00,12:00,12,0,0,I-25 NB & W 6TH AVE ,1,1,0,0,1,4,0,0,55,0,0,0,0,0,1,4,6
,2022-25983,-104.9407641,39.75104201,7/22/2022 14:44,14:44,12,0,0,E 23RD AVE & N COLORADO BLVD,1,1,0,0,1,3,0,0,40,0,0,0,0,0,4,3,16
,2022-25986,-104.9874099,39.76504103,7/21/2022 17:30,17:30,14,0,0,29TH ST & DELGANY ST,1,1,0,0,1,3,0,0,,0,0,0,0,0,4,2,16
,2022-25987,-105.0028679,39.75152135,7/22/2022 8:37,8:37,12,0,0,1900 BLK 15TH ST & DELGANY ST.,1,1,1,0,1,4,0,0,30,0,0,0,0,0,4,2,16
,2022-25988,-105.0131182,39.72551753,7/21/2022 11:20,11:20,12,0,1,I-25 NB & W 6TH AVE,1,1,1,0,1,4,0,0,55,0,0,0,0,1,1,3,1
,2022-25990,-104.9670898,39.7802311,7/22/2022 6:35,6:35,15,0,0,N BRIGHTON BLVD & I-70,1,1,0,0,1,4,0,0,25,0,0,0,0,0,2,2,13
,2022-25992,-104.88081,39.65302459,7/21/2022 22:31,22:31,12,0,0,E HAMPDEN AVE & 9200 BLK [APPROX],1,3,0,0,1,4,0,0,45,0,0,0,0,0,2,2,16
,2022-25997,-104.8658148,39.77292319,7/21/2022 15:50,15:50,1,0,0,N HAVANA ST & E 40TH AVE,1,1,0,0,1,1,0,0,40,0,0,0,0,0,4,3,7
,2022-26000,-105.0321567,39.73459643,7/6/2022 12:15,12:15,15,0,0,N KNOX CT & W 12TH AVE,1,1,0,0,1,4,0,0,25,0,0,0,0,0,4,2,16
,2022-26002,-104.9895612,39.78010359,7/22/2022 7:45,7:45,12,0,0,I-25 SB & I-70 EB / WB,1,1,0,0,1,4,0,0,55,0,0,0,0,0,1,2,16
,2022-26003,-105.0814097,39.6682958,7/21/2022 15:04,15:04,15,0,0,S WADSWORTH BLVD [2600 BLK] & W YALE AVE,1,1,1,0,1,4,0,0,45,0,0,0,0,0,2,2,16
,2022-26004,-105.0330504,39.77164052,6/27/2022 22:40,22:40,6,0,0,3900 BLK N KING ST & W 40TH AVE,1,3,0,0,1,9,0,0,10,0,0,0,0,0,4,2,11
,2022-26005,-104.9222707,39.67950563,7/22/2022 8:15,8:15,12,0,0,S HOLLY ST & E PACIFIC PL,1,1,0,0,1,4,0,0,30,0,0,0,0,0,4,3,3
,2022-26008,-104.992893,39.74999887,7/22/2022 9:25,9:25,6,0,0,ARAPAHOE ST & 18TH ST,1,1,0,0,1,4,0,0,30,0,0,0,0,0,4,2,11
,2022-26011,-104.7913699,39.78364119,7/20/2022 16:22,16:22,3,0,0,E GVR BLVD & PENA BLVD OUTBOUND,1,1,0,0,1,1,0,0,40,0,0,0,0,0,4,2,7
,2022-26015,-104.7904699,39.78363776,7/20/2022 19:25,19:25,12,0,0,PENA BLVD INBOUND & E GVR BLVD,1,1,0,0,1,1,0,0,45,0,0,0,0,0,4,2,13
,2022-26016,-105.0532347,39.77293946,7/21/2022 15:07,15:07,1,0,0,N SHERIDAN BLVD & W 41ST AVE,1,1,0,0,1,1,0,0,35,0,0,0,0,0,2,2,13
,2022-26017,-104.9339699,39.67844568,7/21/2022 14:31,14:31,3,0,2,I-25 SB EXIT RAMP & E EVANS AVE,1,1,3,0,1,1,0,1,35,0,0,0,0,2,4,2,13
,2022-26018,-104.9050263,39.63149116,7/20/2022 15:53,15:53,12,0,1,I-225 NB EXIT RAMP & I-25 NB ,11,1,0,1,1,14,0,0,60,0,0,0,0,2,1,3,7
,2022-26019,-105.0153889,39.74046537,7/20/2022 16:50,16:50,3,0,3,W COLFAX AVE & I-25 SB EXIT RAMP ,11,1,0,1,1,1,0,0,35,0,0,0,0,1,2,2,16
,2022-26020,-104.9035566,39.69852377,7/8/2022 7:53,7:53,12,0,1,S PARKER RD & S QUEBEC ST,1,1,0,0,1,4,0,0,35,0,0,0,0,1,2,2,16
,2022-26021,-104.9873778,39.75439336,7/20/2022 18:07,18:07,10,0,1,N BROADWAY ST & PARK AVE W,1,1,0,0,1,1,0,0,30,0,0,0,0,1,4,2,14
,2022-26022,-105.0251916,39.78503734,7/19/2022 13:41,13:41,3,0,2,N FEDERAL BLVD & I-70 WB RAMPS ,1,1,0,0,1,1,0,0,35,0,0,0,0,3,2,2,1
,2022-26023,-104.8470297,39.77400525,7/21/2022 15:34,15:34,12,0,0,I-70 EB EXIT RAMP & N PEORIA ST,1,1,0,0,1,8,0,0,25,0,0,0,0,0,1,2,3
,2022-26024,-104.8929099,39.71119317,7/21/2022 15:53,15:53,1,0,0,E ALAMEDA AVE & E FAIRMOUNT DR,1,1,0,0,1,1,0,0,40,0,0,0,0,0,4,2,10
,2022-26026,-104.9998067,39.76585637,7/20/2022 7:33,7:33,12,0,1,I-25 SB & 20TH ST,1,1,0,0,1,11,0,0,65,0,0,0,0,2,1,3,16
,2022-26027,-104.9617125,39.70385926,7/20/2022 15:30,15:30,3,0,0,S GAYLORD ST & E EXPOSITION AVE,1,1,0,0,1,1,0,0,25,0,0,0,0,0,4,2,14
,2022-26028,-104.8987393,39.74197733,7/20/2022 17:15,17:15,3,0,0,E 16TH AVE & N SYRACUSE ST,1,1,0,0,1,1,0,0,35,0,0,0,0,1,4,2,3
,2022-26031,-104.9985017,39.7576892,7/21/2022 15:03,15:03,15,0,0,20TH ST & CHESTNUT PL,1,1,1,0,1,3,0,0,30,0,0,0,0,1,4,2,8
,2022-26032,-105.022704,39.70751442,7/21/2022 13:46,13:46,3,0,0,W VIRGINIA AVE & S DECATUR ST,1,1,0,0,1,1,0,0,25,0,0,0,0,0,4,2,11
,2022-26035,-104.8706595,39.71003455,7/20/2022 12:30,12:30,3,0,0,E ALAMEDA AVE & S GALENA WAY,1,1,0,0,1,1,0,0,30,0,0,0,0,0,4,2,3
,2022-26036,-104.9940452,39.7531676,7/20/2022 20:55,20:55,6,0,1,1900 BLK MARKET ST & MARKET ST,1,3,0,0,1,4,0,0,,0,0,0,0,2,4,2,7
,2022-26038,-104.9967957,39.70642408,7/20/2022 11:00,11:00,15,0,0,I-25 SB & S SANTA FE DR EXIT RAMP [GORE PT],1,1,0,0,1,4,0,0,65,0,0,0,0,0,1,2,3
,2022-26039,-104.9875606,39.71169603,7/21/2022 11:37,11:37,15,0,0,S BROADWAY ST & E ALAMEDA AVE,1,1,0,0,1,4,0,0,35,0,0,0,0,0,4,2,11
,2022-26040,-104.9161641,39.7400755,7/21/2022 16:38,16:38,12,0,0,EB E COLFAX AVE & N KRAMERIA ST,1,1,0,0,1,1,0,0,35,0,0,0,0,0,2,2,13
,2022-26042,-104.9594252,39.68278764,7/19/2022 9:17,9:17,6,0,0,S UNIVERSITY BLVD & E BUCHTEL BLVD,1,1,0,0,1,1,0,0,30,0,0,0,0,0,4,2,10
,2022-26043,-104.9835794,39.7400415,7/21/2022 15:10,15:10,15,0,0,E COLFAX AVE & N GRANT ST,1,1,0,0,1,1,0,0,30,0,0,0,0,0,2,2,13
,2022-26049,-104.9002139,39.76049594,7/20/2022 20:02,20:02,1,0,2,E MLK BLVD & N ROSLYN ST,1,1,0,0,1,1,0,0,35,0,0,0,0,1,4,2,11
,2022-26050,-104.9844731,39.75653663,7/20/2022 16:35,16:35,12,0,0,2500 BLK ARAPAHOE ST & 25TH ST,1,1,0,0,1,4,0,0,35,0,0,0,0,0,4,2,11
,2022-26051,-104.9933177,39.67845081,7/21/2022 6:30,6:30,12,0,0,W EVANS AVE & S SANTA FE DR,1,1,1,0,1,1,0,0,35,0,0,0,0,1,4,2,11
,2022-26055,-105.039099,39.7003703,7/21/2022 16:31,16:31,3,0,1,W KENTUCKY AVE & S PATTON CT,1,1,0,0,1,3,0,0,25,0,0,0,0,2,4,2,7
,2022-26056,-105.0521334,39.77657008,7/21/2022 7:45,7:45,1,0,1,W 44TH AVE & N SHERIDAN BLVD,1,1,0,0,1,3,0,0,35,0,0,0,0,1,2,3,13
,2022-26060,-104.9597964,39.73318008,7/20/2022 11:43,11:43,10,0,0, N YORK ST [900 BLK] & E 11TH AVE,1,1,0,0,1,2,0,0,25,0,0,0,0,0,4,2,8
,2022-26061,-104.9024833,39.76537356,7/21/2022 12:15,12:15,15,0,0,E 35TH AVE & N QUEBEC ST,1,1,0,0,1,3,0,0,25,0,0,0,0,0,4,2,13
,2022-26062,-104.9999351,39.72570795,7/21/2022 7:08,7:08,15,0,0,1000 BLK W 6TH AVE & N KALAMATH ST,1,1,0,1,1,4,0,0,35,0,0,0,0,0,4,2,13
,2022-26063,-104.9806436,39.75679854,7/20/2022 19:13,19:13,3,0,0,27TH ST & CHAMPA ST,1,1,0,0,1,1,0,0,30,0,0,0,1,1,4,2,11
,2022-26064,-104.8987403,39.65265441,7/21/2022 13:30,13:30,15,0,0,3500 BLK S TAMARAC DR & E HAMPDEN AVE,1,1,0,0,1,4,0,0,30,0,0,0,0,0,4,2,11
,2022-26065,-104.9128795,39.7784036,7/21/2022 7:35,7:35,12,0,2,I-70 WB & N MONACO ST,1,1,0,0,1,4,0,0,55,0,0,0,0,1,1,3,5
,2022-26066,-104.9687278,39.79692357,7/21/2022 8:57,8:57,12,0,0,5500 BLK N FRANKLIN ST & E 56TH AVE,1,1,0,0,1,4,0,0,30,0,0,0,0,0,4,2,13
,2022-26067,-105.0139596,39.74044224,7/21/2022 16:03,16:03,15,0,0,I-25 NB & W COLFAX AVE EXIT RAMP [GORE PT],1,1,0,0,1,4,0,0,55,0,0,0,0,0,1,3,13
,2022-26068,-104.7775412,39.78379359,7/20/2022 18:09,18:09,15,0,0,18000 BLK E GVR BLVD & N TOWER RD,1,1,0,0,1,1,0,0,40,0,0,0,0,0,4,2,13
,2022-26082,-104.8913485,39.71060184,7/15/2022 23:55,23:55,14,0,0,E ALAMEDA AVE [8500 BLK ] & E FAIRMOUNT DR,1,3,0,0,6,4,0,0,,0,0,0,0,0,4,2,16
,2022-26083,-104.8247271,39.77885274,7/17/2022 23:35,23:35,6,0,0,E ANDREWS DR & E 46TH AVE,1,3,0,0,2,1,0,0,35,0,0,0,0,0,4,2,16
,2022-26084,-104.990736,39.74228081,7/22/2022 22:36,22:36,10,0,0,TREMONT PL & 15TH ST,1,3,0,0,1,1,0,0,25,0,0,0,0,0,4,2,16
,2022-26085,-105.0393237,39.73299543,7/20/2022 17:18,17:18,3,0,1,W 10TH AVE & N PERRY ST,1,1,0,0,1,3,0,0,30,0,0,0,0,2,4,2,1
,2022-26086,-105.024863,39.78745645,7/10/2022 19:15,19:15,1,0,0,W 50TH AVE & N FEDERAL BLVD,1,4,0,0,1,1,0,0,,0,0,0,0,0,2,2,16
,2022-26087,-105.032475,39.72509121,7/22/2022 23:44,23:44,5,0,1,W 6TH AVE & N KNOX CT,1,3,0,0,2,4,0,0,55,0,0,0,0,1,2,1,16
,2022-26088,-105.053224,39.73129368,7/13/2022 0:13,0:13,1,0,2,N SHERIDAN BLVD & W 9TH AVE,1,3,0,0,1,1,0,0,35,0,0,0,1,3,2,2,16
,2022-26089,-105.0823346,39.63529389,7/23/2022 10:14,10:14,1,0,1,S WADSWORTH WAY & W STANFORD AVE,1,1,0,0,1,1,0,0,45,0,0,0,0,2,2,2,13
,2022-26090,-104.9161534,39.72910113,7/18/2022 11:30,11:30,6,0,0,N KRAMERIA ST & E 8TH AVE,1,1,0,0,1,4,0,0,30,0,0,0,0,0,4,2,1
,2022-26091,-104.9721099,39.76576946,4/28/2022 22:59,22:59,1,0,1,N MARION ST & E 35TH AVE,1,3,0,0,1,1,0,0,25,0,0,0,0,3,4,2,1
,2022-26092,-104.7832718,39.8074244,7/18/2022 4:00,4:00,8,0,2,7000 BLOCK N JACKSON GAP ST & E 71ST AVE,1,3,0,0,1,4,0,0,35,0,0,0,0,3,4,2,13
,2022-26094,-105.0252437,39.76026748,7/23/2022 7:50,7:50,15,0,1,N SPEER BLVD & N FEDERAL BLVD,1,1,1,0,1,3,0,0,35,0,0,0,0,2,2,2,13
,2022-26095,-104.9594472,39.68485346,6/27/2022 8:13,8:13,15,0,0,I-25 & S UNIVERSITY BLVD,1,1,0,0,1,4,0,0,60,0,0,0,0,0,1,2,16
,2022-26096,-104.9913823,39.75388778,6/27/2022 21:54,21:54,15,0,0,21ST ST & LARIMER ST,1,3,3,0,1,1,0,0,,0,0,0,0,0,2,2,16