id,drcog_id,longitude,latitude,crashtime,time,crashtype,numbkilled,numbinjurd,drcoglocat,rdconditin,lightngcon,roadcntgrd,weatherco,location,roaddescrp,schoolzone,constrzone,splimit,bikeinv,pedinv,sctrinv,motoinv,svrty,rdsystem,ttlvehcls,hcf
,2022-26098,-104.9405044,39.78002872,6/22/2022 10:55,10:55,15,0,0,I-70 & N COLORADO BLVD,1,1,0,0,1,4,0,0,,0,0,0,0,0,1,2,16
,2022-26166,-104.9406121,39.74021162,7/24/2022 3:37,3:37,12,0,0,N COLORADO BLVD & E COLFAX AVE,1,3,0,0,1,3,0,0,35,0,0,0,0,0,2,2,14
,2022-26169,-104.9471833,39.73835048,7/24/2022 2:01,2:01,6,0,1,E 14TH AVE & N COOK ST,1,3,0,0,1,4,0,0,30,0,0,0,0,2,4,3,14
,2022-26170,-104.9497575,39.77996339,7/22/2022 11:43,11:43,12,0,0,I-70 EB & N BRIGHTON BLVD,1,1,0,0,1,4,0,0,45,0,0,0,0,0,1,2,11
,2022-26173,-104.912963,39.66762989,7/15/2022 18:45,18:45,12,0,0,E YALE AVE & S MONACO ST,11,1,0,0,1,4,0,0,,0,0,0,0,0,4,2,16
,2022-26177,-104.8658783,39.77563481,7/17/2022 7:23,7:23,12,0,0,I-70 EB & N HAVANA ST,1,1,0,0,1,4,0,0,55,0,0,0,0,0,1,2,1
,2022-26178,-105.053156,39.73309411,7/19/2022 8:10,8:10,3,0,0,W 10TH AVE & N. SHERIDAN BLVD,1,1,0,0,1,1,0,0,30,0,0,0,0,0,2,3,1
,2022-26188,-105.0324723,39.71656745,6/15/2022 18:26,18:26,3,0,0,S KNOX CT & W ELLSWORTH AVE,1,1,0,0,1,1,0,0,25,0,0,0,0,1,4,4,16
,2022-26192,-105.0343488,39.7767463,7/21/2022 10:51,10:51,6,0,1,W 44TH AVE [3500 BLK] & N LOWELL BLVD,1,1,0,0,1,4,0,0,30,0,0,0,0,2,4,2,16
,2022-26195,-105.0250542,39.72025458,7/23/2022 21:09,21:09,12,0,0,W 2ND AVE & FEDERAL BLVD,11,3,0,1,1,4,0,0,35,0,0,0,0,0,2,2,13
,2022-26196,-105.0250406,39.69244346,7/24/2022 1:38,1:38,12,0,0,S FEDERAL BLVD & 1300 BLK [APPROX],1,3,0,0,1,3,0,0,40,0,0,0,0,0,2,2,16
,2022-26198,-104.987575,39.71115786,7/20/2022 16:00,16:00,2,0,1,E ALAMEDA AVE & S BROADWAY ST,1,1,0,0,1,1,0,0,0,1,0,0,0,2,4,2,16
,2022-26199,-105.0532295,39.69518212,7/23/2022 15:19,15:19,1,0,0,S SHERIDAN BLVD & W ARIZONA AVE,1,1,0,0,1,1,0,0,40,0,0,0,0,0,2,2,13
,2022-26201,-104.9994799,39.71120383,7/22/2022 19:48,19:48,3,0,0,I-25 SB EXIT RAMP & W ALAMEDA AVE,1,4,0,0,1,1,0,0,35,0,0,0,0,0,2,2,16
,2022-26203,-104.9792443,39.7783236,7/20/2022 15:18,15:18,15,0,0,E 45TH AVE & E 45TH AVE,1,1,0,0,1,4,0,0,25,0,0,0,0,0,4,2,16
,2022-26205,-104.9873762,39.74335811,7/22/2022 23:42,23:42,11,0,1,N BROADWAY ST & E 17TH AVE,1,3,1,0,1,12,0,0,35,0,0,1,0,1,4,1,16
,2022-26206,-104.99889,39.71119349,6/23/2022 16:29,16:29,12,0,0,I-25 NB ON RAMP GORE & SANTA FE,1,1,1,0,1,8,0,0,55,0,0,0,0,0,1,2,16
,2022-26209,-104.8916868,39.7436564,6/12/2022 1:36,1:36,6,0,0,VALENTIA ST 1600 BLK N  & E 17TH AVE,1,3,0,0,1,4,0,0,25,0,0,0,0,0,4,4,16
,2022-26210,-104.9949588,39.76832199,7/22/2022 16:26,16:26,12,0,0,I-25 SB & PARK AVE W,1,1,0,0,1,4,0,0,55,0,0,0,0,0,1,2,13
,2022-26221,-104.9805214,39.73515396,7/20/2022 13:42,13:42,3,0,0,400 BLK E 12TH AVE & N LOGAN ST,1,1,0,0,1,9,0,0,25,0,0,0,0,1,4,2,16
,2022-26225,-104.9964481,39.74001536,7/23/2022 20:34,20:34,11,0,1,GALAPAGO ST & W COLFAX AVE,11,3,3,1,1,1,0,0,30,0,1,0,0,2,2,1,16
,2022-26228,-104.9875118,39.68771176,7/21/2022 0:29,0:29,5,0,0,1500 BLK S BROADWAY ST & E IOWA AVE,1,1,3,0,6,4,0,0,35,0,0,0,0,0,4,1,16
,2022-26229,-104.9350974,39.69296454,7/16/2022 9:36,9:36,6,0,0,S CLERMONT ST & E LOUISIANA  AVE,1,1,0,0,1,3,0,0,30,0,0,0,0,0,4,3,1
,2022-26231,-104.8479272,39.77408291,7/18/2022 13:33,13:33,12,0,2,I-70 EB & N PEORIA ST,1,1,0,0,1,4,0,0,,0,0,0,0,2,1,9,16
,2022-26232,-104.9785787,39.7570509,7/23/2022 1:31,1:31,2,0,1,28TH ST & STOUT ST,1,4,0,0,1,1,0,0,35,1,0,0,0,2,4,1,13
,2022-26233,-104.994598,39.74333581,7/24/2022 4:32,4:32,5,0,0,14TH ST & CALIFORNIA ST,1,3,0,0,3,1,0,0,30,0,0,0,0,0,4,1,16
,2022-26237,-105.03067,39.76833572,7/21/2022 21:27,21:27,12,0,0, W CLYDE PL  & 3300 BLK,1,3,0,0,1,4,0,0,25,0,0,0,0,0,4,2,16
,2022-26238,-105.0386029,39.75119886,7/21/2022 6:30,6:30,6,0,1,3900 BLK W 23RD AVE & N PERRY ST,1,1,0,0,1,4,0,0,30,0,0,0,0,2,4,2,16
,2022-26245,-105.0250293,39.67676549,7/21/2022 22:21,22:21,3,0,1,S FEDERAL BLVD & W WARREN AVE,1,3,0,0,1,1,0,0,30,0,0,0,0,1,2,2,6
,2022-26246,-105.0251716,39.71123825,7/23/2022 14:53,14:53,9,0,1,W ALAMEDA AVE & S FEDERAL BLVD,1,1,0,0,1,1,0,0,30,0,0,0,1,3,2,1,7
,2022-26247,-104.9891611,39.78003347,7/24/2022 18:17,18:17,5,0,0,I-70 EB ENT RAMP & I-25 NB ,11,1,1,1,3,8,0,0,40,0,0,0,0,0,1,1,13
,2022-26248,-104.9901708,39.73045992,7/24/2022 6:30,6:30,6,0,0,W 9TH AVE & N BANNOCK ST,1,1,0,0,1,4,0,0,25,0,0,0,0,0,4,2,13
,2022-26255,-105.0251704,39.73475843,7/20/2022 20:45,20:45,11,0,0,N FEDERAL BLVD & W 12TH AVE,1,3,0,0,3,4,0,0,35,0,1,0,0,0,2,1,16
,2022-26258,-104.9874029,39.73045372,6/26/2022 1:58,1:58,11,0,0,N BROADWAY ST & E 9TH AVE,1,3,3,0,1,1,0,0,,0,0,1,0,0,4,1,13
,2022-26271,-105.0532174,39.65564332,7/23/2022 21:30,21:30,1,0,2,S SHERIDAN BLVD & 3100 BLK [APPROX],11,3,0,0,1,2,0,0,40,0,0,0,0,2,2,2,16
,2022-26285,-104.9901734,39.7548101,7/21/2022 17:35,17:35,2,0,1,LARIMER ST & 22ND ST,1,1,0,0,1,1,0,0,0,1,0,0,1,1,4,1,16
,2022-26342,-105.0035644,39.66089037,6/5/2022 16:13,16:13,5,0,3,PLATTE RIVER DR 2800 BLK S  & W DARTMOUTH AVE,1,1,0,0,3,4,0,0,35,0,0,0,0,3,4,1,1
,2022-26343,-104.9940594,39.73053713,5/17/2022 19:30,19:30,3,0,1,N ELATI ST & W 9TH AVE,1,3,0,0,1,1,0,0,25,0,0,0,0,3,4,2,13
,2022-26345,-104.8470104,39.78238809,6/23/2022 16:15,16:15,3,0,4,E 47TH AVE & E ALBROOK DR,1,1,0,0,1,1,0,0,35,0,0,0,0,3,4,2,10
,2022-26349,-104.9928798,39.75705677,7/23/2022 12:10,12:10,10,0,0,22ND ST & WAZEE ST,1,1,0,0,1,1,0,0,30,0,0,0,0,0,4,2,13
,2022-26352,-104.9874131,39.73843188,7/23/2022 9:18,9:18,15,0,0,N BROADWAY ST & E 14TH AVE,1,1,0,0,1,1,0,0,35,0,0,0,0,0,4,2,8
,2022-26356,-105.0298363,39.67291873,7/6/2022 21:33,21:33,3,0,0,W HARVARD AVE & S IRVING ST,1,3,0,0,1,1,0,0,25,0,0,0,0,0,4,2,16
,2022-26361,-104.7721199,39.79811747,7/25/2022 16:00,16:00,12,0,0,N TOWER RD & E 56TH AVE,1,1,0,0,1,4,0,0,45,0,0,0,0,0,4,2,13
,2022-26362,-104.9791539,39.77935673,7/14/2022 17:43,17:43,12,0,0,I-70 EB & N WASHINGTON ST,1,1,0,0,1,4,0,0,55,0,0,0,0,0,1,2,8
,2022-26365,-105.0140457,39.74031403,6/29/2022 23:43,23:43,3,0,0,W COLFAX AVE & I-25 NB OFF RAMP,1,3,0,0,1,1,0,0,40,0,0,0,0,0,2,2,16
,2022-26366,-105.0335144,39.74034196,7/25/2022 11:50,11:50,12,0,0, W COLFAX AVE [3500 BLK] & N KING ST,1,1,0,0,1,3,0,0,35,0,0,0,0,0,2,2,1
,2022-26367,-104.9827769,39.69300791,7/25/2022 16:16,16:16,1,0,1,E LOUISIANA AVE & S LOGAN ST,1,1,0,0,1,1,0,0,25,0,0,0,1,2,4,2,7
,2022-26369,-104.8987254,39.65307764,6/24/2022 23:52,23:52,15,0,0,E HAMPDEN AVE & S TAMARAC DR,1,3,1,0,1,1,0,0,40,0,0,0,0,0,4,3,16
,2022-26370,-104.9980145,39.74002359,6/22/2022 0:18,0:18,3,0,1,N SPEER BLVD & W COLFAX AVE,1,3,0,0,1,1,0,0,35,0,0,0,0,1,2,2,16
,2022-26375,-104.772118,39.81207775,7/24/2022 22:25,22:25,15,0,0,N TOWER RD & E 64TH AVE,1,3,0,0,1,4,0,0,40,0,0,0,0,0,4,2,11
,2022-26378,-104.9901734,39.7548101,7/23/2022 9:00,9:00,10,0,0,22ND ST & LARIMER ST,1,1,0,0,1,1,0,0,35,0,0,0,0,0,4,2,11
,2022-26379,-105.0001882,39.72412152,7/24/2022 10:41,10:41,3,0,0,N KALAMATH ST & W 5TH AVE,1,1,0,0,1,1,0,0,30,0,0,0,0,0,4,2,8
,2022-26380,-104.9768907,39.70929586,7/23/2022 8:39,8:39,3,0,0,E DAKOTA AVE & S EMERSON ST,1,1,0,0,1,1,0,0,25,0,0,0,0,0,4,3,16
,2022-26381,-104.7492535,39.77011402,7/24/2022 10:30,10:30,6,0,0,N JERICHO ST [3900 BLK ] & E 38TH AVE,1,1,0,0,1,4,0,0,25,0,0,0,0,0,4,2,3
,2022-26382,-104.7248497,39.83315325,7/25/2022 0:15,0:15,12,0,0,7400 PENA BLVD & GUN CLUB,1,3,0,0,1,4,0,0,55,0,0,0,0,0,4,2,7
,2022-26383,-104.9965949,39.68930784,7/24/2022 13:46,13:46,1,0,1,W FLORIDA AVE & S PLATTE RIVER DR,1,1,0,0,1,1,0,0,30,0,0,0,0,2,4,2,16
,2022-26384,-104.940776,39.73046682,7/24/2022 18:56,18:56,12,0,0,N COLORADO BLVD [800 BLK] & E 9TH AVE,1,3,0,0,1,4,0,0,35,0,0,0,0,0,2,2,1
,2022-26385,-105.0404879,39.76366503,7/11/2022 20:22,20:22,6,0,0,N QUITMAN ST & W 33RD AVE,1,2,0,0,1,4,0,0,25,0,0,0,0,0,4,2,3
,2022-26386,-105.02895,39.73924192,7/25/2022 17:50,17:50,15,0,0,W 14TH AVE & 3100 BLK,1,1,1,0,1,4,0,0,25,0,0,0,0,0,4,2,13
,2022-26387,-105.0346069,39.78998556,7/25/2022 17:12,17:12,6,0,0,5137 N LOWELL BLVD & WEST 52 AVE / NORTH LOWELL BOULEVARD,1,1,0,0,1,4,0,0,35,0,0,0,0,0,4,3,13
,2022-26388,-104.9579323,39.67888084,7/9/2022 12:39,12:39,6,0,0,2000 BLK S JOSEPHINE ST & E ASBURY AVE,1,1,1,0,1,4,0,0,,0,0,0,0,0,4,2,16
,2022-26389,-104.9622526,39.73674858,6/28/2022 16:00,16:00,6,0,0,N VINE ST & E 13TH AVE,1,1,0,0,1,1,0,0,25,0,0,0,0,0,4,2,13
,2022-26390,-104.9834201,39.74929384,7/6/2022 13:00,13:00,6,0,0,2200 BLK GLENARM PL & 22ND ST,1,1,0,0,1,4,0,0,25,0,0,0,0,0,4,2,16
,2022-26391,-105.0143644,39.76641205,7/24/2022 18:04,18:04,6,0,0,3500 BLK N WYANDOT ST & W. 36TH AVE,11,1,0,0,1,4,0,0,25,0,0,0,0,0,4,2,1
,2022-26392,-104.978828,39.74326706,7/23/2022 17:45,17:45,15,0,0,E 17TH AVE & N WASHINGTON ST,1,1,0,0,1,3,0,0,30,0,0,0,0,0,4,2,8
,2022-26393,-105.0448956,39.68817483,7/24/2022 8:05,8:05,6,0,0,4400 BLK W IOWA AVE & S UTICA ST,1,1,0,1,1,4,0,0,25,0,0,0,0,0,4,3,16
,2022-26397,-104.9738552,39.71110854,7/2/2022 12:29,12:29,12,0,0,1100 BLK E ALAMEDA AVE (NOT CDOT) & S DOWNING ST,1,1,0,0,1,3,0,0,30,0,0,0,0,1,4,2,16
,2022-26399,-104.9716818,39.71819545,6/23/2022 10:28,10:28,15,0,0,E 1ST AVE & N DOWNING ST,1,1,0,0,1,4,0,0,30,0,0,0,0,0,4,2,16
,2022-26400,-104.8904751,39.76523142,7/24/2022 16:01,16:01,12,0,1,N CENTRAL PARK BLVD & E 35TH AVE,11,1,0,1,1,4,0,0,35,0,0,0,0,1,4,2,7
,2022-26401,-104.9034009,39.77829351,7/14/2022 16:53,16:53,12,0,0,N NORTHFIELD QUEBEC ST & I-70 EB,1,1,1,0,1,4,0,0,35,0,0,0,0,0,4,3,16
,2022-26402,-104.9151626,39.74374681,7/23/2022 12:30,12:30,6,0,0,E 17TH AVE & N LEYDEN ST,1,3,0,0,1,4,0,0,25,0,0,0,0,0,4,2,13
,2022-26405,-104.7560718,39.78158215,7/23/2022 8:52,8:52,5,0,0,E 47TH AVE & N HIMALAYA RD,1,1,1,0,3,3,0,0,,0,0,0,0,0,4,1,16
,2022-26408,-104.884647,39.74008333,7/2/2022 12:59,12:59,1,0,0,E COLFAX AVE & N YOSEMITE ST,1,1,0,0,1,1,0,0,35,0,0,0,0,0,2,2,13
,2022-26409,-104.9892299,39.77651776,6/22/2022 16:56,16:56,15,0,0,I-25 & W 44TH AVE,1,1,0,0,1,4,0,0,55,0,0,0,0,0,1,4,16
,2022-26410,-105.0299694,39.769403,7/25/2022 11:50,11:50,3,0,0,W 38TH AVE & N IRVING ST,1,1,0,0,1,1,0,0,35,0,0,0,0,0,4,2,1
,2022-26413,-104.9027528,39.76117532,7/7/2022 16:50,16:50,12,0,0,N QUEBEC ST & E MLK BLVD,1,1,0,0,1,1,0,0,35,0,0,0,0,0,4,2,8
,2022-26415,-105.039317,39.73996666,7/22/2022 18:30,18:30,6,0,0,1400 BLK  N PERRY ST & W COLFAX AVE,11,1,0,0,1,4,0,0,25,0,0,0,0,0,4,2,10
,2022-26417,-104.9068537,39.783808,7/25/2022 18:33,18:33,15,0,1,E 48TH AVE [7000 BLK ] & N OLIVE ST,1,1,0,0,1,3,0,0,25,0,0,0,0,2,4,3,11
,2022-26418,-104.8928647,39.73870146,7/25/2022 1:00,1:00,3,0,1,E 14TH AVE & N UINTA ST,1,1,0,7,1,1,0,0,25,0,0,0,0,2,4,2,3
,2022-26420,-104.9405156,39.6845858,6/30/2022 15:24,15:24,15,0,0,S COLORADO BLVD & E MEXICO AVE,11,1,0,1,1,4,0,0,35,0,0,0,0,0,2,2,16
,2022-26422,-104.9875849,39.78711806,7/24/2022 11:34,11:34,6,0,0,4900 BLK N BROADWAY ST & W. 50TH AVE,1,1,0,0,1,4,0,0,,0,0,0,0,0,4,2,16
,2022-26423,-105.0167252,39.75096336,7/23/2022 18:11,18:11,15,0,0,I-25 SB & N SPEER BLVD,1,1,1,0,1,3,0,0,45,0,0,0,0,0,1,2,13
,2022-26424,-104.9939134,39.75404926,6/15/2022 21:30,21:30,15,0,1,20TH ST (1400 BLK 20TH ST) & MARKET ST,1,3,1,0,1,4,0,0,,0,0,0,1,2,4,2,16
,2022-26427,-104.9823381,39.74313456,6/21/2022 17:25,17:25,15,0,0,N LOGAN ST & E 17TH AVE,1,1,0,0,1,4,0,0,35,0,0,0,0,0,4,2,13
,2022-26434,-105.043994,39.76211981,6/29/2022 13:50,13:50,12,0,0,TENNYSON ST 3200 BLK N & W 32ND AVE,1,1,0,0,1,1,0,0,30,0,0,0,0,0,4,2,1
,2022-26438,-104.9406187,39.73455326,7/6/2022 17:14,17:14,12,0,0, N COLORADO BLVD [1100 BLK] & E 12TH AVE,1,1,0,0,1,4,0,0,30,0,0,0,0,0,2,2,1
,2022-26439,-105.053156,39.73309411,6/9/2022 18:04,18:04,3,0,2,W 10TH AVE & N SHERIDAN BLVD,1,2,0,0,1,1,0,0,30,0,0,0,0,1,2,2,16
,2022-26440,-104.9674071,39.73840564,7/23/2022 17:36,17:36,15,0,0,E 14TH AVE & N GILPIN ST,1,1,0,0,1,4,0,0,30,0,0,0,0,0,4,2,8
,2022-26441,-105.0247919,39.78745483,7/24/2022 21:42,21:42,15,0,0,W 50TH AVE & N FEDERAL BLVD,1,3,0,0,1,4,0,0,30,0,0,0,0,0,4,2,3
,2022-26442,-104.9185139,39.65305196,7/24/2022 22:20,22:20,15,0,2,I-25 SB & E HAMPDEN AVE,11,3,0,0,1,4,0,0,65,0,0,0,0,2,1,2,11
,2022-26443,-104.898733,39.65427357,7/23/2022 10:13,10:13,3,0,1,S TAMARAC DR & E QUINCY AVE,1,1,0,0,1,1,0,0,35,0,0,0,0,1,4,2,11
,2022-26444,-104.8683928,39.65350787,7/23/2022 8:43,8:43,12,0,0,S HAVANA ST & S GALENA ST,1,1,0,0,1,4,0,0,45,0,0,0,0,0,2,2,16
,2022-26445,-104.9805232,39.67856966,7/24/2022 21:10,21:10,15,0,0,S PEARL ST & E EVANS AVE,11,3,0,0,1,1,0,0,25,0,0,0,0,0,4,2,13
,2022-26446,-105.0249829,39.72494364,7/23/2022 12:52,12:52,12,0,0,N FEDERAL BLVD & W 6TH AVE EB RAMPS,1,1,0,0,1,3,0,0,35,0,0,0,0,0,2,2,13
,2022-26447,-104.9418772,39.69475681,7/23/2022 11:02,11:02,3,0,0,E ARIZONA AVE & S HARRISON ST,1,1,0,0,1,1,0,0,25,0,0,0,0,0,4,2,3
,2022-26452,-104.9729146,39.7255769,7/25/2022 13:11,13:11,3,0,0,E 6TH AVE & N DOWNING ST,1,1,0,0,1,1,0,0,30,0,0,0,0,0,4,2,13
,2022-26460,-105.008781,39.7568544,6/4/2022 18:03,18:03,6,0,0,1500 BLK PLATTE ST & 15TH ST,1,1,0,0,1,4,0,0,25,0,0,0,0,0,4,2,13
,2022-26461,-105.0441889,39.72552681,7/24/2022 11:27,11:27,12,0,0,W 6TH AVE [4500 BLK] & N SHERIDAN BLVD,9,1,3,1,1,1,0,0,55,0,0,0,0,0,2,2,13
,2022-26462,-104.7315784,39.83823902,7/25/2022 13:14,13:14,15,0,0,E 78TH AVE & 22000 BLK ,1,3,0,0,1,3,0,0,45,0,0,0,0,0,4,2,1
,2022-26468,-104.98744,39.72909471,7/25/2022 11:30,11:30,15,0,0,10 BLK W 8TH AVE & N. BROADWAY ST.,1,1,1,0,1,4,0,0,30,0,0,0,0,0,4,2,11
,2022-26469,-104.9593019,39.71095901,7/25/2022 12:34,12:34,12,0,0,200 BLK S UNIVERSITY BLVD & E ALAMEDA AVE,1,1,1,0,1,4,0,0,30,0,0,0,0,0,4,2,7
,2022-26470,-104.9838881,39.76635438,7/25/2022 8:17,8:17,15,0,0,N BRIGHTON BLVD & 31ST ST,1,1,0,0,1,3,0,0,30,0,0,0,1,0,4,2,11
,2022-26471,-104.9848456,39.7448621,6/30/2022 13:50,13:50,12,0,1,N SHERMAN ST & E 18TH AVE,1,1,0,0,1,1,0,0,,0,0,0,0,1,4,2,16
,2022-26472,-104.9874319,39.69672214,7/23/2022 12:50,12:50,12,0,0,S BROADWAY ST & W MISSISSIPPI AVE,1,1,0,0,1,4,0,0,30,0,0,0,0,0,4,2,11
,2022-26474,-104.9666597,39.71817428,7/25/2022 14:45,14:45,2,0,0,E 1ST AVE & N GILPIN ST,1,1,0,0,1,1,0,0,0,1,0,0,0,0,4,2,16
,2022-26478,-104.99889,39.71119349,7/25/2022 12:39,12:39,12,0,0,I-25 & W ALAMEDA AVE,1,1,1,0,1,4,0,0,55,0,0,0,0,0,1,3,3
,2022-26484,-104.9861874,39.73924007,6/10/2022 7:30,7:30,15,0,0,LINCOLN ST & 1400 BLK N ,14,1,0,7,1,4,0,0,30,0,0,0,0,0,4,2,16
,2022-26486,-104.9306125,39.77980099,7/24/2022 6:16,6:16,5,0,0,I-70 WB & N COLORADO BLVD,1,1,1,0,3,4,0,0,55,0,0,0,0,0,1,1,2
,2022-26488,-105.0110427,39.68602355,7/24/2022 12:14,12:14,6,0,0, S TEJON ST  & 1600 BLK,14,5,3,7,1,4,0,0,,0,0,0,0,0,4,2,16
,2022-26498,-104.9128279,39.74743119,7/19/2022 16:50,16:50,14,0,0,EB MONTVIEW BLVD & N MONACO PRKWY,1,1,0,0,1,3,0,0,30,0,0,0,0,0,4,2,13
,2022-26511,-104.9732092,39.76929522,7/22/2022 23:00,23:00,6,0,0, WALNUT ST [3700 BLK] & N DOWNING ST,1,5,0,7,1,4,0,0,,0,0,0,0,0,4,2,16
,2022-26514,-105.053243,39.6651548,7/23/2022 7:45,7:45,15,0,0,S SHERIDAN BLVD & W AMHERST AVE,1,1,1,0,1,4,0,0,40,0,0,0,0,0,2,2,16
,2022-26515,-105.0251344,39.72932999,7/25/2022 15:57,15:57,12,0,0,W 6TH AVE & N FEDERAL BLVD,1,1,0,0,1,4,0,0,55,0,0,0,0,0,4,2,10
,2022-26521,-104.9949384,39.76798043,6/22/2022 17:00,17:00,12,0,0,I-25 & PARK AVE W,1,1,0,0,1,4,0,0,55,0,0,0,0,0,1,2,16
,2022-26529,-104.9971537,39.73882134,6/2/2022 14:59,14:59,6,0,0,SPEER BLVD 1400 BLK N  & W 14TH AVE,1,1,0,0,1,4,0,0,35,0,0,0,0,0,4,3,13
,2022-26602,-104.9684258,39.75071918,7/26/2022 17:18,17:18,3,0,1,E 23RD AVE & N FRANKLIN ST,1,1,0,0,1,1,0,0,25,0,0,0,1,2,4,2,13
,2022-26606,-104.9551227,39.73927342,7/26/2022 8:21,8:21,6,0,0,CLAYTON ST & 1400 BLK N ,1,1,0,0,1,4,0,0,25,0,0,0,0,0,4,2,11
,2022-26607,-104.9417119,39.70382436,7/26/2022 11:19,11:19,6,0,0,3900 BLK E EXPOSITION AVE & S COLORADO BLVD,1,1,0,0,1,4,0,0,,0,0,0,0,0,4,2,16
,2022-26608,-104.7875414,39.79839635,7/25/2022 12:20,12:20,12,0,0,E 56TH AVE & PENA BLVD INBOUND,1,1,0,0,1,4,0,0,40,0,0,0,0,0,4,2,16
,2022-26609,-104.8800296,39.7770355,7/25/2022 14:28,14:28,15,0,0,I-270 WB & I-70 WB [DIRECT CONNECT GORE PT],1,1,0,0,1,14,0,1,55,0,0,0,0,0,1,2,8
,2022-26610,-104.9916549,39.74013313,7/21/2022 10:38,10:38,15,0,0, W COLFAX AVE [100 BLK] & COURT PL,1,1,0,0,1,4,0,0,25,0,0,0,0,0,2,2,16
,2022-26613,-104.9593596,39.70386391,7/25/2022 15:30,15:30,6,0,0,S UNIVERSITY BLVD & E EXPOSITION AVE,1,1,0,0,1,1,0,0,30,0,0,0,0,0,4,4,3
,2022-26615,-104.952439,39.78018288,7/26/2022 7:27,7:27,15,0,0,I-70 EB & N VASQUEZ BLVD,1,1,0,0,1,4,0,0,55,0,0,0,0,0,1,2,11
,2022-26616,-105.0252736,39.73800673,7/26/2022 6:54,6:54,12,0,0,FEDERAL BLVD N & 14TH AVE W,1,1,1,0,1,1,0,0,35,0,0,0,0,0,2,2,1
,2022-26617,-104.9405458,39.68291817,7/25/2022 16:30,16:30,12,0,0,I-25 SB & S COLORADO BLVD [EXIT RAMP GORE PT[,1,1,0,0,1,4,0,0,65,0,0,0,0,0,1,3,3
,2022-26618,-104.8658282,39.79013459,6/19/2022 16:17,16:17,3,0,0,E 51ST AVE & N HAVANA ST,1,1,3,0,1,1,0,0,25,0,0,0,0,1,4,2,16
,2022-26623,-104.958237,39.77767429,7/26/2022 8:16,8:16,3,0,1,E 44TH AVE & N JOSEPHINE ST,1,1,0,0,1,1,0,0,35,0,0,0,0,2,4,2,13
,2022-26625,-105.0130484,39.72546967,7/25/2022 12:18,12:18,12,0,0,I-25 NB & W 6TH AVE ,1,1,1,0,1,4,0,0,55,0,0,0,0,0,1,2,16
,2022-26627,-105.013632,39.72777099,7/1/2022 2:58,2:58,5,0,0,I-25 NB ON RAMP MERGE & EB AND WB 6TH AVE,1,3,1,0,2,8,0,0,55,0,0,0,0,0,1,1,16
,2022-26628,-105.0155836,39.73249765,7/26/2022 15:22,15:22,12,0,0,I-25 NB & W 6TH AVE ,1,1,0,0,1,14,0,0,55,0,0,0,0,0,1,2,13
,2022-26629,-104.9791539,39.77935673,7/26/2022 8:41,8:41,15,0,0,I-70 EB & N WASHINGTON ST EXIT RAMP [GORE PT],1,1,0,0,1,14,0,0,,0,0,0,0,0,1,2,16
,2022-26630,-104.7861993,39.79838527,7/26/2022 7:55,7:55,12,0,0,E 56TH AVE & PENA BLVD,1,1,0,0,1,4,0,0,45,0,0,0,0,0,4,3,3
,2022-26634,-104.9832581,39.75881992,7/24/2022 1:25,1:25,6,0,1,27TH ST & LAWRENCE ST,1,3,0,0,3,1,0,0,30,0,0,0,0,2,4,3,16
,2022-26635,-104.9671644,39.77988655,7/26/2022 13:00,13:00,12,0,0,4500 BLK N BRIGHTON BLVD & E 46TH S DR,1,1,0,0,1,3,0,0,35,0,0,0,0,0,4,2,3
,2022-26636,-104.9017452,39.62377074,7/25/2022 6:53,6:53,12,0,0,I-25 SB & E BELLEVIEW AVE,1,1,0,0,1,4,0,0,65,0,0,0,0,0,1,2,16
,2022-26638,-105.0229391,39.72026381,7/25/2022 16:36,16:36,12,0,0,W 2ND AVE & N DECATUR ST,1,1,0,0,1,4,0,0,25,0,0,0,0,0,4,2,8
,2022-26639,-104.8903216,39.70559525,7/23/2022 12:10,12:10,2,0,1,S VALENTIA ST & E FAIRMOUNT DR,1,1,0,0,1,6,0,0,30,1,0,0,0,2,4,1,11
,2022-26640,-104.9879864,39.75499038,6/10/2022 11:30,11:30,12,0,0,1100 BLK PARK AVE & LAWRENCE ST,1,1,0,1,1,4,0,0,25,0,0,0,0,0,4,2,13
,2022-26645,-104.9617363,39.69658463,7/25/2022 15:00,15:00,6,0,0,E MISSISSIPPI AVE & S GAYLORD ST,1,1,0,0,1,1,0,0,25,0,0,0,0,0,4,2,3
,2022-26646,-104.9617012,39.71111848,7/26/2022 11:36,11:36,12,0,2,E ALAMEDA AVE & S GAYLORD ST,1,1,0,0,1,1,0,0,25,0,0,0,0,1,4,3,16
,2022-26647,-104.9930487,39.76890802,7/25/2022 15:37,15:37,5,0,0,I-25 SB & PARK AVE W,1,1,0,0,2,4,0,0,55,0,0,0,0,0,1,1,2
,2022-26649,-104.9733739,39.70749091,7/24/2022 23:49,23:49,2,0,2,S DOWNING ST & E VIRGINIA AVE,1,3,0,0,1,1,0,0,30,1,0,0,1,2,4,1,13
,2022-26651,-104.9666597,39.71817428,7/25/2022 13:00,13:00,15,0,0,E 1ST AVE & N GILPIN ST,1,1,0,0,1,1,0,0,30,0,0,0,0,0,4,2,3