id,drcog_id,longitude,latitude,crashtime,time,crashtype,numbkilled,numbinjurd,drcoglocat,rdconditin,lightngcon,roadcntgrd,weatherco,location,roaddescrp,schoolzone,constrzone,splimit,bikeinv,pedinv,sctrinv,motoinv,svrty,rdsystem,ttlvehcls,hcf
,2022-26652,-104.9848472,39.74316755,7/24/2022 12:40,12:40,6,0,0,N SHERMAN ST [1600 BLK ] & E 17TH AVE.,1,1,0,0,1,4,0,0,30,0,0,0,0,0,4,2,16
,2022-26654,-104.8676861,39.7609278,7/26/2022 9:14,9:14,15,0,0,E 31ST AVE & N GENEVA CT,1,1,0,0,1,1,0,0,25,0,0,0,0,0,4,2,11
,2022-26657,-104.9971577,39.67846007,7/25/2022 11:23,11:23,3,0,0,W EVANS AVE & S HURON ST,1,1,0,0,1,1,0,0,35,0,0,0,0,0,4,2,16
,2022-26658,-104.9989214,39.7368674,7/25/2022 9:23,9:23,2,0,0,W 13TH AVE [1000 BLK] & N SANTA FE DR,1,1,0,0,1,2,0,1,25,1,0,0,0,0,4,1,13
,2022-26666,-105.0128925,39.75500869,7/26/2022 11:20,11:20,12,0,4,I-25 NB & N SPEER BLVD NB LOOP RAMP [GORE PT],1,1,0,0,1,14,0,0,55,0,0,0,0,1,1,2,13
,2022-26667,-105.001294,39.74646896,7/21/2022 8:03,8:03,10,0,0,LARIMER ST & N SPEER BLVD,1,1,0,0,1,1,0,0,30,0,0,0,0,0,4,2,16
,2022-26669,-104.6929573,39.83185362,7/24/2022 22:10,22:10,1,0,0,E 75TH AVE & JACKSON GAP,11,3,0,0,1,1,0,0,45,0,0,0,0,0,4,2,7
,2022-26670,-105.0047785,39.75022379,7/24/2022 22:46,22:46,1,0,0,N SPEER BLVD & WEWATTA ST,1,3,3,0,1,1,0,0,30,0,0,0,0,0,4,2,13
,2022-26675,-104.9874982,39.71936938,7/26/2022 13:59,13:59,10,0,0,N BROADWAY ST & W 2ND AVE,1,1,0,0,1,1,0,0,30,0,0,0,0,0,4,2,13
,2022-26676,-105.0148299,39.72932162,7/5/2022 13:17,13:17,15,0,0,I-25 NB & W 8TH AVE,1,1,1,0,1,4,0,0,55,0,0,0,0,0,1,2,16
,2022-26677,-104.9406195,39.70655405,7/26/2022 15:33,15:33,15,0,0, S COLORADO BLVD [500 BLK] & E CHERRY CREEK S DR,1,1,0,0,1,1,0,0,35,0,0,0,0,0,2,2,13
,2022-26678,-104.9405048,39.77150656,7/26/2022 15:37,15:37,15,0,0, N COLORADO BLVD & E 40TH AVE,1,1,0,0,1,4,0,0,35,0,0,0,0,0,2,2,13
,2022-26680,-105.0358031,39.76910136,7/26/2022 11:20,11:20,6,0,0,3700 BLK N MEADE ST & W 38TH AVE,1,1,1,0,1,4,0,0,20,0,0,0,0,0,4,2,3
,2022-26683,-105.0074299,39.70935428,7/26/2022 8:10,8:10,12,0,0,DAKOTA AVE & 1400 BLK W ,1,1,0,1,1,4,0,0,25,0,0,0,0,0,4,2,13
,2022-26684,-104.9580653,39.77640669,7/1/2022 11:41,11:41,6,0,0,2400 BLK E 43RD AVE & N JOSEPHINE ST,1,1,0,0,1,4,0,0,30,0,0,0,0,0,4,2,16
,2022-26687,-104.9985747,39.75774928,7/26/2022 18:44,18:44,15,0,0,CHESTNUT ST & 20TH ST,1,1,0,1,1,3,0,0,25,0,0,0,0,0,4,2,14
,2022-26696,-104.959261,39.71111793,7/24/2022 8:30,8:30,3,0,0,S UNIVERSITY BLVD & E ALAMEDA AVE,1,1,1,0,1,1,0,0,30,0,0,0,0,0,4,3,16
,2022-26705,-104.9747773,39.74483545,7/25/2022 14:10,14:10,3,0,0,E 18TH AVE & PARK AVE,1,1,0,0,1,1,0,0,30,0,0,0,0,0,4,2,8
,2022-26706,-104.9922134,39.74519371,7/26/2022 17:26,17:26,2,0,1,16TH ST & CALIFORNIA ST,1,1,0,0,1,1,0,0,0,1,0,0,0,1,4,1,16
,2022-26779,-104.9594252,39.68278764,7/27/2022 13:10,13:10,1,0,0,S UNIVERSITY BLVD & E BUCHTEL BLVD,1,1,3,0,1,1,0,0,35,0,0,0,0,0,4,2,13
,2022-26781,-104.9855405,39.73204198,7/23/2022 18:00,18:00,6,0,0, E 10TH AVE [1000 BLK] & N. LINCOLN SR.,1,1,1,0,1,4,0,0,30,0,0,0,0,0,4,2,13
,2022-26785,-104.9495075,39.72560869,7/26/2022 16:00,16:00,15,0,0,E 6TH AVE & N STEELE ST,1,1,0,0,1,1,0,0,30,0,0,0,0,0,4,2,3
,2022-26786,-105.000028,39.74004822,7/21/2022 6:10,6:10,1,0,2,N KALAMATH & W COLFAX AVE,1,1,0,0,1,1,0,0,30,0,0,0,0,2,2,2,16
,2022-26788,-104.8846519,39.74380813,7/26/2022 22:45,22:45,3,0,4,E 17TH AVE & N YOSEMITE ST,11,4,0,1,1,1,0,0,30,0,0,0,0,3,4,2,14
,2022-26789,-104.9887608,39.68577441,7/26/2022 18:30,18:30,6,0,0,S ACOMA ST [1679 BLK] & E MEXICO AVE,1,1,0,0,1,1,0,0,,0,0,0,0,0,4,2,16
,2022-26790,-104.9499094,39.76446539,7/27/2022 18:39,18:39,3,0,0,E BRUCE RANDOLPH AVE & N STEELE ST,1,1,1,0,1,1,0,0,,0,0,0,0,0,4,2,16
,2022-26791,-105.05323,39.66257386,7/27/2022 15:30,15:30,12,0,0,S SHERIDAN BLVD & W BATES AVE,1,1,1,0,1,1,0,0,40,0,0,0,0,0,2,2,3
,2022-26793,-104.9733924,39.71472896,7/26/2022 22:43,22:43,6,0,0,S DOWNING ST & E BAYAUD AVE,11,3,0,1,1,4,0,0,30,0,0,0,0,0,4,3,14
,2022-26794,-105.0016413,39.74662853,7/27/2022 14:39,14:39,9,0,0,N SPEER BLVD & LARIMER ST,1,1,0,0,1,4,0,0,35,0,0,0,0,0,4,1,14
,2022-26797,-104.8332362,39.77281986,7/26/2022 18:21,18:21,12,0,0,I-70 EB & I-225 SB EXIT RAMP [GORE PT[,11,1,0,0,1,4,0,0,55,0,0,0,0,0,1,3,3
,2022-26800,-105.053224,39.73129368,7/23/2022 18:00,18:00,12,0,1,N SHERIDAN BLVD & W 9TH AVE,1,1,0,0,1,4,0,0,35,0,0,0,0,2,2,2,1
,2022-26803,-104.9169526,39.71790592,7/27/2022 8:21,8:21,6,0,0,6000 BLK E 1ST AVE & N JASMINE ST,1,1,0,0,1,4,0,0,25,0,0,0,0,0,4,3,16
,2022-26804,-104.9597586,39.76074761,7/26/2022 22:52,22:52,3,0,2,N YORK ST & E 31ST AVE,11,3,0,1,1,1,0,0,35,0,0,0,0,2,4,2,16
,2022-26805,-105.0251112,39.66771796,7/25/2022 15:27,15:27,3,0,0,S FEDERAL BLVD [2600 BLK] & W YALE ST,1,1,2,0,1,2,0,0,35,0,0,0,0,0,2,2,1
,2022-26806,-104.9873964,39.75157128,7/25/2022 12:00,12:00,10,0,0,CHAMPA ST & N BROADWAY ST,1,1,0,0,1,3,0,0,25,0,0,0,0,0,4,2,13
,2022-26807,-104.9395385,39.67847057,7/27/2022 14:55,14:55,1,0,0,E EVANS AVE & S ALBION ST,1,1,0,0,1,1,0,0,30,0,0,0,0,0,4,2,13
,2022-26808,-104.9035597,39.77851775,7/27/2022 8:30,8:30,15,0,0,N NORTHFIELD QUEBEC ST & I-70 WB ENT /  EXIT RAMPS,1,1,1,0,1,1,0,0,25,0,0,0,0,0,2,2,11
,2022-26809,-105.0087098,39.69672883,7/26/2022 17:05,17:05,3,0,0,W MISSISSIPPI AVE & S RARITAN ST,1,1,0,0,1,1,0,0,30,0,0,0,0,0,4,2,3
,2022-26810,-105.0017513,39.77438353,7/26/2022 8:30,8:30,6,0,0,4200 BLK N LIPAN ST & W 42ND AVE,1,1,0,6,1,4,0,0,30,0,0,0,0,0,4,3,1
,2022-26812,-105.0532208,39.73332689,7/27/2022 6:25,6:25,3,0,0,N SHERIDAN BLVD & W 10TH AVE,1,1,1,0,1,2,0,0,35,0,0,0,0,0,2,2,11
,2022-26813,-104.9721008,39.76450728,7/27/2022 11:59,11:59,3,0,0,N MARION ST & E BRUCE RANDOLPH AVE,1,1,0,0,1,1,0,0,25,0,0,0,0,0,4,2,1
,2022-26814,-104.9293902,39.66747494,7/27/2022 9:53,9:53,10,0,0, E YALE AVE & S FAIRFAX ST,1,1,0,7,1,2,0,0,30,0,0,0,0,0,4,2,11
,2022-26822,-105.0049533,39.75008687,7/26/2022 20:09,20:09,15,0,1,N SPEER BLVD & CHOPPER CIR,1,3,1,0,1,1,0,0,35,0,0,0,1,3,4,2,13
,2022-26827,-104.9181861,39.65297726,7/26/2022 15:00,15:00,15,0,0,E HAMPDEN AVE & I-25 NB,1,1,0,0,1,1,0,0,30,0,0,0,0,0,2,2,3
,2022-26829,-105.0131076,39.7255545,7/27/2022 8:56,8:56,15,0,0,I-25 & W 6TH AVE FWY,1,1,1,0,1,4,0,0,55,0,0,0,0,0,1,2,13
,2022-26833,-104.9707822,39.74001152,7/27/2022 19:48,19:48,12,0,0,E COLFAX AVE & N LAFAYETTE ST,1,1,0,0,1,4,0,0,45,0,0,0,0,0,2,2,14
,2022-26844,-104.9597612,39.74945356,7/27/2022 10:12,10:12,12,0,0,2200 BLK E 22ND AVE & N YORK ST,1,1,0,0,1,3,0,0,30,0,0,0,0,0,4,2,11
,2022-26847,-105.0343735,39.68221162,7/27/2022 11:01,11:01,3,0,1,W JEWELL AVE & S LOWELL BLVD,1,1,0,0,1,1,0,0,25,0,0,0,0,2,4,2,16
,2022-26849,-105.032475,39.72509121,7/27/2022 7:23,7:23,15,0,0,W 6TH AVE  & KNOX CT,1,1,1,0,1,4,0,0,55,0,0,0,0,0,2,2,13
,2022-26850,-104.9597902,39.74476761,7/27/2022 16:12,16:12,12,0,0,SB N YORK ST & E. 18TH AVE,1,1,0,0,1,1,0,0,30,0,0,0,0,0,4,3,13
,2022-26851,-105.0288092,39.74026747,7/26/2022 16:36,16:36,12,0,0, W COLFAX AVE [3200 BLK] & N IRVING ST,1,1,1,0,1,3,0,0,35,0,0,0,0,0,2,3,13
,2022-26853,-105.0128565,39.72519464,7/27/2022 2:04,2:04,15,0,0,I-25 SB & W 6TH AVE,11,3,0,0,1,4,0,0,55,0,0,0,0,0,1,2,13
,2022-26854,-104.9827227,39.69742292,7/27/2022 14:14,14:14,12,0,0,I-25 SB & S LOGAN ST,1,1,0,0,1,4,0,0,65,0,0,0,0,0,1,4,13
,2022-26855,-105.032475,39.72509121,7/27/2022 7:23,7:23,12,0,1,W 6TH AVE & N KNOX CT,1,1,1,0,1,4,0,0,55,0,0,0,0,1,2,2,3
,2022-26862,-104.9128742,39.6676319,7/26/2022 15:16,15:16,1,0,0,E YALE AVE & S MONACO ST,1,1,0,0,1,1,0,0,40,0,0,0,0,0,4,3,7
,2022-26863,-104.9593902,39.67121455,7/27/2022 12:54,12:54,12,0,0,S UNIVERSITY BL & E HARVARD AVE,1,1,0,0,1,1,0,0,30,0,0,0,0,0,4,3,13
,2022-26864,-105.0150499,39.72932217,7/27/2022 8:07,8:07,15,0,0,I-25 SB & W 8TH AVE,1,1,1,0,1,14,0,0,,0,0,0,0,0,1,3,16
,2022-26867,-104.9462597,39.76446853,7/26/2022 17:07,17:07,12,0,0,BRUCE RANDOLH AVE & N MADISON ST,1,1,0,0,1,1,0,0,,0,0,0,0,0,4,2,16
,2022-26869,-104.9417037,39.69656746,7/27/2022 16:18,16:18,14,0,0,E MISSISSIPPI AVE & S HARRISON ST,1,1,0,0,1,4,0,0,30,0,0,0,0,0,4,2,16
,2022-26882,-104.9684235,39.76450824,7/26/2022 11:00,11:00,3,0,0,E BRUCE RANDOLPH AVE & N FRANKLIN ST,1,1,0,0,1,9,0,0,,0,0,0,0,0,4,2,3
,2022-26899,-104.9952183,39.72891518,7/26/2022 17:56,17:56,3,0,0,N FOX ST & W 8TH AVE,1,1,0,0,1,1,0,0,25,0,0,0,0,0,4,2,11
,2022-26901,-104.8661308,39.66759688,7/26/2022 9:26,9:26,12,0,0,S HAVANA ST & E YALE AVE,1,1,0,0,1,3,0,0,40,0,0,0,0,0,4,2,13
,2022-26903,-105.0127881,39.7689771,7/27/2022 14:24,14:24,3,0,0,N VALLEJO ST & W 38TH AVE,1,1,1,0,1,1,0,0,25,0,0,0,0,0,4,2,2
,2022-26904,-104.8987254,39.65307764,7/26/2022 12:15,12:15,3,0,0,S TAMARAC DR [3200 BLK] & E HAMPDEN AVE,1,1,0,0,1,2,0,0,,0,0,0,0,0,2,2,3
,2022-26905,-105.0321567,39.73459643,7/6/2022 12:15,12:15,15,0,0,N KNOX CT & W 12TH AVE,1,1,0,0,1,4,0,0,25,0,0,0,0,0,4,2,16
,2022-26907,-105.0130484,39.72546967,7/27/2022 11:25,11:25,12,0,0,I-25 SB & W 6TH AVE FWY,1,1,0,0,1,4,0,0,55,0,0,0,0,0,1,2,13
,2022-26915,-105.198067,39.66846652,7/7/2022 20:45,20:45,12,0,0,RED ROCKS TRAIL RD & UNKNOWN,1,5,1,0,1,4,0,0,,0,0,0,0,0,4,2,13
,2022-26933,-104.9037056,39.71705946,7/28/2022 17:08,17:08,12,0,0,N QUEBEC ST & LOWRY BL,1,1,0,0,1,1,0,0,35,0,0,0,0,0,4,2,13
,2022-26936,-104.7468597,39.83381541,7/2/2022 7:25,7:25,12,0,0,PENA BLVD & E-470,1,1,3,0,1,14,0,0,55,0,0,0,0,0,2,2,8
,2022-26937,-104.9406143,39.73828662,7/28/2022 6:51,6:51,3,0,1,E 14TH AVE & N COLORADO BLVD,1,1,0,0,1,1,0,0,30,0,0,0,0,2,2,2,1
,2022-26938,-104.9035084,39.69566164,7/28/2022 11:51,11:51,1,0,1,E MISSISSIPPI AVE & S QUEBEC ST,1,1,0,0,1,1,0,0,35,0,0,0,0,1,4,2,16
,2022-26939,-104.9861387,39.67855573,7/28/2022 10:36,10:36,12,0,0,100 BLK E EVANS AVE & S LINCOLN ST,1,1,0,0,1,4,0,0,30,0,0,0,0,0,4,2,12
,2022-26940,-104.8470297,39.77400525,7/28/2022 7:30,7:30,12,0,0,N PEORIA ST & I-70 EB ENT / EXIT RAMPS,1,1,0,0,1,1,0,0,35,0,0,0,0,0,4,2,11
,2022-26941,-104.978302,39.78475497,7/27/2022 16:46,16:46,3,0,1,N WASHINGTON ST [4800 BLK] & E 49TH AVE,1,1,0,7,1,2,0,0,35,0,0,0,0,2,4,2,3
,2022-26942,-105.0250817,39.70765614,7/28/2022 13:25,13:25,12,0,0,W VIRGINIA AVE & S FEDERAL BLVD,1,1,0,0,1,1,0,0,35,0,0,0,0,0,2,2,11
,2022-26951,-105.0000592,39.74004799,7/28/2022 17:36,17:36,1,0,1,W COLFAX AVE & N KALAMATH ST,1,1,0,0,1,1,0,0,30,0,0,0,0,2,2,2,11
,2022-26954,-105.0532601,39.67143257,7/28/2022 5:29,5:29,8,0,4,S SHERIDAN BLVD [2600 BLK] & W LAKERIDGE RD,1,2,1,0,1,4,0,0,40,0,0,0,0,1,2,2,2
,2022-26957,-104.9316661,39.68208642,6/11/2022 0:54,0:54,1,0,0,E JEWELL AVE & S DAHLIA ST,1,4,0,0,1,1,0,0,,0,0,0,0,0,4,2,16
,2022-26958,-105.0026475,39.74762721,7/29/2022 13:45,13:45,3,0,0,N SPEER BLVD & AURARIA PKWY,1,1,0,0,1,1,0,0,35,0,0,0,0,0,4,2,16
,2022-26959,-105.0249201,39.72571403,7/28/2022 19:34,19:34,3,0,1,N FEDERAL BLVD & W 6TH AVE WB ENT / EXIT RAMPS,1,1,0,0,1,1,0,0,35,0,0,0,0,1,2,2,3
,2022-26960,-104.8827819,39.77423037,7/27/2022 14:34,14:34,12,0,1,N CENTRAL PARK BLVD & E 40TH AVE,1,1,0,0,1,4,0,0,25,0,0,0,0,1,4,3,13
,2022-26961,-104.9666571,39.67848125,7/28/2022 19:55,19:55,6,0,0,E EVANS AVE & S WILLIAMS ST,1,2,0,0,1,1,0,0,30,0,0,0,0,0,4,2,16
,2022-26968,-105.0532858,39.71656255,7/28/2022 9:17,9:17,12,0,0, S SHERIDAN BLVD & W ELLSWORTH AVE,1,1,0,1,1,4,0,0,35,0,0,0,0,0,2,2,13
,2022-26970,-104.9516938,39.73836491,7/28/2022 14:26,14:26,15,0,0,E 14TH AVE & N MILWAUKEE ST,1,1,0,0,1,1,0,0,30,0,0,0,0,0,4,2,10
,2022-26972,-105.0346077,39.76213352,7/27/2022 10:50,10:50,12,0,0,3600 BLK W 32ND AVE & ALLEY,1,1,0,0,1,9,0,0,10,0,0,0,0,0,4,2,11
,2022-26974,-104.9835886,39.74327188,5/27/2022 4:37,4:37,3,0,0,E 17TH AVE & N GRANT ST,1,3,0,0,1,1,0,0,,0,0,0,0,0,4,2,16
,2022-26975,-104.9406224,39.71156102,7/27/2022 18:00,18:00,1,0,0,E ALAMEDA AVE & S COLORADO BLVD,1,1,0,0,1,1,0,0,30,0,0,0,0,0,4,2,3
,2022-26977,-104.9889695,39.74364096,7/28/2022 7:23,7:23,15,0,0,1600 BLK TREMONT PL & 16TH ST,1,1,0,0,1,4,0,0,25,0,0,0,0,0,4,2,16
,2022-26978,-104.9874079,39.74619274,7/28/2022 13:30,13:30,3,0,0,N BROADWAY & GLENARM PL,1,1,0,0,1,1,0,0,30,0,0,0,0,0,4,2,11
,2022-26979,-104.9472259,39.73677325,7/23/2022 15:38,15:38,10,0,2,3400 BLK E 13TH AVE & N COOK ST,1,1,0,0,1,3,0,0,30,0,0,0,0,2,4,2,7
,2022-26980,-104.9255047,39.66746911,7/27/2022 12:00,12:00,12,0,0,I-25 NB & E YALE AVE,1,1,0,0,1,4,0,0,65,0,0,0,0,0,1,2,3
,2022-26981,-104.9563771,39.74016774,7/28/2022 10:04,10:04,12,0,0,E COLFAX AVE [2500 BLK ] & N ELIZABETH ST,1,1,0,0,1,3,0,0,30,0,0,0,0,0,2,3,1
,2022-26982,-104.9233831,39.66439475,7/28/2022 7:57,7:57,12,0,0,I-25 NB & E YALE AVE,1,1,0,0,1,4,0,0,65,0,0,0,0,0,1,2,16
,2022-26983,-104.990257,39.7320536,7/27/2022 12:55,12:55,3,0,0,W 10TH AVE & N BANNOCK ST,1,1,0,0,1,1,0,1,25,0,0,0,0,0,4,2,11
,2022-26986,-104.9405458,39.68291817,7/27/2022 12:00,12:00,12,0,0,I-25 SB & S COLORADO BLVD,1,1,0,0,1,1,0,0,65,0,0,0,0,0,1,4,3
,2022-26987,-104.9764307,39.73367641,7/29/2022 14:35,14:35,12,0,0,E 11TH AVE & N EMERSON ST,1,1,0,0,1,1,0,0,30,0,0,0,0,0,4,2,3
,2022-26989,-104.9582375,39.77999352,7/28/2022 15:13,15:13,12,0,0,I-70 EB & N JOSEPHINE ST,1,1,0,0,1,4,0,0,55,0,0,0,0,0,1,3,13
,2022-26990,-104.9985749,39.71842848,7/28/2022 7:50,7:50,15,0,0,N SANTA FE DR & W 1ST AVE,1,1,0,0,1,3,0,0,35,0,0,0,0,0,4,2,16
,2022-26992,-104.987541,39.71326552,7/29/2022 2:01,2:01,12,0,1,100 BLK S BROADWAY ST & W CEDAR AVE,1,3,0,0,1,4,0,0,35,0,0,0,0,2,4,2,16
,2022-26993,-105.0064252,39.78313348,7/28/2022 17:00,17:00,12,0,0,I-70 EB & N PECOS ST,1,1,0,0,1,4,0,0,45,0,0,0,0,0,1,2,13
,2022-26996,-104.7578743,39.83393621,7/29/2022 13:16,13:16,12,0,1,PENA BLVD WB [OUTBOUND] & E-470,1,1,0,0,1,4,0,0,65,0,0,0,0,1,2,2,16
,2022-26997,-104.9965605,39.70666643,7/29/2022 11:42,11:42,12,0,0,I-25 NB & S SANTA FE DR,1,1,0,0,1,4,0,0,55,0,0,0,0,0,1,2,16
,2022-26998,-104.994862,39.77049638,7/28/2022 11:06,11:06,1,0,0,W 39TH AVE & N FOX ST,1,1,0,0,1,1,0,0,25,0,0,0,0,0,4,2,16
,2022-26999,-104.9684478,39.7432381,7/28/2022 19:51,19:51,12,0,0,N FRANKLIN ST & E 17TH AVE,1,1,0,0,1,1,0,0,25,0,0,0,0,0,4,3,1
,2022-27001,-104.7910892,39.78364012,7/28/2022 17:00,17:00,12,0,0,4700 BLK PENA BLVD & GVR BLVD,1,1,0,0,1,4,0,0,65,0,0,0,0,0,4,2,3
,2022-27002,-104.8848281,39.65083638,7/29/2022 9:57,9:57,12,0,0,S YOSEMITE ST & E JEFFERSON AVE,1,1,1,0,1,3,0,0,35,0,0,0,0,0,4,2,10
,2022-27003,-104.9135225,39.67846249,7/29/2022 13:33,13:33,3,0,0, E EVANS AVE [6300 BLK] & S MONACO ST,1,1,0,0,1,2,0,0,35,0,0,0,0,0,4,2,10
,2022-27005,-105.016027,39.73982596,7/29/2022 13:25,13:25,6,0,0,N ZUNI ST & W COLFAX AVE,1,1,0,0,1,4,0,0,35,0,0,0,0,0,2,2,11
,2022-27007,-104.9920576,39.68939091,7/27/2022 20:45,20:45,15,0,0,S SANTA FE DR & W FLORIDA AVE,1,1,0,5,1,1,0,0,,0,0,0,0,0,2,2,16
,2022-27008,-105.0532032,39.68221113,7/27/2022 15:28,15:28,12,0,0,S SHERIDAN BLVD & W JEWELL AVE,1,1,1,0,1,4,0,0,40,0,0,0,0,0,2,2,13
,2022-27009,-104.9891814,39.7801983,7/27/2022 17:57,17:57,12,0,0,I-70 WB & I-25,1,1,0,0,1,4,0,0,55,0,0,0,0,0,1,3,2
,2022-27011,-104.9879299,39.75309352,7/27/2022 18:00,18:00,12,0,0,22ND ST & 1000 BLK ,1,1,0,0,1,4,0,0,30,0,0,0,0,0,4,2,11
,2022-27013,-104.9920576,39.68939091,7/27/2022 19:30,19:30,12,0,0,S SANTA FE DR & W FLORIDA AVE,1,1,0,5,1,1,0,0,40,0,0,0,0,0,2,2,3
,2022-27014,-104.9811001,39.74029392,7/27/2022 17:28,17:28,6,0,0, N PENNSYLVANIA ST [1500 BLK] & E. COLFAX AVE,1,1,3,0,2,4,0,0,30,0,0,0,0,0,2,3,16
,2022-27018,-104.9001233,39.78612615,6/28/2022 23:04,23:04,9,1,0,QUEBEC ST & E NORTHFIELD BLVD,1,3,0,0,1,4,0,0,40,0,0,0,1,4,2,3,16
,2022-27019,-104.9406162,39.7366912,6/19/2022 21:02,21:02,3,0,0,N COLORADO BLVD & E 13TH AVE,1,3,3,0,1,1,0,0,30,0,0,0,0,0,2,2,13
,2022-27023,-104.9837443,39.7517132,7/28/2022 14:30,14:30,15,0,1,PARK AVE W & CALIFORNIA ST,1,1,0,0,1,1,0,0,30,0,0,0,0,1,4,2,11
,2022-27024,-104.959797,39.7329741,7/27/2022 13:34,13:34,15,0,0,N YORK ST [1000 BLK ] & E 11TH AVE,1,1,0,0,1,4,0,0,25,0,0,0,0,0,4,2,11
,2022-27025,-104.9806436,39.75679854,7/27/2022 23:49,23:49,3,0,1,CHAMPA ST & 27TH ST,1,3,0,0,1,1,0,0,35,0,0,0,0,2,4,3,13
,2022-27029,-105.0410285,39.69130167,6/14/2022 15:54,15:54,6,0,0,S QUITMAN ST & W ARKANSAS AVE,1,1,0,0,1,1,0,0,25,0,0,0,0,0,4,2,3
,2022-27032,-104.8657287,39.77562189,7/28/2022 12:58,12:58,15,0,0,N HAVANA ST & I-70 EB ENT / EXIT RAMPS,1,1,0,1,1,1,0,0,25,0,0,0,0,0,4,2,13
,2022-27033,-104.809797,39.78381856,7/29/2022 18:30,18:30,1,0,0,E GVR BLVD & N CHAMBERS RD,1,1,0,0,1,1,0,0,45,0,0,0,0,0,4,2,7
,2022-27035,-104.983228,39.72728224,7/28/2022 13:22,13:22,6,0,0, E 7TH AVE [300 BLK] & N GRANT ST,1,1,0,0,1,4,0,0,25,0,0,0,0,0,4,2,11
,2022-27036,-105.0914181,39.61440478,7/28/2022 11:25,11:25,1,0,0,S WADSWORTH BLVD & W CROSS DR,1,1,0,0,1,1,0,0,45,0,0,0,0,0,2,2,13
,2022-27040,-105.0175689,39.75119957,7/27/2022 21:30,21:30,3,0,0,W 23RD AVE & N ALCOTT ST,11,3,0,1,1,1,0,0,35,0,0,0,0,0,4,1,13
,2022-27041,-104.9182339,39.65307809,7/28/2022 15:06,15:06,5,0,1,I-25 NB & E HAMPDEN AVE,1,1,1,0,2,14,0,0,55,0,0,0,0,2,4,1,3
,2022-27050,-105.006506,39.74567245,4/24/2022 17:10,17:10,15,0,0,WALNUT ST & 950,14,5,3,7,1,4,0,0,,0,0,0,0,0,4,2,1
,2022-27051,-105.0250715,39.69674835,7/29/2022 12:41,12:41,12,0,0, S FEDERAL BLVD [1100 BLK] & W MISSISSIPPI AVE,1,1,0,0,1,3,0,0,,0,0,0,0,0,2,3,16
,2022-27056,-105.0500341,39.68898083,7/29/2022 20:00,20:00,6,0,0,S XAVIER ST [1500 BLK] & W FLORIDA AVE,1,3,0,0,2,1,0,0,35,0,0,0,0,0,4,2,7
,2022-27057,-105.0129206,39.72528658,7/26/2022 17:46,17:46,12,0,0,I-25 SB & W 6TH AVE FWY,1,1,1,0,1,4,0,0,55,0,0,0,0,0,1,3,16
,2022-27059,-104.9129626,39.66602588,7/30/2022 15:18,15:18,12,0,0,2800 BLK S MONACO ST & E AMHERST AVE,1,1,0,0,1,4,0,0,35,0,0,0,0,0,4,2,1
,2022-27060,-104.8974038,39.69630492,7/30/2022 2:45,2:45,12,0,0,S PARKER RD & E MISSISSIPPI AVE,1,3,0,0,1,3,0,0,40,0,0,0,0,0,2,2,13
,2022-27062,-104.9979714,39.75146902,7/30/2022 1:47,1:47,3,0,0,17TH ST & BLAKE ST,1,3,0,0,1,1,0,0,30,0,0,0,0,1,4,2,14
,2022-27064,-104.9836026,39.72879739,7/29/2022 22:27,22:27,6,0,0,N GRANT ST & E 8TH AVE,1,3,1,0,1,4,0,0,30,0,0,0,0,0,4,3,14
,2022-27065,-104.9929399,39.69666191,7/29/2022 23:15,23:15,3,0,0,S PLATTE RIVER DR & W MISSISSIPPI AVE,1,3,0,0,1,1,0,0,30,0,0,0,0,0,2,2,16
,2022-27067,-104.9835794,39.7400415,7/30/2022 7:42,7:42,3,0,0,E COLFAX AVE & N GRANT ST,1,1,0,0,1,1,0,0,30,0,0,0,0,0,2,2,3
,2022-27070,-104.9034229,39.74982272,7/29/2022 18:08,18:08,3,0,1,E 22ND AVE & N QUEBEC ST,1,1,0,0,1,1,0,0,25,0,0,0,0,1,4,2,16
,2022-27071,-105.0131182,39.72551753,7/29/2022 22:14,22:14,5,0,1,I-25 NB & W 6TH AVE,1,3,1,0,2,14,0,0,40,0,0,0,0,2,1,1,8
,2022-27074,-104.7689105,39.77286327,7/30/2022 2:00,2:00,6,0,0,N ANDES WAY & E 41ST AVE,1,3,0,0,1,4,0,0,20,0,0,0,0,0,4,2,1
,2022-27082,-104.9861323,39.74000582,7/30/2022 7:58,7:58,3,0,2,E COLFAX AVE & N LINCOLN ST,1,1,0,0,1,1,0,0,30,0,0,0,0,2,2,3,7
,2022-27158,-104.9222705,39.6794604,6/17/2022 15:00,15:00,15,0,1,1800 BLK S HOLLY ST & E EVANS AVE,1,1,0,0,1,4,0,0,30,0,0,0,0,2,4,2,1
,2022-27159,-105.0252124,39.74272354,6/1/2022 11:33,11:33,11,0,1,W 16TH AVE & N FEDERAL BLVD,1,1,0,0,1,1,0,0,25,0,1,0,0,1,2,1,16
,2022-27172,-105.0532578,39.71133201,7/4/2022 1:48,1:48,1,0,0,W ALAMEDA AVE & S SHERIDAN BLVD,1,3,0,0,1,1,0,0,35,0,0,0,0,0,2,2,13
,2022-27174,-104.9659875,39.7432877,7/30/2022 5:37,5:37,6,0,1,1700 BLK N WILLIAMS ST & E 17TH AVE,1,2,0,0,1,4,0,0,25,0,0,0,0,2,4,3,16