id,drcog_id,longitude,latitude,crashtime,time,crashtype,numbkilled,numbinjurd,drcoglocat,rdconditin,lightngcon,roadcntgrd,weatherco,location,roaddescrp,schoolzone,constrzone,splimit,bikeinv,pedinv,sctrinv,motoinv,svrty,rdsystem,ttlvehcls,hcf
,2022-27177,-104.7721171,39.7983921,7/31/2022 4:12,4:12,3,0,0,N TOWER RD & E 56TH AVE,1,3,0,0,1,1,0,0,45,0,0,0,0,0,4,2,1
,2022-27181,-104.9295404,39.6483489,7/30/2022 21:19,21:19,8,0,1,S GLENCOE ST & E LEHIGH AVE,1,4,1,0,1,4,0,0,25,0,0,0,0,2,4,2,10
,2022-27182,-105.0130377,39.72552279,7/27/2022 11:45,11:45,12,0,1,W 6TH AVE EB & I-25 NB,1,1,1,0,1,4,0,0,55,0,0,0,0,1,2,2,16
,2022-27186,-105.0432798,39.71805767,6/26/2022 11:08,11:08,6,0,0,STUART ST 000 BLK N & W 1ST AVE,1,1,0,1,1,4,0,0,25,0,0,0,0,0,4,3,16
,2022-27187,-105.0016337,39.74003641,7/31/2022 18:35,18:35,12,0,0, W COLFAX AVE [1100 BLK] & N LIPAN ST,1,1,0,0,1,4,0,0,35,0,0,0,0,0,2,3,3
,2022-27189,-105.0008627,39.74999561,7/30/2022 17:50,17:50,12,0,1,15TH ST & BLAKE ST,1,1,0,0,1,4,0,0,25,0,0,0,0,2,4,2,16
,2022-27198,-104.8098793,39.7731883,7/31/2022 10:19,10:19,12,0,0,N CHAMBERS RD & E 40TH AVE,1,1,0,0,1,1,0,0,45,0,0,0,0,0,4,2,8
,2022-27199,-105.0460581,39.70722384,7/30/2022 4:53,4:53,6,0,0, S UTICA ST [500 BLK] & W BINGHAM PL,1,2,1,0,1,4,0,0,25,0,0,0,0,0,4,4,2
,2022-27200,-105.053269,39.78468354,7/30/2022 22:28,22:28,12,0,0,I-70 WB OFF RAMP & SHERIDAN BLVD N,1,3,0,0,1,4,0,0,35,0,0,0,0,0,2,2,1
,2022-27203,-104.9017199,39.78184687,7/16/2022 17:35,17:35,15,0,0,4600 BLK N QUEBEC ST & N SANDCREEK DR S,1,1,0,0,1,1,0,0,45,0,0,0,0,0,2,4,16
,2022-27206,-105.0040463,39.76116982,7/26/2022 8:44,8:44,12,0,0,I-25 SB & 20TH ST,1,1,0,0,1,4,0,0,55,0,0,0,0,0,1,3,16
,2022-27211,-104.9034947,39.71128237,7/31/2022 2:37,2:37,1,0,1,E ALAMEDA AVE & S QUEBEC ST,1,3,0,0,1,1,0,0,,0,0,0,0,2,4,2,16
,2022-27212,-104.9786812,39.73202724,7/30/2022 15:17,15:17,3,0,0,E 10TH AVE & N WASHINGTON ST,1,1,0,0,1,1,0,0,30,0,0,0,0,0,4,3,11
,2022-27213,-104.9751602,39.76375779,7/28/2022 18:26,18:26,1,0,0,33RD ST & ARAPAHOE ST,1,1,0,0,1,1,0,0,,0,0,0,0,0,4,2,1
,2022-27214,-104.9889554,39.75576427,7/31/2022 10:38,10:38,15,0,1,PARK AVE W & LARIMER ST,1,1,0,0,1,3,0,0,30,0,0,0,0,1,4,2,16
,2022-27215,-104.9582567,39.78016455,7/14/2022 17:11,17:11,12,0,0,E 46TH AVE & N JOSEPHINE ST,1,1,0,0,1,1,0,0,,0,0,0,0,0,4,2,16
,2022-27218,-104.7466001,39.82579042,6/29/2022 21:37,21:37,15,0,0,PENA BLVD [19000 BLK] & E-470,11,3,0,1,1,4,0,0,65,0,0,0,0,0,4,2,16
,2022-27224,-105.0141494,39.74044681,7/30/2022 6:11,6:11,9,0,0,I-25 SB ENT RAMP & W COLFAX AVE,1,1,0,0,1,14,0,0,,0,0,0,0,0,1,2,16
,2022-27226,-105.0481618,39.69757979,7/21/2022 17:00,17:00,12,0,2,W TENNESSEE AVE & MORRISON RD,1,1,0,0,1,2,0,0,25,0,0,0,1,2,4,2,1
,2022-27236,-104.7913639,39.78364117,7/26/2022 7:46,7:46,12,0,0,PENA BLVD OUTBOUND [5100 BLK] & E. GREEN VALLEY RANCH RD.,1,1,0,0,1,4,0,0,65,0,0,0,0,0,4,2,7
,2022-27238,-104.9497567,39.78010339,6/25/2022 16:56,16:56,15,0,0,I-70 & N STEELE ST,1,1,0,0,1,4,0,0,,0,0,0,0,0,1,2,16
,2022-27240,-104.9161564,39.73833323,7/30/2022 22:40,22:40,3,0,0,E 14TH AVE & N KRAMERIA ST,1,3,0,0,1,1,0,0,30,0,0,0,0,0,4,2,14
,2022-27242,-104.9921632,39.68992993,7/30/2022 21:53,21:53,12,0,0,I-25 SB & W 8TH AVE,1,4,0,0,1,4,0,0,55,0,0,0,0,0,2,2,13
,2022-27245,-104.8813428,39.65380565,7/31/2022 4:10,4:10,6,0,0,9100 BLK E GIRARD AVE & S AKRON ST,1,4,0,0,1,3,0,0,,0,0,0,0,0,4,2,13
,2022-27248,-104.7412931,39.79844225,7/30/2022 23:44,23:44,15,0,0, E 56TH AVE [21200 BLK] &  N NEPAL ST,1,3,0,0,1,4,0,0,40,0,0,0,0,0,4,2,1
,2022-27251,-104.8829592,39.77728842,7/27/2022 4:32,4:32,5,0,0,I-70 WB & N CENTRAL PARK BLVD,1,4,0,0,2,13,0,0,55,0,0,0,0,0,1,1,2
,2022-27254,-105.0126877,39.75536708,7/30/2022 22:55,22:55,12,0,0,I-25 SB & N SPEER BLVD,1,3,0,0,1,4,0,0,,0,0,0,0,0,1,3,16
,2022-27256,-104.692913,39.83346182,7/26/2022 20:52,20:52,15,0,0,PENA BLVD IN BOUND & JACKSON GAP,11,3,1,1,1,4,0,0,65,0,0,0,0,0,4,2,3
,2022-27257,-104.7720774,39.81461813,7/30/2022 23:47,23:47,3,0,1,E 65TH AVE & N TOWER RD,1,3,0,0,1,3,0,0,25,0,0,0,0,2,4,2,13
,2022-27271,-104.9001364,39.7474376,7/26/2022 16:25,16:25,12,0,1,7500 BLK E MONTVIEW BLVD & N ROSEMARY ST,1,1,0,0,1,4,0,0,30,0,0,0,0,3,4,2,7
,2022-27281,-104.9113584,39.66763449,7/25/2022 15:38,15:38,12,0,0,6500 E YALE AVE & S MAGNOLIA ST,1,1,0,0,1,3,0,0,30,0,0,0,0,0,4,2,13
,2022-27284,-104.9861152,39.7432802,7/31/2022 8:10,8:10,11,0,1,E 17TH AVE & N LINCOLN ST,1,1,0,0,1,1,0,0,30,0,1,0,0,2,4,1,11
,2022-27286,-104.9887516,39.75052715,7/29/2022 11:30,11:30,11,0,1,CHAMPA ST & 20TH ST,1,1,0,0,1,4,0,0,0,1,0,0,0,2,4,1,16
,2022-27291,-104.9875281,39.7021342,7/30/2022 23:00,23:00,5,0,1,E OHIO AVE & S BROADWAY ST,1,3,0,0,2,3,0,0,30,0,0,0,1,2,4,1,1
,2022-27292,-104.9009283,39.78310264,7/5/2022 16:49,16:49,15,0,0,I-270 EB & N NORTHFIELD QUEBEC ST,1,1,0,0,1,4,0,0,55,0,0,0,0,0,1,2,16
,2022-27394,-105.0814213,39.66773287,7/25/2022 3:52,3:52,15,0,0,S WADSWORTH BLVD & W YALE AVE,1,3,1,0,1,4,0,0,45,0,0,0,0,0,2,2,16
,2022-27399,-105.05329,39.71499755,7/22/2022 10:14,10:14,12,0,0,W BAYAUD AVE & S SHERIDAN BLVD,1,1,0,0,1,1,0,0,35,0,0,0,0,0,2,2,13
,2022-27447,-104.7855121,39.79838417,7/16/2022 12:15,12:15,12,0,0,E 56TH AVE & PENA BLVD INBOUND,1,1,0,0,1,4,0,0,40,0,0,0,0,0,4,3,10
,2022-27448,-104.9753876,39.77293392,7/28/2022 19:10,19:10,12,0,0,38TH ST & BRIGHTON BVD,1,1,0,0,1,4,0,0,30,0,0,0,0,0,4,2,11
,2022-27450,-105.0251799,39.78422127,8/1/2022 8:01,8:01,12,0,0,I-70 & N FEDERAL BLVD (APPROX),1,1,0,0,1,4,0,0,55,0,0,0,0,0,1,3,13
,2022-27453,-104.979886,39.74408772,7/30/2022 18:01,18:01,3,0,1, N PEARL ST [1700 BLK] & E 17TH AVE,1,1,0,0,1,2,0,0,30,0,0,0,1,2,4,2,16
,2022-27461,-105.0532498,39.72565601,7/31/2022 7:50,7:50,1,0,0,N SHERIDAN BLVD & W 6TH AVE EB ENT / EXIT RAMPS,1,1,0,1,1,1,0,0,35,0,0,0,0,0,2,2,13
,2022-27467,-104.9303831,39.73966701,7/19/2022 18:18,18:18,15,0,0,N EUDORA ST & E 14TH AVE,1,1,0,0,1,4,0,0,25,0,0,0,0,0,4,2,13
,2022-27474,-104.7902367,39.78592292,7/31/2022 20:50,20:50,12,0,0,4700 BLK PENA BLVD OUTBOUND & GVR BLVD,1,3,0,0,1,4,0,0,65,0,0,0,0,0,4,3,3
,2022-27478,-105.0251796,39.78438167,8/1/2022 10:29,10:29,12,0,0,I-70 & N FEDERAL BLVD,1,1,0,0,1,4,0,0,55,0,0,0,0,0,1,2,3
,2022-27479,-104.9875748,39.67483674,7/31/2022 19:30,19:30,15,0,0,S BROADWAY ST & W ILIFF AVE,1,3,0,0,1,3,0,0,35,0,0,0,0,0,4,2,8
,2022-27480,-104.9128116,39.67846224,7/15/2022 9:58,9:58,3,0,2,E EVANS AVE & S MONACO ST,1,1,0,0,1,1,0,0,35,0,0,0,0,2,4,2,9
,2022-27481,-104.9960181,39.75743116,7/30/2022 8:43,8:43,5,0,1,WEWATTA ST [2100 BLK] & 21ST ST ,1,1,1,0,3,4,0,0,30,0,0,0,1,3,4,1,16
,2022-27482,-104.972129,39.74280822,7/31/2022 13:34,13:34,14,0,1,PARK AVE & N MARION ST,1,1,0,0,1,1,0,0,30,0,0,0,0,1,4,2,11
,2022-27483,-104.9791539,39.77935673,8/1/2022 8:25,8:25,12,0,0,N WASHINGTON ST & I-70 EB RAMPS,1,1,1,0,1,1,0,0,35,0,0,0,0,0,4,2,13
,2022-27484,-105.004221,39.68220507,7/30/2022 11:00,11:00,2,0,1,W JEWELL AVE [1400 BLK] & S NAVAJO ST,1,1,1,0,1,4,0,0,30,1,0,0,0,1,4,1,1
,2022-27486,-104.8846964,39.73303133,7/31/2022 15:00,15:00,3,0,0,1100 BLK N YOSEMITE ST & E 11TH AVE,1,1,0,0,1,2,0,0,30,0,0,0,0,0,4,2,11
,2022-27498,-104.9592511,39.78920137,8/1/2022 15:59,15:59,12,0,1,N YORK ST & E 51ST AVE,1,1,0,0,1,1,0,0,30,0,0,0,1,2,4,3,2
,2022-27501,-104.9964723,39.73686262,7/31/2022 11:50,11:50,3,0,1,W 13TH AVE & N SPEER BLVD,1,1,0,0,1,1,0,0,35,0,0,0,0,1,4,2,11
,2022-27504,-104.9935368,39.74434763,8/1/2022 10:50,10:50,12,0,0,600 BLK 15TH ST & CALIFORNIA ST,1,1,0,0,1,4,0,0,30,0,0,0,0,1,4,2,16
,2022-27505,-105.0061676,39.69639393,7/31/2022 10:25,10:25,6,0,0,1100 BLK S PECOS ST & W MISSISSIPPI AV,1,1,0,1,1,4,0,0,25,0,0,0,0,0,4,2,16
,2022-27506,-105.0321262,39.70768165,8/1/2022 6:59,6:59,6,0,0,3400 BLK W VIRGINIA AVE & S KNOX CT,1,1,0,1,1,4,0,0,25,0,0,0,0,0,4,2,16
,2022-27507,-105.0911169,39.61750816,7/31/2022 21:10,21:10,3,0,1,5400 BLK S WADSWORTH BLVD & W CRESTLINE AVE,1,3,0,0,1,2,0,0,45,0,0,0,1,3,2,2,1
,2022-27511,-104.8404653,39.7831748,7/31/2022 14:47,14:47,10,0,1,N TULSA CT & E 48TH AVE,1,1,0,0,1,1,0,0,,0,0,0,0,1,4,2,16
,2022-27512,-105.0015431,39.74873323,7/31/2022 15:20,15:20,15,0,0,1400 BLK BLAKE ST & 14TH ST,1,1,0,0,1,4,0,0,30,0,0,0,0,0,4,2,13
,2022-27513,-104.9265886,39.73469132,7/20/2022 5:55,5:55,6,0,0,1200 BLOCK N FOREST ST & E 13TH AVE,1,2,0,0,1,4,0,0,25,0,0,0,0,0,4,2,16
,2022-27514,-105.0437483,39.7003912,7/29/2022 17:20,17:20,3,0,1,W KENTUCKY AVE & S TENNYSON ST,11,1,0,0,1,1,0,0,,0,0,0,0,2,4,2,16
,2022-27515,-104.9594472,39.68472353,7/21/2022 18:30,18:30,12,0,0,I-25 SB & S UNIVERSITY BLVD,1,1,0,0,1,4,0,0,55,0,0,0,0,0,1,2,16
,2022-27517,-104.776836,39.79438423,7/29/2022 15:33,15:33,6,0,0, E 54TH AVE [15000 BLK] & N TOWER RD,1,1,0,0,1,4,0,0,25,0,0,0,0,0,4,2,16
,2022-27518,-104.9601706,39.72560765,7/31/2022 11:06,11:06,3,0,0,E 6TH AVE & N YORK ST,1,1,0,0,1,1,0,0,,0,0,0,0,0,4,3,16
,2022-27519,-104.9339699,39.67844568,8/1/2022 15:40,15:40,12,0,0,I-25 & COLORADO UNDERPASS,1,1,0,0,1,4,0,0,65,0,0,0,0,0,1,3,3
,2022-27521,-104.9351659,39.6806036,8/1/2022 16:01,16:01,12,0,1,I-25 NB COLLECTOR RAMP & S COLORADO BLVD,1,1,1,0,1,8,0,0,45,0,0,0,0,1,4,2,13
,2022-27522,-105.091103,39.61888131,7/30/2022 15:38,15:38,15,0,1, W WADSWORTH BLVD [5500 BLK] & W CRESTLINE AVE,1,1,0,0,1,2,0,0,40,0,0,0,1,2,2,2,7
,2022-27538,-104.9889458,39.75575657,7/29/2022 16:15,16:15,3,0,0,PARK AVE_W & LARIMER ST,1,1,0,0,1,9,0,0,30,0,0,0,0,0,4,3,6
,2022-27539,-105.0228694,39.713005,7/30/2022 19:23,19:23,6,0,0,2800 BLK W CEDAR AVE & S DECATUR ST,1,1,0,0,1,4,0,0,20,0,0,0,0,0,4,3,16
,2022-27544,-104.7467238,39.84199627,8/1/2022 17:15,17:15,15,0,0,E-470 NB ON RAMP FROM WB PENA BLVD & ENT RAMP MERGE PT,14,5,3,7,1,14,0,0,,0,0,0,0,0,2,2,16
,2022-27553,-105.016141,39.66854703,7/31/2022 12:49,12:49,6,0,0,2400 BLK W COLLEGE AVE & S ZUNI ST,1,1,1,1,1,1,0,0,25,0,0,0,0,0,4,2,13
,2022-27554,-104.9025312,39.76725892,8/1/2022 12:10,12:10,12,0,1,N QUEBEC ST & E 36TH AVE,1,1,0,0,1,4,0,0,45,0,0,0,0,2,4,2,10
,2022-27555,-105.2008269,39.67250716,7/15/2022 21:55,21:55,5,0,1,RED ROCKS TRAIL RD & ALAMEDA PKWY,1,3,1,0,2,4,0,0,,0,0,0,0,2,4,1,14
,2022-27585,-104.9918825,39.69666007,8/1/2022 17:20,17:20,15,0,0,S SANTA FE DR & W MISSISSIPPI AVE,1,1,0,0,1,1,0,0,45,0,0,0,0,0,2,2,3
,2022-27586,-104.9791539,39.77935673,8/2/2022 15:10,15:10,1,0,0,N WASHINGTON ST & I-70 EB RAMP,1,1,0,0,1,1,0,0,35,0,0,0,0,0,4,2,13
,2022-27588,-104.9036502,39.69863138,8/2/2022 5:45,5:45,12,0,0,LEETSDALE DR & S QUEBEC ST,1,2,0,0,1,4,0,1,25,0,0,0,0,0,2,3,3
,2022-27589,-104.9306694,39.71120065,7/29/2022 21:08,21:08,3,0,0, S DAHLIA ST [350 BLK] & LEETSDALE DR,1,3,0,0,1,2,0,0,45,0,0,0,0,0,2,2,1
,2022-27590,-104.9874493,39.69479882,8/1/2022 14:14,14:14,15,0,0,S BROADWAY ST & E ARIZONA AVE,1,1,0,0,1,1,0,0,35,0,0,0,0,0,4,2,11
,2022-27593,-104.6676758,39.84501822,8/2/2022 17:10,17:10,15,0,0,8220 PENA BLVD INBOUND & PENA BLVD SPLIT TO EAST WEST APPROACHES,1,1,0,0,1,4,0,0,45,0,0,0,0,0,4,2,7
,2022-27594,-105.0462706,39.72829784,7/16/2022 15:15,15:15,11,0,1, N VRAIN ST [600 BLK] & W 7TH AVE,1,1,1,0,1,4,0,0,0,0,1,0,0,3,4,1,16
,2022-27602,-104.9483682,39.73835827,8/2/2022 9:59,9:59,3,0,0,N ADAMS ST & E 14TH AVE,1,1,0,0,1,1,0,0,25,0,0,0,0,0,4,2,11
,2022-27605,-104.994816,39.76802789,8/1/2022 13:00,13:00,12,0,2,PARK AVE W & I-25,1,1,0,0,1,3,0,0,35,0,0,0,0,2,4,3,1
,2022-27606,-104.9128996,39.70297137,8/1/2022 14:15,14:15,12,0,0,LEETSDALE DR & S MONACO ST,1,1,0,0,1,1,0,0,35,0,0,0,0,0,2,2,3
,2022-27607,-104.93723,39.74138592,8/2/2022 17:24,17:24,3,0,0,E 16TH AVE & N BELLAIRE ST,1,1,0,0,1,1,0,0,,0,0,0,0,0,4,2,16
,2022-27612,-104.9874297,39.72666846,8/1/2022 11:30,11:30,15,0,0,E SPEER BLVD & N BROADWAY ST,1,1,0,0,1,1,0,0,30,0,0,0,0,0,4,2,3
,2022-27614,-105.0296539,39.72542231,8/1/2022 7:44,7:44,12,0,0,W 6TH AVE FWY & N FEDERAL BLVD,1,1,1,0,1,4,0,0,55,0,0,0,0,0,2,3,1
,2022-27615,-104.9671783,39.76324666,7/30/2022 19:00,19:00,3,0,0,E 33RD AVE & N GILPIN ST,1,3,0,0,1,1,0,0,30,0,0,0,0,0,4,2,13
,2022-27619,-104.9647208,39.76302376,7/30/2022 1:57,1:57,6,0,0,33RD AVE & 1834 E ,1,4,0,0,1,4,0,0,30,0,0,0,0,0,4,3,16
,2022-27622,-105.0181256,39.7403573,8/1/2022 23:30,23:30,5,0,0,MILE HIGH STADIUM CIR & W COLFAX AVE,1,3,0,0,3,3,0,0,25,0,0,0,0,0,4,1,16
,2022-27624,-104.912432,39.73835692,8/2/2022 18:53,18:53,12,0,0,N MONACO PKWY & E 14TH AVE,1,1,0,0,1,4,0,0,30,0,0,0,0,0,4,2,13
,2022-27636,-105.0064252,39.78313348,8/2/2022 7:26,7:26,15,0,0,I-70 & N PECOS ST,1,1,1,0,1,4,0,0,55,0,0,0,0,0,1,2,13
,2022-27638,-104.9128062,39.77402297,8/1/2022 10:30,10:30,10,0,0,E SANDOWN RD & N MONACO ST,1,1,0,0,1,1,0,0,25,0,0,0,0,0,4,2,3
,2022-27639,-104.9349657,39.68013114,8/1/2022 14:13,14:13,12,0,1,I-25 NB RAMP MERGE & S COLORADO BLVD,1,1,1,0,1,8,0,0,45,0,0,0,0,2,4,2,16
,2022-27642,-104.8987254,39.65307764,7/14/2022 11:37,11:37,11,0,1,S TAMARAC DR & E HAMPDEN AVE,1,1,0,0,1,12,0,0,0,0,1,0,0,3,2,1,16
,2022-27643,-104.7718878,39.82547824,8/1/2022 2:51,2:51,12,0,0,N TOWER RD & E 71ST AVE,1,3,0,0,1,4,0,0,40,0,0,0,0,1,4,2,3
,2022-27644,-104.7471355,39.83384058,7/24/2022 22:35,22:35,12,0,0,PENA BLVD & E-470 OVERPASS,1,3,0,0,1,1,0,1,65,0,0,0,0,0,4,2,14
,2022-27645,-105.0152051,39.72105368,8/1/2022 9:25,9:25,6,0,0,255 N YUMA ST & W 2ND AVE,1,1,0,0,1,4,0,0,,0,0,0,0,0,4,2,16
,2022-27648,-104.9594472,39.68485346,8/2/2022 9:08,9:08,12,0,0,S UNIVERSITY BLVD & I-25 UNDERPASS,1,1,0,0,1,1,0,0,55,0,0,0,0,0,1,2,3
,2022-27663,-105.00649,39.726706,7/30/2022 12:35,12:35,2,0,1, N OSAGE ST [600 BLK] & W 6TH AVE,1,1,0,0,1,4,0,0,,1,0,0,0,1,2,1,16
,2022-27670,-104.9406279,39.72094951,8/1/2022 15:30,15:30,1,0,0,N COLORADO BLVD & E 3RD AVE,1,1,0,0,1,1,0,0,35,0,0,0,0,0,2,2,3
,2022-27677,-105.0453644,39.70040568,8/1/2022 14:00,14:00,6,0,0,W KENTUCKY AVE & S UTICA ST,1,1,0,0,1,1,0,0,25,0,0,0,0,0,4,3,3
,2022-27682,-104.9919397,39.68757245,8/1/2022 6:49,6:49,10,0,0,W IOWA AVE & S SANTA FE DR,1,1,0,0,1,3,0,0,55,0,0,0,0,0,2,3,16
,2022-27684,-104.9792537,39.69413359,8/2/2022 9:01,9:01,15,0,0,I-25 & S WASHINGTON ST,1,1,0,0,1,4,0,0,60,0,0,0,0,0,1,2,13
,2022-27685,-105.0914093,39.61522866,8/2/2022 14:28,14:28,1,0,0,S WADSWORTH BLVD & W CROSS DR,1,1,0,0,1,2,0,0,45,0,0,0,0,0,2,2,11
,2022-27687,-104.7804124,39.79569731,8/2/2022 5:25,5:25,6,0,0,5300 BLK N TRUCKEE ST & E 54TH AVE,1,2,0,0,1,2,0,0,25,0,0,0,0,0,4,2,11
,2022-27688,-105.0262834,39.78027346,8/2/2022 9:40,9:40,15,0,0,3000 BLK W 46TH AVE & N GROVE ST,1,1,1,0,1,4,0,1,30,0,0,0,0,0,4,2,14
,2022-27695,-105.000558,39.7468129,7/23/2022 2:14,2:14,3,0,0, LARIMER ST [1300 BLK] & 13TH ST,1,3,0,0,1,1,0,0,,0,0,0,0,0,4,2,16
,2022-27700,-104.892865,39.7391134,7/17/2022 21:00,21:00,6,0,0,N UNITA ST & E 14TH AVE,1,2,0,0,1,4,0,0,25,0,0,0,0,0,4,2,16
,2022-27701,-104.9849244,39.76554197,7/23/2022 20:00,20:00,16,0,0,3063 N BRIGHTON BLVD & nan,1,3,0,0,5,7,0,0,,0,0,0,0,0,3,2,16
,2022-27704,-105.0201599,39.74396353,7/23/2022 23:30,23:30,15,0,0,BRYANT ST & 1700 N ,1,3,0,0,1,4,0,0,30,0,0,0,0,0,4,2,1
,2022-27705,-104.9775873,39.72933726,7/29/2022 11:13,11:13,6,0,0,N CLARKSON ST & E 8TH AVE,1,3,0,0,1,4,0,0,,0,0,0,0,0,4,2,16
,2022-27711,-104.940627,39.72733781,8/1/2022 13:55,13:55,1,0,0,N COLORADO BLVD & E 7TH AVE,1,1,0,0,1,3,0,0,35,0,0,0,0,0,2,2,7
,2022-27712,-104.9037056,39.71705946,8/1/2022 12:33,12:33,1,0,0,E LOWRY BLVD & S QUEBEC ST,1,1,0,0,1,1,0,0,30,0,0,0,0,0,4,2,3
,2022-27718,-105.0141494,39.74044681,8/1/2022 22:27,22:27,3,0,0,W COLFAX AVE & I-25 SB RAMP,1,3,3,0,1,3,0,0,45,0,0,0,0,0,2,2,3
,2022-27743,-104.6967232,39.83799841,2/12/2022 0:00,0:00,9,0,1,78TH AVE 24000 BLK  & GUN CLUB,4,3,3,2,1,2,0,0,35,0,0,0,0,1,4,1,7
,2022-27744,-105.0898589,39.63137303,2/12/2022 13:28,13:28,1,0,1,W UNION AVE  & S BALSAM WAY,11,1,3,0,1,1,0,0,25,0,0,0,0,1,4,2,14
,2022-27745,-104.771881,39.83409285,2/11/2022 21:30,21:30,12,0,0,OB PENA BLVD & TOWER RD NB RAMP,9,3,3,2,1,4,0,0,45,0,0,0,0,0,4,2,3
,2022-27747,-104.980679,39.7461813,6/15/2022 12:34,12:34,6,0,0,E 19TH AVE & N MARION ST,1,1,0,0,1,4,0,0,25,0,0,0,0,0,4,2,16
,2022-27748,-104.9863923,39.70933327,5/31/2022 16:35,16:35,3,0,0,E DAKOTA AVE & S LINCOLN ST,14,5,3,7,1,1,0,0,30,0,0,0,0,0,4,2,13
,2022-27749,-105.0251284,39.75492204,6/26/2022 22:23,22:23,12,0,0, N FEDERAL BLVD [2600 BLK] & W 26TH AVE,1,3,0,0,1,3,0,0,35,0,0,0,0,0,2,3,16
,2022-27750,-104.9718734,39.73973504,7/18/2022 0:15,0:15,8,0,0,1400 BLK N MARION ST & E COLFAX AVE,1,4,0,0,1,4,0,0,30,0,0,0,0,0,4,2,1
,2022-27752,-104.898733,39.65427539,8/3/2022 9:26,9:26,3,0,0,S TAMARAC DR & E GIRARD AVE,1,1,0,0,1,1,0,0,30,0,0,0,0,1,4,2,3
,2022-27753,-104.8814455,39.7855391,8/2/2022 14:20,14:20,15,0,0,E NORTHFIELD BLVD & N BEELER ST,1,1,0,0,1,4,0,0,35,0,0,0,0,0,4,2,16
,2022-27754,-104.9104007,39.75101173,5/17/2022 3:27,3:27,5,0,0,E 23RD AVE & N NIAGARA ST,1,3,0,0,2,4,0,0,,0,0,0,0,0,4,1,16
,2022-27755,-104.9237083,39.66757771,8/2/2022 11:00,11:00,3,0,0,S HUDSON ST & E YALE AVE,1,1,0,0,1,1,0,0,25,0,0,0,0,0,4,2,3
,2022-27756,-104.7343933,39.79842386,8/2/2022 12:54,12:54,3,0,0,E 56TH AVE & N PICADILLY RD,1,1,0,0,1,1,0,0,40,0,0,0,0,0,4,2,11
,2022-27757,-104.7669636,39.53268475,8/3/2022 17:41,17:41,12,0,0,PARKER RD & 10300 BLK S,1,1,0,0,1,4,0,0,35,0,0,0,0,0,2,2,3
,2022-27759,-104.9899349,39.72904509,6/6/2022 10:20,10:20,15,0,0,N SPEER BLVD & W 8TH AVE,1,1,0,0,1,1,0,0,30,0,0,0,0,0,4,2,16
,2022-27760,-105.0251483,39.72931358,5/22/2022 0:26,0:26,12,0,0,W 8TH AVE & N FEDERAL BLVD,1,3,0,0,1,4,0,0,35,0,0,0,0,0,4,2,16
,2022-27761,-104.8829469,39.80605751,7/5/2022 15:28,15:28,6,0,0,N CENTRAL PARK - ALTON ALY & E 60TH AVE,1,1,0,0,1,9,0,0,,0,0,0,0,0,4,2,16
,2022-27762,-104.9850966,39.75276279,8/3/2022 10:29,10:29,3,0,0,800 BLK PARK AVE W & CHAMPA,1,1,0,0,1,9,0,0,,0,0,0,0,0,4,2,16
,2022-27763,-104.8832034,39.64957312,8/2/2022 7:00,7:00,16,0,0,9025 E KENTON AVE & nan,1,1,0,0,5,7,0,0,10,0,0,0,0,0,3,2,16
,2022-27764,-105.0198694,39.75482963,7/9/2022 22:02,22:02,6,0,1,W 26TH AVE & N BRYANT ST,1,3,1,0,1,4,0,0,25,0,0,0,0,2,4,2,16
,2022-27765,-104.8320492,39.78312058,7/24/2022 14:00,14:00,14,0,0,4800 BLK N CROWN BLVD & E ANDREWS DR,1,1,0,0,1,4,0,0,25,0,0,0,0,0,4,4,3
,2022-27768,-104.9405291,39.68311149,8/3/2022 13:43,13:43,9,0,0,I-25 & S COLORADO BLVD,1,1,0,0,1,4,0,0,60,0,0,0,0,0,1,1,13
,2022-27770,-104.7155401,39.83200376,8/2/2022 19:23,19:23,15,0,0,GUN CLUB RD & 7500 N ,1,2,0,0,1,3,0,0,35,0,0,0,0,0,4,2,3
,2022-27771,-104.9450694,39.73833624,7/1/2022 18:59,18:59,10,0,1,E 14TH AVE & N MONROE ST,1,1,0,0,1,1,0,0,35,0,0,0,0,2,4,2,16
,2022-27772,-104.9894206,39.74597521,6/14/2022 12:46,12:46,6,0,0,WELTON ST & 17TH ST,1,1,0,0,1,4,0,0,,0,0,0,0,0,4,2,16
,2022-27773,-104.9728691,39.67851071,8/3/2022 15:24,15:24,12,0,0,E EVANS AVE & S DOWNING ST,1,1,0,0,1,1,0,0,35,0,0,0,0,0,4,3,13
,2022-27774,-104.9752637,39.73045031,6/28/2022 17:00,17:00,3,0,0,N OGDEN ST & E 9TH AVE,1,1,0,0,1,1,0,0,,0,0,0,0,0,4,2,16
,2022-27775,-104.8987713,39.65177306,8/3/2022 14:44,14:44,10,0,0,3500 S TAMARAC DR & E HAMPDEN AVE,1,1,0,0,1,1,0,0,30,0,0,0,0,0,4,2,11
,2022-27776,-104.8657422,39.77593789,8/2/2022 17:46,17:46,9,0,1,N HAVANA ST & I-70 HWY EB,1,1,3,0,1,4,0,0,40,0,0,0,1,3,1,1,3
,2022-27778,-104.9738452,39.73515912,6/29/2022 13:15,13:15,6,0,0,E 12TH AVE & N CORONA ST,1,1,0,0,1,4,0,0,,0,0,0,0,0,4,2,16