id,drcog_id,longitude,latitude,crashtime,time,crashtype,numbkilled,numbinjurd,drcoglocat,rdconditin,lightngcon,roadcntgrd,weatherco,location,roaddescrp,schoolzone,constrzone,splimit,bikeinv,pedinv,sctrinv,motoinv,svrty,rdsystem,ttlvehcls,hcf
,2022-27780,-104.9882269,39.74958703,8/2/2022 15:25,15:25,15,0,1,20TH ST & STOUT ST,1,1,0,0,1,1,0,0,,0,0,0,0,1,4,3,16
,2022-27781,-104.9128893,39.6917073,8/3/2022 12:01,12:01,10,0,1,1300 BLK  S MONACO ST & E CHERRY CREEK N DR,1,1,0,0,1,1,0,0,35,0,0,0,0,1,4,2,10
,2022-27782,-104.8470104,39.78238809,6/22/2022 16:05,16:05,1,0,1,N PEORIA ST & E ALBROOK DR,1,1,0,0,1,1,0,0,35,0,0,0,0,2,4,2,16
,2022-27784,-104.9959845,39.67471697,8/3/2022 9:32,9:32,6,0,0,S GALAPAGO ST & W ILIFF AVE,1,1,0,0,1,3,0,0,25,0,0,0,0,1,4,2,6
,2022-27785,-104.9395388,39.7382766,8/3/2022 12:35,12:35,12,0,0,4000 BLK E 14TH AV & N ALBION ST,1,1,0,0,1,4,0,0,30,0,0,0,0,0,4,2,11
,2022-27786,-105.0046902,39.76112566,8/2/2022 17:22,17:22,3,0,0,20TH ST & I-25,1,1,1,0,1,1,0,0,30,0,0,0,0,0,4,2,13
,2022-27787,-105.0127004,39.75514564,8/2/2022 20:59,20:59,6,0,0,I-25 & N SPEER BLVD,1,3,0,0,1,4,0,0,55,0,0,0,0,0,1,4,14
,2022-27788,-104.901528,39.77822732,8/3/2022 10:23,10:23,15,0,0,I-70 & N QUEBEC ST,1,1,0,0,1,4,0,1,55,0,0,0,0,0,1,2,10
,2022-27789,-104.9594472,39.68472353,8/2/2022 16:19,16:19,12,0,0,I-25 & S UNIVERSITY BLVD,1,1,0,0,1,4,0,0,55,0,0,0,0,0,1,3,12
,2022-27790,-104.968432,39.74712039,8/3/2022 6:43,6:43,11,0,1,N FRANKLIN ST & E 20TH AVE,1,1,0,0,1,1,0,0,20,0,1,0,0,3,4,1,13
,2022-27791,-104.9047127,39.71121083,6/29/2022 13:55,13:55,12,0,0,7100 BLK E ALAMEDA AVE & S POPLAR ST,1,1,0,0,1,4,0,0,,0,0,0,0,0,4,2,16
,2022-27792,-104.9107983,39.64011768,8/2/2022 13:24,13:24,15,0,0,I-25 & I-225 NB RAMP,1,1,0,0,1,4,0,0,,0,0,0,0,0,1,2,16
,2022-27793,-105.0165222,39.7513218,8/3/2022 9:29,9:29,15,0,0,I-25 & W 23RD AVE,1,1,1,0,1,4,0,0,55,0,0,0,0,0,1,2,11
,2022-27794,-104.9480217,39.711006,8/2/2022 12:00,12:00,12,0,0,E CHERRY CREEK S DR & E ALAMEDA AVE,1,1,0,0,1,1,0,0,30,0,0,0,0,0,4,2,3
,2022-27795,-105.0532518,39.78993374,6/14/2022 11:30,11:30,15,0,0, N SHERIDAN BLVD [5100 BLK] & W 51ST AVE,1,1,1,0,1,4,0,0,35,0,0,0,0,0,2,2,1
,2022-27796,-105.0131182,39.72551753,8/1/2022 16:51,16:51,15,0,0,I-25 & W 6TH AVE,1,1,0,0,1,4,0,0,55,0,0,0,0,0,1,2,10
,2022-27797,-104.8470297,39.77400525,8/3/2022 12:04,12:04,15,0,0,I-70 & N PEORIA ST,1,1,1,0,1,8,0,0,55,0,0,0,0,0,1,2,3
,2022-27798,-105.0157047,39.71112533,8/3/2022 12:54,12:54,15,0,0,W ALAMEDA AVE & S ZUNI ST,1,1,0,0,1,4,0,0,35,0,0,0,0,0,2,3,3
,2022-27799,-105.0531908,39.68229294,7/25/2022 19:20,19:20,1,0,1,S SHERIDAN BLVD & W JEWELL AVE,1,1,1,0,1,1,0,0,35,0,0,0,1,3,2,2,14
,2022-27802,-105.0217146,39.72939824,6/22/2022 13:33,13:33,6,0,0, N DECATUR ST [800 BLK] & W 8TH AVE,1,1,0,0,1,4,0,0,30,0,0,0,0,0,4,2,16
,2022-27803,-104.9409972,39.72560018,8/2/2022 21:43,21:43,12,0,0,E 6TH AVE & N COLORADO BLVD,1,3,1,0,1,1,0,0,30,0,0,0,0,0,4,2,2
,2022-27804,-104.9827227,39.69742292,8/2/2022 17:12,17:12,12,0,0,I-25 & S LOGAN ST,1,1,0,0,1,4,0,0,55,0,0,0,0,0,1,2,3
,2022-27811,-105.0367586,39.67730027,7/28/2022 22:02,22:02,6,0,0,2000 BLK S NEWTON ST & W EVANS AVE,1,3,0,0,1,4,0,0,25,0,0,0,0,0,4,3,16
,2022-27814,-104.904989,39.7782196,5/17/2022 6:55,6:55,15,0,0,I-70 EB & N QUEBEC ST,1,1,0,0,1,4,0,0,,0,0,0,0,0,1,2,16
,2022-27815,-105.011427,39.72561249,7/25/2022 20:41,20:41,12,0,1,W 6TH AVE FWY & I-25,1,3,0,0,1,4,0,0,55,0,0,0,0,2,2,2,16
,2022-27818,-104.9906732,39.74232939,7/19/2022 17:01,17:01,6,0,0,TREMONT PL & 15TH ST,1,2,0,0,1,3,0,0,25,0,0,0,0,0,4,2,16
,2022-27819,-104.8934378,39.63552877,7/18/2022 2:11,2:11,12,0,0,I-225 NB & S TAMARAC ST,1,3,0,0,1,4,0,0,65,0,0,0,0,0,1,2,16
,2022-27820,-104.866133,39.66751451,8/2/2022 15:51,15:51,1,0,0,S HAVANA ST & E YALE AVE,1,1,0,0,1,1,0,0,35,0,0,0,0,0,4,2,13
,2022-27822,-105.044006,39.75850026,7/5/2022 19:37,19:37,5,0,1,W 29TH AVE & N TENNYSON ST,1,1,1,0,2,4,0,0,35,0,0,0,0,3,4,1,16
,2022-27823,-104.9835794,39.7400415,7/1/2022 2:36,2:36,3,0,0,E COLFAX AVE & N GRANT ST,1,3,0,0,1,1,0,0,,0,0,0,0,0,2,2,16
,2022-27832,-104.9017452,39.62377074,8/1/2022 10:53,10:53,12,0,2,I-25 & E BELLEVIEW AVE,1,1,0,0,1,4,0,0,65,0,0,0,0,2,1,3,16
,2022-27833,-104.8918795,39.78586251,8/2/2022 11:46,11:46,6,0,0,N VALENTIA ST & E NORTHFIELD BLVD,1,1,0,0,1,4,0,0,25,0,0,0,0,0,4,2,1
,2022-27836,-104.9518099,39.74015636,5/16/2022 7:49,7:49,6,0,0,N MILWAUKEE ST & E COLFAX AVE,1,1,0,0,1,4,0,0,,0,0,0,0,0,2,2,16
,2022-27838,-104.9668764,39.74000135,8/3/2022 19:56,19:56,12,0,0,1700 BLK E COLFAX AVE & N GILPIN ST,1,1,0,0,1,4,0,0,35,0,0,0,0,0,2,2,16
,2022-27843,-105.0346169,39.73630176,7/9/2022 4:20,4:20,6,0,0,N LOWELL BLVD & W 13TH AVE,1,4,1,0,1,4,0,0,25,0,0,0,0,0,4,3,16
,2022-27847,-105.0236245,39.7405855,7/16/2022 1:28,1:28,5,0,0,W COLFAX AVE & I-25 SB,1,3,0,0,3,4,0,0,40,0,0,0,0,0,2,1,16
,2022-27848,-105.0131182,39.72551753,8/1/2022 12:06,12:06,12,0,0,I-25 & W 6TH AVE,1,1,0,1,1,4,0,0,55,0,0,0,0,0,1,2,10
,2022-27850,-104.941248,39.6784401,6/27/2022 9:18,9:18,15,0,0,3900 BLK E EVANS AVE & S COLORADO BLVD,1,1,0,0,1,12,0,0,35,0,0,0,0,0,4,2,16
,2022-27858,-105.0251694,39.72571654,8/3/2022 6:11,6:11,1,0,2,N FEDERAL BLVD & W 6TH AVE WB ON RAMP,1,1,0,0,1,1,0,0,40,0,0,0,0,1,2,2,7
,2022-27860,-104.8523742,39.77446763,7/26/2022 5:32,5:32,15,0,0,I-70 EB & N PEORIA ST,1,2,0,0,1,13,0,0,65,0,0,0,0,0,1,2,13
,2022-27864,-105.0042189,39.76213523,6/19/2022 22:20,22:20,12,0,0,I-25 SB EXIT RAMP & 20TH ST ,1,3,1,0,1,14,0,0,35,0,0,0,0,0,4,2,13
,2022-27865,-104.9407778,39.72953331,8/2/2022 15:50,15:50,16,0,0,819 N COLORADO BLVD & E 8TH AVE,1,1,0,0,5,7,0,0,,0,0,0,0,0,3,2,16
,2022-27866,-104.9636644,39.72910497,8/2/2022 8:00,8:00,10,0,0,N RACE ST & E 8TH AVE,1,1,0,0,1,1,0,0,25,0,0,0,0,0,4,2,3
,2022-27868,-105.0532474,39.76905979,7/28/2022 13:57,13:57,5,0,2, N SHERIDAN BLVD [3700 BLK] & W 38TH AVE,1,1,0,0,2,2,0,0,30,0,0,0,0,1,2,2,16
,2022-27869,-104.8987254,39.65307764,6/20/2022 10:00,10:00,1,0,0,E HAMPDEN AVE & S TAMARAC DR,1,1,0,0,1,1,0,0,,0,0,0,0,0,2,2,16
,2022-27870,-104.9835163,39.78139153,6/25/2022 0:00,0:00,6,0,0,4600 BLK N GRANT ST & W 47TH AVE,1,3,0,0,1,4,0,0,,0,0,0,0,0,4,2,16
,2022-27878,-104.8827886,39.77412064,6/24/2022 22:27,22:27,12,0,0,N CENTRAL PARK BLVD & E 40TH AVE,1,3,0,0,1,3,0,0,,0,0,0,0,0,4,2,16
,2022-27934,-104.9942724,39.75433534,8/3/2022 16:10,16:10,10,0,0,BLAKE ST & 20TH ST,1,1,0,7,1,1,0,0,35,0,0,0,0,0,4,2,11
,2022-27937,-104.9875325,39.70145192,8/3/2022 15:58,15:58,9,0,1,I-25 & S BROADWAY ST,1,1,1,0,1,4,0,0,55,0,0,0,1,2,1,1,1
,2022-27940,-105.0064366,39.78384061,8/4/2022 17:10,17:10,3,0,0,N PECOS ST & W 48TH AVE,1,1,0,0,1,1,0,0,15,0,0,0,0,1,4,2,1
,2022-27941,-104.994772,39.70506054,8/4/2022 11:15,11:15,15,0,0,I-25 NB OFF RAMP COLLECTOR SPLIT & S SANTA FE DR,1,1,0,0,1,11,0,0,45,0,0,0,0,0,1,2,16
,2022-27945,-104.9787401,39.74063466,7/17/2022 7:59,7:59,16,0,0,1566 N WASHINGTON ST & nan,1,1,0,0,5,7,0,0,,0,0,0,0,0,3,1,13
,2022-27947,-104.9406296,39.67827613,8/4/2022 10:40,10:40,3,0,0,S COLORADO BLVD & E EVANS AVE,1,1,0,0,1,1,0,0,35,0,0,0,0,0,2,2,16
,2022-27948,-104.9891814,39.7801983,8/3/2022 17:29,17:29,12,0,0,I-25 NB OFF RAMP & I-70 ,1,1,0,0,1,8,0,0,55,0,0,0,0,0,1,2,7
,2022-27949,-104.9050124,39.630051,8/3/2022 0:00,,12,0,0,I-25 & E UNION AVE,1,1,0,0,1,4,0,0,60,0,0,0,0,0,1,2,13
,2022-27959,-105.025025,39.68949151,8/4/2022 7:53,7:53,12,0,0,W FLORIDA AVE & S FEDERAL BLVD,1,1,0,0,1,4,0,0,30,0,0,0,0,0,4,2,3
,2022-27962,-104.8830668,39.78572865,8/4/2022 9:10,9:10,3,0,0,E NORTHFIELD BLVD & N CENTRAL PARK BLVD,1,1,0,0,1,1,0,0,35,0,0,0,0,0,4,2,13
,2022-27963,-104.9040497,39.62834893,8/3/2022 15:48,15:48,15,0,0,I-25 & E UNION AVE,1,1,0,0,1,1,0,0,,0,0,0,0,0,1,2,16
,2022-27964,-104.8417024,39.78058134,8/4/2022 11:30,11:30,3,0,0,E ALBROOK DR & N TULSA CT,1,1,0,0,1,1,0,0,30,0,0,0,0,1,4,2,16
,2022-27967,-104.9833906,39.7352691,8/4/2022 14:15,14:15,6,0,0,E 12TH AVE & N GRANT ST,1,1,0,0,1,4,0,0,25,0,0,0,0,0,4,2,11
,2022-27970,-104.9672265,39.74081356,8/3/2022 18:43,18:43,5,0,0,COLFAX AVE & 1700 E,1,1,0,0,2,2,0,0,35,0,0,0,0,0,4,1,14
,2022-27972,-104.7719489,39.82189543,8/4/2022 7:17,7:17,3,0,0,E 69TH AVE &  N TOWER RD,1,1,0,0,1,1,0,0,35,0,0,0,0,0,4,2,13
,2022-27976,-104.9733879,39.69664565,7/30/2022 18:24,18:24,6,0,0,S DOWNING ST & E MISSISSIPPI AVE,1,1,0,0,1,4,0,0,30,0,0,0,0,1,4,2,1
,2022-27978,-104.9861323,39.74000582,8/3/2022 16:25,16:25,11,0,1,E COLFAX AVE & N LINCOLN ST,1,1,0,0,1,1,0,0,0,0,1,0,0,1,2,1,16
,2022-27979,-104.9709926,39.76075108,8/1/2022 9:39,9:39,6,0,1,E 31ST AVE & N LAFAYETTE ST,1,1,0,0,1,4,0,0,35,0,0,0,0,1,4,4,9
,2022-27981,-104.9128996,39.70297137,8/4/2022 18:55,18:55,15,0,0,S MONACO ST & LEETSDALE DR,1,1,0,0,1,1,0,0,35,0,0,0,0,0,2,2,13
,2022-27985,-104.8703132,39.77601777,8/4/2022 17:30,17:30,12,0,1,I-70 & N HAVANA ST,1,1,0,0,1,4,0,0,55,0,0,0,0,2,1,3,1
,2022-27986,-104.9991195,39.71120695,8/4/2022 9:30,9:30,3,0,1,W ALAMEDA AVE & I-25 SB RAMP,1,1,0,0,1,1,0,0,35,0,0,0,0,1,2,2,16
,2022-27987,-104.7721185,39.80738037,8/5/2022 12:15,12:15,12,0,1,E 61ST AVE & N TOWER RD,1,1,0,0,1,1,0,0,45,0,0,0,0,2,4,2,16
,2022-27988,-105.0940217,39.62681856,7/7/2022 18:22,18:22,6,0,0,4800 BLK S DUDLEY ST & S BALSAM WAY,1,1,0,0,1,4,0,0,25,0,0,0,0,0,4,4,16
,2022-27991,-104.8928951,39.71131933,8/5/2022 7:40,7:40,12,0,1,ALAMEDA AVE & 8600 BLK E ,1,1,0,0,1,2,0,0,40,0,0,0,0,2,4,3,16
,2022-27992,-104.9200023,39.76183903,8/5/2022 4:12,4:12,5,0,1,E MLK BLVD & N IVY ST,1,3,0,0,6,3,0,0,35,0,0,0,0,2,4,1,16
,2022-27993,-104.8756594,39.65301956,8/3/2022 17:45,17:45,1,0,0,E HAMPDEN AVE & S DAYTON ST,1,1,0,0,1,1,0,0,40,0,0,0,0,0,2,2,3
,2022-27995,-104.9874912,39.70125953,8/4/2022 7:27,7:27,3,0,0,800 BLK S BROADWAY ST & 800 BLK S,1,1,0,0,1,1,0,0,35,0,0,0,0,0,1,2,16
,2022-27997,-105.0532212,39.73309346,8/4/2022 17:35,17:35,3,0,0,N SHERIDAN BLVD & W 10TH AVE,1,1,0,0,1,1,0,0,35,0,0,0,0,0,2,4,1
,2022-27999,-104.9647764,39.72909719,8/4/2022 7:36,7:36,12,0,0,1900 BLK E 8TH AVE & N HIGH ST,1,1,0,0,1,4,0,0,30,0,0,0,0,0,4,3,8
,2022-28003,-104.7904699,39.78363776,8/4/2022 16:10,16:10,12,0,0,E GVR BLVD & PENA BLVD,1,3,1,0,1,14,0,0,45,0,0,0,0,0,4,2,7
,2022-28004,-104.9222757,39.74372352,8/4/2022 11:47,11:47,3,0,0,N HOLLY ST & E 17TH AVE,1,1,0,0,1,1,0,0,25,0,0,0,0,0,4,2,16
,2022-28007,-105.0033455,39.74846118,8/5/2022 12:16,12:16,3,0,0,AURARIA PKWY & N SPEER BLVD,1,1,0,0,1,1,0,0,30,0,0,0,0,0,4,2,13
,2022-28012,-104.8677998,39.7990259,7/1/2022 20:36,20:36,12,0,1,E 56TH AVE & E 56TH AVE,1,3,0,0,1,1,0,0,40,0,0,0,0,1,4,3,1
,2022-28016,-105.0033455,39.74846118,8/4/2022 14:38,14:38,11,0,1,AURARIA PKWY & N SPEER BLVD,1,1,0,0,1,3,0,0,35,0,1,0,0,1,4,1,11
,2022-28017,-104.9272673,39.66748185,8/4/2022 16:43,16:43,10,0,0,E YALE AVE & S GLENCOE ST,1,1,0,0,1,1,0,0,30,0,0,0,0,0,4,2,13
,2022-28019,-104.9406248,39.7292275,8/3/2022 13:30,13:30,12,0,0,800 BLK N COLORADO BLVD & E 8TH AVE,1,1,0,0,1,3,0,0,30,0,0,0,0,0,2,2,14
,2022-28020,-104.9596613,39.68750571,8/4/2022 8:45,8:45,15,0,0,2300 BLK E IOWA AVE & S UNIVERSITY BLVD,1,1,0,0,1,4,0,0,25,0,0,0,0,0,4,2,13
,2022-28022,-104.8098979,39.77504886,8/4/2022 19:49,19:49,1,0,0,N CHAMBERS RD & E ANDREWS DR,1,1,0,0,1,1,0,0,40,0,0,0,0,0,4,2,16
,2022-28023,-105.0044129,39.76090017,8/3/2022 17:33,17:33,15,0,0,I-25 & 20TH ST,1,3,0,0,1,4,0,0,55,0,0,0,0,0,1,2,13
,2022-28025,-104.9670454,39.77989217,8/4/2022 9:41,9:41,12,0,0,I-70 & N BRIGHTON BLVD,1,1,1,0,1,4,0,0,55,0,0,0,0,0,1,2,13
,2022-28026,-105.0147042,39.72900897,8/4/2022 5:14,5:14,15,0,0,I-25 & W 6TH AVE ,1,3,2,0,1,4,0,0,55,0,0,0,0,0,1,2,7
,2022-28027,-104.9593442,39.6911481,8/3/2022 15:00,15:00,3,0,0,E ARKANSAS AVE & S UNIVERSITY BLVD,1,1,0,0,1,1,0,0,,0,0,0,0,0,4,2,16
,2022-28028,-104.9406123,39.74007432,8/4/2022 0:20,0:20,12,0,0,N COLORADO BLVD & E COLFAX AVE,1,3,0,0,1,1,0,0,,0,0,0,0,0,2,2,16
,2022-28029,-104.93723,39.74138592,8/4/2022 15:29,15:29,8,0,0,E 16TH AVE & N BELLAIRE ST,1,1,0,0,1,1,0,0,25,0,0,0,0,0,4,2,13
,2022-28030,-105.0001762,39.72892467,7/19/2022 18:30,18:30,15,0,0,W 8TH AVE & N KALAMATH ST,1,1,0,0,1,1,0,0,35,0,0,0,0,0,4,2,13
,2022-28037,-105.0145923,39.72607435,8/4/2022 2:31,2:31,5,0,0,I-25 & W 6TH AVE ,1,3,0,0,3,8,0,0,30,0,0,0,0,0,1,1,11
,2022-28040,-104.9593916,39.67663128,8/3/2022 11:15,11:15,12,0,0,S UNIVERSITY BLVD & E WARREN AVE,1,1,0,0,1,1,0,0,30,0,0,0,0,0,4,2,3
,2022-28041,-104.9971408,39.711194,8/3/2022 12:00,12:00,12,0,0,W ALAMEDA AVE (NOT CDOT) & S SANTA FE DR (NOT CDOT),1,1,0,0,1,1,0,0,35,0,0,0,0,0,4,2,3
,2022-28042,-104.8846515,39.74158943,8/4/2022 20:25,20:25,6,0,0,N YOSEMITE ST & E 16TH AVE,1,3,0,0,1,4,0,0,30,0,0,0,0,0,4,2,14
,2022-28043,-105.0346014,39.77581825,7/14/2022 17:36,17:36,1,0,1,4200 BLK N LOWELL BLVD & W 44TH AVE,1,1,1,0,1,2,0,0,30,0,0,0,1,3,4,2,1
,2022-28051,-105.0251668,39.76383639,7/2/2022 2:28,2:28,5,0,3,N FEDERAL BLVD & W 34TH AVE,1,3,0,0,3,3,0,0,35,0,0,0,0,3,2,1,16
,2022-28054,-105.0399543,39.70615555,7/29/2022 21:02,21:02,5,0,0,4000 BLK MORRISON RD & S PERRY ST,1,3,0,0,3,4,0,0,30,0,0,0,0,0,4,1,3
,2022-28055,-104.9037983,39.75221098,8/5/2022 12:47,12:47,3,0,0,E 24TH AVE & N QUEBEC ST,1,1,0,0,1,1,0,0,25,0,0,0,0,0,4,2,11
,2022-28056,-104.987415,39.7528936,8/4/2022 17:00,17:00,3,0,0,CURTIS ST & N BROADWAY ST,1,1,0,7,1,1,0,0,30,0,0,0,0,0,4,2,11
,2022-28059,-104.8658663,39.75884744,8/4/2022 22:16,22:16,10,0,1,E 29TH DR & N HAVANA ST,1,3,0,0,1,1,0,0,35,0,0,0,0,1,4,2,1
,2022-28060,-104.973146,39.71653666,8/4/2022 15:49,15:49,3,0,0,DOWNING ST & E ELLSWORTH AVE,1,1,0,0,1,1,0,0,25,0,0,0,0,0,4,2,13
,2022-28062,-104.8470222,39.7740046,8/4/2022 6:25,6:25,12,0,0,I-70 & N PEORIA ST (APPROX),1,1,1,0,1,4,0,0,55,0,0,0,0,0,1,2,13
,2022-28063,-104.903436,39.71125142,8/5/2022 13:53,13:53,12,0,0,E ALAMEDA AVE & S QUEBEC ST,1,1,0,0,1,3,0,0,35,0,0,0,0,0,4,2,10
,2022-28064,-104.7623633,39.83396431,8/4/2022 22:08,22:08,12,0,1,PENA BLVD & TOWER ROAD,1,3,0,0,1,4,0,0,65,0,0,0,0,2,4,3,7
,2022-28066,-104.98508,39.76542126,8/5/2022 10:13,10:13,12,0,0,3000 BLK N BRIGHTON BLVD & 31ST ST / N BRIGHTON BLVD,1,1,0,0,1,4,0,0,30,0,0,0,0,0,4,2,16
,2022-28067,-104.9744963,39.7795809,6/7/2022 21:05,21:05,15,0,0,I-70 EB & WASHINGTON ST ENT RAMP [GORE PT],1,3,3,0,1,14,0,0,,0,0,0,0,0,1,2,16
,2022-28068,-104.966859,39.67848228,8/5/2022 12:50,12:50,6,0,0,1700 BLK E EVANS AVE & E GILPIN AVE,1,5,0,7,1,4,0,0,,0,0,0,0,0,4,2,16
,2022-28069,-104.9035386,39.687377,8/5/2022 9:03,9:03,3,0,1,S QUEBEC ST & E IOWA AVE,1,1,0,0,1,1,0,0,35,0,0,0,0,1,4,2,13
,2022-28071,-104.9105728,39.76182255,8/4/2022 17:55,17:55,2,0,1,E MLK BLVD & N NIAGARA ST,1,1,0,0,1,1,0,0,35,1,0,0,0,1,4,1,11
,2022-28077,-104.9734246,39.68981364,7/1/2022 17:00,17:00,15,0,0,I-25 SB & S DOWNING ST,1,1,3,7,1,4,0,0,55,0,0,0,0,0,1,2,13
,2022-28078,-104.9875028,39.68898809,7/2/2022 2:20,2:20,6,0,0,1500 BLK S BROADWAY ST & E FLORIDA AVE,1,3,0,1,1,4,0,0,30,0,0,0,0,0,4,2,16
,2022-28080,-104.9128996,39.70297137,8/5/2022 5:40,5:40,3,0,0,LEETSDALE DR & S MONACO ST,1,2,1,0,1,1,0,0,35,0,0,0,0,0,2,2,3
,2022-28082,-104.3213869,39.73835503,8/3/2022 13:00,13:00,14,0,0,COLFAX AVE & MONROE ST,1,1,0,0,1,1,0,0,35,0,0,0,0,0,2,2,11
,2022-28083,-105.0000592,39.74004799,8/4/2022 17:13,17:13,1,0,1,W COLFAX AVE & N KALAMATH ST,1,1,0,0,1,1,0,0,25,0,0,0,0,1,2,2,13
,2022-28084,-104.9469489,39.67837833,8/5/2022 9:16,9:16,12,0,0,3400 BLK E EVANS AVE & S COOK ST,1,1,0,0,1,4,0,0,30,0,0,0,0,0,4,2,2
,2022-28085,-105.0361107,39.71815559,8/4/2022 17:52,17:52,5,0,0,W 1ST AVE & N MEADE ST,1,1,0,0,3,1,0,0,30,0,0,0,0,0,4,3,1
,2022-28086,-104.9861232,39.7352747,8/4/2022 12:20,12:20,15,0,0,N LINCOLN ST & E 12TH AVE,1,1,0,0,1,1,0,0,25,0,0,0,0,0,4,2,14
,2022-28087,-104.972979,39.73337983,7/1/2022 14:00,14:00,6,0,0,N DOWNING ST & E 11TH AVE,1,1,0,0,1,4,0,0,,0,0,0,0,0,4,2,16
,2022-28094,-105.0294217,39.68402142,8/6/2022 8:00,8:00,6,0,0,W BAILS PL & S IRVING ST,1,1,0,0,1,4,0,0,,0,0,0,0,0,4,2,16
,2022-28095,-104.8891795,39.6444562,8/5/2022 13:30,13:30,9,0,1,8500 BLK E MANSFIELD AVE & WABASH ST,1,1,0,0,1,4,0,0,30,0,0,0,1,1,4,1,13
,2022-28096,-105.0121091,39.72025622,7/24/2022 14:00,14:00,6,0,0, N UMATILLA / N TEJON ST ALLEY [800 BLK] & W 8TH AVE,1,1,0,0,1,9,0,0,,0,0,0,0,0,4,2,13
,2022-28097,-105.0657973,39.61682607,8/5/2022 14:08,14:08,5,0,0,S JAY CIR & W GRANT RANCH BLVD,1,1,0,0,3,4,0,0,30,0,0,0,0,0,4,1,2
,2022-28098,-104.8708044,39.67475846,8/5/2022 23:48,23:48,3,0,1,S PARKER RD & E ILIFF AVE,1,4,0,0,1,1,0,0,45,0,0,0,0,2,4,3,3
,2022-28109,-104.8470106,39.78231942,8/6/2022 15:48,15:48,15,0,0,4600 BLK N PEORIA ST & E 47TH AVE,11,1,0,1,1,3,0,0,35,0,0,0,0,0,4,2,16
,2022-28112,-104.9534639,39.76446478,8/5/2022 22:04,22:04,6,0,0,E BRUCE RANDOLPH AVE & N FILLMORE ST,1,3,0,0,1,4,0,0,40,0,0,0,0,1,4,2,14
,2022-28114,-104.9628998,39.68027064,8/6/2022 12:39,12:39,6,0,1,2000 BLK E ASBURY AVE & S PENNSYLVANIA ST,1,1,0,0,1,4,0,0,,0,0,0,0,2,4,2,16
,2022-28115,-105.0253916,39.69311308,8/6/2022 9:47,9:47,3,0,0,3100 BLK W LOUISIANA AVE & S FEDERAL BLVD,1,1,0,0,1,2,0,0,,0,0,0,0,0,4,2,11
,2022-28116,-104.9013981,39.62377418,8/5/2022 17:45,17:45,12,0,0,I-25 & E BELLEVIEW AVE,1,1,0,0,1,4,0,0,65,0,0,0,0,0,1,3,13
,2022-28124,-105.0532807,39.71839029,8/6/2022 9:56,9:56,1,0,0,N SHERIDAN BLVD & W 1ST AVE,1,1,0,0,1,1,0,0,40,0,0,0,0,0,2,2,7
,2022-28126,-104.8470297,39.77400525,8/6/2022 2:21,2:21,15,0,0,I-70 & N PEORIA ST,1,3,1,0,1,8,0,0,55,0,0,0,0,0,1,2,16
,2022-28131,-104.8940569,39.73562201,7/17/2022 3:21,3:21,3,0,0,E 12TH AVE & N ULSTER ST,1,3,0,0,1,2,0,0,20,0,0,0,0,0,3,3,13
,2022-28134,-105.0468097,39.72580523,8/5/2022 21:14,21:14,5,0,1,6TH AVE & 4600 BLK W ,1,4,0,0,2,4,0,0,55,0,0,0,0,2,2,1,13
,2022-28136,-104.9593917,39.67672739,8/6/2022 8:46,8:46,12,0,0,S UNIVERSITY BLVD & E WARREN AVE,1,1,1,0,1,4,0,0,35,0,0,0,0,0,4,2,3
,2022-28137,-105.0250817,39.70765614,8/6/2022 0:56,0:56,12,0,0,S FEDERAL BLVD & W VIRGINIA AVE,1,3,0,0,1,3,0,0,35,0,0,0,0,0,2,2,1
,2022-28143,-104.9162781,39.64734309,8/5/2022 21:55,21:55,6,0,0,3700 BLK S HILLCREST DR & S JASMINE ST,1,4,0,0,1,4,0,0,30,0,0,0,0,0,4,2,14
,2022-28144,-104.7904699,39.78363776,8/5/2022 20:49,20:49,1,0,0,PENA BLVD INBOUND & E GVR BLVD,1,3,0,0,1,1,0,0,45,0,0,0,0,0,4,2,13
,2022-28145,-104.7112005,39.83809312,8/5/2022 22:50,22:50,12,0,0,78TH AVE & 23790 E ,1,3,0,0,1,4,0,0,45,0,0,0,0,0,4,2,11
,2022-28149,-104.9035429,39.72041741,8/6/2022 13:29,13:29,12,0,0,200 BLK N QUEBEC ST & E 2ND AVE,1,1,0,0,1,4,0,0,30,0,0,0,0,0,4,2,7
,2022-28153,-104.9902834,39.74186282,8/3/2022 7:32,7:32,2,0,1,15TH ST. & COURT PL,1,1,0,0,1,2,0,0,20,1,0,0,0,2,4,1,11
,2022-28155,-105.0252213,39.78746464,8/5/2022 9:40,9:40,2,0,1,N FEDERAL BLVD & W 50TH AVE,1,1,0,0,1,1,0,0,0,1,0,0,0,2,2,1,16
,2022-28162,-105.0250599,39.66854361,7/10/2022 15:34,15:34,5,0,0,S FEDERAL BLVD & W COLLEGE AVE,1,1,0,0,3,4,0,0,40,0,0,0,0,0,2,1,16
,2022-28163,-104.9791463,39.7797555,8/4/2022 17:33,17:33,12,0,0,I-70 & N WASHINGTON ST,1,1,0,0,1,4,0,0,55,0,0,0,0,0,1,2,16
,2022-28164,-104.9361617,39.73648022,8/5/2022 13:45,13:45,2,0,1,E 13TH AVE & N BIRCH ST,1,1,3,0,1,3,0,0,0,1,0,0,0,2,4,1,16
,2022-28165,-105.0041318,39.76322763,8/4/2022 2:11,2:11,6,0,1,N NAVAJO ST & W 33RD AVE,1,3,0,0,1,4,0,0,25,0,0,0,0,2,4,2,16