id,drcog_id,longitude,latitude,crashtime,time,crashtype,numbkilled,numbinjurd,drcoglocat,rdconditin,lightngcon,roadcntgrd,weatherco,location,roaddescrp,schoolzone,constrzone,splimit,bikeinv,pedinv,sctrinv,motoinv,svrty,rdsystem,ttlvehcls,hcf
,2022-28226,-104.8335463,39.77276789,8/7/2022 15:10,15:10,14,0,0,I-70 & I-225,1,1,0,0,1,8,0,0,55,0,0,0,0,0,1,5,1
,2022-28232,-104.7905734,39.77282797,8/6/2022 23:00,23:00,12,0,0,4500 PENA BLVD & 40TH AVE,1,3,0,0,1,4,0,0,65,0,0,0,0,0,4,2,14
,2022-28276,-104.970766,39.76696926,8/7/2022 6:57,6:57,6,0,0,E 36TH AVE & N LAFAYETTE ST,1,1,0,0,1,4,0,0,35,0,0,0,0,0,4,2,16
,2022-28285,-104.9034019,39.7773717,8/6/2022 18:59,18:59,12,0,2,N QUEBEC ST & I-70 EB RAMPS,1,1,0,0,1,3,0,0,35,0,0,0,0,2,2,2,14
,2022-28303,-104.7744698,39.78178424,8/7/2022 12:23,12:23,8,0,0,N YAMPA ST & E 47TH AVE,1,1,0,0,1,1,0,0,30,0,0,0,0,0,4,2,11
,2022-28307,-104.7155396,39.83201434,8/6/2022 5:10,5:10,10,0,0,E 75TH AVE & GUN CLUB ROAD,1,3,0,0,1,1,0,0,45,0,0,0,0,0,4,2,8
,2022-28378,-105.0231705,39.72530748,8/8/2022 15:49,15:49,12,0,0,W 6TH AVE FWY EB OFF RAMP & N FEDERAL BLVD,1,1,1,0,1,8,0,0,55,0,0,0,0,0,2,3,3
,2022-28380,-105.0141494,39.74044681,8/7/2022 22:05,22:05,5,0,0,I-25 SB ON RAMP & W COLFAX AVE,11,3,1,0,2,8,0,0,25,0,0,0,0,0,1,1,13
,2022-28405,-104.9405044,39.78002872,8/4/2022 12:45,12:45,15,0,0,I-70 & N COLORADO BLVD,1,1,0,0,1,4,0,0,55,0,0,0,0,0,1,2,13
,2022-28415,-105.0129522,39.72533177,8/5/2022 7:35,7:35,12,0,0,I-25 & W 6TH AVE ,1,1,1,0,1,14,0,0,55,0,0,0,0,0,1,2,16
,2022-28416,-105.0062733,39.71118378,8/8/2022 10:27,10:27,12,0,0,W ALAMEDA AVE & S PECOS ST,1,1,0,0,1,1,0,0,30,0,0,0,0,0,2,2,3
,2022-28420,-105.0177599,39.74054256,7/1/2022 8:53,8:53,12,0,1,W COLFAX AVE & I-25 SB EXIT RAMP,1,1,0,0,1,1,0,0,35,0,0,0,0,3,2,2,16
,2022-28422,-105.0251411,39.66503878,8/7/2022 20:10,20:10,12,0,0,S FEDERAL BLVD & W AMHEREST AVE,1,3,0,0,1,1,0,0,35,0,0,0,0,0,2,2,13
,2022-28423,-104.973395,39.71193284,8/8/2022 3:35,3:35,6,0,1,200 BLK S DOWNING ST & E ALAMEDA AVE,1,3,0,0,1,4,0,0,30,0,0,0,0,2,4,3,16
,2022-28425,-105.0532399,39.76660462,8/7/2022 21:50,21:50,11,0,1,N SHERIDAN BLVD & W 36TH AVE,11,4,0,1,1,1,0,0,0,0,1,0,0,2,2,1,16
,2022-28427,-104.9773062,39.77439977,8/7/2022 22:50,22:50,11,0,1,2000 BLK 38TH ST & CHESTNUT PL,11,3,1,0,1,4,0,0,0,0,1,0,0,2,4,1,16
,2022-28457,-104.9647688,39.73871175,8/5/2022 15:15,15:15,6,0,0,N HIGH ST & E 14TH AVE,1,1,0,0,1,4,0,0,,0,0,0,0,0,4,2,16
,2022-28459,-104.9873894,39.75638817,8/6/2022 14:30,14:30,3,0,0,N BROADWAY & 24TH ST,1,1,0,0,1,1,0,0,25,0,0,0,0,0,4,2,11
,2022-28461,-105.0112021,39.76928677,8/8/2022 0:33,0:33,3,0,1,W 38TH AVE & N TEJON ST,1,3,0,0,1,1,0,0,35,0,0,0,0,2,4,2,14
,2022-28470,-104.9597771,39.73838925,8/8/2022 3:49,3:49,3,0,0,E 14TH AVE & N YORK ST,1,3,0,0,1,1,0,0,30,0,0,0,0,0,4,2,14
,2022-28472,-104.882959,39.77713978,8/8/2022 9:30,9:30,12,0,0,I-70 & N CENTRAL PARK BLVD (APPROX),1,1,0,0,1,4,0,0,55,0,0,0,0,0,1,2,16
,2022-28473,-105.0288025,39.67824809,8/8/2022 13:30,13:30,12,0,0,W EVANS AVE & S HOOKER WAY,1,1,0,0,1,1,0,0,25,0,0,0,0,0,4,3,1
,2022-28480,-104.9567145,39.74160056,8/8/2022 8:00,8:00,12,0,0,1600 BLK N ESPLANADE PKWY & E 16TH AVE,1,1,0,0,1,4,0,0,20,0,0,0,0,0,4,2,10
,2022-28481,-105.013335,39.70172867,8/8/2022 2:36,2:36,6,0,0,800 BLK S VALLEJO ST & W OHIO AVE,1,3,0,0,1,4,0,0,25,0,0,0,0,0,4,5,16
,2022-28482,-105.0527399,39.72565452,8/8/2022 6:27,6:27,12,0,1,6TH AVE EB ON SLIP RAMP MERGE PT & N SHERIDAN BLVD,1,1,1,0,1,14,0,0,40,0,0,0,0,1,4,2,3
,2022-28483,-104.9067647,39.7838083,8/7/2022 16:44,16:44,6,0,0,7000 BLK E 48TH AVE & N. OLIVE ST,1,1,0,0,1,4,0,0,,0,0,0,0,0,4,2,16
,2022-28484,-105.0397161,39.72157845,8/7/2022 12:35,12:35,12,0,0,300 BLK N PERRY ST & W. 3RD AVE,1,1,1,0,1,4,0,0,30,0,0,0,0,0,4,2,11
,2022-28486,-104.9405044,39.78002872,8/8/2022 8:05,8:05,12,0,0,I-70 & N COLORADO BLVD,1,1,0,0,1,13,0,0,55,0,0,0,0,0,1,2,16
,2022-28487,-104.9262606,39.66861362,8/4/2022 12:46,12:46,12,0,1,I-25 & E YALE AVE,1,1,0,0,1,4,0,0,55,0,0,0,0,1,1,2,10
,2022-28491,-104.9047722,39.72021601,8/6/2022 11:56,11:56,5,0,0,E 2ND AVE & N POPLAR ST,1,1,0,0,2,3,0,0,20,0,0,0,0,0,4,1,16
,2022-28495,-104.7721146,39.78369349,8/7/2022 22:34,22:34,15,0,2,E GVR BLVD & N TOWER RD,11,3,0,0,1,1,0,0,40,0,0,0,0,2,4,2,13
,2022-28496,-104.9799331,39.77950499,8/6/2022 1:22,1:22,15,0,1,I-70 & N WASHINGTON ST,1,3,0,0,1,4,0,0,55,0,0,0,0,1,1,2,16
,2022-28497,-105.0530765,39.65315397,8/6/2022 18:48,18:48,12,0,0,S SHERIDAN BLVD & W HAMPDEN AVE (APPROX),1,1,0,0,1,1,0,0,35,0,0,0,0,0,2,2,13
,2022-28498,-104.9950429,39.76568371,7/22/2022 23:45,23:45,12,0,0,PARK AVE WEST & GLOBEVILLE RD,1,3,1,0,1,4,0,0,35,0,0,0,0,1,4,3,8
,2022-28500,-104.9767099,39.73686861,8/6/2022 13:05,13:05,15,0,1,E 13TH AVE & N EMMERSON ST,1,1,0,0,1,4,0,0,30,0,0,0,0,1,4,2,11
,2022-28503,-105.0139596,39.74044224,8/4/2022 17:05,17:05,12,0,0,I-25 & W COLFAX AVE,1,1,1,0,1,4,0,0,55,0,0,0,0,0,1,2,10
,2022-28504,-105.0052726,39.7334573,8/6/2022 2:00,2:00,6,0,0,1000 BLK N OSAGE ST & W. 11TH AVE,1,4,0,0,1,4,0,0,,0,0,0,0,0,4,2,16
,2022-28505,-104.9837443,39.7517132,8/8/2022 18:15,18:15,3,0,0,PARK AVE W & CALIFORNIA ST,1,1,3,0,1,1,0,0,,0,0,0,0,0,4,2,11
,2022-28508,-104.9792596,39.75386119,8/8/2022 13:47,13:47,5,0,0,2600 WELTON ST & 26TH ST,1,1,0,0,3,1,0,0,30,0,0,0,0,0,4,1,8
,2022-28510,-104.99889,39.71119349,8/5/2022 9:43,9:43,15,0,0,I-25 & W ALAMEDA AVE,1,1,0,0,1,4,0,0,55,0,0,0,0,0,1,2,13
,2022-28512,-104.7905734,39.77282797,8/7/2022 19:26,19:26,3,0,5,E 40TH AVE & SB PENA BLVD,1,1,0,0,1,1,0,0,40,0,0,0,0,2,4,2,14
,2022-28513,-104.9497575,39.77996339,8/5/2022 16:24,16:24,12,0,0,I-70 & N STEELE ST,1,1,0,0,1,4,0,0,55,0,0,0,0,0,1,2,13
,2022-28515,-105.0141494,39.74044681,8/5/2022 13:50,13:50,12,0,0,I-25 & W COLFAX AVE,1,1,0,0,1,4,0,0,55,0,0,0,0,0,1,4,13
,2022-28524,-104.9589308,39.7801724,8/8/2022 17:27,17:27,15,0,0,WB I-70 & N VASQUEZ BLVD,1,1,0,0,1,14,0,0,55,0,0,0,0,0,1,2,13
,2022-28527,-105.0064461,39.78027638,8/8/2022 13:30,13:30,14,0,0,4600 BLK N PECOS ST & 46TH AVE,1,1,0,0,1,4,0,0,30,0,0,0,0,1,4,2,12
,2022-28528,-105.0251499,39.73388427,8/9/2022 11:46,11:46,3,0,0,W 11TH AVE & N FEDERAL BLVD,1,1,0,0,1,1,0,0,25,0,0,0,0,0,2,2,13
,2022-28530,-104.8657287,39.77562189,8/9/2022 13:31,13:31,5,0,0,I-70 & N HAVANA ST,1,1,0,0,2,4,0,1,55,0,0,0,0,0,1,2,1
,2022-28531,-105.0321307,39.65423367,8/9/2022 11:14,11:14,12,0,0,S KNOX CT & W HAMILTON AVE,1,1,0,0,1,1,0,0,30,0,0,0,0,1,4,2,10
,2022-28532,-104.9034569,39.74021648,8/8/2022 18:40,18:40,3,0,1,N QUEBEC ST & E COLFAX AVE,1,1,0,0,1,1,0,0,35,0,0,0,0,1,2,4,3
,2022-28536,-104.8548458,39.78237187,8/8/2022 7:15,7:15,6,0,0,N MOLINE ST & E 47TH AVE,1,1,0,0,1,1,0,0,25,0,0,0,0,0,4,2,11
,2022-28537,-104.9933177,39.67845081,8/8/2022 16:00,16:00,15,0,0,W EVANS AVE & S SANTA FE DR,1,1,0,0,1,1,0,0,30,0,0,0,0,0,4,2,3
,2022-28538,-104.8477143,39.79826391,8/8/2022 18:16,18:16,12,0,0,E 56TH AVE & N PEORIA ST,1,1,0,0,1,4,0,0,40,0,0,0,0,0,4,3,7
,2022-28540,-104.9734138,39.69313632,8/9/2022 6:27,6:27,10,0,0,1200 BLK S DOWNING ST & E LOUISIANA AVE,1,1,0,0,1,12,0,0,30,0,0,0,0,0,4,2,10
,2022-28541,-104.7998399,39.78379191,8/8/2022 12:15,12:15,1,0,0,E GVR BLVD & PRIVATE RD,1,1,0,0,1,1,0,0,40,0,0,0,0,0,4,2,11
,2022-28542,-104.9874079,39.74619274,8/8/2022 17:45,17:45,12,0,0,N BROADWAY ST & E 19TH AVE,1,1,0,0,1,1,0,0,35,0,0,0,0,0,4,2,14
,2022-28544,-104.986247,39.71656133,8/8/2022 17:00,17:00,10,0,0,S LINCOLN ST & E ELLSWORTH AVE,1,1,0,0,1,1,0,0,30,0,0,0,0,0,4,2,8
,2022-28545,-105.053213,39.73831893,8/9/2022 13:15,13:15,12,0,0,1300 BLK N SHERIDAN BLVD & W 14TH AVE,1,1,1,0,1,3,0,0,35,0,0,0,0,0,2,2,1
,2022-28551,-105.0148299,39.72932162,8/9/2022 9:59,9:59,12,0,0,I-25 & W 8TH AVE,1,1,0,0,1,4,0,0,55,0,0,0,0,0,1,2,16
,2022-28552,-104.9145885,39.70386156,8/8/2022 14:09,14:09,3,0,0,LEETSDALE DR & E EXPOSITION AVE,1,1,0,0,1,1,0,0,45,0,0,0,0,0,2,2,1
,2022-28553,-105.0148299,39.72932162,8/9/2022 12:45,12:45,12,0,1,I-25 & W 8TH AVE,1,1,0,0,1,4,0,0,55,0,0,0,0,1,1,2,16
,2022-28554,-104.9861177,39.74488996,8/9/2022 13:36,13:36,3,0,0,N LINCOLN ST & E 18TH AVE,1,1,1,0,1,1,0,0,30,0,0,0,0,0,4,2,8
,2022-28560,-104.9593596,39.70386391,8/8/2022 13:00,13:00,12,0,0,S UNIVERSITY BLVD & E EXPOSITION AVE,1,1,0,0,1,1,0,0,30,0,0,0,0,0,4,2,3
,2022-28561,-104.9593902,39.67121455,8/8/2022 10:30,10:30,15,0,0,S UNIVERSITY BLVD & E HARVARD AVE,1,1,0,0,1,1,0,0,30,0,0,0,0,0,4,2,3
,2022-28562,-105.0132198,39.72567281,8/9/2022 8:30,8:30,12,0,0,I-25 & W 6TH AVE,1,1,1,0,1,4,0,0,55,0,0,0,0,0,1,2,3
,2022-28563,-105.0139596,39.74044224,8/9/2022 14:43,14:43,12,0,1,I-25 & W COLFAX AVE,1,1,0,0,1,4,0,0,55,0,0,0,0,1,1,2,3
,2022-28564,-104.9439742,39.73676661,8/9/2022 9:58,9:58,11,0,1,N GARFIELD ST & E 13TH AVE,1,1,0,0,1,1,0,0,0,0,1,0,0,2,4,1,16
,2022-28565,-104.9721087,39.76560469,8/8/2022 12:10,12:10,6,0,0,3500 BLK N MARION ST & E 35TH AVE,1,1,0,0,1,4,0,0,25,0,0,0,0,1,4,3,10
,2022-28566,-104.9935151,39.73386651,8/4/2022 19:31,19:31,3,0,2,W 11TH AVE & N SPEER BLVD,1,1,0,0,1,1,0,0,25,0,0,0,0,2,4,3,9
,2022-28567,-104.9593596,39.70386391,8/8/2022 15:12,15:12,12,0,0,S UNIVERSITY BLVD & E EXPOSITION AVE,1,1,0,0,1,1,0,0,30,0,0,0,0,0,4,2,3
,2022-28569,-104.9316165,39.67846341,8/8/2022 18:15,18:15,12,0,0,E EVANS AVE & S DAHLIA ST,1,1,0,0,1,1,0,0,30,0,0,0,0,0,4,2,3
,2022-28571,-104.9070813,39.63428695,8/8/2022 8:55,8:55,15,0,0,I-25 EB FLYOVER & I-225,1,1,0,0,1,3,0,0,65,0,0,0,0,0,1,2,16
,2022-28572,-104.8470276,39.77864968,8/8/2022 11:25,11:25,10,0,0,N PEORIA ST & E 45TH AVE,1,1,0,0,1,2,0,0,35,0,0,0,0,0,4,2,13
,2022-28575,-104.9511935,39.76446351,8/9/2022 7:55,7:55,3,0,0,N ST PAUL ST & E BRUCE RANDOLPH AVE,1,1,0,0,1,1,0,0,25,0,0,0,0,0,4,2,11
,2022-28588,-104.9873902,39.74000829,8/8/2022 15:11,15:11,2,0,1,N BROADWAY ST & E COLFAX AVE,1,1,0,0,1,1,0,0,0,1,0,0,0,1,2,1,16
,2022-28589,-104.9798808,39.73687829,8/8/2022 12:00,12:00,6,0,0,500 BLK E 13TH AVE & N PEARL ST,1,1,0,0,1,4,0,0,,0,0,0,0,0,4,2,16
,2022-28590,-104.9835816,39.73204096,8/7/2022 19:00,19:00,3,0,0,E 10TH AVE & N GRANT ST,11,2,0,1,1,9,0,0,,0,0,0,0,0,4,2,1
,2022-28592,-104.7913699,39.78364119,8/8/2022 14:15,14:15,12,0,0,PENA BLVD OUTBOUND & E GVR BLVD,1,1,1,0,1,4,0,0,35,0,0,0,0,0,4,2,11
,2022-28593,-104.9771999,39.74000044,8/8/2022 14:20,14:20,12,0,0,800 BLK  E COLFAX AVE & N. CLARKSON ST.,1,1,0,0,1,4,0,0,30,0,0,0,0,0,2,2,13
,2022-28594,-104.9733789,39.70386198,8/9/2022 10:14,10:14,10,0,0,S DOWNING ST & E EXPOSITION AVE,1,1,0,0,1,1,0,0,30,0,0,0,0,0,4,2,14
,2022-28595,-104.7721181,39.80584433,8/8/2022 20:02,20:02,15,0,0,N TOWER RD & E 60TH AVE,1,3,0,0,1,4,0,0,45,0,0,0,0,0,4,2,13
,2022-28596,-105.0131182,39.72551753,8/9/2022 14:42,14:42,12,0,0,I-25 & W 6TH AVE,1,1,0,0,1,4,0,0,65,0,0,0,0,0,1,2,13
,2022-28597,-105.0250293,39.67676549,8/8/2022 15:08,15:08,5,0,0,W WARREN AVE & S FEDERAL BLVD,1,1,0,0,3,1,0,0,25,0,0,0,0,0,2,2,8
,2022-28598,-104.882959,39.77713978,8/9/2022 15:44,15:44,12,0,0,I-70 & N CENTRAL PARK BLVD,1,1,0,0,1,4,0,0,55,0,0,0,0,0,1,2,16
,2022-28601,-104.9405105,39.77287971,8/9/2022 15:59,15:59,2,0,1,E 40TH AVE & N COLORADO BLVD,1,1,0,0,1,1,0,1,0,1,0,0,0,2,2,1,16
,2022-28603,-104.9308367,39.7601759,8/7/2022 20:50,20:50,6,0,0,4800 BLK E 30TH AVE & N. EUDORA ST,11,4,0,1,1,4,0,0,25,0,0,0,0,0,4,2,2
,2022-28605,-104.884698,39.6570513,8/8/2022 16:27,16:27,3,0,0,S YOSEMITE ST & E EASTMAN PL,1,1,0,0,1,1,0,0,35,0,0,0,0,0,4,2,13
,2022-28606,-104.9408267,39.73830142,8/8/2022 14:50,14:50,15,0,0,E 14TH AVE & N COLORADO BLVD,1,1,0,0,1,4,0,0,,0,0,0,0,0,4,2,16
,2022-28607,-105.0067948,39.7831365,8/9/2022 19:10,19:10,12,0,1,I-70 & N PECOS ST,1,1,0,0,1,4,0,0,55,0,0,0,1,3,1,2,13
,2022-28612,-104.9864688,39.7482416,8/8/2022 15:15,15:15,3,0,0,20TH ST & WELTON ST,1,1,0,0,1,1,0,0,35,0,0,0,0,0,4,2,8
,2022-28621,-104.9791539,39.77935673,8/9/2022 8:10,8:10,15,0,0,I-70 & N WASHINGTON ST,1,1,1,0,1,4,0,0,55,0,0,0,0,0,1,2,2
,2022-28622,-104.8858672,39.73403646,8/9/2022 12:00,12:00,6,0,0,1100 BLK N XENIA ST & E RICHTHOFEN PL,1,1,0,0,1,4,0,0,25,0,0,0,0,0,4,2,16
,2022-28623,-104.9522055,39.71803017,8/8/2022 9:18,9:18,12,0,0,N MILWAUKEE ST & E 1ST AVE,1,1,0,0,1,3,0,0,35,0,0,0,0,0,4,3,16
,2022-28630,-104.9182703,39.73833256,8/7/2022 20:30,20:30,6,0,0,E 14TH AVE & N JASMINE ST,11,3,0,1,1,4,0,0,35,0,0,0,0,0,4,2,16
,2022-28632,-105.0251303,39.72554639,8/9/2022 7:50,7:50,12,0,0,W 6TH AVE EB ON RAMP & N FEDERAL BLVD,1,1,1,0,1,8,0,0,45,0,0,0,0,0,2,2,2
,2022-28633,-104.9835794,39.7400415,8/9/2022 10:09,10:09,3,0,0,E COLFAX AVE & N GRANT ST,1,1,3,7,1,1,0,0,30,0,0,0,0,0,2,2,16
,2022-28634,-104.7861993,39.79838527,8/5/2022 13:40,13:40,12,0,0,E 56TH AVE & PENA BLVD INBOUND,1,1,0,0,1,4,0,0,40,0,0,0,0,0,4,3,3
,2022-28635,-104.9840144,39.71114573,8/9/2022 13:52,13:52,1,0,0,E ALAMEDA AVE & S GRANT ST,1,1,0,0,1,1,0,0,30,0,0,0,0,1,4,2,2
,2022-28652,-104.980087,39.78185016,8/9/2022 8:20,8:20,3,0,0,N PEARL ST & E 47TH AVE,1,1,0,0,1,1,0,0,25,0,0,0,0,1,4,2,11
,2022-28692,-104.9850138,39.73044636,7/12/2022 17:57,17:57,6,0,0,100 BLK E 9TH AVE & N SHERMAN ST,1,1,0,0,1,4,0,0,,0,0,0,0,0,4,2,16
,2022-28693,-104.8905205,39.76001325,7/25/2022 21:10,21:10,3,0,0,E MLK BLVD & N CENTRAL PARK BLVD,1,3,0,0,1,1,0,0,30,0,0,0,0,0,4,2,11
,2022-28694,-104.9709051,39.7432406,8/3/2022 4:50,4:50,3,0,0,N LAFAYETTE ST & E 17TH AVE,1,2,0,0,1,1,0,0,35,0,0,0,0,0,4,2,14
,2022-28695,-104.9591717,39.74346213,8/10/2022 10:50,10:50,15,0,2,E 17TH AVE & N JOSEPHINE ST,1,1,0,0,1,1,0,0,30,0,0,0,0,3,4,2,8
,2022-28696,-104.8098979,39.77504886,8/10/2022 13:15,13:15,1,0,0,N CHAMBERS RD & E ANDREWS DR,1,1,0,0,1,1,0,0,35,0,0,0,0,0,4,2,11
,2022-28697,-104.9416701,39.79090622,7/30/2022 12:03,12:03,15,0,0,N VASQUEZ BLVD & E 52ND AVE,1,1,0,0,1,1,0,0,55,0,0,0,0,0,2,2,9
,2022-28699,-104.8952628,39.62932934,8/9/2022 13:00,13:00,12,0,0,S ULSTER ST & E UNION AVE,1,1,0,0,1,1,0,0,25,0,0,0,0,0,4,2,3
,2022-28700,-104.9255518,39.67846991,8/9/2022 7:44,7:44,12,0,0,E EVANS AVE & S GRAPE ST,1,1,0,0,1,3,0,0,35,0,0,0,0,1,4,3,16
,2022-28701,-104.9894919,39.75803898,8/10/2022 17:50,17:50,3,0,1,24TH ST & BLAKE ST,1,1,0,0,1,1,0,0,25,0,0,0,1,2,4,2,11
,2022-28702,-104.8928592,39.74198,6/16/2022 6:42,6:42,3,0,0,E 16TH AVE & N UINTA ST,1,1,0,0,1,1,0,0,25,0,0,0,0,0,4,2,1
,2022-28703,-105.0052346,39.74014355,8/9/2022 16:22,16:22,3,0,3,W COLFAX AVE & N OSAGE ST,1,1,1,0,1,1,0,0,30,0,0,0,0,2,2,2,8
,2022-28704,-105.0251796,39.78438167,8/9/2022 14:30,14:30,1,0,0,N FEDERAL BLVD & I-70 WB RAMP,1,1,1,0,1,1,0,0,35,0,0,0,0,0,2,2,11
,2022-28705,-104.7435735,39.83381223,8/9/2022 22:30,22:30,15,0,0,7000 BLK PENA BLVD & E-470,1,3,0,0,1,4,0,0,65,0,0,0,0,0,4,3,14
,2022-28712,-104.7745543,39.78010367,8/10/2022 11:18,11:18,3,0,2,E 46TH AVE & N YAMPA ST,1,1,0,0,1,1,0,0,30,0,0,0,0,2,4,2,3
,2022-28713,-104.9418368,39.72910092,8/10/2022 12:09,12:09,10,0,0,E 8TH AVE & N HARRISON ST,1,1,0,0,1,1,0,0,30,0,0,0,0,0,4,2,16
,2022-28721,-104.9755713,39.74000329,8/10/2022 13:00,13:00,15,0,0,E COLFAX AVE & N OGDEN ST,1,1,0,0,1,4,0,0,35,0,0,0,0,0,2,2,11
,2022-28723,-105.0508649,39.70958854,8/10/2022 13:25,13:25,3,0,0,W DAKOTA AVE & S YATES ST,1,1,0,0,1,1,0,0,25,0,0,0,0,1,4,2,3
,2022-28725,-105.0507969,39.66752355,7/31/2022 8:06,8:06,6,0,0,2700 BLK S ZENOBIA ST & W YALE AVE,1,1,1,1,1,4,0,0,25,0,0,0,0,0,4,2,16
,2022-28726,-104.9406162,39.7366912,8/10/2022 5:27,5:27,3,0,0,N COLORADO BLVD & E 13TH AVE,1,1,0,0,1,1,0,0,35,0,0,0,0,0,2,2,14
,2022-28729,-105.0043198,39.76094363,8/10/2022 12:00,12:00,12,0,0,I-25 & 20TH ST,1,1,0,0,1,4,0,0,55,0,0,0,0,0,1,2,13
,2022-28730,-104.9779958,39.7256161,8/9/2022 19:16,19:16,3,0,0,E 6TH AVE & N CLARKSON ST,1,2,0,0,1,2,0,0,30,0,0,0,0,0,4,2,13
,2022-28732,-104.9153404,39.65315785,8/10/2022 8:56,8:56,3,0,1,E HAMPDEN AVE & S LOCUST ST,1,1,0,0,1,1,0,0,40,0,0,0,0,1,2,2,16
,2022-28733,-105.0545448,39.7345035,8/9/2022 18:00,18:00,6,0,0,W 11TH AVE & N AMES ST,1,1,1,0,1,4,0,0,25,0,0,0,0,0,4,2,16
,2022-28734,-105.0052302,39.7393035,8/9/2022 15:29,15:29,10,0,0,1400 BLK N OSAGE ST & W COLFAX AVE,1,1,0,0,1,4,0,0,30,0,0,0,0,0,4,2,11
,2022-28735,-104.9899582,39.67847882,8/10/2022 13:57,13:57,3,0,1,S BANNOCK ST & W EVANS AVE,1,1,0,0,1,1,0,0,30,0,0,0,0,2,4,2,11
,2022-28736,-104.772117,39.81268193,7/30/2022 11:21,11:21,12,0,0,N TOWER RD & E 64TH AVE,1,1,0,0,1,4,0,0,40,0,0,0,0,0,4,2,9
,2022-28737,-105.0126877,39.75536708,8/10/2022 8:20,8:20,12,0,0,I-25 & N SPEER BLVD,1,1,0,0,1,4,0,0,55,0,0,0,0,0,1,2,16
,2022-28738,-104.8800296,39.7770355,8/9/2022 15:14,15:14,15,0,1,I-70 & I-270,1,1,0,0,1,4,0,1,55,0,0,0,0,1,1,2,13
,2022-28739,-104.7343999,39.79680143,7/28/2022 21:00,21:00,1,0,0,N PICADILLY RD & E MAXWELL PL,1,3,0,0,1,1,0,0,,0,0,0,0,0,4,2,16
,2022-28740,-105.0126877,39.75536708,8/9/2022 14:25,14:25,12,0,0,I-25 & N SPEER BLVD,1,1,0,0,1,13,0,0,55,0,0,0,0,0,1,2,13
,2022-28741,-105.0251647,39.66051127,8/9/2022 21:34,21:34,9,0,0,3000 BLK S FEDERAL BLVD & W DARTMOUTH AVE,1,3,0,0,1,4,0,1,40,0,0,0,0,0,2,1,11
,2022-28742,-104.9516938,39.73836491,8/10/2022 9:47,9:47,10,0,0,E 14TH AVE & N MILWAUKEE ST,1,1,0,0,1,1,0,0,25,0,0,0,0,1,4,2,16
,2022-28746,-105.0064272,39.78325678,7/25/2022 6:30,6:30,15,0,0,N PECOS ST & I-70 WB,1,1,0,0,1,6,0,0,20,0,0,0,0,0,4,2,1
,2022-28748,-104.9833355,39.76280133,8/6/2022 1:00,1:00,6,0,0,2900 BLAKE ST & 2900 BLK ,1,3,1,0,3,3,0,0,30,0,0,0,0,0,4,3,16
,2022-28753,-104.9258838,39.66756894,7/31/2022 0:20,0:20,12,0,0,E YALE AVE & I-25,1,3,0,0,1,1,0,0,35,0,0,0,0,0,4,2,16
,2022-28756,-104.9930867,39.74585857,8/8/2022 14:00,14:00,15,0,0,STOUT ST & 16TH ST,1,1,0,0,1,3,0,0,,0,0,0,0,0,4,2,16
,2022-28757,-104.9497575,39.77996339,8/10/2022 6:40,6:40,12,0,0,I-70 & N STEELE ST (APPROX),1,1,0,0,1,4,0,0,55,0,0,0,0,0,1,2,16
,2022-28759,-104.9863923,39.70933327,8/9/2022 17:30,17:30,3,0,0,S LINCOLN ST & E DAKOTA AVE,1,1,0,0,1,1,0,0,25,0,0,0,0,0,4,3,3
,2022-28761,-104.9595866,39.71818916,8/9/2022 11:12,11:12,12,0,0,E 1ST AVE & N UNIVERSITY BLVD,1,1,0,0,1,3,0,0,35,0,0,0,0,0,4,3,16
,2022-28762,-104.98886,39.72909018,8/10/2022 0:01,0:01,3,0,0,W 8TH AVE & N ACOMA ST,1,3,0,0,1,1,0,0,30,0,0,0,0,0,4,2,13
,2022-28763,-104.9753259,39.74000371,8/9/2022 20:55,20:55,12,0,0,E COLFAX AVE & N OGDEN ST,1,3,0,0,1,1,0,0,,0,0,0,0,0,2,2,16
,2022-28764,-105.0141488,39.7404468,8/9/2022 19:05,19:05,12,0,1,W COLFAX AVE & I-25,1,1,0,0,1,3,0,0,40,0,0,0,0,2,2,2,16
,2022-28765,-104.9900948,39.74544707,8/10/2022 16:10,16:10,10,0,0,E 17TH ST & WELTON ST,1,1,0,0,1,1,0,0,30,0,0,0,0,0,4,2,8
,2022-28766,-105.0532265,39.68206116,8/10/2022 7:55,7:55,15,0,0,1900 BLK S SHERIDAN BLVD & W JEWELL AVE,1,1,1,0,1,4,0,0,35,0,0,0,0,0,2,2,11
,2022-28769,-105.0043198,39.76094363,8/9/2022 14:12,14:12,12,0,1,I-25 & 20TH ST,1,1,0,0,1,4,0,0,55,0,0,0,0,1,1,2,13
,2022-28773,-105.0250779,39.709412,8/5/2022 17:10,17:10,12,0,0,400 BLK S FEDERAL BLVD & W DAKOTA AVE,1,1,0,0,1,3,0,0,,0,0,0,0,0,2,2,16
,2022-28774,-104.8470297,39.77400525,8/10/2022 9:35,9:35,15,0,1,I-70 & N PEORIA ST (APPROX),1,1,0,0,1,4,0,0,55,0,0,0,0,1,1,2,11
,2022-28777,-105.0299249,39.71109348,8/5/2022 23:36,23:36,8,0,0,3150 BLK W ALAMEDA AVE & S IRVING ST,1,3,0,0,1,4,0,0,35,0,0,0,0,0,4,2,16
,2022-28780,-104.9145885,39.70386156,7/11/2022 16:51,16:51,12,0,0,LEETSDALE DR & E EXPOSITION AVE,1,1,0,0,1,3,0,0,,0,0,0,0,0,2,3,16