id,drcog_id,longitude,latitude,crashtime,time,crashtype,numbkilled,numbinjurd,drcoglocat,rdconditin,lightngcon,roadcntgrd,weatherco,location,roaddescrp,schoolzone,constrzone,splimit,bikeinv,pedinv,sctrinv,motoinv,svrty,rdsystem,ttlvehcls,hcf
,2022-28781,-104.9320819,39.74019798,8/9/2022 10:30,10:30,3,0,0,E COLFAX AVE & N DAHLIA ST,1,1,3,0,1,1,0,0,25,0,0,0,0,0,2,2,16
,2022-28782,-104.9891611,39.78003347,8/9/2022 22:33,22:33,15,0,1,I-25 & I-70 (APPROX),1,3,1,0,1,14,0,0,55,0,0,0,0,1,1,2,14
,2022-28784,-104.9792537,39.69413359,8/9/2022 16:23,16:23,12,0,1,I-25 & S WASHINGTON ST,1,1,0,0,1,4,0,0,60,0,0,0,0,2,1,2,13
,2022-28785,-104.6929169,39.83633352,8/9/2022 11:09,11:09,12,0,0,7700 BLK N JACKSON GAP ST & PENA BLVD OUTBOUND OFF RAMP,1,1,0,0,1,3,0,0,35,0,0,0,0,0,4,2,11
,2022-28786,-104.9848463,39.7438349,8/10/2022 11:00,11:00,6,0,0,N SHERMAN ST & E 17TH AVE,1,1,0,0,1,4,0,0,30,0,0,0,0,0,4,2,13
,2022-28787,-105.0041323,39.76329628,8/7/2022 16:00,16:00,6,0,0,N NAVAJO ST & W 33RD AVE,1,1,0,0,1,4,0,0,25,0,0,0,0,0,4,2,1
,2022-28789,-104.9594472,39.68472353,8/10/2022 7:40,7:40,12,0,0,I-25 & S UNIVERSITY BLVD,1,1,0,0,1,4,0,0,55,0,0,0,0,0,1,2,10
,2022-28790,-104.9919397,39.68757244,8/10/2022 14:07,14:07,1,0,1,S SANTA FE DR & W IOWA AVE,1,1,0,0,1,1,0,0,45,0,0,0,0,3,2,3,13
,2022-28791,-104.9786998,39.73515179,8/9/2022 9:15,9:15,3,0,0,E 12TH AVE & N WASHINGTON ST,1,1,0,0,1,1,0,0,25,0,0,0,0,0,4,2,3
,2022-28793,-104.9246363,39.78115612,8/9/2022 13:36,13:36,10,0,0,E 47TH AVE & N GRAPE ST,1,1,0,0,1,1,0,0,25,0,0,0,0,0,4,2,16
,2022-28794,-104.9862383,39.71835466,8/9/2022 14:00,14:00,12,0,0,N LINCOLN ST & E 1ST AVE,1,1,0,0,1,1,0,0,30,0,0,0,0,0,4,2,3
,2022-28795,-105.0532762,39.78404156,8/10/2022 9:35,9:35,12,0,0,4800 BLK N SHERIDAN BLVD & W 48TH AVE,1,1,1,0,1,3,0,0,35,0,0,0,0,0,2,2,3
,2022-28796,-105.0064094,39.67872307,7/23/2022 2:43,2:43,6,0,0,2000 BLK S PECOS ST & W EVANS AVE,1,3,0,0,1,4,0,0,25,0,0,0,0,0,4,2,16
,2022-28797,-104.999203,39.71120855,8/4/2022 13:30,13:30,3,0,0,W ALAMEDA AVE & I-25,1,1,0,0,1,1,0,0,35,0,0,0,0,0,2,2,16
,2022-28798,-104.9970014,39.75261044,7/22/2022 23:35,23:35,15,0,0,1500 BLK 18TH ST & BLAKE ST,1,3,0,0,1,4,0,0,25,0,0,0,0,0,4,2,16
,2022-28799,-104.9875255,39.71478006,8/8/2022 16:00,16:00,6,0,0,S BROADWAY ST & W BAYAUD AVE,1,1,0,0,1,1,0,0,25,0,0,0,0,0,4,2,16
,2022-28803,-104.7902334,39.78594256,5/18/2022 9:43,9:43,12,0,0,5000 BLK PENA BLVD OUTBOUND & N GREEN VALLEY RANCH BLVD,1,1,0,0,1,4,0,0,65,0,0,0,0,0,4,3,16
,2022-28806,-105.0052801,39.76328051,7/29/2022 20:37,20:37,6,0,0,N OSAGE ST & W 33RD AVE,1,3,0,0,3,4,0,0,35,0,0,0,0,0,4,2,16
,2022-28807,-104.9883051,39.75524153,6/17/2022 18:09,18:09,12,0,0,1200 BLOCK PARK AVEW & LAWRENCE ST,1,1,0,0,1,4,0,0,30,0,0,0,0,0,4,3,16
,2022-28810,-104.9776096,39.73686652,7/31/2022 0:30,0:30,14,0,0,E 13TH AVE & N CLARKSON ST,1,4,0,0,1,4,0,0,30,0,0,0,0,0,4,2,16
,2022-28811,-104.9647192,39.76199398,8/10/2022 18:11,18:11,2,0,1,E MLK BLVD & N HIGH ST,1,1,0,0,1,1,0,0,0,1,0,0,0,2,4,1,16
,2022-28812,-104.990956,39.75541993,7/22/2022 23:40,23:40,15,0,0,22ND ST & MARKET ST,1,3,0,0,1,4,0,0,,0,0,0,0,0,4,3,16
,2022-28813,-104.9372864,39.73827944,8/4/2022 15:34,15:34,10,0,0,E 14TH AVE & N BELLAIRE ST,1,1,0,0,1,1,0,0,30,0,0,0,0,0,4,2,1
,2022-28814,-104.9862361,39.71937384,7/25/2022 8:30,8:30,5,0,1,E 2ND AVE & N LINCOLN ST,1,1,0,0,3,4,0,0,35,0,0,0,0,1,4,1,1
,2022-28815,-104.9733904,39.74483508,8/6/2022 22:15,22:15,10,0,0,E 18TH AVE & N DOWNING ST,1,3,0,0,1,1,0,0,,0,0,0,0,0,4,2,16
,2022-28816,-104.9617287,39.69867527,7/25/2022 15:00,15:00,6,0,0,S GAYLORD ST [1000 BLK] & TENNESSEE ST,1,1,0,0,1,4,0,0,20,0,0,0,0,0,4,2,7
,2022-28817,-104.918477,39.65297655,7/26/2022 7:54,7:54,15,0,0,E HAMPDEN AVE & I-25 SB,1,1,1,0,1,4,0,0,40,0,0,0,0,0,2,2,16
,2022-28818,-105.0251643,39.6605729,8/9/2022 21:30,21:30,5,0,0,3000 BLK S FEDERAL BLVD & W DARTMOUTH AVE,1,3,0,0,1,4,0,1,40,0,0,0,1,0,2,1,14
,2022-28819,-104.9985783,39.72093321,8/9/2022 11:00,11:00,12,0,0,N SANTA FE DR & W 3RD AVE,1,1,0,0,1,1,0,0,30,0,0,0,0,0,4,2,3
,2022-28820,-104.9857888,39.75143554,8/9/2022 18:39,18:39,12,0,1,22ND ST & STOUT ST,1,1,0,0,1,3,0,0,25,0,0,0,0,2,4,2,3
,2022-28821,-105.0324359,39.7181546,8/9/2022 17:53,17:53,12,0,0,3400 BLK W 1ST AVE & N KNOX CT,1,1,0,0,1,4,0,0,25,0,0,0,0,1,4,2,14
,2022-28825,-104.9940079,39.7256774,8/9/2022 16:00,16:00,6,0,0,N ELATI ST & W 6TH AVE,1,1,0,0,1,1,0,0,25,0,0,0,0,0,4,2,3
,2022-28828,-104.940634,39.67244263,7/25/2022 21:00,21:00,2,0,1,S COLORADO BLVD & E DICKENSON PL,1,3,0,0,1,2,0,0,0,1,0,0,0,2,2,1,16
,2022-28830,-104.9128533,39.64530159,8/6/2022 8:42,8:42,6,0,0,MONACO ST & 3920 S ,1,1,0,0,1,4,0,0,30,0,0,0,0,0,4,2,16
,2022-28877,-104.9129439,39.67509563,8/10/2022 14:39,14:39,12,0,0,2200 BLK S MONACO ST & E ILIFF AVE,1,1,0,0,1,4,0,0,35,0,0,0,0,0,4,3,3
,2022-28878,-104.9036059,39.67123187,5/24/2022 13:00,13:00,3,1,1,E HARVARD AVE & S QUEBEC ST,1,1,0,0,1,1,0,0,35,0,0,0,0,4,4,2,9
,2022-28879,-104.925717,39.6757371,1/27/2022 10:10,10:10,6,0,0,E DONALD AVE & S GRAPE ST,9,1,0,2,1,4,0,0,25,0,0,0,0,0,4,2,16
,2022-28880,-105.0153214,39.70562048,8/10/2022 16:30,16:30,6,0,0,2300 BLK W CENTER AVE & S ZUNI ST,1,1,0,0,1,4,0,0,25,0,0,0,0,0,4,2,16
,2022-28881,-104.7777208,39.79841307,8/10/2022 14:13,14:13,12,0,0,17600 BLK E 56TH AVE & PENA BLVD INBOUND,1,1,0,0,1,3,0,0,40,0,0,0,0,0,4,2,10
,2022-28882,-104.99889,39.71119349,8/10/2022 13:18,13:18,12,0,0,I-25 & W ALAMEDA AVE,1,1,0,0,1,4,0,0,55,0,0,0,0,0,1,3,13
,2022-28883,-105.0109999,39.71118307,8/11/2022 12:16,12:16,12,0,0,W ALAMEDA AVE & S TEJON ST,1,1,0,0,1,1,0,0,30,0,0,0,0,0,2,2,16
,2022-28885,-104.9405044,39.78002872,8/11/2022 12:56,12:56,12,0,2,I-70 & N COLORADO BLVD,1,1,0,0,1,4,0,0,55,0,0,0,0,1,1,2,13
,2022-28886,-104.9947932,39.76681637,8/11/2022 16:22,16:22,12,0,0,PARK AVE W & I-25 NB ON RAMP,1,1,0,0,1,1,0,0,25,0,0,0,0,0,1,2,13
,2022-28887,-104.910483,39.65303068,8/11/2022 13:31,13:31,15,0,0,E HAMPDEN AVE & S MONACO ST,1,1,0,0,1,1,0,0,40,0,0,0,0,0,2,2,13
,2022-28890,-104.9838881,39.76635438,8/11/2022 7:02,7:02,15,0,0,3000 BLK  N BRIGHTON BLVD & 31ST ST,1,1,0,0,1,4,0,0,30,0,0,0,0,0,4,2,11
,2022-28891,-104.9908443,39.72254032,8/10/2022 10:00,10:00,6,0,0,W 4TH AVE & N BANNOCK ST,1,1,0,0,1,1,0,0,,0,0,0,0,0,4,2,16
,2022-28895,-105.0186607,39.72388455,8/10/2022 21:49,21:49,3,0,0,N BRYANT ST & W 5TH AVE,1,3,0,0,1,1,0,0,35,0,0,0,0,0,4,2,16
,2022-28896,-104.9222834,39.75107137,8/11/2022 9:45,9:45,3,0,1,E 23RD AVE & N HOLLY ST,1,1,0,0,1,1,0,0,30,0,0,0,0,2,4,2,3
,2022-28899,-104.807931,39.77317678,8/11/2022 12:32,12:32,3,0,0,E 40TH AVE & E ANDREWS DR,1,1,0,0,1,1,0,0,,0,0,0,0,0,4,2,16
,2022-28901,-104.9984953,39.72731599,5/27/2022 13:38,13:38,6,0,0,W 7TH AVE & N SANTA FE DR,1,1,0,0,1,4,0,0,25,0,0,0,0,0,4,2,16
,2022-28902,-104.9405965,39.78003319,8/10/2022 16:54,16:54,12,0,0,I-70 & N COLORADO BLVD (APPROX),1,1,0,0,1,4,0,0,60,0,0,0,0,0,1,2,11
,2022-28904,-104.7601422,39.8339522,8/12/2022 7:19,7:19,12,0,0,19420 PENA BLVD & N TOWER RD,1,1,1,0,1,4,0,0,65,0,0,0,0,0,4,3,3
,2022-28905,-104.9483256,39.7928087,8/11/2022 21:15,21:15,6,0,0,E 53RD AVE & N ADAMS ST,1,3,0,0,2,4,0,0,25,0,0,0,0,0,4,3,14
,2022-28907,-104.9005313,39.75596178,8/9/2022 4:15,4:15,5,0,0,7588 E 28TH AVE & N ROSLYN ST,1,1,0,0,1,4,0,0,25,0,0,0,0,0,4,2,16
,2022-28908,-105.0532807,39.71839029,8/11/2022 10:04,10:04,1,0,1,N SHERIDAN BLVD & W 1ST AVE,1,1,0,0,1,1,0,0,25,0,0,0,0,1,2,2,3
,2022-28909,-105.0486772,39.7421765,8/10/2022 17:37,17:37,3,0,0,W 16TH AVE & N WOLFF ST,1,1,0,0,1,1,0,0,25,0,0,0,0,1,4,2,11
,2022-28910,-104.7744698,39.78178424,8/10/2022 18:50,18:50,3,0,0,E 47TH AVE & N YAMPA ST,1,1,0,0,1,1,0,0,25,0,0,0,0,0,4,2,13
,2022-28911,-104.9707466,39.74001158,8/10/2022 20:08,20:08,10,0,0,E COLFAX AVE & N LAFAYETTE ST,1,1,0,0,1,1,0,0,30,0,0,0,0,0,2,2,3
,2022-28912,-104.8968737,39.77847212,8/11/2022 9:08,9:08,15,0,0,I-70 & I-270,1,1,0,0,1,13,0,0,,0,0,0,0,0,1,2,16
,2022-28914,-104.8470302,39.77419185,8/11/2022 10:45,10:45,15,0,0,I-70 & N PEORIA ST,1,1,0,0,1,8,0,0,35,0,0,0,0,0,1,2,8
,2022-28915,-105.0158354,39.75630377,8/11/2022 11:22,11:22,15,0,0,N SPEER BLVD & N ZUNI ST,1,1,0,0,1,1,0,0,30,0,0,0,0,0,4,2,13
,2022-28916,-104.9437546,39.72254122,8/10/2022 15:15,15:15,6,0,0,400 BLK N GARFIELD ST & E 4TH AVE,1,1,0,0,1,2,0,0,25,0,0,0,0,0,4,2,3
,2022-28917,-104.8849909,39.78090279,8/11/2022 7:25,7:25,3,0,0,N YOSEMITE ST & E 46TH PL,1,1,0,0,1,1,0,0,25,0,0,0,0,1,4,2,7
,2022-28920,-104.8470297,39.77400525,7/22/2022 2:29,2:29,12,0,1,I-70 & N PEORIA ST,1,3,0,0,1,4,0,0,45,0,0,0,0,2,1,2,16
,2022-28921,-104.9948576,39.76551762,8/12/2022 0:44,0:44,15,0,0,PARK AVE W & N GLOBEVILLE RD,1,3,0,0,1,4,0,0,35,0,0,0,0,0,4,2,13
,2022-28922,-104.9879499,39.71657814,8/11/2022 12:40,12:40,6,0,0,500 BLK W ELLSWORTH AVE & FOX ST,1,1,1,0,1,4,0,0,25,0,0,0,0,0,4,2,10
,2022-28925,-104.8658148,39.77292319,8/11/2022 11:20,11:20,3,0,1,N HAVANA ST & E 40TH AVE,1,1,0,0,1,1,0,0,35,0,0,0,0,2,4,2,16
,2022-28926,-104.9894802,39.77362142,8/10/2022 15:26,15:26,15,0,0,I-25 & PARK AVE W,1,1,0,0,1,13,0,0,55,0,0,0,0,0,1,2,11
,2022-28927,-104.9508283,39.67837454,8/11/2022 7:53,7:53,3,0,0,E EVANS AVE & S ST PAUL ST,1,1,0,0,1,1,0,0,35,0,0,0,0,1,4,2,11
,2022-28928,-105.032475,39.72509121,8/11/2022 7:18,7:18,12,0,0,W 6TH AVE & N KNOX CT,1,1,0,0,1,4,0,0,55,0,0,0,0,0,2,2,13
,2022-28929,-104.9964723,39.73686262,8/12/2022 9:32,9:32,3,0,0,N SPEER BLVD & W 13TH AVE,1,1,0,0,1,1,0,0,30,0,0,0,0,1,4,2,13
,2022-28931,-104.9264623,39.76922715,6/23/2022 12:35,12:35,3,0,0, E 38TH AVE [5200 BLK] & N FOREST ST,1,1,0,0,1,2,0,0,15,0,0,0,0,0,4,2,13
,2022-28932,-105.0324356,39.70313082,8/12/2022 2:30,2:30,3,0,0,S KNOX CT & W WALSH PL,1,3,0,0,1,1,0,0,25,0,0,0,0,0,4,2,2
,2022-28933,-104.9593249,39.77999371,8/11/2022 15:59,15:59,12,0,0,I-70 & N YORK ST (APPROX),1,1,0,0,1,4,0,1,55,0,0,0,0,0,1,2,13
,2022-28935,-104.998391,39.71120449,7/21/2022 19:04,19:04,12,0,0,W ALAMEDA AVE & S KALAMATH ST,1,1,0,0,1,1,0,0,35,0,0,0,0,0,2,2,16
,2022-28942,-105.0394686,39.72825665,8/3/2022 19:41,19:41,9,0,0,W 7TH AVE & N PERRY ST,1,1,0,0,1,1,0,0,25,0,0,0,1,0,4,1,16
,2022-28943,-105.0504772,39.65319942,7/10/2022 19:02,19:02,14,0,0,W HAMPDEN AVE (NOT CDOT) & S SHERIDAN BLVD,11,1,0,1,1,4,0,0,25,0,0,0,0,0,4,2,16
,2022-28944,-105.0238547,39.71086624,7/31/2022 19:11,19:11,6,0,0,300 BLK S ELLIOT ST & W ALAMEDA AVE,1,1,0,0,1,4,0,0,,0,0,0,0,0,4,2,16
,2022-28946,-104.833819,39.77286982,7/22/2022 16:29,16:29,15,0,0,I-70 EB & I-225 WB EXIT RAMP [GORE PT],1,1,0,0,1,4,0,0,55,0,0,0,0,0,1,2,10
,2022-28947,-104.9406525,39.68221529,8/12/2022 5:40,5:40,3,0,0,COLORADO BLVD & 1800 BLK S ,1,1,0,0,1,1,0,0,35,0,0,0,0,0,2,3,16
,2022-28948,-104.9593288,39.69839718,7/2/2022 21:54,21:54,3,0,1,S UNIVERSITY BLVD & E TENNESSEE AVE,1,3,0,0,1,1,0,0,35,0,0,0,1,3,4,2,10
,2022-28950,-104.8812839,39.65302504,8/11/2022 8:06,8:06,12,0,0,E HAMPDEN AVE & S AKRON ST,1,1,0,0,1,3,0,0,40,0,0,0,0,0,2,2,16
,2022-28954,-104.9605591,39.70386188,8/10/2022 16:00,16:00,14,0,0,700 BLK S YORK ST & E EXPOSITION AVE,1,1,0,0,1,4,0,0,25,0,0,0,0,0,4,2,3
,2022-28957,-104.9769493,39.6920535,8/11/2022 17:22,17:22,12,0,2,I-25 & S EMERSON ST,1,1,0,0,1,4,0,0,60,0,0,0,0,1,1,2,3
,2022-28959,-104.9593934,39.67842579,8/10/2022 14:00,14:00,12,0,0,S UNIVERSITY BLVD & E EVANS AVE,1,1,0,0,1,1,0,0,30,0,0,0,0,0,4,2,3
,2022-28960,-104.7041236,39.83089156,8/9/2022 5:00,5:00,12,0,0,24300 E 75TH AVE & GUN CLUB,1,3,0,0,1,3,0,0,25,0,0,0,0,0,4,2,13
,2022-28962,-104.940493,39.78002816,6/29/2022 12:49,12:49,15,0,0,I-70 EB & N COLORADO BLVD,1,1,0,0,1,4,0,1,55,0,0,0,0,0,1,2,13
,2022-28963,-105.0139596,39.74044224,7/23/2022 22:56,22:56,12,0,0,W COLFAX AVE & I-25 SB EXIT RAMP ,1,3,0,0,1,1,0,0,,0,0,0,0,0,2,2,16
,2022-28964,-104.9406185,39.73469057,7/10/2022 7:22,7:22,12,0,0,N COLORADO BLVD & E 12TH AVE,1,1,0,0,1,1,0,0,,0,0,0,0,0,2,2,16
,2022-28965,-104.8714699,39.75993661,8/11/2022 17:15,17:15,10,0,0,10000 E MLK BLVD & N HAVANA ST,1,1,0,0,1,2,0,0,35,0,0,0,0,0,4,2,8
,2022-28966,-104.8658822,39.77581756,7/24/2022 16:41,16:41,15,0,0,I-70 WB & N HAVANA ST,11,1,0,1,1,4,0,0,,0,0,0,0,0,1,3,16
,2022-28967,-104.8658102,39.78915976,8/10/2022 3:51,3:51,3,0,1,5000 BLK N HAVANA ST & E 51ST AVE,1,3,0,0,1,14,0,0,30,0,0,0,0,2,4,2,3
,2022-28969,-104.9405607,39.69657743,7/13/2022 16:00,16:00,12,0,0,S COLORADO BLVD & E MISSISSIPPI AVE,1,1,0,0,1,1,0,0,,0,0,0,0,0,2,2,16
,2022-28971,-104.833819,39.77286982,8/11/2022 9:00,9:00,15,0,0,I-70 & I-225 (APPROX),1,1,0,0,1,4,0,0,55,0,0,0,0,0,1,2,16
,2022-28972,-104.9497575,39.77996339,8/11/2022 14:49,14:49,12,0,0,I-70 & N STEELE ST,1,1,3,0,1,4,0,0,65,0,0,0,0,0,1,2,13
,2022-28973,-104.9125012,39.76759504,8/11/2022 18:04,18:04,6,0,0,3610 N MONACO ST & E 36TH AVE,1,1,0,0,1,4,0,0,35,0,0,0,0,0,4,2,11
,2022-28974,-104.9405114,39.7618025,8/11/2022 20:50,20:50,1,0,0,E MLK BLVD & N COLORADO BLVD,1,3,0,0,1,1,0,0,35,0,0,0,0,0,2,2,13
,2022-28977,-104.9462597,39.76446853,8/10/2022 15:52,15:52,3,0,0,E BRUCE RANDOLPH AVE & N MADISON ST,1,1,0,0,1,1,0,0,30,0,0,0,0,0,4,2,11
,2022-28978,-104.995454,39.72568818,5/20/2022 7:20,7:20,12,0,0,1100 BLK W 6TH AVE & N KALAMATH ST,11,1,0,1,1,4,0,0,35,0,0,0,0,0,4,4,16
,2022-28979,-105.0250486,39.67864394,7/11/2022 4:34,4:34,3,0,0,W EVANS AVE & S FEDERAL BLVD,1,3,0,0,1,3,0,0,40,0,0,0,0,0,2,2,10
,2022-28982,-104.978867,39.73999921,7/16/2022 20:14,20:14,6,0,0,E COLFAX AVE & N WASHINGTON ST,1,2,0,0,1,4,0,0,35,0,0,0,0,0,2,2,16
,2022-28983,-104.9609154,39.74321586,7/25/2022 17:50,17:50,6,0,0,17TH AVE & 2200 BLK ,1,1,0,0,1,4,0,0,,0,0,0,0,0,4,2,16
,2022-28985,-104.8661523,39.66678963,8/12/2022 13:34,13:34,10,0,0,2700 BLK S HAVANA ST & E YALE AVE,1,1,1,0,1,2,0,0,45,0,0,0,0,0,2,2,11
,2022-28986,-104.9406123,39.74007431,7/17/2022 20:42,20:42,1,0,1,E COLFAX AVE & N COLORADO BLVD,1,3,0,0,1,1,0,0,35,0,0,0,0,3,2,2,1
,2022-28987,-105.0343735,39.68221162,7/16/2022 0:27,0:27,1,0,1,S LOWELL BLVD & W JEWELL AVE,1,3,0,0,1,3,0,0,35,0,0,0,0,3,4,2,14
,2022-28988,-105.0251716,39.71123825,8/10/2022 16:01,16:01,15,0,0,S FEDERAL BLVD & W ALAMEDA AVE,1,1,1,0,1,3,0,0,40,0,0,0,0,0,2,2,3
,2022-28989,-105.0268257,39.75406361,8/11/2022 11:35,11:35,6,0,0,N GROVE ST & W 26TH AVE,1,1,1,0,1,4,0,0,25,0,0,0,0,0,4,2,16
,2022-28991,-104.9593852,39.67302955,8/10/2022 13:00,13:00,12,0,0,E WESLEY AVE & S UNIVERSITY BLVD,1,1,0,0,1,1,0,0,25,0,0,0,0,0,4,2,3
,2022-28992,-105.0332993,39.73252784,8/11/2022 9:18,9:18,6,0,0,900 BLK N KING ST & W 10TH AVE,1,3,0,0,1,4,0,0,25,0,0,0,0,0,4,2,16
,2022-28993,-104.6929363,39.83340692,8/11/2022 7:30,7:30,12,0,0,7500 N JACKSON GAP ST & PENA BLVD,1,1,0,0,1,3,0,0,35,0,0,0,0,0,4,2,3
,2022-28994,-104.9786816,39.73212336,8/11/2022 12:27,12:27,12,0,0,N WASHINGTON ST & E 10TH AVE,1,1,0,0,1,4,0,0,30,0,0,0,0,0,4,2,8
,2022-28995,-104.7872898,39.79839285,8/11/2022 13:02,13:02,12,0,0,E 56TH AVE & PENA BLVD OUTBOUND,1,1,0,0,1,1,0,0,40,0,0,0,0,0,4,3,3
,2022-28997,-104.8900371,39.78553218,8/10/2022 21:41,21:41,14,0,0,8332 E NORTHFIELD BLVD & N VERBENA ST,1,3,0,0,1,4,0,0,10,0,0,0,0,0,4,2,3
,2022-28998,-104.9099499,39.63861951,7/19/2022 12:40,12:40,12,0,0,I-25 NB & E QUINCY AVE,1,1,0,0,1,4,0,0,65,0,0,0,0,0,1,2,13
,2022-28999,-104.9985726,39.72570691,8/12/2022 8:56,8:56,15,0,0,W 6TH AVE & N SANTA FE DR,1,1,0,0,1,4,0,0,35,0,0,0,0,1,4,2,16
,2022-29000,-105.0532727,39.63976929,6/20/2022 16:40,16:40,1,0,1,S SHERIDAN BLVD & W QUINCY AVE,1,1,2,0,1,1,0,0,40,0,0,0,1,3,2,2,10
,2022-29001,-104.9182339,39.65307809,7/20/2022 10:00,10:00,12,0,0,I-25 NB & E HAMPDEN AVE,1,1,0,0,1,4,0,0,,0,0,0,0,0,1,2,16
,2022-29002,-104.6726861,39.84979297,8/8/2022 11:23,11:23,15,0,0,8400 INBOUND PENA BLVD & 8400 BLK ,1,1,1,0,1,4,0,0,,0,0,0,0,0,2,2,16
,2022-29003,-104.9364798,39.71133379,7/10/2022 12:00,12:00,12,0,0,LEETSDALE DR & E ALAMEDA AVE,1,1,0,0,1,1,0,0,35,0,0,0,0,0,2,2,16
,2022-29004,-105.0062733,39.71118378,8/4/2022 13:56,13:56,3,0,0,W ALAMEDA AVE & S PECOS ST,1,1,0,0,1,1,0,0,35,0,0,0,0,0,2,2,16
,2022-29005,-104.9035046,39.70347052,7/4/2022 21:30,21:30,14,0,0,S QUEBEC ST [ 800 BLK ] & E EXPOSITION AVE,1,4,0,0,1,4,0,0,35,0,0,0,0,0,4,2,13
,2022-29006,-104.8916812,39.74746203,8/11/2022 23:33,23:33,12,0,0,E MONTVIEW BLVD & N VALENTIA ST,1,3,0,0,1,1,0,0,35,0,0,0,0,0,4,3,3
,2022-29007,-104.7602178,39.77746267,7/15/2022 20:00,20:00,6,0,0,4514 N ESPANA WAY & N ENSENADA ST,1,4,0,0,1,4,0,0,25,0,0,0,0,0,4,2,16
,2022-29008,-105.0147423,39.75197927,8/12/2022 11:41,11:41,10,0,1,7TH ST & WATER ST,1,1,0,0,1,1,0,0,25,0,0,0,1,2,4,3,14
,2022-29010,-104.9590132,39.82051332,8/1/2022 14:45,14:45,15,0,0,I-270 NB OFF RAMP SLIP & YORK ST,1,1,0,0,1,8,0,0,,0,0,0,0,0,1,2,16
,2022-29011,-104.9753259,39.74000371,7/29/2022 14:41,14:41,12,0,0,E COLFAX AVE & N OGDEN ST,1,1,0,0,1,3,0,0,35,0,0,0,1,0,2,2,3
,2022-29012,-104.9067175,39.63415775,8/11/2022 7:28,7:28,15,0,0,I-25 NB OFF RAMP & I-225 EB RAMP SPLIT,1,1,0,0,1,8,0,0,55,0,0,0,0,0,1,2,16
,2022-29013,-104.9715911,39.7582358,7/27/2022 7:17,7:17,3,0,0, E 29TH AVE [1300 BLK] & N MARION ST,1,1,0,1,1,1,0,0,25,0,0,0,0,0,4,2,1
,2022-29014,-105.0132198,39.72567281,7/28/2022 14:50,14:50,15,0,0,I-25 NB & W 6TH AVE,1,1,0,0,1,4,0,0,55,0,0,0,0,0,1,2,13
,2022-29015,-105.0768034,39.63877974,8/4/2022 16:55,16:55,12,0,0,S PIERCE WAY & W QUINCY AVE,1,1,0,0,1,1,0,0,30,0,0,0,0,0,4,2,1
,2022-29016,-104.9704976,39.740012,7/29/2022 1:58,1:58,6,0,1, E COLFAX AVE & N LAFAYETTE ST,1,3,0,0,1,4,0,0,30,0,0,0,0,1,2,2,16
,2022-29017,-105.0132198,39.72567281,7/22/2022 2:10,2:10,5,0,0,I-25 NB & W 6TH AVE COLLECTOR RAMP [GORE PT],1,3,0,0,3,14,0,0,55,0,0,0,0,0,1,1,2
,2022-29018,-104.9658879,39.7544855,6/7/2022 21:30,21:30,6,0,0,E 26TH AVE [1800 BLK] & N WILLIAMS ST,1,3,0,0,1,4,0,0,30,0,0,0,0,0,4,3,13
,2022-29019,-104.7863752,39.81799448,6/5/2022 1:58,1:58,5,1,2,6400 BLK PENA BLVD & E 56TH AVE,1,3,0,0,2,4,0,0,65,0,0,0,0,4,4,1,1
,2022-29020,-104.987404,39.72909482,8/12/2022 17:03,17:03,3,0,1,N BROADWAY ST & E 8TH AVE,1,1,0,0,1,1,0,0,30,0,0,0,0,2,4,2,7
,2022-29021,-104.9991195,39.71120695,6/25/2022 8:00,8:00,12,0,0,I-25 NB & W ALAMEDA AVE,1,1,0,6,1,4,0,0,55,0,0,0,0,0,1,2,12
,2022-29022,-105.0251798,39.77113841,7/28/2022 8:35,8:35,5,0,0,N FEDERAL BLVD ALLEY & W 39TH AVE,1,1,0,0,2,9,0,0,,0,0,0,0,0,2,1,16
,2022-29023,-105.0166901,39.72388327,8/12/2022 10:08,10:08,6,0,0,2405 W 5TH AVE & 2405 BLK W,1,1,0,0,1,2,0,0,25,0,0,0,0,0,4,3,11
,2022-29034,-104.99889,39.71119349,8/12/2022 16:56,16:56,15,0,0,I-25 & W ALAMEDA AVE,1,1,0,0,1,4,0,0,55,0,0,0,0,0,1,2,16
,2022-29035,-104.9863718,39.71095351,8/13/2022 12:15,12:15,15,0,0,300 BLK S LINCOLN ST & E. ALAMEDA AVE,1,1,0,0,1,4,0,0,30,0,0,0,0,0,4,2,3
,2022-29042,-105.0509512,39.73667029,8/2/2022 15:27,15:27,6,0,0,1275 N YATES ST & W 13TH AVE,1,1,0,0,1,4,0,1,25,0,0,0,0,0,4,2,9
,2022-29043,-104.8827688,39.77727111,8/12/2022 21:48,21:48,15,0,0,I-70 & N CENTRAL PARK BLVD,1,3,0,0,1,4,0,0,,0,0,0,0,0,1,2,16
,2022-29044,-104.7979662,39.78378639,8/12/2022 22:30,22:30,3,0,0,E GREEN VALLEY RANCH BLVD & N MEMPHIS ST,1,3,0,0,1,1,0,0,45,0,0,0,0,0,4,2,16
,2022-29045,-104.8312663,39.78095109,8/13/2022 17:02,17:02,6,0,0,4792 N CARSON ST & E ELK PL,1,1,0,0,1,4,0,0,25,0,0,0,0,0,4,5,14
,2022-29047,-104.997636,39.7122805,8/13/2022 12:15,12:15,15,0,0,S SANTA FE DR & W BYERS PL,1,1,0,0,1,1,0,0,30,0,0,0,0,0,4,2,11