id,drcog_id,longitude,latitude,crashtime,time,crashtype,numbkilled,numbinjurd,drcoglocat,rdconditin,lightngcon,roadcntgrd,weatherco,location,roaddescrp,schoolzone,constrzone,splimit,bikeinv,pedinv,sctrinv,motoinv,svrty,rdsystem,ttlvehcls,hcf
,2022-29048,-105.0245849,39.72570899,8/13/2022 16:27,16:27,12,0,4,W 6TH AVE WB OFF RAMP & N FEDERAL BLVD,1,1,1,0,1,8,0,0,25,0,0,0,0,3,2,3,1
,2022-29049,-104.9827769,39.69300791,8/13/2022 16:47,16:47,3,0,0,S LOGAN ST & E LOUISIANA AVE,1,1,0,0,1,1,0,0,25,0,0,0,0,0,4,3,13
,2022-29050,-104.7758531,39.81829788,7/26/2022 21:30,21:30,15,0,5, E 67TH AVE [18200 BLK] & N YAMPA ST,11,3,0,1,1,4,0,0,30,0,0,0,0,3,4,2,9
,2022-29053,-104.9654101,39.67847166,8/13/2022 13:20,13:20,12,0,0,1800 BLK E EVANS AVE & S HIGH ST,1,1,0,0,1,4,0,0,35,0,0,0,0,0,4,2,3
,2022-29055,-104.9782426,39.74751077,8/10/2022 2:18,2:18,5,0,0,PARK AVE & PARK AVE W,1,3,0,0,2,4,0,0,35,0,0,0,0,0,1,1,1
,2022-29057,-105.0102046,39.75716768,8/13/2022 6:30,6:30,12,0,1,I-25 & 15TH ST (APPROX),1,1,0,7,1,4,0,0,55,0,0,0,0,1,1,2,1
,2022-29059,-104.9406123,39.74007432,8/13/2022 10:03,10:03,1,0,0,N COLORADO BLVD & E COLFAX AVE,1,1,3,0,1,1,0,0,35,0,0,0,0,0,2,2,16
,2022-29060,-104.9034019,39.7773717,8/13/2022 7:53,7:53,3,0,1,QUEBEC ST  & I-70 EB RAMPS,1,1,0,0,1,1,0,0,35,0,0,0,0,2,2,2,3
,2022-29061,-104.9895508,39.78026028,8/12/2022 5:45,5:45,15,0,0,I-70 WB RAMP & I-25,1,1,0,0,1,8,0,0,55,0,0,0,0,0,1,2,16
,2022-29071,-104.9787401,39.74063466,8/5/2022 15:00,15:00,5,0,0,1566 N WASHINGTON ST & N WASHINGTON ST,1,1,0,0,1,7,0,0,30,0,0,0,0,0,3,1,13
,2022-29117,-104.9496893,39.73835962,8/11/2022 9:00,9:00,12,0,1,E 14TH AVE & N STEELE ST,1,1,0,0,1,9,0,0,35,0,0,0,0,2,4,2,16
,2022-29121,-104.77447,39.79273812,8/12/2022 21:29,21:29,6,0,1,5300 BLK N YAMPA ST & E ELMENDORF DR,1,3,0,0,1,4,0,0,35,0,0,0,0,2,4,5,16
,2022-29123,-105.0532752,39.72040356,7/2/2022 14:08,14:08,1,0,2,W 2ND AVE & N SHERIDAN BLVD,1,1,0,0,6,1,0,0,40,0,0,0,0,3,2,2,8
,2022-29124,-104.943759,39.72096818,8/12/2022 16:31,16:31,3,0,0,E 3RD AVE & N GARFIELD ST,1,1,0,0,1,1,0,0,25,0,0,0,0,0,4,2,16
,2022-29126,-104.9802841,39.72114511,6/16/2022 15:45,15:45,12,0,0,N PEARL ST & E SPEER BLVD,1,1,0,0,1,1,0,0,30,0,0,0,0,0,4,2,3
,2022-29127,-105.0817955,39.63511829,6/21/2022 23:15,23:15,2,0,1,S WADSWORTH BLVD & W STANFORD AVE,1,3,0,0,1,4,0,0,0,1,0,0,0,3,2,1,16
,2022-29131,-104.9976458,39.73845852,8/10/2022 22:02,22:02,2,0,1,N SPEER BLVD & W 14TH AVE,1,3,0,0,1,3,0,0,35,1,0,0,0,2,4,1,16
,2022-29134,-104.9017434,39.62492762,7/13/2022 18:55,18:55,12,0,1,I-25 NB ON RAMP & E BELLEVIEW AVE,1,1,1,0,1,8,0,0,55,0,0,0,0,1,1,2,16
,2022-29135,-104.9734181,39.68999371,8/13/2022 12:45,12:45,12,0,0,I-25 & S DOWNING ST,1,1,0,0,1,4,0,0,55,0,0,0,0,0,1,3,16
,2022-29136,-104.9522647,39.78933281,8/6/2022 17:00,17:00,6,0,0,5151 N MILWAUKEE ST & E 51ST AVE,11,1,0,0,1,2,0,0,25,0,0,0,0,0,4,2,16
,2022-29137,-104.9034636,39.74557441,8/10/2022 16:15,16:15,12,0,0,1900 BLK N QUEBEC ST & E 19TH AVE,1,2,0,0,1,4,0,0,35,0,0,0,0,0,4,3,3
,2022-29139,-105.006911,39.7602043,6/25/2022 18:58,18:58,6,0,0,18TH ST [1000 BLK] & CENTRAL ST,1,3,0,0,1,4,0,0,25,0,0,0,0,0,4,2,16
,2022-29141,-104.9200392,39.77922355,8/12/2022 9:45,9:45,6,0,0,4600 BLK N IVY ST & E STAPLETON DR N,1,1,0,0,1,4,0,0,20,0,0,0,0,0,4,2,13
,2022-29146,-105.0251716,39.71123825,7/9/2022 23:02,23:02,12,0,2,S FEDERAL BLVD & W ALAMEDA AVE,14,5,3,7,1,1,0,0,40,0,0,0,0,1,2,3,1
,2022-29150,-104.9747327,39.7559681,8/11/2022 7:57,7:57,3,0,1,29TH ST & GLENARM PL,1,1,0,0,1,1,0,0,25,0,0,0,0,1,4,2,16
,2022-29153,-105.0250605,39.68949117,8/11/2022 7:55,7:55,15,0,0,S FEDERAL BLVD & W FLORIDA AVE,1,1,0,0,1,1,0,0,30,0,0,0,0,0,2,2,3
,2022-29154,-104.9858498,39.77920256,8/6/2022 23:05,23:05,6,0,0,N LINCOLN ST & E 46TH AVE,1,4,0,0,1,4,0,0,25,0,0,0,0,0,4,2,16
,2022-29156,-105.0324597,39.71337876,7/11/2022 18:47,18:47,2,0,1,S KNOX CT & W CEDAR AVE,1,1,1,0,1,1,0,0,25,1,0,0,0,2,4,1,1
,2022-29187,-105.0162706,39.73974961,8/13/2022 21:56,21:56,12,0,0,W COLFAX AVE & N ZUNI ST,11,4,0,0,1,3,0,0,,0,0,0,0,0,2,2,16
,2022-29194,-104.9771803,39.77430267,8/13/2022 14:00,14:00,1,0,1,38TH ST & CHESTNUT PL,1,1,0,0,1,1,0,0,35,0,0,0,0,1,4,2,11
,2022-29197,-104.9259072,39.67846954,8/14/2022 12:09,12:09,12,0,0,5100 BLK E EVANS AVE & S GRAPE ST,1,1,0,0,1,4,0,0,35,0,0,0,0,1,4,4,3
,2022-29198,-105.0131182,39.72551753,7/30/2022 10:25,10:25,15,0,0,I-25 NB & W 6TH AVE,1,1,0,0,1,4,0,0,,0,0,0,0,0,1,2,16
,2022-29204,-104.7155396,39.83201434,8/14/2022 8:43,8:43,5,0,0,E 75TH AVE & N GUN CLUB RD,1,1,0,0,2,1,0,0,45,0,0,0,0,0,4,1,8
,2022-29209,-105.0532611,39.67239379,8/13/2022 22:09,22:09,12,0,1,2600 BLK S SHERIDAN BLVD & W LAKERIDGE RD,1,3,0,0,1,4,0,0,40,0,0,0,1,3,2,2,11
,2022-29217,-104.9404613,39.72741234,6/17/2022 7:20,7:20,6,0,0,E 7TH AVE [4000 BLK] & N COLORADO BLVD,1,1,0,0,1,4,0,0,25,0,0,0,0,0,2,2,16
,2022-29227,-104.9647558,39.74322445,8/14/2022 6:35,6:35,3,0,0,N HIGH ST & E 17TH AVE,1,1,0,0,1,1,0,0,20,0,0,0,0,0,4,3,11
,2022-29228,-104.9677501,39.74323685,8/13/2022 20:39,20:39,10,0,1,1600 BLK E 17TH AVE & N GILPIN ST,1,3,0,0,1,2,0,0,25,0,0,0,1,2,4,2,13
,2022-29238,-104.9684499,39.74000862,8/14/2022 1:40,1:40,3,0,1,E COLFAX AVE & PARK AVE,1,3,0,0,1,1,0,0,35,0,0,0,0,2,2,2,14
,2022-29246,-104.9873095,39.7013449,8/14/2022 1:51,1:51,9,0,1,I-25 & S BROADWAY ST,1,3,0,0,1,14,0,0,60,0,0,0,1,3,1,1,16
,2022-29248,-104.9622525,39.73681723,8/13/2022 22:29,22:29,3,0,0,E 13TH AVE & N VINE ST,1,3,0,0,1,1,0,0,30,0,0,0,0,0,4,2,11
,2022-29263,-104.9791547,39.71110763,7/31/2022 0:44,0:44,12,0,0,E ALAMEDA AVE & S WASHINGTON ST,1,3,1,0,1,3,0,0,30,0,0,0,0,0,4,3,16
,2022-29278,-104.9057908,39.76182214,8/12/2022 14:54,14:54,12,0,0,E MLK BLVD & N PONTIAC ST,1,1,3,0,1,1,0,0,35,0,0,0,0,0,4,2,3
,2022-29279,-104.9405253,39.75829327,7/27/2022 22:29,22:29,1,0,2,E 29TH AVE & N COLORADO BLVD,1,3,0,0,1,1,0,0,35,0,0,0,0,1,2,2,1
,2022-29281,-105.0051248,39.68945652,6/17/2022 9:50,9:50,1,0,0,W FLORIDA AVE & S OSAGE ST,1,1,2,0,1,1,0,0,30,0,0,0,0,1,4,2,16
,2022-29322,-104.9814442,39.7201135,8/13/2022 7:55,7:55,6,0,0,200 BLK N PENNSYLVANIA ST & E 3RD AVE,1,1,0,0,1,4,0,0,25,0,0,0,0,0,4,4,16
,2022-29324,-104.8875112,39.75011273,8/13/2022 17:30,17:30,6,0,0,2187 N CENTRAL PARK BLVD & E 23RD AVE,1,1,0,0,1,4,0,0,30,0,0,0,0,0,4,3,16
,2022-29331,-105.0910499,39.62415457,8/8/2022 11:18,11:18,1,0,1,W BELLEVIEW AVE & S WADSWORTH BLVD,1,1,0,0,1,1,0,1,35,0,0,0,0,1,4,2,14
,2022-29337,-104.9127581,39.72199368,8/3/2022 7:27,7:27,15,0,0,300 BLK N MONACO ST & E 4TH AVE,1,1,0,0,1,3,0,0,30,0,0,0,0,0,4,2,16
,2022-29380,-104.9787358,39.74167128,8/8/2022 18:06,18:06,3,0,0,E 16TH AVE & N WASHINGTON ST,1,1,0,0,1,1,0,0,25,0,0,0,0,0,4,2,1
,2022-29387,-105.04283,39.74943823,8/13/2022 20:02,20:02,12,0,0,275 N STUART ST & 275 BLK N,11,2,1,1,1,4,0,0,25,0,0,0,0,0,4,2,16
,2022-29389,-104.9372294,39.74174293,8/11/2022 20:27,20:27,6,0,0,1600 BLK N BELLAIRE ST & E 16TH AVE,1,3,0,0,1,4,0,0,25,0,0,0,0,0,4,2,16
,2022-29390,-105.0139573,39.74049759,8/14/2022 8:47,8:47,12,0,0,I-25 & W COLFAX AVE (APPROX),1,1,0,0,1,4,0,0,55,0,0,0,0,0,1,2,16
,2022-29410,-105.0131281,39.75484071,7/21/2022 12:07,12:07,5,0,1,I-25 NB & 15TH ST,1,1,0,0,1,4,0,0,55,0,0,0,1,3,1,2,14
,2022-29417,-104.8471813,39.79823776,8/14/2022 17:47,17:47,12,0,0,E 56TH AVE & PEORIA ST,1,1,0,0,1,1,0,0,40,0,0,0,0,0,4,2,7
,2022-29418,-104.9406066,39.74495561,8/13/2022 3:00,3:00,5,0,0,E. 18TH AVE & N. COLORADO BLVD,1,3,0,0,4,1,0,0,,0,0,0,0,0,2,1,16
,2022-29420,-104.9684682,39.7384436,8/12/2022 18:05,18:05,1,0,0,N FRANKLIN ST & E 14TH AVE,1,1,0,0,1,3,0,0,25,0,0,0,0,0,4,2,13
,2022-29434,-104.774458,39.7857584,8/15/2022 16:24,16:24,3,0,0,E 49TH AVE & N YAMPA ST,11,1,0,1,1,1,0,0,25,0,0,0,0,0,4,2,14
,2022-29437,-104.9949588,39.76832199,8/15/2022 9:20,9:20,12,0,0,I-25 & PARK AVE W,1,1,0,0,1,4,0,0,55,0,0,0,0,0,1,3,13
,2022-29441,-104.9728865,39.71862083,8/12/2022 10:42,10:42,3,0,0,N DOWNING ST & E SPEER BLVD,1,1,0,0,1,1,0,0,30,0,0,0,0,1,4,2,11
,2022-29444,-104.9967339,39.72569847,8/13/2022 7:34,7:34,10,0,0,600 BLK W 6TH AVE & N. GALAPAGO ST,1,1,0,0,1,9,0,0,35,0,0,0,0,0,4,2,3
,2022-29453,-104.9740525,39.77190902,8/14/2022 23:39,23:39,15,0,0,38TH ST & WYNKOOP ST,1,3,0,0,1,4,0,0,20,0,0,0,0,0,4,2,11
,2022-29454,-104.9406143,39.73828662,8/14/2022 16:20,16:20,12,0,1,E 14TH AVE & N COLORADO BLVD,1,5,0,7,1,1,0,0,30,0,0,0,0,2,2,4,11
,2022-29462,-104.9767033,39.75073421,8/13/2022 14:40,14:40,11,0,1,E 23RD AVE & N CLARKSON ST,1,1,0,0,1,9,0,0,0,0,1,0,0,2,4,1,16
,2022-29472,-105.0381454,39.75502431,8/15/2022 2:55,2:55,6,0,0,2600 BLK N OSCEOLA ST & W. 26TH AVE.,1,3,0,0,1,4,0,0,25,0,0,0,0,0,4,2,16
,2022-29474,-104.973414,39.69297155,8/13/2022 10:53,10:53,12,0,0,S DOWNING ST & E LOUISIANA AVE,1,1,0,0,1,1,0,0,,0,0,0,0,0,4,2,16
,2022-29477,-105.0252116,39.78383455,8/14/2022 16:15,16:15,1,0,0,N FEDERAL BLVD & I-70 EB RAMP,1,1,0,0,1,1,0,0,35,0,0,0,0,0,2,2,13
,2022-29478,-105.0047785,39.75022379,8/14/2022 19:31,19:31,3,0,0,N SPEER BLVD & WEWATTA ST,1,2,1,0,1,1,0,0,35,0,0,0,0,0,4,2,13
,2022-29479,-104.9786398,39.78184754,8/15/2022 6:50,6:50,1,0,0,N WASHINGTON ST & E 47TH AVE,1,1,0,0,1,1,0,0,30,0,0,0,0,0,4,2,11
,2022-29480,-104.9495021,39.72913463,8/13/2022 23:46,23:46,3,0,0,E 8TH AVE & N STEELE ST,1,4,0,0,1,1,0,0,30,0,0,0,0,1,4,2,13
,2022-29485,-104.9106427,39.68571319,8/14/2022 15:15,15:15,12,0,0,S COLORADO BLVD & E MEXICO AVE,1,1,0,0,1,3,0,0,35,0,0,0,0,0,2,2,13
,2022-29486,-104.7626828,39.79164443,8/13/2022 14:22,14:22,5,0,0,N DUNKIRK ST & N DUNKIRK ST,1,1,0,0,3,4,0,0,30,0,0,0,0,0,4,1,2
,2022-29489,-105.0156821,39.68593045,8/15/2022 11:05,11:05,1,0,0,S ZUNI ST & W MEXICO AVE,1,1,1,0,1,1,0,0,30,0,0,0,0,1,4,2,10
,2022-29490,-104.9093618,39.72928072,8/12/2022 15:37,15:37,10,0,0,E 8TH AVE & N NEWPORT ST,1,1,0,0,1,1,0,0,30,0,0,0,0,0,4,2,13
,2022-29492,-104.9695272,39.73687325,8/15/2022 3:53,3:53,5,0,0,E 13TH AVE & N HUMBOLDT ST,1,3,0,0,3,1,0,0,25,0,0,0,0,0,4,1,6
,2022-29499,-104.9935151,39.73386651,8/15/2022 12:24,12:24,3,0,0,W 11TH AVE & N SPEER BLVD,1,1,0,0,1,1,0,0,30,0,0,0,0,0,4,3,13
,2022-29501,-104.9025336,39.76737975,8/15/2022 16:30,16:30,1,0,0,E 36TH AVE & N QUEBEC ST,11,1,0,1,1,1,0,0,35,0,0,0,0,0,4,2,16
,2022-29505,-104.7013199,39.83802611,8/15/2022 16:40,16:40,3,0,0,24500 BLK E 78TH AVE & N JACKSON GAP ST,11,1,0,1,1,2,0,0,45,0,0,0,0,0,4,2,14
,2022-29509,-104.9920576,39.68939091,8/3/2022 16:00,16:00,15,0,0,S SANTA FE DR & W FLORIDA AVE,1,1,0,0,1,1,0,0,45,0,0,0,0,0,2,2,16
,2022-29510,-105.0532644,39.67567369,8/14/2022 10:34,10:34,3,0,0,S SHERIDAN BLVD & W WARREN AVE,1,1,0,0,1,1,0,0,40,0,0,0,0,0,2,2,3
,2022-29511,-104.9088823,39.62536189,8/15/2022 8:50,8:50,3,0,0,S NIAGARA ST & E CHENANGO AVE,1,1,0,0,1,1,0,0,30,0,0,0,0,0,4,2,13
,2022-29513,-105.0250419,39.7229029,8/15/2022 13:12,13:12,12,0,0,N FEDERAL BLVD & W SHORT PL,1,1,0,0,1,1,0,0,40,0,0,0,0,0,2,2,16
,2022-29514,-105.0043198,39.76094363,8/15/2022 7:25,7:25,12,0,0,I-25 & 20TH ST,1,1,0,0,1,4,0,0,55,0,0,0,0,0,1,2,16
,2022-29516,-104.7155384,39.83212418,8/15/2022 5:47,5:47,15,0,0,7500 N GUN CLUB RD & E. 75TH AVE,1,2,0,0,1,1,0,0,35,0,0,0,0,0,4,2,8
,2022-29517,-104.9729353,39.72907893,8/15/2022 9:55,9:55,3,0,0,N DOWNING ST & E 8TH AVE,1,1,0,0,1,1,0,0,30,0,0,0,0,0,4,2,16
,2022-29519,-104.9991195,39.71120695,8/12/2022 6:57,6:57,15,0,0,I-25 & W ALAMEDA AVE,1,1,0,0,1,4,0,0,65,0,0,0,0,0,1,2,16
,2022-29545,-104.9875786,39.71066353,8/15/2022 18:58,18:58,12,0,0,S BROADWAY ST & W ALAMEDA AVE,11,1,0,1,1,1,0,0,30,0,0,0,0,0,4,2,13
,2022-29546,-104.9797263,39.69398765,8/15/2022 15:29,15:29,5,0,0,I-25 SB OFF RAMP & S WASHINGTON ST,1,1,1,0,2,8,0,0,45,0,0,0,0,0,4,2,12
,2022-29547,-104.9407883,39.74193339,8/16/2022 14:18,14:18,12,0,0,N COLORADO BLVD & E 16TH AVE,1,1,0,0,1,1,0,0,35,0,0,0,0,0,2,3,3
,2022-29548,-104.9222929,39.77831352,8/16/2022 10:13,10:13,5,0,1,I-70  & N HOLLY ST,11,1,1,1,2,13,0,0,55,0,0,0,0,1,1,2,13
,2022-29549,-104.949939,39.71625095,8/15/2022 21:27,21:27,15,0,0,000 BLK S STEELE ST & E ELLSWORTH AVE,11,3,0,1,1,1,0,0,30,0,0,0,0,0,4,2,1
,2022-29550,-104.9003633,39.78349839,8/15/2022 11:00,11:00,15,0,0,N NORTHFIELD QUEBEC ST & I-270 RAMP,1,1,1,0,1,1,0,0,35,0,0,0,0,0,2,2,1
,2022-29551,-104.866042,39.67093245,8/15/2022 8:20,8:20,12,0,0,S PARKER RD & S HAVANA ST,1,1,0,0,1,3,0,0,40,0,0,0,0,0,2,3,11
,2022-29552,-104.7721173,39.79836464,8/16/2022 13:59,13:59,12,0,0,N TOWER RD & E 56TH AVE,11,1,0,1,1,4,0,0,45,0,0,0,0,0,4,2,13
,2022-29556,-104.7957667,39.79827267,8/15/2022 9:05,9:05,12,0,0,E 56TH AVE & PENA BLVD,1,1,0,0,1,4,0,1,40,0,0,0,0,0,4,2,13
,2022-29557,-105.0157081,39.68951438,8/16/2022 13:03,13:03,3,0,0,S ZUNI ST & W FLORIDA AVE,1,1,0,0,1,1,0,0,30,0,0,0,0,1,4,2,3
,2022-29558,-104.9469601,39.78025387,8/16/2022 10:59,10:59,12,0,0,I-70  & N COOK ST,11,5,0,1,1,4,0,0,55,0,0,0,0,0,1,2,14
,2022-29560,-104.9597749,39.74326244,8/15/2022 22:15,22:15,5,0,0,1700 N YORK ST & E 17TH AVE / N YORK ST,11,3,0,1,2,4,0,0,20,0,0,0,0,0,4,1,7
,2022-29561,-104.8907428,39.72008792,8/15/2022 11:00,11:00,15,0,0,E LOWRY BLVD & N UINTA WAY,1,1,0,0,1,1,0,0,30,0,0,0,0,0,4,2,3
,2022-29566,-104.9407862,39.72529227,8/15/2022 15:50,15:50,12,0,0,N COLORADO BLVD & E 6TH AVE PKWY,11,1,0,0,1,4,0,0,40,0,0,0,0,0,2,3,16
,2022-29567,-105.0118817,39.72539179,8/16/2022 8:54,8:54,12,0,1,I-25 NB OFF RAMP & W 6TH AVE ,11,1,1,1,1,8,0,0,55,0,0,0,0,1,1,2,3
,2022-29568,-104.8200757,39.77468825,8/15/2022 17:28,17:28,10,0,0,ANDREWS DR & 14800 E ,11,1,0,1,1,1,0,0,25,0,0,0,0,0,4,2,1
,2022-29569,-104.9104978,39.72928025,8/15/2022 8:58,8:58,3,0,0,N NIAGARA ST & E 8TH AVE,1,1,0,0,1,1,0,0,25,0,0,0,0,0,4,2,11
,2022-29572,-104.7914116,39.74503647,8/15/2022 12:31,12:31,3,0,2,E 18TH AVE & E 18TH AVE,1,1,0,0,1,1,0,0,25,0,0,0,0,2,4,2,11
,2022-29574,-104.9933517,39.67833674,8/15/2022 11:51,11:51,12,0,0,S SANTA FE DR SB OFF RAMP & W EVANS AVE,1,1,1,0,1,8,0,0,55,0,0,0,0,0,2,2,3
,2022-29575,-104.8566132,39.78236782,8/16/2022 7:25,7:25,3,0,1,N LIMA ST & E 47TH AVE,1,1,0,0,1,1,0,0,25,0,0,0,0,1,4,2,3
,2022-29576,-105.0148782,39.72879649,8/16/2022 7:27,7:27,15,0,0,I-25 SB OFF RAMP GORE PT & W 6TH AVE ,11,1,1,0,1,8,0,0,,0,0,0,0,0,1,2,16
,2022-29578,-104.8827532,39.77411767,8/15/2022 11:30,11:30,15,0,0,E 40TH AVE & N CENTRAL PARK BLVD,1,1,0,0,1,1,0,0,30,0,0,0,0,0,4,2,13
,2022-29580,-104.8963807,39.74564929,8/15/2022 18:46,18:46,12,0,0,1901 N TRENTON ST & E 19TH AVE,11,1,0,1,1,4,0,0,25,0,0,0,0,0,4,2,16
,2022-29581,-104.9602773,39.72560758,8/15/2022 8:03,8:03,12,0,0,E 6TH AVE & N YORK ST,1,1,0,0,1,3,0,0,30,0,0,0,0,0,4,2,3
,2022-29584,-104.9875814,39.67308919,8/15/2022 16:00,16:00,15,0,0,S BROADWAY ST & W WESLEY AVE,11,1,0,1,1,1,0,0,30,0,0,0,0,0,4,2,3
,2022-29585,-104.9593596,39.70386391,8/15/2022 13:30,13:30,12,0,0,S UNIVERSITY BLVD & E EXPOSITION AVE,1,1,0,0,1,1,0,0,30,0,0,0,0,0,4,2,3
,2022-29587,-105.02504,39.67528799,8/15/2022 18:46,18:46,12,0,0,S FEDERAL BLVD & W ILIFF AVE,11,2,0,1,1,4,0,0,40,0,0,0,0,0,2,2,13
,2022-29588,-104.9593978,39.66614522,8/15/2022 15:40,15:40,3,0,0,2800 BLK S UNIVERSITY BLVD & E YALE BLVD,11,1,1,0,1,2,0,0,30,0,0,0,0,0,4,2,11
,2022-29591,-104.9320717,39.7433576,8/13/2022 12:48,12:48,3,0,1,E 17TH AVE & N DAHLIA ST,1,1,0,0,1,1,0,0,25,0,0,0,0,2,4,2,14
,2022-29595,-104.9194311,39.73833124,8/15/2022 11:25,11:25,3,0,0,E 14TH AVE & N JERSEY ST,1,1,0,0,1,3,0,0,25,0,0,0,0,0,4,2,11
,2022-29596,-104.9862613,39.72564692,8/15/2022 12:30,12:30,15,0,0,N LINCOLN ST & E SPEER BLVD,1,1,0,0,1,1,0,0,30,0,0,0,0,0,4,2,3
,2022-29597,-104.9705114,39.75072467,8/15/2022 17:35,17:35,8,0,2,E 23RD AVE & N DOWNING ST,11,1,0,0,1,4,0,0,25,0,0,0,0,2,4,3,16
,2022-29601,-104.9791269,39.71819462,8/5/2022 10:09,10:09,6,0,0,700 BLK E 1ST AVE & N,1,1,0,0,1,4,0,0,25,0,0,0,0,0,4,2,16
,2022-29602,-104.9875017,39.71657574,8/8/2022 14:40,14:40,11,0,1,S BROADWAY ST & W ELLSWORTH AVE,1,1,0,0,1,1,0,0,30,0,0,1,1,3,4,2,7
,2022-29603,-104.9931802,39.74710191,8/1/2022 13:45,13:45,6,0,0,1700 BLK CHAMPA ST & 17TH ST.,1,1,0,0,1,4,0,0,30,0,0,0,0,0,4,2,13
,2022-29612,-104.9891764,39.73684538,8/14/2022 17:56,17:56,11,0,1,W 13TH AVE & N BANNOCK ST,1,1,0,0,1,12,0,0,0,0,1,0,0,1,4,1,16
,2022-29615,-105.0250486,39.67864394,8/10/2022 17:20,17:20,12,0,1,S FEDERAL BLVD & W EVANS AVE,1,1,0,0,1,4,0,0,35,0,0,0,0,1,2,2,3
,2022-29616,-104.9777197,39.78898058,7/30/2022 13:47,13:47,12,0,0,N WASHINGTON CLARKSON ALY & E 51ST AVE,1,1,1,0,1,1,0,0,,0,0,0,0,0,4,2,16
,2022-29618,-104.9511834,39.76195754,7/16/2022 21:48,21:48,3,0,0,E MLK BLVD & N ST PAUL ST,1,3,0,0,1,1,0,0,25,0,0,0,0,1,4,2,16
,2022-29619,-104.9406162,39.7366912,8/16/2022 10:17,10:17,15,0,0,E 13TH AVE & N COLORADO BLVD,11,1,0,1,1,1,0,0,30,0,0,0,0,0,2,2,11
,2022-29633,-104.9017452,39.62377074,8/15/2022 10:00,10:00,15,0,0,I-25 & E BELLEVIEW AVE  (APPROX),1,1,0,0,1,4,0,0,65,0,0,0,0,0,1,2,3
,2022-29634,-104.6903851,39.82475017,8/16/2022 10:13,10:13,12,0,0,7100 BLK N JACKSON GAP ST & E 71ST AVE,11,1,0,1,1,4,0,0,25,0,0,0,0,0,4,2,11
,2022-29635,-104.9828625,39.7901185,8/16/2022 11:44,11:44,5,0,0,GRANT ST 1500 N  & N LOGAN ST ALLEY,11,1,0,1,1,9,0,0,30,0,0,0,0,0,4,1,16
,2022-29639,-104.9034358,39.79355015,8/15/2022 16:43,16:43,12,0,0,N QUEBEC ST & E 53RD PL,11,1,0,0,1,3,0,0,40,0,0,0,0,0,2,2,14
,2022-29652,-104.900393,39.77822983,8/16/2022 19:35,19:35,12,0,0,I-70 EB ENT GORE PT & N QUEBEC ST,1,2,1,0,1,14,0,1,55,0,0,0,0,0,1,2,13
,2022-29657,-104.9230734,39.69639765,8/16/2022 14:53,14:53,12,0,0,CHERRY CREEK DR S & S HOLLY ST,1,1,0,0,1,1,0,0,,0,0,0,0,0,4,2,16
,2022-29678,-104.9992031,39.69043594,5/4/2022 0:01,0:01,9,1,0,S JASON ST & S PLATTE RIVER DR,11,3,0,1,2,1,0,0,25,0,0,0,0,4,4,1,1
,2022-29679,-104.9405112,39.76185194,8/15/2022 15:00,15:00,1,0,0,N COLORADO BLVD & E MLK BLVD,11,1,0,1,1,1,0,0,,0,0,0,0,0,2,2,16
,2022-29680,-104.9404553,39.78377163,5/11/2022 16:51,16:51,11,1,0,N COLORADO BLVD & E 48TH AVE,1,1,0,0,1,1,0,0,0,0,1,0,0,4,2,1,16
,2022-29681,-104.9827601,39.7551677,7/5/2022 23:48,23:48,6,0,0,2500 BLK CHAMPA ST & 26TH ST / CHAMPA ST,1,3,0,0,2,4,0,0,30,0,0,0,0,0,4,3,11
,2022-29683,-104.9775873,39.72933726,7/29/2022 11:13,11:13,6,0,0,800 BLK N CLARKSON ST & E 8TH AVE,1,3,0,0,1,4,0,0,25,0,0,0,0,0,4,2,16
,2022-29684,-104.9009735,39.62399653,8/17/2022 8:57,8:57,15,0,1,I-25 NB ON RAMP & E BELLEVIEW AVE,1,1,1,0,1,8,0,0,55,0,0,0,0,1,1,2,3
,2022-29685,-104.9025336,39.76737975,8/16/2022 14:29,14:29,10,0,0,E 36TH AVE & N QUEBEC ST,11,1,0,0,1,1,0,0,40,0,0,0,0,0,4,3,7
,2022-29686,-104.9738491,39.72195409,8/17/2022 6:22,6:22,6,0,0,1100 BLK E 4TH AVE & N CORONA ST,1,1,0,0,1,4,0,0,25,0,0,0,0,1,4,4,16
,2022-29687,-104.8657294,39.78224606,8/17/2022 7:50,7:50,15,0,0,N HAVANA ST & E 47TH AVE,1,1,0,0,1,3,0,0,35,0,0,0,0,0,4,2,7
,2022-29688,-104.8470333,39.77392325,8/17/2022 12:16,12:16,12,0,0,N PEORIA ST & I-70,1,1,0,0,1,4,0,0,35,0,0,0,0,0,4,2,3
,2022-29691,-104.9875843,39.66948509,8/16/2022 13:30,13:30,6,0,0,E VASSAR AVE 5 & S BROADWAY ST,1,1,0,0,1,4,0,0,20,0,0,0,0,0,4,2,10
,2022-29692,-104.8657526,39.77889209,8/17/2022 15:50,15:50,12,0,1,4500 BLK N HAVANA ST & E. 45TH AVE,1,1,0,0,1,4,0,0,40,0,0,0,0,2,4,2,13
,2022-29693,-104.9128795,39.7784036,8/17/2022 7:50,7:50,12,0,0,I-70 & N MONACO ST,1,1,0,0,1,4,0,0,55,0,0,0,0,0,1,2,16