id,drcog_id,longitude,latitude,crashtime,time,crashtype,numbkilled,numbinjurd,drcoglocat,rdconditin,lightngcon,roadcntgrd,weatherco,location,roaddescrp,schoolzone,constrzone,splimit,bikeinv,pedinv,sctrinv,motoinv,svrty,rdsystem,ttlvehcls,hcf
,2022-29978,-104.8937112,39.63546326,8/19/2022 8:16,8:16,12,0,0,I-225 & S TAMARAC ST,1,1,0,0,1,4,0,0,65,0,0,0,0,0,1,2,3
,2022-29981,-104.8843384,39.79975844,8/18/2022 15:17,15:17,12,0,0,N CENTRAL PARK BLVD & E 56TH AVE,1,1,0,0,1,3,0,0,35,0,0,0,0,0,4,2,14
,2022-29983,-104.9034576,39.74007895,8/18/2022 23:57,23:57,1,0,0,E COLFAX AVE & N QUEBEC ST,1,3,0,0,1,1,0,0,40,0,0,0,0,0,2,2,3
,2022-29988,-104.9270935,39.66982868,8/18/2022 15:50,15:50,12,0,0,I-25 & E YALE AVE,1,1,0,0,1,4,0,0,55,0,0,0,0,0,1,3,3
,2022-29989,-104.9791539,39.77935673,8/18/2022 17:10,17:10,15,0,0,I-70 & N WASHINGTON ST,1,1,0,0,1,4,0,0,45,0,0,0,0,0,1,3,13
,2022-29990,-104.9185139,39.65305196,8/19/2022 8:01,8:01,12,0,1,I-25 & E HAMPDEN AVE,1,1,0,0,1,4,0,0,65,0,0,0,0,1,1,2,3
,2022-29991,-104.8683658,39.65353602,8/19/2022 13:39,13:39,15,0,0,HAVANA ST 2700 BLK S  & E YALE AVE,1,1,1,0,1,4,0,0,35,0,0,0,0,0,2,2,16
,2022-29992,-104.7721146,39.78369349,8/19/2022 16:03,16:03,15,0,0,E GVR BLVD & N TOWER RD,11,1,0,0,1,1,0,0,40,0,0,0,0,0,4,2,11
,2022-29993,-104.8936474,39.76002895,8/18/2022 17:30,17:30,12,0,0,E MLK BLVD & N UINTA ST,1,1,0,0,1,4,0,0,35,0,0,0,0,1,4,2,3
,2022-29995,-104.9150768,39.68572804,8/19/2022 15:21,15:21,3,0,0,S LEYDEN ST & E MEXICO AVE,1,1,0,0,1,3,0,0,,0,0,0,0,0,4,2,11
,2022-29996,-104.9874296,39.72667396,8/18/2022 23:28,23:28,3,0,2,N BROADWAY ST & E SPEER BLVD,1,3,0,0,1,1,0,0,35,0,0,0,0,2,4,2,13
,2022-29997,-104.7904699,39.78363776,8/19/2022 13:45,13:45,5,0,0,E GVR BLVD & PENA BLVD ,1,1,0,0,2,1,0,0,,0,0,0,0,0,4,2,16
,2022-29999,-105.01132,39.7256134,8/18/2022 15:22,15:22,12,0,0,W 6TH AVE & I-25 ,1,1,0,0,1,4,0,0,35,0,0,0,0,0,2,2,13
,2022-30009,-104.9907143,39.75710128,8/19/2022 18:54,18:54,3,0,0,BLAKE ST & PARK AVE W,1,1,0,0,1,1,0,0,25,0,0,0,0,0,4,2,13
,2022-30015,-104.9861232,39.7352747,8/19/2022 13:15,13:15,12,0,0,N LINCOLN ST & E 12TH AVE,1,1,0,0,1,1,0,0,30,0,0,0,0,0,4,3,11
,2022-30024,-104.7648974,39.78372349,8/20/2022 13:25,13:25,1,0,0,E GVR BLVD & N ARGONNE ST,1,1,0,0,1,1,0,0,35,0,0,0,0,0,4,2,13
,2022-30025,-105.0156817,39.68395046,8/20/2022 1:26,1:26,6,0,2,1800 BLK S ZUNI ST & W COLORADO AVE,1,3,0,0,1,4,0,0,30,0,0,0,0,2,4,2,14
,2022-30028,-104.9862754,39.70379613,8/20/2022 11:22,11:22,15,0,0,700 BLK S LINCOLN ST & E. EXPOSITION AVE,1,1,0,7,1,4,0,0,30,0,0,0,0,1,4,3,1
,2022-30030,-104.9828354,39.66769719,8/16/2022 15:58,15:58,14,0,0,S LOGAN ST & E YALE AVE,1,1,3,0,1,1,0,0,,0,0,0,0,0,4,1,16
,2022-30032,-104.8973293,39.74744575,8/19/2022 18:03,18:03,12,0,0,7900 BLK E MONTVIEW BLVD & N SPRUCE ST,1,1,0,0,1,3,0,0,30,0,0,0,0,1,4,4,3
,2022-30037,-104.8999104,39.74183776,6/15/2022 21:30,21:30,6,0,0,1500 BLK N ROSEMARY ST & E 16TH AVE,1,3,0,0,1,4,0,0,,0,0,0,0,0,4,2,16
,2022-30039,-104.9362804,39.6814831,8/19/2022 22:25,22:25,6,0,0,JEWELL AVE & 4450 E ,1,3,0,7,5,7,0,0,,0,0,0,0,0,3,2,16
,2022-30040,-104.9929399,39.69666191,8/20/2022 0:02,0:02,15,0,0,W MISSISSIPPI AVE & S PLATTE RIVER DR,1,3,0,0,1,1,0,0,45,0,0,0,0,0,2,2,1
,2022-30048,-104.9807755,39.7256341,8/2/2022 14:10,14:10,15,0,0,600 BLK E 6TH AVE & N PENNSYLVANIA ST,1,1,0,0,1,12,0,0,35,0,0,0,0,0,4,2,16
,2022-30049,-104.9783023,39.78466001,8/11/2022 6:18,6:18,6,0,0,4800 BLK N WASHINGTON ST & E ELGIN PL,1,2,0,7,1,4,0,0,30,0,0,0,0,0,4,2,16
,2022-30051,-104.9994078,39.71324123,8/19/2022 23:00,23:00,3,0,0,S KALAMATH ST & W CENTER AVE,1,3,0,0,1,1,0,0,45,0,0,0,0,0,4,2,13
,2022-30052,-104.9659949,39.73917337,8/12/2022 2:15,2:15,6,0,0,1400 BLK N WILLIAMS ST & E COLFAX AVE,1,4,0,0,1,4,0,0,30,0,0,0,0,0,4,4,16
,2022-30057,-104.9597831,39.74325971,8/19/2022 14:54,14:54,10,0,0,E 17TH AVE & N YORK ST,1,1,0,0,1,1,0,0,,0,0,0,0,0,4,2,16
,2022-30059,-104.8851167,39.63929362,6/23/2022 22:35,22:35,15,0,0,I-225 & S YOSEMITE ST,1,3,0,0,1,4,0,0,55,0,0,0,0,0,1,2,16
,2022-30065,-105.0251004,39.73800989,8/19/2022 21:00,21:00,1,0,0,N FEDERAL BLVD & W HOWARD PL,1,3,0,0,1,1,0,0,45,0,0,0,0,0,2,2,1
,2022-30068,-104.9623508,39.74162433,8/13/2022 16:08,16:08,6,0,0,E 16TH AVE & N VINE ST,1,1,0,0,1,4,0,0,25,0,0,0,0,0,4,2,14
,2022-30077,-105.0249799,39.72565363,7/29/2022 21:37,21:37,12,0,5,N FEDERAL BLVD  & W 6TH AVE WB ON RAMP,1,3,0,0,1,1,0,0,40,0,0,0,0,1,2,3,13
,2022-30084,-104.9934184,39.75365463,8/19/2022 19:50,19:50,12,0,0,20TH ST & MARKET ST,1,1,0,0,1,1,0,0,35,0,0,0,0,0,4,2,1
,2022-30085,-104.9407842,39.74348385,8/11/2022 14:16,14:16,15,0,0,N COLORADO BLVD & E 17TH AVE,1,1,0,0,1,4,0,0,35,0,0,0,0,0,4,2,11
,2022-30086,-105.0532578,39.71133201,8/19/2022 21:29,21:29,1,0,0,W ALAMEDA AVE & S SHERIDAN BLVD,1,3,0,0,1,1,0,0,40,0,0,0,1,0,2,2,13
,2022-30089,-104.9406143,39.73828662,8/19/2022 13:24,13:24,2,0,1,E 14TH AVE & N COLORADO BLVD,1,1,0,0,1,1,0,0,35,1,0,0,0,1,2,1,11
,2022-30090,-104.9579613,39.74018547,6/15/2022 15:00,15:00,6,0,0,2400 BLK E COLFAX AVE & N COLUMBINE ST,1,1,0,0,1,4,0,0,35,0,0,0,0,0,2,2,16
,2022-30091,-104.7904781,39.78363779,8/19/2022 15:31,15:31,1,0,0,E GREEN VALLEY RANCH BLVD & PENA BLVD,1,1,0,0,1,1,0,0,35,0,0,0,0,0,4,2,11
,2022-30093,-104.8847851,39.65305436,8/19/2022 11:58,11:58,3,0,1,S YOSEMITE ST & E HAMPDEN AVE,1,1,1,0,1,1,0,0,35,0,0,0,0,1,2,2,16
,2022-30096,-104.9594492,39.66034531,8/7/2022 21:36,21:36,3,0,0,S UNIVERSITY BLVD & E DARTMOUTH AVE,11,3,0,1,1,1,0,0,35,0,0,0,0,0,4,2,16
,2022-30102,-104.8638498,39.78227503,8/10/2022 15:30,15:30,15,0,0,E 47TH AVE & N HAVANA ST,1,1,0,0,1,3,0,0,35,0,0,0,0,0,4,2,16
,2022-30106,-105.0304862,39.76212631,8/18/2022 22:45,22:45,6,0,0,3300 BLK W 32ND AVE & N JULIAN ST,1,3,1,0,1,4,0,0,30,0,0,0,0,0,4,3,16
,2022-30108,-105.0493465,39.71861728,7/20/2022 19:03,19:03,6,0,0,115 N XAVIER ST & N TENNYSON ST,1,1,0,0,1,4,0,0,25,0,0,0,0,0,4,2,16
,2022-30112,-105.0130163,39.72542371,8/18/2022 6:49,6:49,12,0,0,I-25  & W 6TH AVE,1,1,0,0,1,14,0,0,55,0,0,0,0,0,1,3,16
,2022-30115,-104.9871287,39.71937067,4/20/2022 16:52,16:52,12,0,1,200 N BROADWAY ST & E 3RD AVE,1,1,0,0,1,3,0,0,35,0,0,0,1,3,4,2,16
,2022-30124,-105.0001882,39.72412152,7/21/2022 12:10,12:10,2,0,1,W 5TH AVE & N KALAMATH ST,1,1,0,0,1,1,0,0,25,1,0,0,0,2,4,1,16
,2022-30127,-105.0237887,39.69673521,8/19/2022 18:29,18:29,3,0,1,MISSISSIPPI AVE W  & S ELIOT ST,1,1,0,0,1,3,0,0,30,0,0,0,0,2,4,2,16
,2022-30129,-105.0250623,39.69511822,5/30/2022 21:08,21:08,16,0,1,1194 S FEDERAL BLVD & nan,1,3,0,0,5,7,0,0,35,0,1,0,0,2,2,1,14
,2022-30141,-105.000155,39.72594727,8/18/2022 16:16,16:16,6,0,0,N KALAMATH ST & W 7TH AVE,1,1,0,0,1,3,0,0,30,0,0,0,0,0,4,2,16
,2022-30142,-104.9803501,39.78922047,7/27/2022 20:42,20:42,6,0,0,500 BLK E 51ST AVE & 500 BLK E,1,3,0,0,1,4,0,0,25,0,0,0,0,0,4,2,16
,2022-30145,-104.8097976,39.78374358,8/19/2022 23:13,23:13,3,0,0,E GVR BLVD & N CHAMBERS RD,1,3,0,0,1,1,0,0,40,0,0,0,0,0,4,2,11
,2022-30148,-104.9640647,39.69126845,8/19/2022 5:30,5:30,11,0,1,RACE ST 1300 BLK S  & E ARKANSAS AVE,1,4,0,0,1,4,0,0,,0,1,0,0,3,4,1,16
,2022-30150,-105.0251004,39.73800989,4/28/2022 20:51,20:51,11,0,1,1300 BLK N FEDERAL BLVD & W HOWARD PL,1,3,0,0,1,4,0,0,0,0,1,0,0,2,2,1,16
,2022-30152,-105.0238495,39.71300586,8/18/2022 19:27,19:27,8,0,1,W CEDAR AVE & S ELIOT ST,1,1,0,0,1,1,0,0,20,0,0,0,1,2,4,2,16
,2022-30191,-105.0250779,39.709412,8/16/2022 14:52,14:52,12,0,0,S FEDERAL BLVD & W DAKOTA AVE,1,1,0,0,1,1,0,0,40,0,0,0,0,0,2,2,16
,2022-30219,-104.9920185,39.75811679,8/21/2022 0:39,0:39,15,0,0,PARK AVE W 1700 BLK  & WAZEE ST,1,3,1,0,1,4,0,0,35,0,0,0,0,0,4,2,3
,2022-30221,-105.0014483,39.78325544,8/20/2022 22:52,22:52,15,0,0,I-70  & I-25,1,3,0,0,1,4,0,0,55,0,0,0,0,0,1,2,13
,2022-30223,-104.8155571,39.78841737,8/18/2022 0:55,0:55,6,0,0,52ND AVE 14658 E & N DEARBORN ST,1,3,0,0,1,4,0,0,25,0,0,0,0,0,4,3,1
,2022-30227,-104.987389,39.74013068,8/19/2022 23:05,23:05,12,0,0,BROADWAY ST 1500 N & E COLFAX AVE,1,3,0,0,1,3,0,0,30,0,0,0,0,0,4,2,1
,2022-30228,-104.9948632,39.76568234,8/20/2022 21:51,21:51,12,0,0,PARK AVE W & N GLOBEVILLE RD,1,4,2,0,1,4,0,0,35,0,0,0,0,0,4,2,16
,2022-30230,-104.9793399,39.77832906,8/20/2022 21:29,21:29,12,0,0,W 45TH AVE & N WASHINGTON ST,1,3,0,0,1,1,0,0,35,0,0,0,0,0,4,4,3
,2022-30253,-104.9798032,39.74326413,8/21/2022 3:00,3:00,15,0,0,E 17TH AVE & N PEARL ST,1,3,0,0,1,4,0,0,30,0,0,0,0,0,4,2,13
,2022-30257,-104.9798959,39.74167092,8/20/2022 0:30,0:30,8,0,0,E 16TH AVE & N PEARL ST,1,3,0,0,1,1,0,0,25,0,0,0,0,0,4,2,13
,2022-30259,-104.9947773,39.76260725,8/20/2022 21:51,21:51,12,0,0,PARK AVE W & N GLOBEVILLE RD,1,3,1,0,1,4,0,0,35,0,0,0,0,0,4,2,13
,2022-30260,-104.8196322,39.79450394,8/21/2022 13:26,13:26,14,0,0,N CRYSTAL WAY & N CHANDLER CT,1,1,0,0,1,3,0,0,25,0,0,0,0,0,4,2,3
,2022-30262,-105.0345722,39.78362123,8/21/2022 4:20,4:20,6,0,0,4737 LOWELL BLVD & W 48TH AVE,1,4,0,7,1,4,0,0,30,0,0,0,0,0,4,2,3
,2022-30264,-104.9731898,39.75450659,8/21/2022 16:46,16:46,6,0,1,E 26TH AVE & N DOWNING ST,1,1,0,0,3,4,0,0,25,0,0,0,0,2,4,3,16
,2022-30266,-104.9034131,39.77851754,8/18/2022 9:30,9:30,12,0,1,I-70  & N NORTHFIELD QUEBEC ST NB,14,5,3,7,1,4,0,0,55,0,0,0,0,3,4,2,16
,2022-30269,-104.959261,39.71111793,8/20/2022 22:05,22:05,3,0,1,S UNIVERSITY BLVD & E ALAMEDA AVE,1,3,1,0,1,1,0,0,30,0,0,0,0,1,4,2,1
,2022-30276,-105.0324832,39.72293038,8/21/2022 13:38,13:38,3,0,0,N KNOX CT & W 4TH AVE,14,1,0,7,1,3,0,0,,0,0,0,0,0,4,3,8
,2022-30311,-104.833819,39.77286982,8/20/2022 20:51,20:51,12,0,0,I-70 & I-225,1,3,0,0,1,4,0,0,70,0,0,0,0,0,1,3,16
,2022-30358,-104.9862611,39.72561946,6/17/2022 23:47,23:47,12,0,0,LINCOLN ST & E 6TH AVE,1,3,0,0,1,4,0,0,35,0,0,0,0,0,4,2,13
,2022-30373,-104.7905471,39.77557418,8/22/2022 14:51,14:51,15,0,0,4300 BLK PENA BLVD INBOUND & E 40TH AVE,1,1,0,0,1,14,0,0,45,0,0,0,0,0,4,2,1
,2022-30379,-104.9848574,39.73678729,8/20/2022 1:00,1:00,6,0,0,SHERMAN ST 1200 BLK N  & E 13TH AVE,1,3,0,7,1,4,0,0,30,0,0,0,0,0,4,2,16
,2022-30383,-105.0033822,39.76040305,8/21/2022 15:20,15:20,12,0,0,20TH ST & LITTLE RAVEN ST,1,1,1,0,1,4,0,0,30,0,0,0,0,1,4,4,3
,2022-30384,-105.0573349,39.67814934,8/21/2022 15:05,15:05,6,0,0,5600 BLK W GREEN MEADOWS PL & S.DEPEW ST,1,1,0,0,1,4,0,0,25,0,0,0,0,1,4,3,1
,2022-30386,-104.900516,39.75932632,8/22/2022 13:00,13:00,3,0,0,N ROSLYN ST & E 29TH DR,1,1,0,0,1,2,0,0,,0,0,0,0,0,4,2,16
,2022-30391,-104.9480133,39.78381116,8/20/2022 9:50,9:50,1,0,0,E 48TH AVE & N VASQUEZ BLVD,1,1,0,0,1,1,0,0,45,0,0,0,0,0,4,2,11
,2022-30392,-104.9406108,39.74139091,8/22/2022 17:39,17:39,10,0,0,N COLORADO BLVD & E. 16TH AVE,1,1,0,0,1,1,0,0,30,0,0,0,0,0,2,2,13
,2022-30394,-104.9027525,39.76119728,8/1/2022 9:39,9:39,3,0,2,E MLK BLVD & N QUEBEC ST,1,1,0,0,1,1,0,0,35,0,0,0,0,3,4,2,10
,2022-30395,-104.9407856,39.72559985,7/16/2022 2:11,2:11,15,0,1,COLORADO BLVD & 6TH AVE,1,3,0,0,1,1,0,0,40,0,0,0,1,2,2,2,16
,2022-30396,-104.8827688,39.77727111,8/22/2022 11:36,11:36,15,0,1,I-70  & N CENTRAL PARK BLVD,1,1,0,0,1,4,0,1,55,0,0,0,0,1,1,3,16
,2022-30397,-104.903607,39.77822269,8/22/2022 17:04,17:04,15,0,0,I-70 & N QUEBEC ST,11,1,0,1,1,13,0,0,65,0,0,0,0,0,1,2,14
,2022-30398,-105.0438245,39.67080917,8/21/2022 2:00,2:00,6,0,0,2569 S TENNYSON WAY & W VASSAR AVE,1,3,0,0,1,4,0,0,25,0,0,0,0,0,4,2,16
,2022-30399,-104.939188,39.66226733,8/20/2022 10:30,10:30,6,0,0,ASH ST 3000 BLK S  & E CORNELL AVE,1,1,0,0,1,2,0,0,25,0,0,0,0,0,4,2,10
,2022-30408,-104.9497561,39.78021309,8/20/2022 20:35,20:35,12,0,1,N STEELE ST & E 46TH AVE,1,3,0,0,1,4,0,0,40,0,0,0,0,1,2,2,14
,2022-30412,-105.0345746,39.78332355,8/22/2022 7:15,7:15,12,0,0,I-70 & N LOWELL BLVD,1,1,0,0,1,4,0,0,55,0,0,0,0,0,1,2,16
,2022-30414,-104.931703,39.65303648,8/22/2022 18:27,18:27,1,0,1,E HAMPDEN AVE & E HAPPY CANYON RD,1,1,0,0,1,1,0,0,40,0,0,0,1,2,2,2,10
,2022-30416,-104.9730753,39.67851152,8/21/2022 14:50,14:50,12,0,0,1200 BLK E EVANS AVE & S. DOWNING ST.,1,1,0,0,1,3,0,0,30,0,0,0,0,0,4,2,12
,2022-30419,-104.8905205,39.76001325,8/21/2022 21:19,21:19,3,0,0,N CENTRAL PARK BLVD & E MLK BLVD,1,3,0,0,1,1,0,0,35,0,0,0,0,0,4,2,13
,2022-30423,-104.8936671,39.6366547,8/22/2022 9:10,9:10,12,0,0,I-225 SB OFF RAMP SLIP & S TAMARAC ST,1,1,0,0,1,8,0,0,30,0,0,0,0,0,4,2,16
,2022-30424,-104.882959,39.77713978,8/20/2022 21:41,21:41,15,0,0,I-70  & N CENTRAL PARK BLVD,1,3,0,0,1,4,0,0,,0,0,0,0,0,1,2,16
,2022-30426,-104.987415,39.7528936,8/19/2022 15:30,15:30,1,0,0,N BROADWAY & CURTIS ST,1,1,0,0,1,1,0,0,30,0,0,0,0,0,4,2,11
,2022-30435,-104.9222821,39.70734591,8/20/2022 12:00,12:00,15,0,0,S HOLLY ST & LEEDALE DR,1,1,0,0,1,4,0,0,,0,0,0,0,0,2,2,16
,2022-30440,-104.9734181,39.68999371,8/20/2022 11:40,11:40,12,0,0,I-25 & S DOWNING ST,1,1,0,0,1,4,0,0,,0,0,0,0,0,1,4,16
,2022-30453,-105.0158354,39.75630377,8/21/2022 13:39,13:39,1,0,0,N SPEER BLVD & N ZUNI ST,1,1,1,0,1,1,0,0,35,0,0,0,0,0,4,2,11
,2022-30466,-104.9046364,39.73541831,8/21/2022 20:55,20:55,6,0,0,N POPLAR ST & E 12TH AVE,1,3,0,0,1,4,0,0,25,0,0,0,0,0,4,2,16
,2022-30474,-105.0064273,39.78326345,8/21/2022 2:52,2:52,12,0,0,I-70  & N PECOS ST,1,3,0,0,1,4,0,0,55,0,0,0,0,0,1,2,3
,2022-30475,-104.7376334,39.77647879,8/21/2022 18:33,18:33,6,0,0,21547 E 43RD PL & N ORLEANS ST,11,1,0,1,1,4,0,0,25,0,0,0,0,0,4,2,16
,2022-30476,-105.0127078,39.75512692,8/22/2022 7:22,7:22,15,0,0,I-25 & N SPEER BLVD,1,1,0,0,1,4,0,0,55,0,0,0,0,0,1,2,3
,2022-30477,-104.7922133,39.77282654,8/21/2022 16:07,16:07,3,0,3,E 40TH AVE & AIRPORT BLVD,11,1,0,1,1,1,0,0,40,0,0,0,0,2,4,2,3
,2022-30478,-105.0043198,39.76094363,8/22/2022 6:47,6:47,12,0,0,I-25 & 20TH ST,1,1,0,0,1,4,0,0,55,0,0,0,0,0,1,2,3
,2022-30479,-105.0133487,39.72550245,8/21/2022 11:39,11:39,12,0,0,I-25  & W 6TH AVE,1,1,0,0,1,4,0,0,55,0,0,0,0,0,1,2,7
,2022-30480,-104.7769816,39.79843236,8/15/2022 7:55,7:55,15,0,0,E 56TH AVE & PENA BLVD,1,1,0,0,1,4,0,0,40,0,0,0,0,0,4,2,1
,2022-30481,-104.8996813,39.78562945,8/21/2022 18:58,18:58,15,0,0,E NORTHFIELD BLVD & N QUEBEC ST,11,1,1,1,1,1,0,0,40,0,0,0,0,0,2,2,11
,2022-30482,-104.8881793,39.73870463,8/21/2022 2:16,2:16,5,0,1,E 14TH AVE & N WILLOW ST,1,3,0,0,2,1,0,0,30,0,0,0,0,1,4,3,16
,2022-30484,-104.904089,39.62835,8/22/2022 11:39,11:39,15,0,0,I-25  & E UNION BLVD,1,1,0,0,1,4,0,0,65,0,0,0,0,0,1,2,10
,2022-30491,-105.0346416,39.73476669,8/15/2022 5:50,5:50,11,0,1,W 12TH AVE & N LOWELL BLVD,1,1,0,0,1,4,0,0,,0,1,0,0,3,4,1,16
,2022-30504,-104.9929317,39.73845066,8/22/2022 5:52,5:52,3,0,0,N DELAWARE ST & W 14TH AVE,1,1,0,0,1,1,0,0,30,0,0,0,0,0,4,2,11
,2022-30506,-104.9791539,39.77935673,8/22/2022 6:40,6:40,15,0,0,I-70 EB ON RAMP & N WASHINGTON ST,1,1,1,0,1,8,0,0,35,0,0,0,0,0,1,2,11
,2022-30508,-105.0131182,39.72551753,8/22/2022 18:08,18:08,12,0,0,I-25  & W 6TH AVE,1,1,0,0,1,4,0,0,60,0,0,0,0,0,1,2,13
,2022-30517,-104.9262626,39.67846918,8/18/2022 11:52,11:52,15,0,0,E EVANS AVE & S GRAPE ST,1,1,0,0,1,4,0,0,,0,0,0,0,0,4,2,16
,2022-30706,-105.0052348,39.74012347,8/22/2022 9:25,9:25,12,0,1,COLFAX AVE & 1400 BLK W ,1,1,1,0,1,3,0,0,35,0,0,0,0,2,2,2,1
,2022-30707,-104.9851148,39.7256371,8/23/2022 12:31,12:31,3,0,0,E SPEER BLVD & E 6TH AVE,1,1,0,0,1,1,0,0,,0,0,0,0,0,4,2,16
,2022-30709,-104.9826107,39.71833567,8/22/2022 19:30,19:30,12,0,0,E 1ST AVE & N LOGAN ST,1,1,0,0,1,1,0,0,25,0,0,0,0,0,4,3,14
,2022-30710,-104.9406163,39.70018817,8/22/2022 15:00,15:00,12,0,0,S COLORADO BLVD & E KENTUCKY AVE,1,1,0,0,1,1,0,0,,0,0,0,0,0,2,2,16
,2022-30711,-104.9724366,39.77067528,8/23/2022 12:24,12:24,12,0,0,1400 BLK 38TH ST & WALNUT ST,1,1,1,0,1,3,0,0,25,0,0,0,0,0,4,2,1
,2022-30712,-104.9729391,39.72728422,8/22/2022 13:35,13:35,3,0,1,N DOWNING ST & E 7TH AVE,1,1,0,0,1,1,0,0,30,0,0,0,0,2,4,2,11
,2022-30713,-104.7590094,39.78002367,8/24/2022 12:07,12:07,3,0,0,N FLANDERS WAY & E 46TH AVE,1,1,0,0,1,1,0,0,25,0,0,0,0,0,4,2,7
,2022-30714,-104.9876016,39.78331182,8/20/2022 14:23,14:23,6,0,0,BROADWAY ST 4700 BLK N  & W 48TH AVE,1,1,1,0,1,4,0,0,25,0,0,0,0,0,4,3,1
,2022-30718,-104.9901734,39.7548101,7/12/2022 15:27,15:27,3,0,0,22ND ST & LARIMER ST,1,1,0,0,1,1,0,0,25,0,0,0,0,1,4,5,7
,2022-30721,-104.8926826,39.63867079,8/24/2022 13:30,13:30,1,0,0,E QUINCY AVE & S TAMARAC DR,1,1,1,0,1,1,0,0,30,0,0,0,0,0,4,2,11
,2022-30722,-104.8841392,39.72390023,8/23/2022 13:26,13:26,15,0,0,N YOSEMITE ST & E LOWRY BLVD,1,1,0,0,1,1,0,0,35,0,0,0,0,0,4,2,16
,2022-30731,-105.0252332,39.77022083,8/22/2022 10:59,10:59,12,0,0,N FEDERAL BLVD & W DENVER PL,1,1,0,0,1,1,0,0,30,0,0,0,0,0,2,2,3
,2022-30732,-104.9405044,39.78002872,8/23/2022 13:30,13:30,15,0,0,I-70 & N COLORADO BLVD,1,1,0,0,1,4,0,0,55,0,0,0,0,0,1,2,11
,2022-30735,-104.9724243,39.71111475,8/23/2022 14:00,14:00,3,0,1,E ALAMEDA AVE & S MARION ST,1,1,0,0,1,1,0,0,30,0,0,0,0,2,4,2,3
,2022-30736,-104.9786809,39.73199978,8/23/2022 19:48,19:48,6,0,1,N WASHINGTON ST & E 10TH AVE,1,1,0,0,1,4,0,0,20,0,0,0,0,2,4,2,3
,2022-30738,-104.9734196,39.68888184,8/23/2022 22:00,22:00,1,0,0,S DOWNING ST & E BUCHTEL AVE,1,3,0,0,1,3,0,0,30,0,0,0,0,1,4,2,8
,2022-30739,-104.7720774,39.81461813,8/24/2022 7:10,7:10,1,0,1,E 65TH AVE & N TOWER RD,1,1,0,0,1,1,0,0,25,0,0,0,0,1,4,2,11
,2022-30740,-104.9129415,39.70386144,8/23/2022 12:00,12:00,1,0,0,S MONACO ST & E EXPOSITION AVE,1,1,0,0,1,1,0,0,35,0,0,0,0,0,4,3,3
,2022-30741,-104.9428761,39.68027595,8/24/2022 17:23,17:23,1,0,1,E BUCHTEL BLVD & S COLORADO BLVD,1,1,0,0,1,1,0,0,30,0,0,0,0,1,4,3,12
,2022-30746,-104.7863773,39.79838481,8/22/2022 18:24,18:24,12,0,0,E 56TH AVE & N PENA BLVD NB,1,1,0,0,1,1,0,0,40,0,0,0,0,0,4,3,11
,2022-30751,-105.0345997,39.78022249,8/23/2022 10:49,10:49,10,0,0,W 46TH AVE & N LOWELL BLVD,1,1,0,0,1,1,0,0,30,0,0,0,0,0,4,2,1
,2022-30756,-104.7648974,39.78372349,8/23/2022 20:17,20:17,1,0,0,E GVR BLVD & N ARGONNE ST,1,3,0,0,1,1,0,0,40,0,0,0,0,0,4,2,1
,2022-30760,-104.8470297,39.77400525,8/22/2022 14:10,14:10,12,0,0,I-70 & N PEORIA ST,1,1,0,0,1,4,0,0,55,0,0,0,0,0,1,2,13
,2022-30764,-104.9593916,39.67663128,8/22/2022 11:45,11:45,12,0,0,S UNIVERSITY BLVD & E WARREN AVE,1,1,0,0,1,1,0,0,30,0,0,0,0,0,4,3,3
,2022-30766,-104.9037056,39.71705946,8/24/2022 16:05,16:05,12,0,0,N QUEBEC ST & E LOWRY BLVD,1,1,0,0,1,3,0,0,40,0,0,0,0,0,4,2,13
,2022-30767,-105.0038982,39.71118407,8/24/2022 15:30,15:30,15,0,0,1200 BLK W ALAMEDA AVE & NAVAJO,1,1,0,0,1,4,0,0,35,0,0,0,0,0,4,2,13
,2022-30769,-104.9991195,39.71120695,8/23/2022 17:45,17:45,12,0,0,I-25 & W ALAMEDA AVE,1,1,0,0,1,4,0,0,65,0,0,0,0,0,1,3,3
,2022-30771,-104.9593084,39.71558753,8/24/2022 15:01,15:01,15,0,0,S UNIVERSITY BL & E CHERRY CREEK S DR,1,1,0,0,1,1,0,0,30,0,0,0,0,0,4,2,8
,2022-30773,-104.9964872,39.75710486,8/23/2022 20:13,20:13,11,0,0,21ST ST & WEWATTA ST,1,3,1,0,1,1,0,0,35,0,0,1,0,0,4,2,13
,2022-30780,-105.0252097,39.78438124,8/23/2022 22:10,22:10,12,0,0,N FEDERAL BLVD & I-70,1,3,0,0,1,4,0,0,35,0,0,0,0,0,2,2,8
,2022-30781,-104.9484059,39.74014862,8/24/2022 11:40,11:40,15,0,0,E COLFAX AVE & N ADAMS ST,1,1,0,0,1,1,0,0,30,0,0,0,0,0,2,2,3
,2022-30783,-104.9404309,39.6929427,8/22/2022 13:35,13:35,6,0,0,E LOUISIANA AVE & S SANT AFE DR,1,1,0,0,1,1,0,0,,0,0,0,0,0,2,2,16
,2022-30784,-104.9948632,39.76568234,8/24/2022 8:45,8:45,15,0,0,N GLOBEVILLE RD & PARK AVE W,1,1,0,0,1,2,0,0,30,0,0,0,0,0,4,2,8