id,drcog_id,longitude,latitude,crashtime,time,crashtype,numbkilled,numbinjurd,drcoglocat,rdconditin,lightngcon,roadcntgrd,weatherco,location,roaddescrp,schoolzone,constrzone,splimit,bikeinv,pedinv,sctrinv,motoinv,svrty,rdsystem,ttlvehcls,hcf
,2022-30785,-104.9949588,39.76832199,8/24/2022 8:00,8:00,12,0,0,I-25 & PARK AVE SB EXIT GORE PT,1,1,1,0,1,4,0,0,55,0,0,0,0,0,1,2,3
,2022-30786,-104.9622525,39.73681723,8/23/2022 9:30,9:30,3,0,1,N VINE ST & E 13TH AVE,1,1,0,0,1,1,0,0,,0,0,0,0,2,4,2,16
,2022-30787,-104.9182339,39.65307809,8/23/2022 8:33,8:33,12,0,0,I-25 & E HAMPDEN AVE,1,1,1,0,1,4,0,0,60,0,0,0,0,0,1,3,3
,2022-30788,-105.053249,39.79076208,8/23/2022 11:20,11:20,9,0,0,N SHERIDAN BLVD & W 52ND AVE,1,1,1,0,3,4,0,0,30,0,0,0,0,0,2,1,3
,2022-30789,-104.9128116,39.67846224,8/22/2022 12:30,12:30,15,0,0,S MONACO ST & E EVANS AVE,1,1,0,0,1,1,0,0,,0,0,0,0,0,4,2,16
,2022-30791,-104.9594472,39.68492177,8/22/2022 10:30,10:30,12,0,0,S UNIVERSITY BLVD & I-25,1,1,0,0,1,1,0,0,30,0,0,0,0,0,4,2,3
,2022-30793,-105.0297849,39.68621718,8/22/2022 17:21,17:21,3,0,1,S IRVING ST & W IOWA AVE,1,1,1,0,1,1,0,0,30,0,0,0,0,2,4,3,13
,2022-30794,-105.0394686,39.72825665,8/22/2022 15:07,15:07,2,0,1,N PERRY ST & W 7TH AVE,1,1,1,0,1,1,0,0,30,1,0,0,0,1,4,1,11
,2022-30795,-104.8052969,39.79528963,8/23/2022 23:03,23:03,6,0,0,5540 N IDALIA ST & E PENSACOLA PL,1,3,0,0,1,4,0,0,25,0,0,0,0,0,4,2,14
,2022-30796,-104.9337605,39.67845081,8/23/2022 16:45,16:45,15,0,0,I-25 & E EVANS AVE,1,1,0,0,1,4,0,0,65,0,0,0,0,0,1,2,3
,2022-30797,-105.0133487,39.72550245,8/22/2022 15:32,15:32,12,0,0,I-25 & W 6TH AVE,1,1,0,0,1,4,0,0,55,0,0,0,0,0,1,3,10
,2022-30798,-104.8841392,39.72390023,8/22/2022 7:36,7:36,15,0,0,E LOWRY BLVD & N YOSEMITE ST,1,1,0,0,1,1,0,0,30,0,0,0,0,0,4,2,8
,2022-30799,-104.9037137,39.69865607,8/24/2022 8:55,8:55,12,0,0,LEETSDALE DR & S QUEBEC ST,1,1,0,0,1,4,0,0,30,0,0,0,0,0,2,2,3
,2022-30803,-104.8787848,39.77675642,8/22/2022 2:57,2:57,5,0,1,I-70 & N CENTRAL PARK BLVD ON RAMP,1,3,0,0,3,4,0,0,65,0,0,0,0,2,1,2,14
,2022-30804,-104.7863773,39.79838481,8/24/2022 0:25,0:25,15,0,0,PENA BLVD & 56TH AVE,1,3,0,0,1,4,0,1,65,0,0,0,0,0,4,2,13
,2022-30807,-104.9889458,39.75575657,8/24/2022 8:24,8:24,10,0,0,PARK AVE_W & LARIMER ST,1,1,0,0,1,1,0,0,25,0,0,0,0,1,4,2,16
,2022-30808,-105.0324723,39.71656745,8/24/2022 17:39,17:39,3,0,1,S KNOX CT & W ELLSWORTH AVE,1,1,0,0,1,1,0,0,25,0,0,0,0,2,4,2,1
,2022-30812,-104.7979662,39.78378639,8/23/2022 17:00,17:00,12,0,1,E GREEN VALLEY RANCH BLVD & N MEMPHIS ST,1,1,0,0,1,1,0,0,35,0,0,0,0,1,4,2,13
,2022-30817,-104.7863061,39.79838499,8/23/2022 7:30,7:30,12,0,0,E 56TH AVE & PENA BLVD,1,1,0,0,1,3,0,0,40,0,0,0,0,0,4,3,13
,2022-30819,-104.9849195,39.75078738,8/24/2022 16:29,16:29,3,0,0,22ND ST & CALIFORNIA ST,1,1,0,0,1,1,0,0,25,0,0,0,0,1,4,2,8
,2022-30823,-104.9022841,39.78566946,8/23/2022 18:12,18:12,12,0,1,I-270 WB ON RAMP & NORTHFIELD QUEBEC ST,1,1,0,0,1,8,0,0,65,0,0,0,0,1,1,3,3
,2022-30826,-105.0029701,39.76547227,8/16/2022 22:05,22:05,6,0,0,MARIPOSA ST 3500 BLK N  & W 36TH AVE,1,3,0,0,1,4,0,0,25,0,0,0,0,0,4,2,16
,2022-30829,-104.9804704,39.75293211,8/23/2022 16:45,16:45,10,0,1,WELTON ST & 25TH ST,1,1,0,0,1,1,0,0,30,0,0,0,0,2,4,2,11
,2022-30831,-104.9610184,39.73692693,8/23/2022 9:57,9:57,6,0,0,1300 BLK N GAYLORD ST & E 13TH AVE,1,1,0,0,1,4,0,0,20,0,0,0,0,0,4,2,3
,2022-30833,-104.9246159,39.77185127,8/22/2022 11:45,11:45,6,0,0,GRAPE ST 3900 BLK N  & E 39TH AVE,1,1,0,0,1,4,0,0,25,0,0,0,0,0,4,2,10
,2022-30834,-105.0180337,39.68411899,8/22/2022 22:15,22:15,3,0,0,S BRYANT ST & W COLORADO AVE,1,3,0,0,1,1,0,0,25,0,0,0,0,0,4,2,16
,2022-30838,-104.9622448,39.73839299,8/23/2022 12:55,12:55,10,0,1,E 14TH AVE & N VINE ST,1,1,0,0,1,1,0,0,30,0,0,0,1,2,4,2,11
,2022-30839,-105.053248,39.75115213,8/22/2022 17:50,17:50,12,0,0,N SHERIDAN BLVD & W 24TH AVE,11,2,0,1,1,4,0,0,35,0,0,0,0,0,2,2,13
,2022-30840,-104.9873997,39.74761943,8/22/2022 15:39,15:39,15,0,0,1900 BLK N BROADWAY ST & E. 19TH AVE,1,1,0,0,1,4,0,0,30,0,0,0,0,0,4,2,11
,2022-30841,-104.9861297,39.73357288,8/24/2022 10:01,10:01,15,0,0,1000 BLK N LINCOLN ST & E 11TH AVE,1,1,0,0,1,4,0,0,30,0,0,0,0,0,4,2,11
,2022-30843,-104.8490172,39.78238194,8/23/2022 14:51,14:51,3,0,0,E 47TH AVE & N PARIS ST,1,1,0,0,1,1,0,0,25,0,0,0,0,0,4,2,13
,2022-30844,-104.9862368,39.71907175,8/23/2022 14:31,14:31,10,0,0,N LINCOLN ST & E 2ND AVE,1,1,0,0,1,2,0,0,35,0,0,0,0,0,4,2,11
,2022-30845,-104.9405488,39.69294215,8/22/2022 8:22,8:22,1,0,0,E LOUISIANA AVE & S COLORADO BLVD,1,1,0,0,1,1,0,0,30,0,0,0,0,0,4,2,11
,2022-30846,-104.9986111,39.72890565,8/23/2022 23:11,23:11,3,0,1,W 8TH AVE & N SANTA FE DR,1,3,0,0,1,1,0,0,25,0,0,0,0,2,4,2,8
,2022-30848,-104.7864485,39.79838543,8/23/2022 10:15,10:15,12,0,0,E 56TH AVE & PENA BLVD,1,1,0,0,1,4,0,0,40,0,0,0,0,0,4,3,13
,2022-30849,-104.994537,39.76814685,8/23/2022 16:11,16:11,12,0,1,I-25 & PARK AVE W,1,1,0,0,1,4,0,0,55,0,0,0,1,2,1,2,13
,2022-30850,-104.9306736,39.78343329,8/23/2022 8:15,8:15,12,0,0,4800 E & DAHLIA ST,1,1,0,0,1,1,0,0,35,0,0,0,0,0,4,3,13
,2022-30851,-105.03248,39.72410931,8/7/2022 1:45,1:45,6,0,0,400 BLK N KNOX CT & N 5TH AVE,1,3,0,0,1,4,0,0,30,0,0,0,0,0,4,3,3
,2022-30858,-104.9800985,39.75452477,8/23/2022 8:03,8:03,3,0,0,CALIFORNIA ST & 26TH ST,1,1,0,0,1,1,0,0,25,0,0,0,0,0,4,2,3
,2022-30859,-105.0251303,39.72554639,8/22/2022 22:55,22:55,3,0,0,W 6TH AVE WB OFF RAMP & N FEDERAL BLVD,1,3,1,0,1,1,0,0,35,0,0,0,0,0,4,2,13
,2022-30909,-104.9222821,39.70734591,8/23/2022 13:30,13:30,11,0,1,LEETSDALE DR & S HOLLY ST,1,1,0,0,1,4,0,0,0,0,1,0,0,2,2,1,16
,2022-30912,-104.9863513,39.70752633,8/22/2022 17:30,17:30,2,0,1,E  VIRGINIA AVE & S LINCOLN ST,1,1,0,0,1,1,0,0,0,1,0,0,0,2,4,1,16
,2022-30914,-104.95741,39.74017985,8/24/2022 17:20,17:20,12,0,1,E COLFAX AVE & N COLUMBINE ST,1,1,0,0,1,1,0,0,35,0,0,0,0,2,2,2,16
,2022-30920,-105.0251499,39.73388427,8/22/2022 14:44,14:44,12,0,0,N FEDERAL BLVD & W 11TH AVE,1,1,0,0,1,3,0,0,,0,0,0,0,0,2,2,16
,2022-30924,-104.9349331,39.72922755,8/22/2022 9:05,9:05,15,0,0,E 8TH AVE & N CLERMONT ST,1,1,0,0,1,1,0,0,25,0,0,0,0,1,4,2,16
,2022-30928,-104.9837443,39.7517132,8/23/2022 20:06,20:06,11,0,1,PARK AVE W & CALIFORNIA ST,1,3,0,0,1,1,0,0,0,0,0,1,0,3,4,1,16
,2022-30956,-104.9959028,39.70861135,8/25/2022 10:10,10:10,12,0,0,S SANTA FE DR & W ALAMEDA AVE,1,1,0,0,1,4,0,0,35,0,0,0,0,0,2,3,16
,2022-30957,-104.9946884,39.74057019,8/25/2022 13:40,13:40,6,0,1,GLENARM PL & 1200 BLK ,1,1,0,0,1,4,0,0,35,0,0,0,0,1,4,2,10
,2022-30959,-105.0327849,39.70034264,8/25/2022 7:15,7:15,14,0,1,W KENTUCKY AVE & S KNOX CT,1,1,0,0,1,4,0,0,25,0,0,0,0,2,4,3,3
,2022-30960,-104.8724404,39.6747212,8/24/2022 22:14,22:14,12,0,0,9800-BLK E ILIFF AVE & S EMPORIA ST,1,4,0,0,1,4,0,0,35,0,0,0,0,0,4,3,16
,2022-30962,-105.0040361,39.76080417,8/23/2022 21:38,21:38,12,0,1,20TH ST & I-25,1,4,1,0,1,3,0,0,35,0,0,0,0,1,4,2,13
,2022-30965,-105.0251703,39.76553278,8/25/2022 8:40,8:40,12,0,0,N FEDERAL BLVD & W 35TH AVE,1,1,0,0,1,4,0,0,35,0,0,0,0,0,2,3,13
,2022-30966,-104.9574355,39.73838705,8/25/2022 8:05,8:05,3,0,0,E 14TH AVE & N COLUMBINE ST,1,1,0,0,1,1,0,0,15,0,0,0,0,0,4,2,3
,2022-30967,-104.9733652,39.74597067,8/24/2022 13:54,13:54,12,0,0,N DOWNING ST & E 19TH AVE,1,1,0,0,1,1,0,0,35,0,0,0,0,0,4,2,13
,2022-30968,-104.6726896,39.84927906,8/25/2022 9:30,9:30,6,0,0,PENA BLVD & 8400 BLK,1,1,0,0,1,4,0,0,10,0,0,0,0,0,4,2,7
,2022-30975,-104.9791463,39.7797555,8/25/2022 11:25,11:25,12,0,0,I-70 WB OFF RAMP TO I-25 & N WASHINGTON ST,1,1,1,0,1,8,0,0,55,0,0,0,0,0,1,2,16
,2022-30976,-104.9337605,39.67845081,8/25/2022 8:00,8:00,12,0,0,I-25 & E EVANS AVE,1,1,1,0,1,8,0,0,30,0,0,0,0,0,1,2,16
,2022-30978,-104.7626952,39.79843458,8/24/2022 18:45,18:45,1,0,2,E 56TH AVE & N DUNKIRK ST,1,2,0,0,1,1,0,0,40,0,0,0,0,1,4,3,16
,2022-30980,-105.0250197,39.68227101,8/25/2022 6:10,6:10,3,0,1,S FEDERAL BLVD & W JEWELL AVE,1,2,0,0,1,3,0,0,40,0,0,0,0,1,2,4,13
,2022-30981,-105.032475,39.72509121,8/24/2022 7:28,7:28,12,0,0,W 6TH AVE & N KNOX CT,1,1,1,0,1,4,0,0,55,0,0,0,0,0,2,4,13
,2022-30982,-104.9318528,39.76255353,8/25/2022 11:39,11:39,6,0,0,3200 BLK N DAHLIA ST & E 32 ND AVE,1,1,0,0,1,4,0,0,25,0,0,0,0,0,4,2,16
,2022-30983,-104.9875325,39.70145192,8/24/2022 8:10,8:10,15,0,1,I-25 & S BROADWAY ST,1,1,1,0,1,4,0,0,55,0,0,0,0,1,1,2,13
,2022-30984,-104.9929399,39.69666191,8/25/2022 9:05,9:05,3,0,0,S PLATTE RIVER DR & W MISSISSIPPI AVE,1,1,0,0,1,1,0,0,35,0,0,0,0,0,2,2,3
,2022-30985,-104.9966446,39.71014805,8/26/2022 9:10,9:10,15,0,0,300 BLK S SANTA FE DR & W ALAMEDA AVE,1,1,0,0,1,4,0,0,35,0,0,0,0,0,4,2,11
,2022-30986,-104.9888258,39.78937302,8/22/2022 10:46,10:46,15,0,0,I-25  & I-70,1,1,0,0,1,4,0,0,55,0,0,0,0,0,1,2,13
,2022-30989,-105.0157047,39.71112533,8/25/2022 6:48,6:48,12,0,0,W ALAMEDA AVE & S ZUNI ST,1,1,0,0,1,1,0,0,35,0,0,0,0,0,4,2,3
,2022-30994,-105.0639005,39.65410211,8/24/2022 4:00,4:00,6,0,0,IVAN CT & 3200 BLK S ,1,3,0,0,1,4,0,0,25,0,0,0,0,0,4,2,16
,2022-30996,-104.9801442,39.75183156,8/24/2022 16:00,16:00,6,0,0,2500 BLK GLENARM PL & 26TH ST,1,1,0,0,1,4,0,0,,0,0,0,0,0,4,2,16
,2022-31000,-104.9848498,39.74005378,8/24/2022 10:21,10:21,12,0,1,N SHERMAN ST & E COLFAX,1,1,0,0,1,3,0,0,25,0,0,0,0,1,2,3,13
,2022-31001,-105.0018829,39.70666057,8/25/2022 14:57,14:57,12,0,0,1273 W CUSTER PL & W LIPAN ST,1,1,0,0,1,4,0,0,25,0,0,0,0,0,4,2,11
,2022-31006,-104.9939763,39.76831044,8/23/2022 6:50,6:50,12,0,0,I-25 & OFF RAMP GORE PT TO I-70,1,1,0,0,1,8,0,0,55,0,0,0,0,0,1,2,16
,2022-31007,-104.9406185,39.73469057,8/26/2022 16:21,16:21,1,0,0,N COLORADO BLVD & E 12TH AVE,1,1,0,0,1,1,0,0,40,0,0,0,0,0,2,2,11
,2022-31009,-104.9902791,39.73685293,8/26/2022 7:33,7:33,10,0,0,W 13TH AVE & N BANNOCK ST,1,1,0,0,1,1,0,0,30,0,0,0,0,0,4,2,14
,2022-31019,-105.0165222,39.7513218,8/25/2022 19:28,19:28,12,0,0,I-25 & W 23RD AVE,1,2,0,0,1,4,0,0,55,0,0,0,0,0,1,2,13
,2022-31022,-105.0071079,39.72430197,8/26/2022 13:38,13:38,1,0,0,N QUIVAS ST & W 6TH AVE,1,1,0,0,1,2,0,0,35,0,0,0,0,0,4,2,11
,2022-31023,-104.9383385,39.71146455,8/25/2022 16:50,16:50,1,0,0,E ALAMEDA AVE & S LEETSDALE DR,1,1,1,0,1,1,0,0,35,0,0,0,0,0,4,2,13
,2022-31029,-104.9889685,39.78224555,8/24/2022 17:30,17:30,12,0,0,I-25 & I-70,1,1,1,0,1,8,0,0,55,0,0,0,0,0,1,2,10
,2022-31034,-104.833819,39.77286982,8/24/2022 7:45,7:45,12,0,0,I-70 & I-225 (APPROX),1,1,0,0,1,4,0,0,55,0,0,0,0,0,1,2,11
,2022-31035,-104.9671121,39.78013827,8/24/2022 10:25,10:25,15,0,0,I-70 & N BRIGHTON BLVD,1,1,0,0,1,4,0,0,55,0,0,0,0,0,1,2,11
,2022-31038,-104.7718878,39.82547824,8/26/2022 7:34,7:34,12,0,0,E 71ST AVE & N TOWER RD,1,1,0,0,1,1,0,0,45,0,0,0,0,1,4,2,2
,2022-31042,-105.0233657,39.69673528,8/24/2022 16:39,16:39,12,0,0,W MISSISSIPPI AVE & S DECATUR ST,1,1,0,0,1,4,0,0,35,0,0,0,0,0,4,2,14
,2022-31046,-105.0250817,39.70765614,8/26/2022 12:54,12:54,12,0,1,S FEDERAL BLVD & W VIRGINIA AVE,1,1,0,0,1,1,0,0,40,0,0,0,0,1,2,3,11
,2022-31047,-104.8753738,39.70876068,8/26/2022 9:54,9:54,12,0,0,300 BLK S DAYTON ST & E ALAMEDA AVE,1,1,0,0,1,2,0,0,30,0,0,0,0,0,4,2,16
,2022-31048,-104.8987254,39.65307764,8/24/2022 14:40,14:40,3,0,0,E HAMPDEN AVE & S TAMARAC DR,1,1,1,0,1,1,0,0,35,0,0,0,0,0,2,2,13
,2022-31052,-104.908609,39.77821141,8/24/2022 15:36,15:36,12,0,4,I-70 & N QUEBEC ST,1,1,0,0,1,4,0,0,55,0,0,0,0,2,1,4,16
,2022-31053,-104.9339378,39.71118271,8/25/2022 8:51,8:51,12,0,0,4600 BLK E ALAMEDA AVE & S CHERRY ST,1,1,1,0,1,4,0,0,30,0,0,0,0,0,4,3,3
,2022-31054,-104.8481082,39.77409858,8/26/2022 8:19,8:19,12,0,2,I-70 & N PEORIA ST,1,1,0,0,1,4,0,0,55,0,0,0,0,1,1,3,3
,2022-31055,-104.8097974,39.78375545,8/25/2022 7:43,7:43,3,0,0,E GREEN VALLEY RANCH BLVD & N CHAMBERS RD,1,1,0,0,1,1,0,0,35,0,0,0,0,0,4,2,13
,2022-31057,-104.9027525,39.76119728,8/25/2022 7:02,7:02,3,0,0,N QUEBEC ST & E MLK BLVD,1,1,0,0,1,1,0,0,35,0,0,0,0,1,4,2,16
,2022-31058,-105.0516946,39.72541394,8/25/2022 10:57,10:57,5,0,0,W 6TH AVE & N SHERIDAN BLVD,1,1,0,0,6,4,0,0,55,0,0,0,0,0,2,1,1
,2022-31059,-105.0047562,39.76115807,8/25/2022 11:09,11:09,12,0,3,I-25 & 20TH ST,1,1,0,0,1,4,0,0,55,0,0,0,0,1,1,3,13
,2022-31061,-104.8905205,39.76001325,8/25/2022 7:20,7:20,12,0,0,E MLK BLVD & N CENTRAL PARK BLVD,1,1,0,0,1,3,0,0,35,0,0,0,0,0,4,2,13
,2022-31068,-104.9798921,39.74326385,8/26/2022 8:45,8:45,10,0,0,N PEARL ST & E 17TH AVE,1,1,0,0,1,1,0,0,25,0,0,0,0,0,4,2,3
,2022-31073,-104.9406224,39.71156102,8/23/2022 8:47,8:47,3,0,0,E ALAMEDA AVE & S COLORADO BLVD,1,1,0,0,1,1,0,0,35,0,0,0,0,0,2,2,16
,2022-31074,-105.0532447,39.78369116,8/26/2022 8:17,8:17,12,0,0,I-70 WB OFF RAMP & N SHERIDAN BLVD,1,1,0,0,1,8,0,0,55,0,0,0,0,0,1,2,13
,2022-31075,-105.0488494,39.74034874,8/26/2022 2:12,2:12,8,0,0,W COLFAX AVE & N WOLFF ST,1,3,0,0,6,3,0,0,35,0,0,0,0,0,2,2,16
,2022-31076,-105.0251344,39.72932999,8/22/2022 14:38,14:38,15,0,0,W 6TH AVE & N FEDERAL BLVD,1,1,1,0,1,4,0,0,55,0,0,0,0,0,2,2,13
,2022-31077,-104.8185174,39.78594935,8/25/2022 17:00,17:00,3,0,0,E GATEWAY AVE & N DURHAM CT,1,1,0,0,1,1,0,0,35,0,0,0,0,0,4,2,14
,2022-31078,-104.9985739,39.72525376,8/24/2022 9:55,9:55,12,0,0,500 BLK N SANTA FE DR & W 6TH AVE,1,1,0,0,1,3,0,0,30,0,0,0,0,1,4,2,3
,2022-31082,-104.9017452,39.62377074,8/25/2022 20:22,20:22,15,0,1,I-25 & E BELLEVIEW AVE,1,3,0,0,1,4,0,0,65,0,0,0,0,1,1,2,13
,2022-31083,-104.9740688,39.76996176,8/26/2022 14:06,14:06,5,0,1,3755 BLAKE ST & N DOWNING ST,1,1,0,0,2,4,0,0,35,0,0,0,0,2,4,1,2
,2022-31097,-104.8645751,39.77552224,8/26/2022 20:02,20:02,12,0,1,I-70 & N HAVANA ST,1,3,1,0,1,4,0,0,55,0,0,0,0,1,1,2,3
,2022-31100,-105.0346311,39.75486284,8/26/2022 21:57,21:57,3,0,0,N LOWELL BLVD & W 26TH AVE,1,3,0,0,1,1,0,0,30,0,0,0,0,0,4,2,16
,2022-31102,-105.0064592,39.68946616,8/27/2022 1:34,1:34,5,0,0,1600 BLK W FLORIDA AVE & S QUIVAS ST,1,3,0,0,2,4,0,0,30,0,0,0,0,1,4,1,2
,2022-31108,-105.0114458,39.72365226,8/27/2022 8:55,8:55,12,0,0,I-25  & 6TH AVE,1,1,0,0,1,4,0,0,30,0,0,0,0,0,1,2,13
,2022-31109,-104.9406053,39.74611595,8/26/2022 20:19,20:19,12,0,0,N COLORADO BLVD & E 19TH AVE,1,3,0,0,1,1,0,0,35,0,0,0,0,0,2,3,2
,2022-31113,-104.8895562,39.75157358,8/26/2022 19:40,19:40,16,0,0,2373 N CENTRAL PARK BLVD & nan,1,1,0,0,5,7,0,0,,0,0,0,0,0,3,1,16
,2022-31119,-104.9986111,39.72890565,8/26/2022 21:00,21:00,3,0,0,N SANTA FE DR & W 8TH AVE,1,3,0,0,1,1,0,0,35,0,0,0,0,0,4,2,13
,2022-31120,-105.0610421,39.67541779,8/27/2022 9:56,9:56,3,0,0,W WARREN AVE & S GRAY ST,1,1,0,0,1,1,0,0,25,0,0,0,0,0,4,2,7
,2022-31128,-104.9799099,39.73042909,8/26/2022 20:04,20:04,6,0,0,E 9TH AVE & 600 BLK,14,3,3,0,1,4,0,0,,0,0,0,0,0,4,4,16
,2022-31129,-104.865851,39.79102684,8/27/2022 10:29,10:29,12,0,0,N HAVANA ST & E 51ST AVE,1,1,0,0,1,4,0,0,40,0,0,0,0,1,4,2,3
,2022-31133,-104.8830668,39.78572865,8/27/2022 12:40,12:40,3,0,0,N CENTRAL PARK BLVD & E NORTHFIELD BLVD,1,1,0,0,1,3,0,0,45,0,0,0,0,0,4,2,7
,2022-31134,-104.9874126,39.73344463,8/27/2022 2:03,2:03,6,0,0,1085 N BROADWAY ST & 11TH AVE,1,3,0,0,1,4,0,0,35,0,0,0,0,0,4,3,14
,2022-31137,-104.9047182,39.65305099,8/27/2022 10:15,10:15,3,0,0,E HAMPDEN AVE & S POPLAR ST,1,1,0,0,1,1,0,0,,0,0,0,0,0,2,2,11
,2022-31138,-104.9124527,39.72563613,8/27/2022 14:25,14:25,15,0,0,N MONACO ST & E 6TH AVE,1,1,0,0,1,3,0,0,30,0,0,0,0,0,4,2,16
,2022-31141,-104.8758901,39.77649911,8/26/2022 16:46,16:46,12,0,0,I-70 & N CENTRAL PARK BLVD,1,1,0,0,1,4,0,0,55,0,0,0,0,0,1,2,13
,2022-31221,-104.9803828,39.71111878,8/28/2022 17:42,17:42,1,0,0,E ALAMEDA AVE & S PEARL ST,1,1,1,0,1,1,0,0,30,0,0,0,0,0,4,2,13
,2022-31222,-104.8657424,39.77582352,8/27/2022 15:40,15:40,12,0,0,I-70 & N HAVANA ST,1,1,0,0,1,4,0,0,65,0,0,0,0,0,1,2,13
,2022-31223,-104.9439742,39.73676661,8/27/2022 17:55,17:55,12,0,0,E 13TH AVE & N GARFIELD ST,1,1,0,0,1,1,0,0,,0,0,0,0,0,4,2,16
,2022-31224,-105.0092774,39.75646087,8/28/2022 21:05,21:05,3,0,0,15TH ST & PLATTE ST,1,3,0,0,1,1,0,0,25,0,0,0,0,1,4,2,8
,2022-31226,-104.9874976,39.71838626,8/27/2022 13:57,13:57,12,0,1,BROADWAY ST 100 BLK N  & W 1ST AVE,1,1,0,0,1,4,0,0,,0,0,0,0,2,4,2,16
,2022-31228,-105.088176,39.63867383,8/26/2022 13:49,13:49,3,0,0,8100 W QUINCY AVE & AMMONS ST,1,1,0,0,1,2,0,0,15,0,0,0,0,0,4,2,13
,2022-31229,-104.9659399,39.77055265,8/27/2022 0:07,0:07,3,0,3,N WILLIAMS ST & 3800 BLK,1,3,0,0,1,1,0,0,25,0,0,0,0,2,4,6,14
,2022-31230,-105.0047562,39.76115807,8/27/2022 13:56,13:56,12,0,0,I-25 & 20TH ST (APPROX),1,1,0,0,1,4,0,0,55,0,0,0,0,0,1,2,13
,2022-31233,-104.978768,39.72907713,8/27/2022 11:11,11:11,3,0,2,E 8TH AVE & N WASHINGTON ST,1,1,0,0,1,1,0,0,,0,0,0,0,1,4,2,11
,2022-31235,-105.0252116,39.78383455,8/27/2022 13:48,13:48,1,0,0,N FEDERAL BLVD & I-70 EB RAMPS,1,1,0,0,1,1,0,0,35,0,0,0,0,0,2,2,16
,2022-31236,-104.9107507,39.76182205,8/22/2022 8:13,8:13,12,0,0,E MLK BLVD & N NIAGARA ST,1,1,0,0,1,4,0,0,30,0,0,0,0,0,4,2,3
,2022-31238,-105.0532418,39.76208132,8/27/2022 20:18,20:18,15,0,0,N SHERIDAN BLVD & W 32ND AVE,1,3,0,0,1,1,0,0,35,0,0,0,0,0,2,2,3
,2022-31239,-104.9874154,39.73385657,8/24/2022 8:00,8:00,11,0,1,1135 N BROADWAY & E 11TH AVE,1,1,3,0,1,2,0,0,0,0,0,1,0,1,4,1,16
,2022-31240,-104.6976047,39.83800374,8/28/2022 13:20,13:20,12,0,1,78TH AVE 24050 E & JACKSON GAP RD,1,1,0,0,1,2,0,0,45,0,0,0,0,1,3,2,3
,2022-31243,-104.9222821,39.70734591,8/28/2022 12:25,12:25,3,0,0,LEETSDALE DR & S HOLLY ST,1,1,0,0,1,1,0,0,30,0,0,0,0,0,2,2,1
,2022-31246,-104.9597673,39.74820045,8/24/2022 18:22,18:22,11,0,1,E 21ST AVE & N YORK ST,1,1,0,0,1,1,0,0,35,0,0,1,0,2,4,1,7
,2022-31255,-104.993371,39.75361368,8/27/2022 2:08,2:08,15,0,0,20TH ST 1300 BLK  & MARKET ST,1,3,0,0,1,4,0,0,35,0,0,0,0,0,2,2,3
,2022-31256,-104.8127383,39.72319948,8/27/2022 15:10,15:10,15,0,0,N ELKHART ST & N ELKHART ST,1,1,0,0,1,1,0,0,25,0,0,0,0,0,4,2,7
,2022-31259,-104.9199548,39.74192412,8/27/2022 11:32,11:32,3,0,0,E 16TH AVE & IVY ST,1,1,0,0,1,1,0,0,25,0,0,0,0,0,4,2,14
,2022-31266,-105.0052344,39.74020438,8/26/2022 7:30,7:30,12,0,2,W COLFAX AVE & 7TH ST,1,1,0,0,1,1,0,0,30,0,0,0,0,1,2,3,12
,2022-31267,-105.0139596,39.74044224,8/28/2022 3:27,3:27,5,0,0,I-25  & W COLFAX AVE,1,4,1,0,3,4,0,0,55,0,0,0,0,0,1,1,13
,2022-31273,-105.061315,39.78329846,8/27/2022 15:29,15:29,12,0,0,I-70 & N CENTRAL PARK BLVD,1,1,3,0,1,4,0,0,65,0,0,0,0,0,1,3,16
,2022-31274,-105.0017782,39.75967152,8/27/2022 10:42,10:42,12,0,1,20TH ST & LITTLE RAVEN ST,1,1,3,0,1,14,0,0,30,0,0,0,0,1,4,4,16
,2022-31280,-104.9861323,39.74000583,8/27/2022 18:55,18:55,3,0,0,N LINCOLN ST & E COLFAX AVE,1,1,1,0,1,1,0,0,35,0,0,0,0,0,2,2,1
,2022-31281,-104.9082183,39.70027466,8/28/2022 14:42,14:42,1,0,1,S ONEIDA ST & LEETSDALE DR,1,1,0,0,1,1,0,0,,0,0,0,0,2,2,2,16
,2022-31282,-104.8470349,39.77428026,8/27/2022 22:43,22:43,12,0,0,N PEORIA ST & I-70,1,3,0,0,1,4,0,0,45,0,0,0,0,0,4,2,1
,2022-31283,-104.9034576,39.74007895,8/28/2022 0:22,0:22,3,0,1,E COLFAX AVE & N QUEBEC ST,1,3,0,0,1,1,0,0,35,0,0,0,0,1,2,2,16
,2022-31285,-104.993288,39.74434741,8/28/2022 12:15,12:15,12,0,0,CALIFORNIA ST & 15TH ST,1,1,0,0,1,4,0,0,25,0,0,0,0,0,4,2,14
,2022-31286,-104.8987254,39.65307719,8/28/2022 12:43,12:43,3,0,0,E HAMPDEN AVE & S TAMARAC ST,1,1,1,0,1,1,0,0,35,0,0,0,0,0,2,3,3
,2022-31288,-105.008212,39.7610244,8/26/2022 11:00,11:00,6,0,0,1758 BOULDER ST & 18TH ST,14,5,0,7,1,4,0,0,,0,0,0,0,0,4,2,16
,2022-31289,-104.8827688,39.77727111,8/26/2022 19:16,19:16,12,0,0,I-70 & N CENTRAL PARK BLVD,1,2,1,0,1,4,0,1,55,0,0,0,0,0,1,2,16