id,drcog_id,longitude,latitude,crashtime,time,crashtype,numbkilled,numbinjurd,drcoglocat,rdconditin,lightngcon,roadcntgrd,weatherco,location,roaddescrp,schoolzone,constrzone,splimit,bikeinv,pedinv,sctrinv,motoinv,svrty,rdsystem,ttlvehcls,hcf
,2022-31291,-104.9316165,39.67846341,8/23/2022 9:51,9:51,12,0,0,E EVANS AVE & S DAHLIA ST,1,1,0,0,1,1,0,0,,0,0,0,0,0,4,2,16
,2022-31292,-105.0126877,39.75536708,8/27/2022 0:14,0:14,15,0,1,I-25 & N SPEER BLVD,1,3,0,0,1,4,0,0,65,0,0,0,0,2,1,4,16
,2022-31304,-105.0152044,39.72025757,8/28/2022 16:31,16:31,3,0,1,W 2ND AVE & N YUMA ST,1,1,0,0,1,1,0,0,25,0,0,0,0,2,4,2,16
,2022-31319,-105.0251305,39.75270005,8/28/2022 4:38,4:38,12,0,1,FEDERAL BLVD & W 24TH AVE,1,3,1,0,1,3,0,0,35,0,0,0,0,2,2,2,13
,2022-31320,-104.9027404,39.7635511,8/27/2022 22:10,22:10,15,0,0,N QUEBEC ST & E 33RD AVE,1,3,0,0,1,4,0,0,35,0,0,0,0,0,4,2,16
,2022-31322,-104.8987254,39.65307719,8/27/2022 23:51,23:51,3,0,1,E HAMPDEN AVE & S TAMARAC DR,1,3,1,0,1,1,0,0,40,0,0,0,0,2,2,2,11
,2022-31323,-104.7393492,39.76923667,8/27/2022 16:35,16:35,12,0,0,E 38TH AVE & N ODESSA ST,1,1,0,0,1,1,0,0,40,0,0,0,0,0,4,2,3
,2022-31324,-104.768628,39.78057883,8/28/2022 1:02,1:02,6,0,0,18649 E 47TH AVE & N ANDES WAY,1,4,0,0,1,4,0,0,25,0,0,0,0,0,4,3,3
,2022-31325,-104.9874355,39.72563832,8/28/2022 17:59,17:59,10,0,0,E 6TH AVE & N BROADWAY ST,1,1,0,0,1,1,0,0,35,0,0,0,0,0,4,2,8
,2022-31336,-104.9874116,39.7383083,8/28/2022 0:16,0:16,15,0,0,1300 BLK N BROADWAY ST & 14TH E AVE,1,3,0,0,1,4,0,0,30,0,0,0,0,1,4,2,16
,2022-31370,-105.0529747,39.6561635,8/27/2022 12:30,12:30,11,0,0,DARTMOUTH AVE 5100 BLK W  & S SHERIDAN BLVD,1,1,0,0,1,2,0,0,0,0,0,1,0,0,4,1,16
,2022-31374,-104.9875842,39.67037354,8/26/2022 12:00,12:00,6,0,0,S BROADWAY ST & 2500 BLK,1,1,0,0,1,2,0,0,30,0,0,0,0,0,4,2,1
,2022-31376,-104.9987983,39.74003356,8/27/2022 7:50,7:50,11,0,1,W COLFAX AVE & N SPEER BLVD,1,1,0,0,1,1,0,0,0,0,0,1,0,3,2,1,16
,2022-31379,-104.9740922,39.73045162,8/26/2022 12:25,12:25,3,0,1,N CORONA ST & E 9TH AVE,1,1,0,0,1,1,0,0,25,0,0,0,0,1,4,2,14
,2022-31380,-105.0109567,39.78347141,8/24/2022 8:00,8:00,12,0,0,I-70 & N PECOS ST,1,1,1,0,1,4,0,0,55,0,0,0,0,0,1,4,7
,2022-31381,-104.9406266,39.71859356,8/25/2022 23:44,23:44,12,0,1,100 BLOCK N COLORADO BLVD & E 1ST AVE,1,3,0,0,1,4,0,0,35,0,0,0,0,2,2,3,16
,2022-31383,-104.9405446,39.68749089,8/27/2022 15:45,15:45,3,0,2,E IOWA AVE & S COLORADO BLVD,1,1,0,0,1,1,0,0,35,0,0,0,0,3,2,2,16
,2022-31385,-104.742253,39.7786568,8/25/2022 16:10,16:10,6,0,2,21000 BLK E 45TH AVE & N MALAYA ST,1,1,0,0,1,4,0,0,25,0,0,0,0,2,4,2,16
,2022-31397,-104.9861527,39.72906707,8/20/2022 10:15,10:15,15,0,0,N LINCOLN ST & E 8TH AVE,1,1,0,0,1,1,0,0,,0,0,0,0,0,4,2,16
,2022-31398,-104.9921683,39.71642602,8/24/2022 12:55,12:55,6,0,0,S CHEROKEE ST & W ELLSWORTH AVE,1,1,0,0,1,1,0,0,,0,0,0,0,0,4,2,16
,2022-31403,-105.0288357,39.73113516,8/19/2022 21:27,21:27,6,0,0,W 9TH AVE & N HOOKER ST,1,3,0,0,1,4,0,0,25,0,0,0,0,0,4,2,16
,2022-31406,-104.9495371,39.77982808,8/29/2022 11:30,11:30,1,0,0,N STEELE ST & E 46TH AVE,1,1,0,0,1,1,0,0,35,0,0,0,0,0,2,2,13
,2022-31407,-104.9593175,39.7801238,8/29/2022 6:50,6:50,12,0,0,I-70  & N YORK ST,1,1,0,0,1,4,0,0,55,0,0,0,0,0,1,2,16
,2022-31408,-104.9693599,39.74323813,8/19/2022 20:20,20:20,15,0,0,17TH AVE & 1400 BLK E ,1,2,0,0,1,3,0,0,25,0,0,0,0,0,4,2,16
,2022-31410,-104.976152,39.74325823,8/28/2022 17:09,17:09,3,0,0,N EMERSON ST & E 17TH AVE,1,1,0,0,1,1,0,0,25,0,0,0,0,1,4,2,11
,2022-31411,-105.0298098,39.70767241,8/28/2022 11:40,11:40,3,0,0,S IRVING ST & W VIRGINIA AVE,1,1,0,0,1,1,0,0,25,0,0,0,0,0,4,2,11
,2022-31413,-104.9934184,39.75365463,8/27/2022 1:04,1:04,6,0,0,20TH ST 1400  & MARKET ST,1,3,0,0,5,7,0,0,,0,0,0,0,0,3,5,1
,2022-31414,-104.9405462,39.6894595,8/29/2022 15:19,15:19,12,0,0,COLORADO BLVD 1400 BLK S & E FLORIDA AVE,1,1,1,0,1,4,0,0,35,0,0,0,0,0,2,5,3
,2022-31415,-104.9965605,39.70666643,8/24/2022 6:55,6:55,15,0,0,S SANTA FE DR & I-25 NB ENT GORE PT,1,1,1,0,1,8,0,0,55,0,0,0,0,0,1,2,16
,2022-31417,-104.8016293,39.77871578,8/20/2022 11:00,11:00,11,0,1,N KITTREDGE ST & E BOLLING DR,1,4,0,0,1,4,0,0,30,0,1,0,0,3,4,1,16
,2022-31418,-105.0532498,39.72565601,8/29/2022 18:44,18:44,12,0,1,W 6TH AVE EB ON RAMP & N SHERIDAN BLVD,1,1,0,0,1,8,0,0,55,0,0,0,0,1,2,2,16
,2022-31422,-104.9316165,39.67846341,8/28/2022 20:36,20:36,1,0,0,E EVANS AVE & S DAHLIA ST,1,3,0,0,1,1,0,0,35,0,0,0,0,0,4,2,16
,2022-31423,-104.9892299,39.77651776,8/26/2022 7:21,7:21,12,0,0,I-25 OFF RAMP TO I-70 & W 44TH AVE,1,1,0,0,1,8,0,0,55,0,0,0,0,0,1,2,13
,2022-31424,-104.9950429,39.76568371,8/8/2022 18:40,18:40,12,0,0,PARK AVE_W & N  GLOBEVILLE RD,1,1,1,0,1,1,0,0,35,0,0,0,0,0,4,2,16
,2022-31428,-104.9534073,39.71941155,8/12/2022 12:30,12:30,6,0,0,FILLMORE ST & 100 BLK N ,14,1,3,0,1,4,0,0,,0,0,0,0,0,4,2,16
,2022-31430,-104.9472722,39.73835107,8/12/2022 11:20,11:20,6,0,0,E 14TH AVE & N COOK ST,1,1,0,0,1,4,0,0,35,0,0,0,0,0,4,2,16
,2022-31431,-104.7155574,39.83201436,8/23/2022 6:05,6:05,10,0,0,E 75TH AVE & N GUN CLUB RD,1,1,0,0,1,1,0,0,35,0,0,0,0,0,4,2,16
,2022-31432,-104.9761672,39.74157544,8/28/2022 14:15,14:15,6,0,0,1500 BLK N EMERSON ST & E. 16TH AVE,1,1,0,0,1,4,0,0,25,0,0,0,0,0,4,2,3
,2022-31434,-105.0402707,39.68194637,8/1/2022 18:04,18:04,6,0,0,PERRY WAY 1900 BLK S  & W JEWELL AVE,1,1,0,0,3,4,0,0,25,0,0,0,0,0,4,2,16
,2022-31435,-105.0298583,39.74027785,8/16/2022 12:20,12:20,14,0,0,W COLFAX AVE & N IRVING ST,1,1,0,0,1,1,0,0,30,0,0,0,0,0,2,2,14
,2022-31436,-104.977733,39.76309332,8/20/2022 10:40,10:40,6,0,0,LAWRENCE ST 3217  & 32ND ST,1,4,0,0,1,4,0,0,30,0,0,0,0,0,4,2,16
,2022-31437,-104.8740429,39.67473855,8/28/2022 21:40,21:40,1,0,3,E ILIFF AVE & S EMPORIA ST,1,4,0,0,1,1,0,0,35,0,0,0,0,2,4,2,13
,2022-31439,-104.8851167,39.63929362,8/24/2022 11:37,11:37,3,0,0,I-225 SB RAMPS & S YOSEMITE ST,1,1,0,0,1,1,0,0,35,0,0,0,0,0,4,2,16
,2022-31440,-104.9874145,39.73371925,8/21/2022 0:11,0:11,15,0,0,BROADWAY ST 1082 N  & 11TH AVE,1,3,0,0,1,4,0,0,,0,0,0,0,0,4,2,16
,2022-31444,-105.0133487,39.72550245,7/27/2022 1:59,1:59,15,0,0,I-25  & W 6TH AVE,11,3,0,1,1,4,0,0,55,0,0,0,0,0,1,2,16
,2022-31445,-104.9940905,39.73308059,8/26/2022 8:22,8:22,15,0,0,N ELATI ST & W 11TH AVE,1,1,0,0,6,4,0,0,20,0,0,0,0,0,4,2,1
,2022-31452,-104.9034019,39.7773717,8/28/2022 2:41,2:41,1,0,0,N. QUEBEC ST & I-70 EB ON RAMP,1,3,1,0,1,1,0,0,35,0,0,0,0,0,2,3,14
,2022-31453,-105.0250158,39.69128016,8/28/2022 20:24,20:24,6,0,0,3100 BLK W ARKANSAS AVE & S FEDERAL BLVD,1,3,0,0,1,4,0,0,25,0,0,0,0,0,4,2,16
,2022-31454,-105.01448,39.75840277,8/28/2022 8:20,8:20,3,0,0,W 29TH AVE & N WYANDOT ST,1,1,0,0,1,1,0,0,25,0,0,0,0,0,4,4,3
,2022-31455,-105.0129707,39.7549529,8/27/2022 16:10,16:10,15,0,0,I-25 & N SPEER BLVD,1,1,0,0,1,14,0,0,55,0,0,0,0,0,1,2,1
,2022-31457,-104.9245618,39.72924803,8/27/2022 12:00,12:00,12,0,1,E 8TH AVE & E HALE PKWY,1,1,0,0,1,1,0,0,30,0,0,0,0,2,4,3,11
,2022-31458,-105.0111334,39.77989394,8/25/2022 10:34,10:34,6,0,0,N TEJON ST & W 46TH AVE,1,2,0,0,1,1,0,0,35,0,0,0,0,0,4,2,13
,2022-31463,-104.8685019,39.79902025,8/24/2022 6:40,6:40,3,0,1,N GALENA ST & E 56TH AVE,1,1,0,0,1,1,0,0,,0,0,0,0,1,4,2,16
,2022-31464,-105.023853,39.71108594,8/16/2022 2:51,2:51,5,0,0,ALAMEDA AVE 2800 BLK  W  & ELIOT ST,11,3,0,1,6,4,0,0,35,0,0,0,0,0,2,1,16
,2022-31466,-104.9988245,39.74813814,8/26/2022 18:05,18:05,12,0,0,LARIMER ST & 15TH ST,1,1,0,0,1,4,0,0,25,0,0,0,0,0,4,2,1
,2022-31467,-105.0346237,39.76452346,8/28/2022 9:37,9:37,6,0,0,LOWELL BLVD 3300 BLK N  & W 33RD AVE,1,1,0,0,6,4,0,0,25,0,0,0,0,0,4,4,16
,2022-31468,-104.9835939,39.73379006,8/29/2022 8:20,8:20,6,0,0,GRANT ST 1100 BLK N  & E 11TH AVE,1,1,0,0,1,4,0,0,25,0,0,0,0,0,4,2,14
,2022-31470,-104.9406143,39.73828662,8/29/2022 13:27,13:27,15,0,0,N COLORADO BLVD & E 14TH AVE,1,1,0,0,1,1,0,0,35,0,0,0,0,0,2,3,13
,2022-31474,-104.9597665,39.75071751,8/24/2022 8:00,8:00,12,0,0,E 23RD AVE & N YORK ST,1,1,0,0,1,1,0,0,30,0,0,0,0,0,4,3,7
,2022-31475,-104.978303,39.78448149,8/29/2022 8:43,8:43,12,0,0,4800 BLK N WASHINGTON ST & E ELGIN PL.,1,1,0,0,1,4,0,0,30,0,0,0,0,0,4,2,11
,2022-31476,-105.0165803,39.75127513,8/29/2022 11:27,11:27,15,0,1,I-25 & W 23RD AVE,1,1,0,0,1,4,0,0,55,0,0,0,0,2,1,2,10
,2022-31478,-105.0205381,39.7580395,8/29/2022 10:39,10:39,15,0,1,N SPEER BLVD & N CLAY ST,1,1,1,0,1,1,0,0,25,0,0,0,0,1,4,3,1
,2022-31479,-105.0505024,39.67916001,8/29/2022 7:15,7:15,12,0,0,5000 BLK W EVANS AVE & S XAVIER ST,1,1,0,0,1,4,0,0,30,0,0,0,0,0,4,2,1
,2022-31480,-104.9255047,39.66746911,8/25/2022 16:34,16:34,12,0,4,I-25 & E YALE AVE,1,1,0,0,1,4,0,0,65,0,0,0,0,1,1,2,16
,2022-31483,-104.983594,39.7342432,8/20/2022 0:00,0:00,6,0,0,1100 BLK N GRANT ST & E 11TH AVE,1,3,0,0,1,4,0,0,30,0,0,0,0,0,4,3,16
,2022-31484,-104.8966024,39.77820476,8/29/2022 8:00,8:00,12,0,0,I-270 & I-70,1,1,1,0,1,4,0,0,55,0,0,0,0,0,1,2,16
,2022-31486,-105.0070274,39.73689943,8/22/2022 9:58,9:58,10,0,0,W 13TH AVE & N RIO CT,1,1,0,0,1,1,0,0,,0,0,0,0,0,4,2,16
,2022-31488,-105.0531908,39.68229295,8/20/2022 9:20,9:20,12,0,2,S SHERIDAN BLVD & W JEWELL AVE,1,1,1,0,1,1,0,0,40,0,0,0,0,2,2,2,1
,2022-31489,-104.6918664,39.83346077,8/26/2022 17:54,17:54,12,0,1,PENA BLVD & JACKSON GAP,1,1,0,0,1,4,0,0,,0,0,0,0,1,4,3,16
,2022-31490,-104.9619893,39.78952068,8/28/2022 5:29,5:29,5,0,0,BRIGHTON BLVD & 48TH AVE,1,2,0,0,3,4,0,0,30,0,0,0,0,1,4,1,2
,2022-31492,-104.9128213,39.64578336,8/14/2022 23:16,23:16,5,0,0,3800-BLK S MONACO ST & E MAGNOLIA WAY,1,3,0,0,3,4,0,0,30,0,0,0,0,0,4,1,16
,2022-31494,-104.9694985,39.73342995,8/16/2022 18:30,18:30,6,0,0,1000 BLK N HUMBOLDT ST & E 10TH AVE,1,1,0,0,1,4,0,0,25,0,0,0,0,0,4,2,16
,2022-31503,-104.9923983,39.71118394,8/29/2022 14:04,14:04,10,0,0,S CHEROKEE ST & W ALAMEDA AVE,1,1,0,0,1,1,0,0,35,0,0,0,0,1,4,2,13
,2022-31509,-104.9303804,39.73829386,8/26/2022 14:30,14:30,15,0,0,E 14TH AVE & N EUDORA ST,1,1,0,0,1,1,0,0,25,0,0,0,0,0,4,2,3
,2022-31512,-104.9792453,39.77839812,8/29/2022 5:50,5:50,15,0,0,4500 BLK N WASHINGTON ST & E 45TH AVE,1,2,0,0,1,3,0,0,30,0,0,0,0,0,4,2,11
,2022-31513,-104.9407892,39.70607071,8/27/2022 13:30,13:30,1,0,0,S COLORADO BLVD & E CHERRY CREEK S DR,1,1,0,0,1,1,0,0,30,0,0,0,0,0,2,2,16
,2022-31514,-105.0205381,39.7580395,8/29/2022 11:17,11:17,15,0,0,N SPEER BLVD & N CLAY ST,1,1,1,0,1,1,0,0,35,0,0,0,0,0,4,2,1
,2022-31524,-105.0532564,39.66778641,8/29/2022 14:52,14:52,3,0,0,S SHERIDAN BLVD & W YALE AVE,1,1,1,0,1,1,0,0,40,0,0,0,0,0,2,2,3
,2022-31525,-104.8940323,39.74077028,8/25/2022 7:13,7:13,6,0,0,1522 N ULSTER ST & E COLFAX AVE,1,2,0,0,1,4,0,0,25,0,0,0,0,0,4,3,16
,2022-31526,-105.0150499,39.72932217,8/27/2022 9:10,9:10,15,0,0,I-25  & W 8TH AVE,1,1,1,0,1,4,0,0,55,0,0,0,0,0,1,2,1
,2022-31527,-104.9875347,39.71403446,8/29/2022 10:54,10:54,12,0,0,S BROADWAY ST & W MAPLE AVE,1,1,0,0,1,3,0,0,35,0,0,0,0,0,4,2,16
,2022-31528,-104.9850071,39.76015696,8/29/2022 2:09,2:09,6,0,0,WALNUT ST 2749  & 27TH,1,3,0,0,1,4,0,0,30,0,0,0,0,0,4,2,3
,2022-31536,-105.0064273,39.78326345,8/15/2022 8:10,8:10,3,0,0,I-70  & N PECOS ST,1,1,0,0,1,1,0,0,45,0,0,0,0,0,1,2,11
,2022-31567,-105.0250486,39.67864394,5/26/2022 21:52,21:52,3,0,2,W EVANS AVE & S FEDERAL BLVD,1,3,0,0,1,1,0,0,30,0,0,0,0,1,2,2,16
,2022-31574,-105.0904383,39.61438447,8/29/2022 16:52,16:52,3,0,0,W LONG DR & S WADSWORTH BLVD,1,1,0,7,1,2,0,0,30,0,0,0,0,0,4,2,13
,2022-31577,-104.8957834,39.71695935,8/30/2022 7:10,7:10,10,0,0,E FAIRMOUNT DR & E LOWRY BLVD,1,1,0,0,1,6,0,0,15,0,0,0,0,0,4,2,16
,2022-31579,-104.9828635,39.79003429,8/30/2022 6:12,6:12,6,0,0,5100 BLK N LOGAN ST & E 51ST AVE,1,2,0,0,1,4,0,0,,0,0,0,0,0,4,3,16
,2022-31580,-105.0252234,39.74746786,8/30/2022 14:20,14:20,15,0,0,FEDERAL BLVD 1900 BLK N  & W 20TH AVE,1,1,0,0,1,4,0,0,35,0,0,0,0,0,2,2,11
,2022-31582,-104.9405646,39.66028897,8/29/2022 7:33,7:33,5,0,0,S COLORADO BLVD & E DARTMOUTH AVE,1,1,1,0,2,1,0,0,35,0,0,0,0,0,2,1,7
,2022-31583,-104.9181861,39.65297726,8/30/2022 7:41,7:41,1,0,1,E HAMPDEN AVE & I-25,1,1,0,0,1,3,0,0,40,0,0,0,0,1,2,2,16
,2022-31584,-104.8706595,39.71003455,8/27/2022 23:20,23:20,12,0,2,E ALAMEDA AVE & S GALENA WAY,1,3,0,0,1,1,0,0,25,0,0,0,0,2,4,3,16
,2022-31586,-104.9406252,39.71622374,8/29/2022 15:30,15:30,15,0,0,N COLORADO BLVD & E ELLSWORTH AVE,1,1,0,0,1,1,0,0,30,0,0,0,0,0,2,2,3
,2022-31590,-104.7554154,39.78289944,8/27/2022 22:10,22:10,1,0,1,E GVR BLVD & N HIMALAYA RD,1,3,0,0,1,3,0,0,35,0,0,0,0,2,4,2,11
,2022-31591,-104.9910429,39.68954024,8/29/2022 12:23,12:23,3,0,0,S CHEROKEE & W FLORIDA AVE,1,1,0,0,1,1,0,0,25,0,0,0,0,0,4,3,1
,2022-31592,-104.9915199,39.74839479,8/29/2022 9:30,9:30,12,0,0,CHAMPA ST & 18TH ST,1,1,0,0,1,1,0,0,25,0,0,0,0,0,4,2,3
,2022-31594,-104.8987172,39.75101659,8/29/2022 12:30,12:30,3,0,0,E 23RD AVE & N SYRACUSE ST,1,1,0,0,1,1,0,0,35,0,0,0,0,0,4,2,13
,2022-31596,-104.9791539,39.77935673,8/30/2022 10:39,10:39,15,0,0,N WASHINGTON ST & I-70 EB OFF RAMP,1,1,0,0,1,3,0,0,30,0,0,0,0,0,4,2,11
,2022-31599,-104.9124339,39.74377164,8/29/2022 15:20,15:20,12,0,0,E 17TH AVE & N MONACO ST,1,1,0,0,1,1,0,0,30,0,0,0,0,0,4,2,13
,2022-31601,-105.0251344,39.72932999,8/30/2022 19:05,19:05,5,0,2,W 6TH AVE & N FEDERAL BLVD,1,1,0,0,2,4,0,0,55,0,0,0,0,2,2,2,1
,2022-31608,-105.0193151,39.69313144,8/30/2022 16:31,16:31,3,0,0,W LOUISIANA AVE & S CANOSA CT,1,1,0,0,1,1,0,0,25,0,0,0,0,0,4,2,3
,2022-31609,-104.9695272,39.73687325,8/29/2022 23:17,23:17,3,0,1,E 13TH AVE & N HUMBOLDT ST,1,3,0,0,1,3,0,0,25,0,0,0,0,2,4,2,11
,2022-31610,-104.9594472,39.68485346,8/30/2022 7:47,7:47,12,0,1,I-25 & S UNIVERSITY BLVD,1,1,0,0,1,4,0,0,60,0,0,0,0,1,1,3,13
,2022-31613,-105.0493867,39.71436999,8/30/2022 8:00,8:00,12,0,0,S XAVIER ST & W MAPLE PL,1,1,1,0,1,1,0,0,25,0,0,0,0,0,4,2,16
,2022-31614,-104.91256,39.72533832,8/29/2022 13:00,13:00,1,0,0,N MONACO ST & E 6TH AVE,1,1,0,0,1,1,0,0,30,0,0,0,0,0,4,2,3
,2022-31617,-104.8471813,39.79823776,8/25/2022 12:59,12:59,15,0,2,N PEORIA ST & E 56TH AVENUE,1,1,0,0,1,1,0,0,35,0,0,0,0,3,4,2,1
,2022-31620,-105.0057176,39.77178744,8/26/2022 8:58,8:58,6,0,0,W 40TH AVE & N OSAGE ST,1,1,0,0,1,4,0,0,25,0,0,0,0,0,4,2,3
,2022-31622,-105.0158685,39.7692827,8/30/2022 11:21,11:21,3,0,0,W 38TH AVE & N ZUNI ST,1,1,0,0,1,1,0,0,35,0,0,0,0,0,4,2,11
,2022-31625,-104.8051644,39.7845883,8/27/2022 22:18,22:18,6,0,0,4884 N JASPER CT & E 48TH PL,1,3,0,0,1,4,0,0,20,0,0,0,0,0,4,2,16
,2022-31637,-104.9256085,39.66761844,8/29/2022 12:00,12:00,1,0,0,E YALE AVE & I-25,1,1,0,0,1,1,0,0,30,0,0,0,0,0,4,2,3
,2022-31640,-104.9910461,39.75549023,8/29/2022 12:13,12:13,8,0,0,22ND ST & MARKET ST,1,1,0,0,1,1,0,0,30,0,0,0,0,1,4,2,13
,2022-31643,-104.9352398,39.71117633,8/15/2022 11:30,11:30,12,0,0,4400 BLOCK E ALAMEDA AVE & LEETSDALE DR,1,1,1,0,1,3,0,0,30,0,0,0,0,1,4,2,16
,2022-31650,-104.9873771,39.75442082,8/29/2022 22:39,22:39,5,0,0,PARK AVE W 1100 BLK  & ARAPAHOE ST,1,3,0,0,3,1,0,0,35,0,0,0,0,0,4,1,16
,2022-31651,-104.8928561,39.74461443,8/30/2022 19:03,19:03,6,0,0,UINTA ST 1740 N  & E 17TH AVE,1,1,0,0,1,4,0,0,,0,0,0,0,0,4,3,16
,2022-31652,-105.0250605,39.68949117,8/30/2022 15:20,15:20,3,0,0,W FLORIDA AVE & S FEDERAL BLVD,1,1,0,0,1,1,0,0,30,0,0,0,0,0,2,3,1
,2022-31654,-104.9732901,39.71820141,8/29/2022 16:00,16:00,15,0,0,E SPEER BLVD & N DOWNING ST,1,1,0,0,1,1,0,0,30,0,0,0,0,0,4,2,3
,2022-31657,-104.9407884,39.7146587,8/29/2022 14:00,14:00,1,0,1,S COLORADO BLVD & E BAYAUD AVE,1,1,0,0,1,1,0,0,35,0,0,0,0,2,2,3,3
,2022-31659,-104.9600439,39.73838958,8/29/2022 16:03,16:03,15,0,0,E 14TH AVE & N YORK ST,1,1,0,0,1,4,0,0,30,0,0,0,0,0,4,2,8
,2022-31660,-104.9029882,39.77266114,8/29/2022 17:41,17:41,12,0,2,N QUEBEC ST & E 40TH AVE,1,1,0,0,1,4,0,0,40,0,0,0,0,2,4,3,13
,2022-31661,-104.9315542,39.70916537,8/30/2022 9:11,9:11,2,0,1,S DAHLIA ST & LEETSDALE DR,1,1,0,0,1,1,0,0,35,1,0,0,0,2,2,1,16
,2022-31662,-105.0397171,39.70632145,8/30/2022 15:40,15:40,14,0,0,MORRISON RD & S PERRY ST,1,1,0,0,1,4,0,0,,0,0,0,0,0,4,2,16
,2022-31669,-104.8470297,39.77400525,8/29/2022 16:13,16:13,15,0,0,I-70  & N PEORIA ST,1,1,0,0,1,13,0,0,55,0,0,0,0,0,1,3,3
,2022-31691,-105.0052902,39.73529048,8/31/2022 15:30,15:30,15,0,0,W 12TH AVE & N OSAGE ST,1,1,0,0,1,1,0,0,15,0,0,0,0,0,4,2,7
,2022-31696,-104.9984688,39.72890552,8/17/2022 14:09,14:09,6,0,0,8TH AVE 800 BLK W  & N SANTA FE DR,1,1,0,0,3,4,0,0,,0,0,0,0,0,4,2,16
,2022-31697,-104.9551154,39.73837874,8/30/2022 13:00,13:00,10,0,0,E 14TH AVE & N CLAYTON ST,1,1,0,0,1,1,0,0,30,0,0,0,0,0,4,2,8
,2022-31699,-104.9222929,39.77878749,8/31/2022 5:39,5:39,12,0,0,5700 BLK OF 45TH NORTH DR & N HOLLY ST,1,3,0,0,1,3,0,0,35,0,0,0,0,0,4,2,11
,2022-31700,-104.912536,39.73705515,8/31/2022 11:40,11:40,15,0,0,E 13TH AVE & N MONACO ST,1,1,0,0,1,4,0,0,30,0,0,0,0,0,4,2,13
,2022-31701,-104.8980629,39.71698913,8/30/2022 16:00,16:00,15,0,0,E LOWRY BLVD & N SPRUCE ST,1,1,0,0,1,1,0,0,30,0,0,0,0,0,4,2,3
,2022-31703,-105.0052346,39.74014355,8/28/2022 22:10,22:10,1,0,1,W COLFAX AVE & N OSAGE ST,1,3,0,0,1,1,0,0,35,0,0,0,0,2,2,2,13
,2022-31705,-104.9101221,39.63900661,7/18/2022 23:50,23:50,15,0,0,I-25  & MM 200.5,1,3,1,0,1,4,0,0,65,0,0,0,0,0,1,3,7
,2022-31706,-105.0428517,39.7041196,8/23/2022 8:14,8:14,12,0,0,MORRISON RD & S STUART ST,1,1,0,0,1,1,0,0,30,0,0,0,0,0,4,2,16
,2022-31707,-105.0100235,39.72255706,8/11/2022 7:15,7:15,15,0,0,I-25  & 6TH AVE,1,1,0,0,1,4,0,0,55,0,0,0,0,0,1,2,1
,2022-31708,-104.9222816,39.71261609,8/31/2022 7:57,7:57,1,0,2,HOLLY ST 200 BLK S  & E CEDAR AVE,1,1,0,0,1,4,0,0,30,0,0,0,0,1,4,2,11
,2022-31709,-104.9953358,39.67101091,8/4/2022 23:43,23:43,6,0,0,2555 S SANTA FE DR & W HARVARD AVE,1,4,0,0,3,1,0,0,,0,0,0,0,0,2,2,16
,2022-31711,-104.9874975,39.71835879,8/31/2022 11:43,11:43,15,0,0,E 1ST AVE & N BROADWAY ST,1,1,0,0,1,1,0,0,35,0,0,0,0,0,4,2,16
,2022-31714,-104.8310458,39.77744665,7/30/2022 21:45,21:45,6,0,0,4500 N CRYSTAL ST & E ALBROOK DR,1,3,0,0,1,4,0,0,,0,0,0,0,0,4,2,16
,2022-31715,-104.8456521,39.79818668,8/13/2022 4:06,4:06,5,1,0,E 56TH AVE & PEORIA ST,1,3,0,0,3,4,0,0,40,0,0,0,0,4,4,1,1
,2022-31717,-104.9873837,39.75158087,8/30/2022 14:00,14:00,10,0,0,N BROADWAY ST & CHAMPA ST,1,1,0,0,1,1,0,0,30,0,0,0,0,0,4,2,3
,2022-31718,-105.0028213,39.74002766,8/31/2022 12:44,12:44,8,0,0,W COLFAX AVE & N MARIPOSA ST,1,1,0,0,1,1,0,0,45,0,0,0,0,0,2,2,13
,2022-31727,-105.0135314,39.76980345,8/31/2022 0:30,0:30,6,0,0,VALLEJO ST & W 38TH AVE,1,4,0,0,1,4,0,0,20,0,0,0,0,0,4,3,1
,2022-31731,-104.7721146,39.78369349,8/5/2022 22:21,22:21,1,0,0,N TOWER RD & E GVR BLVD,1,3,0,0,1,1,0,0,45,0,0,0,0,0,4,4,16
,2022-31735,-104.9405044,39.78002872,8/31/2022 6:40,6:40,15,0,0,I-70 & N COLORADO BLVD,1,1,0,0,1,4,0,0,55,0,0,0,0,0,1,2,7
,2022-31736,-104.9451532,39.79436317,8/8/2022 19:50,19:50,14,0,0,5300 BLK N MONROE ST & E 54TH AVE,1,4,0,0,1,3,0,0,30,0,0,0,0,0,4,2,14
,2022-31738,-104.9562788,39.73680626,8/31/2022 14:13,14:13,3,0,2,E 13TH AVE & N ELIZABETH ST,1,1,0,0,1,3,0,0,25,0,0,0,0,2,4,2,13
,2022-31740,-104.9262606,39.66861362,8/19/2022 18:03,18:03,15,0,0,I-25  & E YALE AVE,1,1,0,0,1,4,0,0,65,0,0,0,0,0,1,2,16
,2022-31741,-105.0346077,39.76213901,8/30/2022 21:00,21:00,1,0,0,W 32ND AVE & N LOWELL BLVD,1,3,1,0,1,3,0,0,30,0,0,0,0,0,4,2,13
,2022-31744,-104.9920447,39.69626687,8/4/2022 22:12,22:12,12,0,1,SANTA FE DR & 1100 BLK S ,1,3,0,0,1,3,0,0,45,0,0,0,0,1,2,3,16