id,drcog_id,longitude,latitude,crashtime,time,crashtype,numbkilled,numbinjurd,drcoglocat,rdconditin,lightngcon,roadcntgrd,weatherco,location,roaddescrp,schoolzone,constrzone,splimit,bikeinv,pedinv,sctrinv,motoinv,svrty,rdsystem,ttlvehcls,hcf
,2022-31747,-104.9874763,39.70041881,8/31/2022 15:20,15:20,12,0,0,S BROADWAY ST & W KENTUCKY AVE,1,1,0,0,1,4,0,0,35,0,0,0,0,0,4,2,16
,2022-31755,-105.0127078,39.75512692,5/27/2022 17:03,17:03,12,0,1,I-25 & N SPEER BLVD,1,1,0,0,1,4,0,0,55,0,0,0,0,1,1,2,16
,2022-31756,-105.0205381,39.7580395,8/30/2022 21:54,21:54,3,0,0,N CLAY ST & N SPEER BLVD,1,3,1,0,1,1,0,0,25,0,0,0,0,0,4,2,11
,2022-31758,-104.9406355,39.67688665,8/30/2022 7:54,7:54,15,0,0,COLORADO BLVD 2100 BLK S  & E WARREN AVE,1,1,0,0,1,4,0,0,30,0,0,0,0,0,2,2,13
,2022-31761,-104.9382027,39.77591431,8/31/2022 1:05,1:05,5,0,2,4100 BLOCK E SMITH RD & ALBION ST,1,4,1,0,3,4,0,0,35,0,0,0,0,2,4,1,1
,2022-31764,-104.9128742,39.6676319,8/20/2022 7:20,7:20,3,0,1,E YALE AVE & S MONACO ST,1,1,0,0,1,1,0,0,35,0,0,0,0,2,4,2,1
,2022-31765,-104.8827688,39.77727111,8/19/2022 19:12,19:12,12,0,0,I-70 & N CENTRAL PARK BLVD,1,3,0,0,1,4,0,0,,0,0,0,0,0,1,2,16
,2022-31766,-104.9875325,39.70145192,8/31/2022 5:10,5:10,15,0,0,I-25 & S BROADWAY ST,1,3,0,0,1,4,0,0,60,0,0,0,0,0,1,2,16
,2022-31767,-104.9957239,39.73584391,8/22/2022 19:52,19:52,6,0,0,GALAPAGO ST 1200 BLK N  & W 12TH AVE,1,4,0,0,1,4,0,0,25,0,0,0,0,0,4,3,2
,2022-31772,-105.0231099,39.72932163,8/30/2022 21:08,21:08,6,0,1,2800 BLK W 8TH AVE & N FEDERAL BLVD,1,3,0,0,1,4,0,0,35,0,0,0,0,2,4,2,16
,2022-31773,-104.994036,39.72893032,8/15/2022 23:45,23:45,3,0,1,W 8TH AVE & N ELATI ST,11,3,0,0,1,3,0,0,30,0,0,0,0,2,4,2,16
,2022-31775,-104.7374612,39.76979838,8/22/2022 5:30,5:30,6,0,0,E 38TH PL & N ORLEANS CT,1,3,1,0,1,3,0,0,25,0,0,0,0,0,4,2,8
,2022-31778,-104.9593175,39.7801238,2/19/2022 12:55,12:55,15,0,0,I-70  & N YORK ST,1,1,0,0,1,4,0,0,55,0,0,0,0,0,1,2,1
,2022-31782,-104.9511177,39.71100757,8/30/2022 15:00,15:00,3,0,0,ALAMEDA AVE  & 3100 BLK E ,1,1,0,0,1,2,0,0,25,0,0,0,0,0,4,2,3
,2022-31783,-105.0178718,39.68054536,8/31/2022 12:32,12:32,6,0,0,W ASBURY AVE & S BRYANT ST,1,1,0,0,1,1,0,0,25,0,0,0,0,0,4,2,3
,2022-31786,-104.9982805,39.71349189,8/30/2022 19:00,19:00,10,0,0,S SANTA FE DR & W CEDAR AVE,1,1,0,0,1,1,0,0,30,0,0,0,0,0,4,2,3
,2022-31788,-104.9814493,39.72088245,8/30/2022 11:00,11:00,6,0,0,N PENNSYLVANIA ST & E 3RD AVE,1,1,0,0,1,1,0,0,25,0,0,0,0,0,4,2,3
,2022-31789,-104.9406242,39.71463106,7/3/2022 2:53,2:53,12,0,0,S COLORADO BLVD & LEETSDALE DR,1,4,0,0,1,3,0,0,,0,0,0,0,0,2,2,16
,2022-31790,-104.9246173,39.77840237,8/31/2022 8:53,8:53,10,0,0,E 45TH SOUTH DR & GRAPE ST,1,1,0,0,1,1,0,0,35,0,0,0,0,0,1,2,11
,2022-31792,-105.0203698,39.70001287,8/24/2022 13:56,13:56,6,0,0,900 BLK S CLAY ST & W. KENTUCKY AVE,1,1,0,0,1,1,0,0,25,0,0,0,0,0,4,2,16
,2022-31795,-105.0469535,39.69957146,8/4/2022 0:20,0:20,6,0,0,S VRAIN ST 900 BLK & W. KENTUCKY AVE,1,4,0,0,1,4,0,0,25,0,0,0,0,0,4,2,16
,2022-31797,-104.9597931,39.73504179,8/29/2022 16:44,16:44,2,0,0,E 12TH AVE & N YORK ST,1,3,0,0,1,1,0,0,25,1,0,0,0,0,4,2,13
,2022-31800,-105.0532212,39.73310719,8/20/2022 1:29,1:29,5,0,0,N SHERIDAN BLVD & W 10TH AVE,1,3,0,0,3,3,0,0,35,0,0,0,0,0,2,1,16
,2022-31801,-104.9905766,39.72892843,7/16/2022 2:37,2:37,3,0,0,W 8TH AVE & N SPEER BLVD,1,3,0,0,1,1,0,0,35,0,0,0,0,0,4,2,3
,2022-31802,-104.9867499,39.73684895,8/22/2022 12:00,12:00,12,0,0,10 BLK E 13TH AVE & N. BROADWAY ST.,1,1,0,0,1,3,0,0,30,0,0,0,0,0,4,2,16
,2022-31804,-104.9733929,39.71110895,8/30/2022 18:00,18:00,12,0,0,E ALAMEDA AVE & S DOWNING ST,1,1,0,0,1,1,0,0,30,0,0,0,0,0,4,2,3
,2022-31805,-104.9339699,39.67844568,8/30/2022 16:49,16:49,15,0,0,I-25  & E EVANS AVE,1,1,0,0,1,4,0,0,65,0,0,0,0,0,1,2,16
,2022-31806,-104.955542,39.73680856,8/31/2022 10:41,10:41,10,0,0,13TH AVE 2600 BLK E  & N CLAYTON ST,1,1,0,0,1,1,0,0,25,0,0,0,0,0,4,2,16
,2022-31809,-104.8957834,39.71695935,8/30/2022 16:40,16:40,15,0,0,E LOWRY BLVD & N FAIRMOUNT DR,1,1,0,0,1,1,0,0,30,0,0,0,0,0,4,2,8
,2022-31815,-104.9971408,39.711194,8/29/2022 11:00,11:00,12,0,0,W ALAMEDA AVE & S SANTA FE DR,1,1,0,0,1,1,0,0,30,0,0,0,0,0,4,2,13
,2022-31816,-104.7905078,39.7816241,7/1/2022 17:50,17:50,12,0,0,PENA BLVD INBOUND & 4400 BLK ,1,1,3,0,1,4,0,0,,0,0,0,0,0,3,2,16
,2022-31817,-104.8656944,39.7559042,8/12/2022 3:43,3:43,6,0,0,HAVANA ST 2700 BLK N  & N HANOVER ST,1,3,0,0,3,4,0,0,25,0,0,0,0,0,4,2,16
,2022-31820,-104.987404,39.72909482,1/15/2022 18:00,18:00,15,0,1,E 8TH AVE & N BROADWAY,14,2,0,7,1,1,0,0,,0,0,0,0,1,4,2,16
,2022-31822,-104.9718895,39.71819618,8/18/2022 3:25,3:25,5,0,0,1ST AVE 1200 BLOCK E  & N DOWNING ST,1,3,0,0,2,4,0,0,30,0,0,0,0,0,4,1,16
,2022-31823,-105.0158283,39.78561901,8/31/2022 7:57,7:57,3,0,0,N ZUNI ST & W 49TH VE,1,1,0,0,1,1,0,0,35,0,0,0,0,0,4,2,13
,2022-31824,-105.0532424,39.69688921,7/3/2022 2:30,2:30,1,0,2,W MISSISSIPPI AVE & S SHERIDAN BLVD,1,3,0,0,1,3,0,0,40,0,0,0,0,3,4,2,16
,2022-31833,-104.9891522,39.78181856,8/30/2022 13:40,13:40,5,0,1,I-25 & I-70,1,1,1,0,1,4,0,0,55,0,0,0,0,2,1,3,16
,2022-31834,-104.9172672,39.73833757,8/22/2022 10:40,10:40,3,0,0,E 14TH AVE & N KEARNEY ST,1,1,0,0,1,3,0,0,30,0,0,0,0,0,4,2,16
,2022-31838,-104.7721146,39.78369349,8/17/2022 8:30,8:30,1,0,0,N TOWER RD & E GVR BLVD,1,1,0,0,1,1,0,0,35,0,0,0,0,0,4,2,11
,2022-31841,-105.0017652,39.77207457,8/13/2022 19:49,19:49,6,0,0,4000 BLK N LIPAN ST & W 40TH AVE,1,3,0,0,1,4,0,0,25,0,0,0,0,0,4,3,16
,2022-31846,-104.8800296,39.7770355,8/31/2022 9:50,9:50,15,0,0,I-70 & I-270,1,1,0,0,1,4,0,0,55,0,0,0,0,0,1,2,11
,2022-31847,-105.0167809,39.75128884,8/31/2022 7:50,7:50,12,0,0,I-25  & W 23RD AVE,1,1,0,0,1,4,0,0,55,0,0,0,0,0,1,2,16
,2022-31848,-105.0040546,39.78340799,9/1/2022 8:08,8:08,12,0,0,I-70  & N PECOS ST,1,1,0,0,1,4,0,0,55,0,0,0,0,0,1,2,13
,2022-31850,-104.9932851,39.76876138,9/1/2022 13:04,13:04,12,0,0,I-25 & W 38TH AVE,1,1,0,0,1,4,0,0,55,0,0,0,0,0,1,2,13
,2022-31851,-105.0509192,39.73309235,8/28/2022 17:47,17:47,6,0,0,5025 W 10TH AVE & W 10TH AVE,1,1,0,1,1,4,0,0,35,0,0,0,0,0,4,3,14
,2022-31852,-104.9070813,39.63428695,9/1/2022 2:02,2:02,5,0,1,I-25 EB FLYOVER & I-225 ,1,3,1,0,3,8,0,0,65,0,0,0,0,1,1,1,14
,2022-31854,-104.9733791,39.70960078,9/1/2022 14:41,14:41,6,0,0,DOWNING  300 BLK S  & E DAKOTA AVE,1,1,0,0,1,4,0,0,30,0,0,0,0,0,4,2,14
,2022-31855,-104.7870532,39.79480036,8/28/2022 1:00,1:00,12,0,0,PENA BLVD 4900  & 56TH AVE,1,3,0,0,5,4,0,0,65,0,0,0,0,0,3,2,16
,2022-31856,-105.0068859,39.76018476,8/28/2022 13:15,13:15,11,0,0,CENTRAL ST & 18TH ST,1,1,0,0,1,1,0,0,0,0,0,1,0,0,4,1,16
,2022-31857,-104.9046377,39.73417545,8/31/2022 10:00,10:00,3,0,0,E RICHTHOFEN PL & N POPLAR ST,1,1,0,0,1,1,0,0,25,0,0,0,0,0,4,2,11
,2022-31862,-104.9070332,39.76564659,8/14/2022 21:00,21:00,6,0,0,E 35TH AVE & N OLIVE ST,1,3,0,0,1,4,0,0,25,0,0,0,0,0,4,3,1
,2022-31863,-105.0315209,39.75483026,8/31/2022 20:17,20:17,6,0,1,W 26TH AVE & N JULIAN ST,1,3,0,0,3,1,0,0,30,0,0,0,0,1,4,2,14
,2022-31867,-104.9046328,39.73870425,9/1/2022 11:33,11:33,10,0,0,E 14TH AVE & N POPLAR ST,1,1,0,0,1,1,0,0,25,0,0,0,0,0,4,2,16
,2022-31870,-104.7353248,39.78767538,8/27/2022 20:55,20:55,6,0,1,N PERTH CT & E 51ST AVE,1,3,0,0,1,4,0,0,20,0,0,0,0,2,4,2,14
,2022-31871,-104.8990257,39.75370418,8/14/2022 15:31,15:31,6,0,0,2498 N SYRACUSE ST & 25TH AVE,1,1,0,0,1,4,0,0,25,0,0,0,0,0,4,2,16
,2022-31872,-104.9405454,39.68853123,9/1/2022 11:11,11:11,12,0,0,COLORADO BLVD 1500 BLK S  & E FLORIDA AVE,1,1,0,0,1,4,0,0,35,0,0,0,0,0,2,2,16
,2022-31874,-104.6726861,39.84979297,9/1/2022 11:09,11:09,15,0,0,8400 N PENA BLVD (INBOUND) & DOOR 410,1,1,0,0,5,4,0,0,10,0,0,0,0,0,2,2,11
,2022-31912,-104.9034358,39.79355015,8/14/2022 0:41,0:41,12,0,0,5101 N QUEBEC ST & E 53RD PL,1,3,0,0,1,2,0,0,35,0,0,0,0,0,2,2,1
,2022-31916,-104.940525,39.75838939,9/1/2022 12:00,12:00,15,0,0,N COLORADO BLVD & E 29TH AVE,1,1,0,0,1,4,0,0,35,0,0,0,0,0,2,2,16
,2022-31917,-104.9129415,39.70386144,8/31/2022 15:00,15:00,12,0,0,S MONACO ST & E EXPOSITION AVE,1,1,0,0,1,1,0,0,30,0,0,0,0,0,4,3,3
,2022-31918,-104.9082183,39.70027466,9/1/2022 15:26,15:26,1,0,1,E LEETSDALE DR & S ONEIDA ST,1,1,3,0,1,1,0,0,35,0,0,0,0,1,2,3,13
,2022-31921,-104.9257464,39.66757678,9/1/2022 7:26,7:26,15,0,0,I-25 & E YALE AVE,1,1,0,0,1,4,0,0,65,0,0,0,0,0,1,2,2
,2022-31922,-105.0006309,39.74981728,9/1/2022 13:40,13:40,12,0,1,15TH ST & BLAKE ST,1,1,0,0,1,4,0,0,25,0,0,0,0,1,4,2,11
,2022-31924,-104.7648974,39.78372349,8/31/2022 14:55,14:55,1,0,0,E GVR BLVD & N ARGONNE ST,1,1,0,0,1,1,0,0,35,0,0,0,0,0,4,3,16
,2022-31925,-104.9582368,39.77946352,9/1/2022 8:54,8:54,15,0,0,4500 BLK N JOSEPHINE ST & E 46TH NORTH AVE,1,1,0,0,1,3,0,0,25,0,0,0,0,0,4,2,1
,2022-31926,-104.9695294,39.73763336,8/30/2022 23:16,23:16,6,0,0,1300 BLOCK N HUMBOLDT ST & E 14TH AVE / N HUMBOLDT ST,1,3,0,0,1,4,0,0,25,0,0,0,0,0,4,2,13
,2022-31929,-104.6929575,39.8318399,9/1/2022 11:52,11:52,3,0,0,N JACKSON GAP ST & E 75TH AVE,1,1,0,0,1,1,0,0,45,0,0,0,0,0,4,2,1
,2022-31931,-104.8830668,39.78572865,8/31/2022 6:50,6:50,8,0,0,E NORTHFIELD BLVD & N CENTRAL PARK BLVD,1,1,0,0,1,1,0,0,35,0,0,0,0,0,4,2,8
,2022-31932,-104.9483682,39.73835827,9/1/2022 7:25,7:25,3,0,0,E 14TH AVE & N ADAMS ST,1,1,0,0,1,1,0,0,20,0,0,0,0,0,4,2,7
,2022-31940,-104.940503,39.76390666,9/1/2022 1:44,1:44,11,0,1,N COLORADO BLVD & E BRUCE RANDOLPH AVE,1,3,0,0,1,4,0,0,0,0,1,0,0,1,2,1,16
,2022-31942,-104.9175887,39.69808214,9/2/2022 8:29,8:29,6,0,0,1000 BLK S KEARNEY ST & E TENNESSEE AVE,1,1,0,0,1,4,0,0,25,0,0,0,0,0,4,2,16
,2022-31946,-105.025149,39.72933001,9/1/2022 10:16,10:16,12,0,0,W 6TH AVE & N FEDERAL BLVD,1,1,1,0,1,8,0,0,55,0,0,0,0,0,2,2,16
,2022-31948,-104.9022699,39.68935201,9/1/2022 1:31,1:31,6,0,2,7300-BLK E FLORIDA AVE & S QUEBEC ST,1,4,0,0,1,4,0,0,25,0,0,0,0,2,4,3,14
,2022-31951,-104.9508091,39.68129695,8/31/2022 17:00,17:00,12,0,0,E BUCHTEL BLVD & S ST PAUL ST,1,1,0,0,1,1,0,0,,0,0,0,0,0,4,2,16
,2022-31953,-104.9728624,39.7181913,9/1/2022 11:33,11:33,15,0,0,1200 BLK E 1ST AVE & N DOWNING ST,1,1,0,0,1,4,0,0,30,0,0,0,0,0,4,2,11
,2022-31956,-105.0064582,39.76928789,9/1/2022 18:25,18:25,1,0,0,W 38TH AVE & N PECOS ST,1,3,0,0,1,1,0,0,35,0,0,0,0,0,4,2,1
,2022-31957,-104.7872827,39.79839279,9/1/2022 13:05,13:05,12,0,0,PENA BLVD5600 BLK OUTBOUND  & E 56TH AVE,1,1,0,0,1,4,0,0,65,0,0,0,0,0,2,2,11
,2022-31961,-104.9873797,39.7448864,8/27/2022 19:05,19:05,12,0,0,E 18TH AVE & N BROADWAY ST,1,1,0,0,1,3,0,0,30,0,0,0,0,0,4,2,1
,2022-31962,-104.7904699,39.78363776,9/1/2022 13:32,13:32,10,0,0,PENA BLVD INBOUND & E GVR BLVD,1,1,0,0,1,1,0,0,25,0,0,0,0,0,4,2,3
,2022-31967,-105.0186764,39.72573081,8/30/2022 14:29,14:29,12,0,0,N BRYANT ST & W 6TH AVE,1,1,0,0,1,1,0,0,30,0,0,0,0,0,4,2,2
,2022-31968,-104.9071601,39.65318326,8/31/2022 10:00,10:00,3,0,0,S OLEANDER CT & E HAMPDEN AVE,1,1,0,0,1,1,0,0,25,0,0,0,0,0,2,2,13
,2022-31969,-104.9034009,39.77829351,9/1/2022 16:49,16:49,15,0,0,N NORTHFIELD QUEBEC ST & I-70 EB ON RAMP,1,1,1,0,1,1,0,0,35,0,0,0,0,0,2,2,16
,2022-31970,-104.6726861,39.84979297,9/1/2022 14:50,14:50,16,0,0,8400 PENA BLVD (LEVEL 5 EAST) & LEVEL 5 EAST,14,5,3,7,5,7,0,0,10,0,0,0,0,0,3,2,11
,2022-31971,-104.9891902,39.72413844,8/31/2022 16:45,16:45,3,0,0,N ACOMA ST & W 5TH AVE,1,1,0,0,1,1,0,0,25,0,0,0,0,0,4,2,3
,2022-31973,-104.959758,39.76088493,9/1/2022 15:36,15:36,12,0,0,N YORK ST & E 31ST AVE,1,1,0,0,1,4,0,0,35,0,0,0,0,0,4,3,16
,2022-31975,-105.0491676,39.76936578,9/1/2022 13:00,13:00,12,0,0,4800 BLK W 38TH AVE & N WOLFF ST,1,1,0,0,1,4,0,0,35,0,0,0,0,0,4,2,2
,2022-31977,-104.9091096,39.76926693,9/2/2022 10:25,10:25,5,0,1,38TH AVE & N NEWPORT ST,1,1,0,0,2,4,0,0,25,0,0,0,0,2,4,1,2
,2022-31981,-104.8847927,39.6526119,9/2/2022 10:12,10:12,15,0,0,YOSEMITE ST 3500 BLK S  & E JEFFERSON AVE,1,1,1,0,1,2,0,0,40,0,0,0,0,0,4,2,14
,2022-31982,-105.0052725,39.73349849,9/2/2022 18:48,18:48,6,0,0,N OSAGE ST & W 11TH AVE,1,1,0,0,1,4,0,0,25,0,0,0,0,0,4,3,12
,2022-31985,-105.0193756,39.75601992,9/1/2022 19:19,19:19,6,0,0,W 27TH AVE & N BRYANT ST,1,4,0,0,1,4,0,0,25,0,0,0,0,0,4,2,10
,2022-31986,-105.0252313,39.76925953,9/1/2022 20:45,20:45,3,0,0,N FEDERAL BLVD & W 38TH AVE,1,3,0,0,1,1,0,0,35,0,0,0,0,0,2,2,8
,2022-31987,-105.0252313,39.76925953,9/2/2022 9:51,9:51,1,0,0,N FEDERAL BLVD & W 38TH AVE,1,1,0,0,1,1,0,0,35,0,0,0,0,0,2,2,13
,2022-31989,-105.0144821,39.75963352,9/2/2022 0:33,0:33,6,0,1,W 30TH AVE & W 30TH AVE,1,4,1,0,1,4,0,0,25,0,0,0,0,2,4,4,8
,2022-31994,-104.9035917,39.67665189,9/2/2022 11:20,11:20,12,0,0,QUEBEC ST & EVANS AVE,1,1,0,0,1,3,0,0,35,0,0,0,0,0,4,2,16
,2022-31995,-105.0500395,39.72562596,8/31/2022 14:22,14:22,12,0,0,W 6TH AVE EB ON RAMP & N SHERIDAN BLVD,1,1,0,0,1,8,0,0,55,0,0,0,0,0,2,2,16
,2022-31998,-105.0252189,39.76202227,9/2/2022 15:58,15:58,3,0,0,N FEDERAL BLVD & W 32ND AVE,1,1,0,0,1,1,0,0,35,0,0,0,0,0,2,2,13
,2022-32012,-105.0043198,39.76094363,9/1/2022 23:20,23:20,12,0,0,I-25 & 20TH ST,1,3,0,0,1,4,0,0,55,0,0,0,0,0,1,2,10
,2022-32014,-104.9388075,39.68323158,9/2/2022 10:47,10:47,16,0,0,4155 E JEWELL AVE & nan,1,1,0,0,5,7,0,0,10,0,0,0,0,0,3,2,16
,2022-32024,-104.9404553,39.78377163,9/1/2022 19:41,19:41,3,0,0,N COLORADO BLVD & E 48TH AVE,1,3,0,0,1,1,0,0,30,0,0,0,0,0,2,2,13
,2022-32028,-104.9406248,39.7292275,9/2/2022 11:00,11:00,12,0,0,N COLORADO BLVD & E 8TH AVE,1,1,0,0,1,1,0,0,35,0,0,0,0,0,2,2,7
,2022-32029,-104.67963,39.85051349,9/1/2022 20:40,20:40,15,0,0,8400 BLK PENA BLVD & DOOR 607,1,3,0,0,1,4,0,0,15,0,0,0,0,0,4,2,13
,2022-32030,-105.0532599,39.71662906,9/2/2022 12:18,12:18,15,0,0,N SHERIDAN BLVD & W ELLSWORTH AVE,1,1,0,0,1,4,0,0,,0,0,0,0,0,2,2,13
,2022-32042,-104.93268,39.68750517,9/2/2022 7:41,7:41,1,0,0,4600 BLK E IOWA AVE & S DAHLIA ST,1,1,3,0,1,4,1,0,20,0,0,0,0,0,4,2,11
,2022-32044,-104.8805887,39.65302438,9/1/2022 17:46,17:46,3,0,0,9200 E HAMPDEN AVE & S AKRON ST,1,1,1,0,1,2,0,0,15,0,0,0,0,0,2,2,13
,2022-32048,-105.0031042,39.74817283,9/1/2022 16:35,16:35,12,0,0,N SPEER BLVD & BLAKE ST,1,1,0,0,1,4,0,0,35,0,0,0,0,0,4,3,13
,2022-32050,-104.8983415,39.65307746,9/2/2022 9:58,9:58,12,0,0,HAMPDEN AVE 8000 BLK  E  & S TAMARAC DR,1,1,1,0,1,4,0,0,40,0,0,0,0,0,2,2,13
,2022-32051,-104.9771803,39.77430267,9/2/2022 15:05,15:05,12,0,0,38TH ST & CHESTNUT PL,1,1,0,0,1,1,0,0,35,0,0,0,0,0,4,2,3
,2022-32052,-104.991932,39.68811069,9/2/2022 15:29,15:29,15,0,0,SANTA FE DR 1500 BLK S  & W IOWA AVE,1,1,0,0,1,4,0,0,45,0,0,0,0,0,2,2,16
,2022-32053,-105.0394686,39.72825665,9/1/2022 14:05,14:05,3,0,1,W 7TH AVE & N PERRY ST,1,1,0,0,1,1,0,0,25,0,0,0,0,3,4,3,10
,2022-32066,-104.9826096,39.70027277,9/3/2022 7:34,7:34,3,0,1,KENTUCKY AVE 400 BLK E  & S LOGAN ST,1,1,0,0,1,9,0,0,10,0,0,0,0,2,4,2,13
,2022-32070,-104.9750733,39.69064058,9/2/2022 19:38,19:38,12,0,1,I-25 & S DOWNING ST,1,2,0,0,1,4,0,0,55,0,0,0,1,3,1,2,11
,2022-32073,-105.0314943,39.74039981,9/3/2022 8:15,8:15,8,0,2,W COLFAX AVE & N JULIAN ST,1,1,0,0,6,1,0,0,30,0,0,0,0,3,2,2,2
,2022-32075,-104.9666819,39.78132559,9/1/2022 17:37,17:37,12,0,0,I-70 WB EXIT RAMP GORE PT & N BRIGHTON BLVD,1,1,2,0,1,4,0,0,55,0,0,0,0,0,1,2,3
,2022-32076,-104.9105728,39.76182255,9/3/2022 2:39,2:39,5,0,1,E MLK BLVD & N NIAGARA ST,1,3,0,0,6,1,0,0,35,0,0,0,0,1,4,1,16
,2022-32079,-105.0165222,39.7513218,9/3/2022 12:34,12:34,12,0,0,I-25  & W 23RD AVE,1,1,0,0,1,4,0,0,55,0,0,0,0,0,1,2,13
,2022-32083,-104.9776687,39.77467954,9/3/2022 1:34,1:34,12,0,0,38TH ST & ARKINS CT,1,3,1,0,1,4,0,0,35,0,0,0,0,0,4,2,11
,2022-32084,-104.8740429,39.67473855,9/2/2022 20:13,20:13,1,0,0,S EMPORIA ST & E ILIFF AVE,11,4,0,0,1,1,0,0,45,0,0,0,0,0,4,2,7
,2022-32087,-105.0251799,39.78422127,9/3/2022 8:54,8:54,3,0,0,N FEDERAL BLVD & I-70 WB OFF RAMP,1,1,0,0,1,1,0,0,40,0,0,0,0,0,2,2,13
,2022-32091,-104.7863869,39.79831656,9/3/2022 14:09,14:09,12,0,0,PENA BLVD INBOUND & E 56TH AVE,1,1,1,0,1,8,0,0,35,0,0,0,0,0,4,2,13
,2022-32099,-105.0250779,39.709412,9/3/2022 12:53,12:53,12,0,2,FEDERAL BLVD 400 BLK S  & W DAKOTA AVE,1,1,0,0,1,4,0,0,35,0,0,0,0,1,2,3,3
,2022-32101,-104.9406249,39.7291863,9/2/2022 12:06,12:06,15,0,0,N COLORADO BLVD & E 8TH AVE,1,1,0,0,1,1,0,0,35,0,0,0,0,0,2,2,1
,2022-32102,-105.0147042,39.72900897,9/3/2022 13:49,13:49,12,0,0,I-25  & W 6TH AVE ,1,1,0,0,1,4,0,0,65,0,0,0,0,0,1,2,13
,2022-32108,-104.7861281,39.79838545,9/3/2022 18:24,18:24,15,0,0,E 56TH AVE & N PENA BLVD,1,1,0,0,1,4,0,0,40,0,0,0,0,0,4,2,13
,2022-32113,-104.755114,39.78336748,9/4/2022 14:31,14:31,3,0,0,E GVR BLVD & N HIMALAYA WAY,1,1,0,0,1,1,0,0,30,0,0,0,0,0,4,2,7
,2022-32115,-104.940782,39.71622448,9/3/2022 22:27,22:27,6,0,0,0 BLOCK N COLORADO BLVD & E ELLSWORTH AVE,1,3,0,0,1,4,0,0,30,0,0,0,0,0,4,2,13
,2022-32124,-104.9874099,39.75267299,9/3/2022 18:48,18:48,12,0,0,22ND ST & N BROADWAY ST,1,1,0,0,1,1,0,0,25,0,0,0,0,0,4,2,3
,2022-32142,-105.0080528,39.75313327,9/3/2022 20:45,20:45,12,0,0,N SPEER BLVD & ELITCH CIR,1,3,0,0,1,1,0,0,35,0,0,0,0,0,4,2,13
,2022-32151,-104.9985747,39.75774928,9/4/2022 1:57,1:57,1,0,2,20TH ST & CHESTNUT PL,1,3,0,0,1,1,0,0,35,0,0,0,0,3,4,2,3
,2022-32152,-105.0532108,39.65534025,9/4/2022 15:41,15:41,12,0,0,S SHERIDAN BLVD & W DARTMOUTH AVE,1,1,0,0,1,3,0,0,40,0,0,0,0,0,2,5,16
,2022-32154,-104.8645346,39.75883354,9/3/2022 7:03,7:03,3,0,0,N IOLA ST & E 29TH DR / N IOLA ST,1,1,0,0,1,1,0,0,25,0,0,0,0,0,4,2,13
,2022-32156,-104.9895219,39.78398043,8/25/2022 13:46,13:46,9,0,1,I-25 & W 48TH AVE,1,1,1,0,1,4,0,0,55,0,0,0,1,1,1,1,16
,2022-32157,-104.9405291,39.68311149,8/30/2022 11:29,11:29,6,0,0,I-25  & S COLORADO BLVD,1,1,1,0,1,1,0,0,35,0,0,0,0,0,2,2,14
,2022-32158,-104.9405417,39.75456893,8/18/2022 16:35,16:35,3,0,0,N COLORADO BLVD & E. 26TH AVE,1,1,0,0,1,1,0,0,20,0,0,0,0,0,2,2,16
,2022-32165,-105.0090085,39.68858504,7/31/2022 21:05,21:05,6,0,0,1800 BLK W GUNNISON PL & S RARITAN ST,1,4,0,0,1,4,0,0,25,0,0,0,0,0,4,4,16
,2022-32175,-104.8953495,39.73562381,8/30/2022 22:35,22:35,6,0,0,E 12TH AVE & N TAMARAC ST,1,3,0,0,1,4,0,0,25,0,0,0,0,0,4,2,16
,2022-32176,-105.0298414,39.76940068,8/26/2022 12:55,12:55,12,0,0,W 38TH AVE & N IRVING ST,1,1,0,0,1,4,0,0,30,0,0,0,0,0,2,3,16
,2022-32178,-105.0007168,39.74526681,8/28/2022 22:25,22:25,12,0,0,N SPEER BLVD & LAWRENCE ST,1,3,0,0,1,1,0,0,35,0,0,0,0,1,4,2,16
,2022-32179,-105.0001485,39.72570812,8/29/2022 5:38,5:38,3,0,0,W 6TH AVE & N KALAMATH ST,1,2,0,0,1,1,0,0,30,0,0,0,0,1,4,2,11
,2022-32182,-104.9915199,39.74839479,8/29/2022 10:00,10:00,11,0,0,CHAMPA ST & 18TH ST,1,1,0,0,1,1,0,0,25,0,0,1,0,0,4,1,3
,2022-32184,-104.8903768,39.7578903,8/30/2022 18:45,18:45,2,0,1,E 29TH AVE & N CENTRAL PARK BLVD,1,1,0,0,1,1,0,0,30,1,0,0,0,1,4,1,7
,2022-32186,-105.039099,39.7003703,8/29/2022 8:31,8:31,3,0,0,W KENTUCKY AVE & S PATTON CT,1,1,0,0,1,1,0,0,25,0,0,0,0,0,4,2,11
,2022-32190,-104.9874856,39.72259128,8/21/2022 5:47,5:47,11,0,1,N BROADWAY ST & E 4TH AVE,1,2,0,0,1,3,0,0,30,0,1,0,0,3,4,1,16
,2022-32195,-104.9067175,39.63415775,8/30/2022 18:46,18:46,12,0,0,I-25 & MM 200.10,1,1,0,0,1,4,0,0,,0,0,0,0,0,1,2,16
,2022-32196,-104.9594472,39.68472353,8/29/2022 8:48,8:48,12,0,0,I-25 & S UNIVERSITY BLVD,1,1,0,0,1,4,0,0,60,0,0,0,0,0,1,2,16
,2022-32200,-104.9965605,39.70666643,8/30/2022 14:56,14:56,15,0,0,I-25  & S SANTA FE DR,1,1,0,0,1,4,0,0,55,0,0,0,0,0,4,2,16