id,drcog_id,longitude,latitude,crashtime,time,crashtype,numbkilled,numbinjurd,drcoglocat,rdconditin,lightngcon,roadcntgrd,weatherco,location,roaddescrp,schoolzone,constrzone,splimit,bikeinv,pedinv,sctrinv,motoinv,svrty,rdsystem,ttlvehcls,hcf
,2022-32207,-105.0390514,39.69856098,8/30/2022 15:51,15:51,3,0,0,S PATTON CT & W TENNESSEE AVE,1,1,0,0,1,1,0,0,25,0,0,0,0,1,4,4,11
,2022-32208,-104.9886738,39.73205586,8/13/2022 12:00,12:00,6,0,0,W 10TH AVE & N ACOMA ST,1,1,0,0,1,2,0,0,25,0,0,0,0,0,4,2,16
,2022-32209,-104.9034276,39.75101654,8/30/2022 13:55,13:55,10,0,0,N QUEBEC ST & E 23RD AVE,1,1,0,0,1,1,0,0,35,0,0,0,1,1,4,2,13
,2022-32217,-104.9182399,39.65309085,8/31/2022 8:00,8:00,12,0,1,I-25  & E HAMPDEN AVE,1,1,0,0,1,4,0,0,65,0,0,0,0,1,1,2,16
,2022-32218,-104.995329,39.74572036,8/30/2022 17:30,17:30,11,0,0,15TH ST & CHAMPA ST,1,1,0,0,1,4,0,0,0,0,1,0,0,0,4,2,16
,2022-32219,-104.9891932,39.77810268,8/13/2022 3:10,3:10,15,0,0,I-25 & I-70,1,3,0,0,1,4,0,0,55,0,0,0,0,0,1,2,16
,2022-32220,-104.9586916,39.73839078,7/28/2022 22:10,22:10,11,0,1,E 14TH AVE & N JOSEPHINE ST,1,3,0,0,1,1,0,0,0,0,0,1,0,3,4,1,16
,2022-32221,-105.0284199,39.69310414,8/30/2022 18:37,18:37,6,0,0,W LOUISIANA AVE & S HOOKER ST,1,1,0,0,1,4,0,0,30,0,0,0,0,0,4,2,16
,2022-32222,-104.9564572,39.77766951,7/21/2022 21:15,21:15,6,0,0,N ELIZABETH ST & E 44TH AVE,1,4,0,0,1,4,0,0,25,0,0,0,0,0,4,4,16
,2022-32230,-105.0649728,39.61907578,8/31/2022 10:47,10:47,5,0,0,5300 BLK S JAY CIR & W PRENTICE PL,1,1,0,0,2,4,0,0,25,0,0,0,0,1,4,1,3
,2022-32231,-104.8846815,39.73522109,5/24/2022 21:20,21:20,11,0,1,E 12TH AVE & N YOSEMITE ST,1,3,0,0,1,4,0,0,30,0,1,0,0,3,4,1,16
,2022-32233,-104.7394516,39.78727975,8/20/2022 21:37,21:37,6,0,0,5000 BLK N NETHERLAND ST & E 50TH PL,1,4,0,0,1,12,0,0,25,0,0,0,0,0,4,2,14
,2022-32273,-104.9280702,39.7382897,9/4/2022 12:25,12:25,15,0,2,E 14TH AVE & N FAIRFAX ST,1,1,0,0,1,1,0,0,30,0,0,0,0,2,4,2,11
,2022-32278,-104.906341,39.63323619,9/4/2022 20:50,20:50,15,0,0,I-25  & I-225 ,1,3,0,0,1,4,0,0,65,0,0,0,0,0,1,2,14
,2022-32279,-104.9835077,39.7590156,9/4/2022 12:55,12:55,2,0,0,27TH ST & LAWRENCE ST,1,1,0,0,1,9,0,0,0,1,0,0,0,0,4,2,16
,2022-32281,-104.8664875,39.80267164,9/5/2022 9:00,9:00,6,0,0,5815 N HANOVER ST & E 58TH AVE,1,1,0,0,1,4,0,0,25,0,0,0,0,0,4,2,3
,2022-32282,-104.9963505,39.7446662,9/5/2022 1:58,1:58,10,0,0,CHAMPA ST & 14TH ST,1,3,0,0,1,1,0,0,30,0,0,0,0,1,4,2,14
,2022-32283,-105.0041075,39.71761299,8/30/2022 14:28,14:28,12,0,0,I-25  & W ALAMEDA AVE,1,1,0,0,1,4,0,0,55,0,0,0,0,0,1,3,3
,2022-32286,-104.99889,39.71119349,9/2/2022 12:36,12:36,12,0,5,I-25 & W ALAMEDA AVE,1,1,0,0,1,4,0,0,55,0,0,0,0,1,1,4,16
,2022-32287,-104.9603368,39.78018876,8/31/2022 15:19,15:19,12,0,0,I-70  & N BRIGHTON BLVD,1,1,0,0,1,4,0,1,55,0,0,0,0,0,1,2,10
,2022-32291,-105.0251411,39.66503878,9/5/2022 1:48,1:48,3,0,0,FEDERAL BLVD 2800 BLK S  & W AMHERST AVE,1,3,0,0,1,1,0,0,40,0,0,0,0,0,2,2,1
,2022-32301,-105.0394556,39.72549725,9/5/2022 13:57,13:57,12,0,0,W 6TH AVE & N PERRY ST,1,1,1,0,1,1,0,0,55,0,0,0,0,0,2,3,3
,2022-32302,-105.0251799,39.78422127,9/5/2022 12:25,12:25,1,0,1,N FEDERAL BLVD & I-70 EB ON RAMP,1,1,0,0,1,1,0,0,35,0,0,0,0,1,2,2,13
,2022-32304,-104.9537966,39.78017507,8/4/2022 0:07,0:07,6,0,5,I-70  & N STEELE ST,1,3,1,0,1,4,0,1,55,0,1,0,0,3,1,2,1
,2022-32306,-105.0250197,39.68227101,8/31/2022 14:17,14:17,1,0,1,S FEDERAL BLVD & W JEWELL AVE,1,1,0,0,1,1,0,0,40,0,0,0,0,2,2,2,11
,2022-32308,-104.9698927,39.69295853,9/5/2022 9:25,9:25,3,0,0,E LOUISIANA AVE & S HUMBOLDT ST,1,1,0,0,1,1,0,0,30,0,0,0,0,0,4,2,11
,2022-32310,-105.0052348,39.74012347,9/5/2022 14:09,14:09,12,0,0,COLFAX AVE 1400 BLK W  & N OSAGE ST,1,1,0,0,1,4,0,0,40,0,0,0,0,0,2,2,13
,2022-32317,-104.9864278,39.74827517,9/5/2022 12:58,12:58,3,0,0,WELTON ST & WELTON ST,1,1,0,0,1,1,0,0,30,0,0,0,0,0,4,2,16
,2022-32321,-105.0080528,39.75313327,9/1/2022 16:00,16:00,3,0,3,N SPEER BLVD & ELITCH CIR,1,1,0,0,1,1,0,0,35,0,0,0,0,2,4,2,8
,2022-32327,-104.9128116,39.67846224,9/5/2022 15:42,15:42,15,0,0,2223 S MONACO ST & E EVANS AVE,1,1,0,0,1,1,0,0,,0,0,0,0,0,4,2,16
,2022-32328,-104.8657424,39.77582352,9/5/2022 17:00,17:00,15,0,0,N HAVANA ST & I-70 WB RAMPS,1,1,0,0,1,1,0,0,40,0,0,0,0,0,4,2,10
,2022-32330,-104.8404462,39.77344055,9/2/2022 7:55,7:55,12,0,0,I-70 & N PEORIA ST,1,1,1,0,1,4,0,0,55,0,0,0,0,0,1,4,10
,2022-32337,-105.0251647,39.66051127,9/1/2022 9:56,9:56,9,0,0,3000 BLK S FEDERAL BLVD & W DARTMOUTH AVE,1,1,1,0,1,3,0,0,35,0,0,0,0,0,2,2,16
,2022-32346,-104.9922309,39.72412964,8/29/2022 22:44,22:44,6,0,0,W 5TH AVE & N CHEROKEE ST,1,3,0,0,1,3,0,0,25,0,0,0,0,0,4,3,16
,2022-32395,-105.0043198,39.76094363,9/5/2022 7:59,7:59,3,0,0,20TH ST & I-25 NB OFF RAMP,1,1,0,0,1,1,0,0,30,0,0,0,0,0,4,2,11
,2022-32401,-105.0250224,39.68138353,9/6/2022 13:00,13:00,12,0,0,FEDERAL BLVD1900 BLK S  & W JEWELL AVE,1,1,0,0,1,4,0,0,35,0,0,0,0,0,2,2,11
,2022-32410,-104.9810889,39.74167619,9/4/2022 11:30,11:30,3,0,0,E 16TH AVE & N PENNSYLVANIA ST,1,1,0,0,1,1,0,0,30,0,0,0,0,0,4,2,11
,2022-32411,-104.9406734,39.77384998,9/2/2022 9:07,9:07,15,0,0,N COLORADO BLVD & 41ST AVE,1,1,0,0,1,1,0,0,35,0,0,0,0,0,2,2,16
,2022-32412,-104.7861637,39.79838536,9/6/2022 7:30,7:30,12,0,0,E 56TH AVE & PENA BLVD,1,1,0,0,1,4,0,0,40,0,0,0,0,0,4,2,16
,2022-32413,-104.9745735,39.71472122,9/6/2022 9:45,9:45,2,0,1,E BAYAUD AVE & S CORONA ST,1,1,0,0,1,1,0,0,25,1,0,0,0,2,4,1,13
,2022-32418,-105.0298057,39.67820074,9/5/2022 18:51,18:51,3,0,0,S IRVING ST & W EVANS AVE,1,1,0,0,1,1,0,0,30,0,0,0,0,0,4,2,13
,2022-32419,-105.0150499,39.72932217,9/5/2022 10:53,10:53,12,0,0,I-25  & W 8TH AVE,1,1,1,0,1,4,0,0,55,0,0,0,0,0,1,2,3
,2022-32420,-105.0498214,39.7374717,9/2/2022 16:39,16:39,6,0,1,XAVIER ST 1300 BLK N  & W 13TH AVE,1,1,0,0,1,4,0,0,25,0,0,0,0,3,4,6,1
,2022-32421,-105.0252852,39.75120929,9/6/2022 14:53,14:53,15,0,0,N FEDERAL BLVD & W 23RD AVE,1,1,0,0,1,1,0,0,35,0,0,0,0,0,2,3,13
,2022-32423,-104.9791534,39.77913397,9/6/2022 13:03,13:03,1,0,1,N WASHINGTON ST & I-70 EB ON RAMP,1,1,0,0,1,1,0,0,30,0,0,0,0,3,4,2,1
,2022-32427,-104.7862705,39.79838508,9/1/2022 17:14,17:14,3,0,1,E 56TH AVE & PENA BLVD INBOUND,1,1,0,0,1,3,0,0,,0,0,0,1,2,4,2,16
,2022-32428,-105.1099017,39.63426424,9/6/2022 17:10,17:10,3,0,0,W STANFORD AVE & S KIPLING ST,1,1,0,0,1,1,0,0,45,0,0,0,0,0,4,2,3
,2022-32429,-104.9582128,39.78016404,9/5/2022 13:45,13:45,12,0,1,I-70 & JOSEPHINE ST,1,1,0,0,1,13,0,0,55,0,0,0,0,2,1,2,2
,2022-32430,-104.8097539,39.79026193,8/12/2022 20:00,20:00,2,0,1,N CHAMBERS RD & E 53RD AVE,1,3,0,0,1,1,0,0,0,1,0,0,0,2,4,1,16
,2022-32431,-104.9837914,39.71935454,9/1/2022 13:24,13:24,8,0,0,N GRANT ST & E 2ND AVE,1,1,0,0,1,1,0,0,25,0,0,0,0,0,4,2,13
,2022-32432,-104.9246265,39.75196302,9/5/2022 10:32,10:32,15,0,0,E 44TH AVE & N GRAPE ST,1,1,0,0,1,1,0,0,30,0,0,0,0,0,4,2,11
,2022-32434,-105.0064582,39.76928789,9/6/2022 13:48,13:48,3,0,2,W 38TH AVE & N PECOS ST,1,1,1,0,1,1,0,0,30,0,0,0,0,2,4,2,11
,2022-32436,-104.9597591,39.75573169,9/4/2022 11:34,11:34,15,0,0,N YORK ST & E 27TH AVE,1,1,0,0,1,1,0,0,30,0,0,0,0,0,4,2,1
,2022-32437,-104.7626056,39.8129259,9/6/2022 11:50,11:50,1,0,0,E 64TH AVE & N DUNKIRK ST,1,1,0,0,1,1,0,0,45,0,0,0,0,1,4,2,11
,2022-32438,-104.9037056,39.71705946,9/6/2022 16:10,16:10,1,0,0,N QUEBEC ST & E LOWRY BL,1,1,0,0,1,1,0,0,35,0,0,0,0,1,4,2,13
,2022-32439,-104.8934108,39.63486742,8/30/2022 21:20,21:20,15,0,0,I-225 S FRTG RD & S TAMARAC ST,1,3,1,0,1,1,0,0,40,0,0,0,0,0,4,2,1
,2022-32441,-104.9068291,39.71119865,8/31/2022 17:20,17:20,12,0,1,E ALAMEDA AVE & S OLIVE WY,1,1,0,0,1,3,0,0,,0,0,0,0,1,4,3,16
,2022-32443,-105.0252231,39.74752278,9/1/2022 17:25,17:25,12,0,0,N FEDERAL BLVD & W 20TH AVE,1,1,0,0,1,4,0,0,35,0,0,0,0,0,2,3,13
,2022-32445,-104.9835849,39.7448679,9/3/2022 14:35,14:35,10,0,0,E 18TH AVE & N GRANT ST,1,1,0,0,1,1,0,0,30,0,0,0,0,0,4,2,13
,2022-32446,-104.9034577,39.74006247,7/14/2022 7:25,7:25,15,0,0,N QUEBEC ST & E COLFAX AVE,1,1,0,0,1,1,0,0,30,0,0,0,0,0,4,2,16
,2022-32447,-104.7872827,39.79839279,9/2/2022 16:16,16:16,12,0,0, PENA BVLD OUTBOUND & E 56TH AVE,1,1,0,0,1,4,0,0,65,0,0,0,0,0,2,3,11
,2022-32448,-104.9067175,39.63415775,9/6/2022 17:47,17:47,12,0,1,I-25 & I-225 ,1,1,0,0,1,4,0,0,65,0,0,0,0,2,1,5,1
,2022-32451,-104.8881703,39.74198243,9/2/2022 16:40,16:40,3,0,0,E 16TH AVE & N WILLOW ST,1,1,0,0,1,1,0,0,25,0,0,0,0,0,4,2,11
,2022-32453,-104.9935151,39.73386651,9/2/2022 7:22,7:22,15,0,0,N SPEER BLVD & W 11TH AVE,1,1,0,0,1,1,0,0,35,0,0,0,0,0,4,2,16
,2022-32454,-105.0251796,39.78438167,9/1/2022 15:50,15:50,12,0,0,I-70 WB OFF RAMP & N FEDERAL BLVD,1,1,0,0,1,8,0,0,25,0,0,0,0,0,1,2,13
,2022-32455,-104.940629,39.67845463,9/3/2022 13:27,13:27,14,0,0,E EVANS AVE & S COLORADO BLVD,1,1,0,0,1,1,0,0,35,0,0,0,0,0,2,2,13
,2022-32458,-105.0015649,39.7111843,7/25/2022 19:04,19:04,3,0,5,W ALAMEDA AVE & S LIPAN ST,1,1,0,0,1,2,0,0,,0,0,0,0,2,2,3,8
,2022-32461,-104.7904699,39.78363776,9/6/2022 9:00,9:00,12,0,0,E GVR BLVD & PENA BLVD,1,1,0,0,1,3,0,0,25,0,0,0,0,0,4,2,16
,2022-32462,-104.9917572,39.75791561,9/6/2022 8:50,8:50,10,0,1,PARK AVE_W & WAZEE ST,1,1,1,0,1,1,0,0,35,0,0,0,0,2,4,2,8
,2022-32466,-104.7872827,39.79839279,9/2/2022 12:17,12:17,12,0,0,PENA BLVD OUTBOUND & E 56TH AVE,1,1,0,0,1,4,0,0,65,0,0,0,0,0,2,2,11
,2022-32468,-104.9957203,39.73685632,9/1/2022 16:03,16:03,15,0,0,N SPEER BLVD & W 13TH AVE,1,1,0,0,1,1,0,0,35,0,0,0,0,0,4,3,16
,2022-32477,-104.8285102,39.78822691,9/3/2022 0:00,0:00,6,0,0,N CROWN BLVD & E 51ST AVE,1,3,0,0,1,4,0,0,30,0,0,0,0,0,4,2,16
,2022-32480,-104.9949329,39.76568288,9/6/2022 19:26,19:26,1,0,1,N BROADWAY ST & PARK AVE W,1,2,0,0,1,1,0,0,35,0,0,0,0,2,4,2,8
,2022-32481,-105.0112021,39.76928677,9/6/2022 9:27,9:27,2,0,1,W 38TH AVE & N TEJON ST,1,1,0,0,1,1,0,0,0,1,0,0,0,1,4,1,16
,2022-32482,-104.7192835,39.83699753,9/6/2022 13:36,13:36,10,0,0,E 77TH AVE & WENATCHEE ST,1,1,0,0,1,1,0,0,10,0,0,0,0,0,4,2,7
,2022-32483,-104.9597851,39.73998324,9/6/2022 13:55,13:55,2,0,1,E COLFAX AVE & N YORK ST,1,1,0,0,1,1,0,0,30,1,0,0,0,2,2,1,13
,2022-32484,-104.8470217,39.77959805,9/6/2022 10:20,10:20,3,0,0,E 46TH AVE & N PEORIA ST,1,1,0,0,1,1,0,0,30,0,0,0,0,0,4,2,11
,2022-32522,-104.9405044,39.78002872,9/6/2022 7:35,7:35,12,0,0,I-70 & N COLORADO BLVD,1,1,0,0,1,4,0,0,55,0,0,0,0,0,1,4,16
,2022-32524,-104.9824215,39.77952422,9/6/2022 5:52,5:52,5,0,1,I-70 EB ON RAMP & N WASHINGTON ST,1,3,1,0,1,8,0,0,55,0,0,0,1,1,1,1,14
,2022-32525,-105.0532785,39.7838356,9/3/2022 19:33,19:33,3,0,1,N SHERIDAN BLVD & W 48TH AVE,1,1,0,7,1,1,0,0,35,0,0,0,0,1,2,2,16
,2022-32526,-105.0251685,39.71108348,9/5/2022 2:50,2:50,10,0,0,S FEDERAL BLVD & W ALAMEDA AVE,1,3,1,0,1,1,0,0,35,0,0,0,0,0,2,2,13
,2022-32527,-104.9634155,39.7399853,9/3/2022 20:26,20:26,12,0,0,E COLFAX AVE & N RACE ST,1,3,0,0,1,3,0,0,30,0,0,0,0,0,2,2,16
,2022-32528,-104.9405009,39.76445592,9/4/2022 20:15,20:15,1,0,0,E BRUCE RANDOLPH AVE & N COLORADO BLVD,1,3,0,0,1,1,0,0,30,0,0,0,0,0,2,2,11
,2022-32529,-105.0140248,39.74079002,9/6/2022 13:23,13:23,15,0,0,I-25 & AURARIA PARKWAY,1,1,0,0,1,4,0,0,55,0,0,0,0,0,1,4,13
,2022-32534,-104.9594658,39.68750639,9/7/2022 15:25,15:25,10,0,0,E IOWA AVE & S UNIVERSITY BL,1,1,0,0,1,3,0,0,25,0,0,0,0,0,4,2,13
,2022-32535,-104.9888589,39.73045424,9/2/2022 13:34,13:34,12,0,0,W 9TH AVE & N ACOMA ST,1,1,0,0,1,1,0,0,,0,0,0,0,0,4,2,16
,2022-32536,-104.9406248,39.72925496,8/29/2022 7:16,7:16,12,0,0,N COLORADO BLVD & E 8TH AVE,1,1,0,0,1,4,0,0,35,0,0,0,0,0,2,3,10
,2022-32541,-104.9651587,39.67843181,9/7/2022 2:44,2:44,5,0,0,EVANS AVE 1900 BLK E & S HIGH ST,1,3,0,0,2,3,0,0,35,0,0,0,0,0,4,1,2
,2022-32543,-104.9916122,39.77939117,9/6/2022 15:51,15:51,12,0,0,I-70 EB OFF RAMP & I-25,1,1,1,0,1,8,0,0,55,0,0,0,0,0,1,3,1
,2022-32544,-104.92003,39.77866081,8/26/2022 6:26,6:26,10,0,0,E STAPLETON N DR & N IVY ST,1,1,0,0,1,1,0,0,35,0,0,0,0,0,4,2,16
,2022-32546,-104.9597581,39.75446749,9/4/2022 21:50,21:50,8,0,1,E 26TH AVE & N YORK ST,1,3,0,0,1,1,0,0,35,0,0,0,1,3,4,2,16
,2022-32550,-104.9597673,39.74820045,9/6/2022 14:27,14:27,10,0,0,N YORK ST & E 21ST AVE,1,1,0,0,1,4,0,0,10,0,0,0,0,0,4,2,16
,2022-32551,-104.7878858,39.79253001,9/7/2022 8:25,8:25,15,0,0,5200 PENA BLVD & E. 56TH AVE ON RAMP,1,1,0,0,1,4,0,0,65,0,0,0,0,0,4,2,7
,2022-32552,-104.9407889,39.70930307,9/6/2022 13:35,13:35,12,0,1,S COLORADO BLVD & E DAKOTA AVE,1,1,0,0,1,1,0,0,35,0,0,0,0,1,2,3,3
,2022-32554,-104.9900948,39.74544707,9/5/2022 18:10,18:10,3,0,0,17TH ST & WELTON ST,1,1,0,0,1,1,0,0,30,0,0,0,0,0,4,2,13
,2022-32556,-104.8470315,39.77803177,9/7/2022 8:17,8:17,1,0,0,N PEORIA ST & E 45TH AVE,1,1,0,0,1,1,0,0,35,0,0,0,0,0,4,2,3
,2022-32559,-104.8662955,39.66027416,9/6/2022 18:00,18:00,12,0,0,S HAVANA ST & E DARTMOUTH AVE,1,1,0,0,1,1,0,0,35,0,0,0,0,0,4,3,3
,2022-32561,-104.9570891,39.79326409,9/6/2022 17:30,17:30,12,0,0,N BRIGHTON BLVD & N COLUMBINE ST,1,3,0,0,1,4,0,0,45,0,0,0,0,0,4,2,13
,2022-32563,-105.0236274,39.7512102,9/6/2022 15:00,15:00,3,0,0,W 23RD AVE & N ELIOT ST,1,1,0,0,1,1,0,0,25,0,0,0,0,0,4,2,7
,2022-32566,-105.0486715,39.74034782,9/3/2022 12:46,12:46,1,0,0,W COLFAX AVE & N WOLFF ST,1,1,0,0,1,1,0,0,,0,0,0,1,0,2,2,16
,2022-32570,-104.9316856,39.68571152,9/6/2022 10:00,10:00,3,0,0,E MEXICO AVE & S DAHLIA ST,1,1,0,0,1,1,0,0,25,0,0,0,0,0,4,2,3
,2022-32572,-105.0251886,39.76926059,9/6/2022 13:04,13:04,12,0,1,W 38TH AVE & N FEDERAL BLVD,1,1,0,0,1,3,0,0,35,0,0,0,0,1,2,2,10
,2022-32576,-104.974063,39.72184429,9/7/2022 18:06,18:06,15,0,1,N CORONA ST & E 4TH AVE,1,1,0,0,1,1,0,0,25,0,0,0,0,2,4,5,13
,2022-32578,-104.8470297,39.77400525,9/6/2022 12:10,12:10,12,0,1,I-70 EB ON RAMP & N PEORIA ST,1,1,0,0,1,8,0,0,35,0,0,0,0,1,4,2,1
,2022-32580,-104.9826005,39.72260797,9/6/2022 16:45,16:45,15,0,0,E SPEER BLVD & N LOGAN ST,1,1,0,0,1,1,0,0,,0,0,0,0,0,4,2,16
,2022-32586,-104.8254588,39.74002269,9/6/2022 14:02,14:02,15,0,0,I-70  & I-225 ,1,1,1,0,1,4,0,1,55,0,0,0,0,0,1,2,3
,2022-32592,-104.95932,39.71818683,9/6/2022 17:03,17:03,15,0,2,N UNIVERSITY BLVD & E 1ST AVE,1,1,0,0,1,4,0,0,30,0,0,0,1,2,4,2,16
,2022-32593,-104.9352397,39.67844896,9/6/2022 14:45,14:45,3,0,0,S CLERMONT ST & E EVANS AVE,1,1,0,0,1,1,0,0,25,0,0,0,0,0,4,2,3
,2022-32594,-105.0133487,39.72550245,9/7/2022 5:55,5:55,12,0,0,I-25 & W 6TH AVE,1,1,1,0,1,4,0,0,55,0,0,0,0,0,1,3,16
,2022-32598,-104.9394757,39.68933276,9/7/2022 5:50,5:50,6,0,0,E FLORIDA AVE & ALBION ST,1,4,0,0,1,4,0,0,15,0,0,0,0,0,4,2,16
,2022-32600,-104.8259511,39.77218892,9/6/2022 8:03,8:03,12,0,0,I-70 & I-225,1,1,1,0,1,4,0,0,55,0,0,0,0,0,1,2,14
,2022-32601,-104.987404,39.72909482,9/7/2022 11:58,11:58,12,0,0,W 8TH AVE & N BROADWAY ST,1,1,0,0,1,1,0,0,30,0,0,0,0,0,4,2,13
,2022-32602,-105.0015352,39.74783125,9/6/2022 8:12,8:12,10,0,0,MARKET ST & 14TH ST,1,1,0,0,1,1,0,0,30,0,0,0,0,0,4,2,8
,2022-32603,-104.9407889,39.70930307,9/6/2022 12:15,12:15,1,0,0,S COLORADO BLVD & E DAKOTA AVE,1,1,0,0,1,1,0,0,30,0,0,0,0,0,2,2,3
,2022-32604,-105.0252437,39.76027023,9/7/2022 17:30,17:30,15,0,0,FEDERAL BLVD 3100 BLK N & N SPEER BLVD,1,1,0,0,1,4,0,0,,0,0,0,0,0,2,2,16
,2022-32605,-105.0131182,39.72551753,9/7/2022 7:25,7:25,15,0,0,I-25 & W 6TH AVE,1,1,0,0,1,4,0,0,55,0,0,0,0,0,1,2,13
,2022-32606,-104.9124392,39.72687358,9/7/2022 7:09,7:09,15,0,0,600 BLK N MONACO ST & E 6TH AVE PKWY,1,2,0,0,1,4,0,0,30,0,0,0,0,0,4,2,7
,2022-32607,-104.8943604,39.76733617,9/6/2022 15:35,15:35,3,0,1,N ULSTER ST & E 36TH AVE,1,3,0,0,1,1,0,0,30,0,0,0,0,1,4,2,3
,2022-32608,-104.8490172,39.78238194,9/6/2022 12:16,12:16,3,0,0,E 47TH AVE & N PARIS ST,1,1,0,0,1,1,0,0,25,0,0,0,0,1,4,2,16
,2022-32610,-105.0000965,39.72252946,9/6/2022 13:47,13:47,3,0,0,W 4TH AVE & N KALAMATH ST,1,1,0,0,1,3,0,0,,0,0,0,0,0,4,2,16
,2022-32638,-105.034905,39.71576501,9/1/2022 15:15,15:15,6,0,0,HAMPDEN AVE 3500 BLK W  & S LOWELL BLVD,1,1,0,0,3,4,0,0,45,0,0,0,0,0,2,2,16
,2022-32648,-104.9874073,39.74507299,9/2/2022 10:50,10:50,12,0,0,N BROADWAY BLVD & 18TH ST,1,1,0,0,1,4,0,0,30,0,0,0,0,0,4,2,16
,2022-32650,-105.0489065,39.65727713,9/1/2022 12:01,12:01,6,0,0,YATES ST 3000 BLK S  & W DARTMOUTH AVE,1,1,0,0,3,4,0,0,25,0,0,0,0,0,4,2,10
,2022-32652,-104.8001408,39.79828612,9/2/2022 22:46,22:46,12,0,0,E 56TH AVE & N LAREDO STREET,11,3,0,0,1,4,0,0,30,0,0,0,0,1,4,2,16
,2022-32659,-104.9862613,39.72564692,9/1/2022 22:22,22:22,11,0,1,N LINCOLN ST & E SPEER BLVD,1,3,1,0,1,1,0,0,30,0,1,0,0,2,4,1,11
,2022-32664,-104.8422594,39.79511394,9/2/2022 1:07,1:07,6,0,2,N SALEM ST & N SALEM ST,1,3,0,0,1,4,0,0,25,0,0,0,0,2,4,3,1
,2022-32666,-104.9407535,39.78029584,9/3/2022 14:43,14:43,12,0,0,N COLORADO BLVD & I-70,1,1,0,0,1,1,0,0,35,0,0,0,0,0,2,2,16
,2022-32674,-105.0126877,39.75536708,8/27/2022 0:14,0:14,15,0,1,I-25  & N SPEER BLVD,1,3,0,0,1,4,0,0,65,0,0,0,0,2,1,4,16
,2022-32680,-104.9991195,39.71120695,9/7/2022 15:00,15:00,12,0,1,I-25  & W ALAMEDA AVE,1,1,0,0,1,4,0,0,55,0,0,0,1,1,1,2,13
,2022-32685,-104.9473784,39.71782791,9/7/2022 14:15,14:15,12,0,0,E 1ST AVE & N COOK ST,1,1,0,0,1,1,0,0,30,0,0,0,0,0,4,2,3
,2022-32692,-104.9255047,39.66746911,9/7/2022 11:00,11:00,15,0,0,E YALE AVE & I25 HWY_NB,1,1,0,0,1,4,0,0,30,0,0,0,0,0,4,2,3
,2022-32693,-105.0174234,39.76624352,9/7/2022 21:10,21:10,6,0,0,ALCOTT ST & 3500 BLK N ,1,3,0,0,1,4,0,0,25,0,0,0,0,0,4,2,3
,2022-32697,-105.019544,39.77660151,9/8/2022 0:59,0:59,6,0,0,W 44TH AVE & N BRYANT ST,1,3,1,0,3,4,0,0,35,0,0,0,0,0,4,2,2
,2022-32707,-105.0127004,39.75514564,9/8/2022 9:18,9:18,12,0,0,I-25 & N SPEER BLVD,1,1,0,0,1,4,0,0,55,0,0,0,0,0,1,3,14
,2022-32713,-104.9182339,39.65307809,9/4/2022 20:50,20:50,12,0,1,I-25  & E HAMPDEN AVE,1,3,0,0,1,4,0,0,60,0,0,0,0,1,1,2,13
,2022-32719,-104.7155396,39.83201434,9/8/2022 17:45,17:45,15,0,0,N GUN CLUB RD & E 75TH AVE,1,1,0,0,1,3,0,0,40,0,0,0,0,0,4,2,8
,2022-32723,-105.0394556,39.72549725,9/5/2022 13:57,13:57,12,0,1,W 6TH AVE & N PERRY ST,1,1,1,0,1,4,0,0,65,0,0,0,0,3,2,2,13
,2022-32727,-104.9987983,39.74003356,9/4/2022 18:32,18:32,1,0,0,W COLFAX AVE & N SPEER BLVD,1,1,0,0,1,3,0,0,35,0,0,0,0,0,2,2,8
,2022-32729,-104.940625,39.72909018,9/8/2022 9:04,9:04,12,0,0,N COLORADO BLVD & E 8TH AVE,1,1,0,0,1,4,0,0,40,0,0,0,0,0,2,2,16
,2022-32734,-105.0130163,39.72542371,9/8/2022 8:33,8:33,12,0,1,I-25 & W 6TH AVE,1,1,0,0,1,4,0,0,55,0,0,0,0,1,1,2,7
,2022-32735,-105.0008197,39.74552959,9/8/2022 17:32,17:32,15,0,0,N SPEER BLVD & LAWRENCE ST,1,1,0,0,1,4,0,0,35,0,0,0,0,0,4,2,13
,2022-32738,-104.9407633,39.78004131,9/6/2022 13:45,13:45,10,0,0,N COLORADO BLVD & I-70 ,1,1,1,0,1,3,0,0,25,0,0,0,0,0,2,2,13
,2022-32739,-105.0029984,39.7516197,9/2/2022 17:00,17:00,10,0,0,WEWATTA ST & 15TH ST,1,1,0,0,1,1,0,0,30,0,0,0,0,0,4,2,13
,2022-32740,-105.0064252,39.78313348,9/8/2022 7:30,7:30,12,0,0,I-70 & N PECOS ST,1,1,1,0,1,4,0,0,55,0,0,0,0,0,1,3,11
,2022-32742,-104.959261,39.71111793,9/7/2022 13:24,13:24,1,0,2,S UNIVERSITY BLVD & E ALAMEDA AVE,1,1,0,0,1,1,0,0,35,0,0,0,0,1,4,2,16
,2022-32745,-104.9861291,39.73676536,9/7/2022 16:47,16:47,12,0,0,1200 BLK N LINCOLN ST & E 13TH AVE,1,1,0,0,1,4,0,0,30,0,0,0,0,0,4,3,3
,2022-32746,-105.0250691,39.72206256,9/7/2022 11:04,11:04,15,0,0,400 BLK N FEDERAL BLVD & W 4TH AVE,1,1,0,0,1,4,0,0,35,0,0,0,0,0,2,2,10
,2022-32751,-104.6869392,39.83793226,9/8/2022 16:33,16:33,16,0,0,25730 E 78TH AVE & nan,1,1,0,0,5,7,0,0,15,0,0,0,0,0,3,2,11