id,drcog_id,longitude,latitude,crashtime,time,crashtype,numbkilled,numbinjurd,drcoglocat,rdconditin,lightngcon,roadcntgrd,weatherco,location,roaddescrp,schoolzone,constrzone,splimit,bikeinv,pedinv,sctrinv,motoinv,svrty,rdsystem,ttlvehcls,hcf
,2022-32752,-104.987404,39.72909482,9/7/2022 20:32,20:32,10,0,0,W 8TH AVE & N BROADWAY ST,1,3,0,0,1,1,0,0,30,0,0,0,0,0,4,2,13
,2022-32754,-104.9425591,39.71040353,9/7/2022 17:45,17:45,15,0,0,300 BLOCK S JACKSON ST & E ALAMEDA AVE,1,1,0,0,1,4,0,0,25,0,0,0,0,0,4,2,3
,2022-32755,-104.9967957,39.70642408,9/8/2022 5:42,5:42,15,0,1,I-25  & S SANTA FE DR,1,1,1,0,1,14,0,0,55,0,0,0,0,1,1,2,1
,2022-32760,-104.9068431,39.63425881,9/8/2022 8:21,8:21,15,0,0,I-25 & I-225,1,1,0,0,1,4,0,0,65,0,0,0,0,0,1,2,16
,2022-32762,-104.8226513,39.77605274,9/7/2022 13:50,13:50,12,0,0,E ANDREWS DR & N DURHAM CT,1,1,0,0,1,4,0,0,25,0,0,0,0,0,4,2,11
,2022-32772,-105.0531756,39.72490448,8/24/2022 9:26,9:26,15,0,0,6TH AVE W & SHERIDAN BLVD W,1,1,1,0,1,1,0,0,30,0,0,0,0,0,2,2,7
,2022-32787,-104.9965825,39.71119283,9/7/2022 8:25,8:25,15,0,0,ALAMEDA AVE 900 BLK W  & S SANTA FE DR,1,1,0,0,1,4,0,0,35,0,0,0,0,0,4,2,11
,2022-32789,-104.9579327,39.67842936,9/8/2022 18:31,18:31,1,0,1,E EVANS AVE & S JOSEPHINE ST,1,1,0,0,1,1,0,0,35,0,0,0,0,2,4,2,13
,2022-32799,-104.8470302,39.77419185,9/1/2022 18:22,18:22,12,0,8,I-70  & N PEORIA ST,1,1,0,0,1,4,0,0,55,0,0,0,0,1,1,3,13
,2022-32810,-104.8888707,39.76960904,9/7/2022 19:50,19:50,15,0,0,3600 BLK N CENTRAL PARK BLVD & E 36TH AVE,1,2,0,0,1,4,0,0,30,0,0,0,0,0,4,2,16
,2022-32811,-105.0287844,39.71503222,9/8/2022 3:13,3:13,6,0,0,S HOOKER ST & W BAYAUD AVE,1,4,0,0,1,4,0,0,20,0,0,0,0,0,4,2,14
,2022-32812,-104.9873935,39.73685019,9/7/2022 11:08,11:08,15,0,0,E 13TH AVE & N BROADWAY,1,1,0,0,1,4,0,0,25,0,0,0,0,0,4,2,16
,2022-32816,-104.9406261,39.717795,9/7/2022 15:15,15:15,15,0,0,N COLORADO BLVD & E 1ST AVE,1,1,0,0,1,1,0,0,35,0,0,0,0,0,2,2,3
,2022-32831,-104.7904699,39.78363776,9/9/2022 18:17,18:17,1,0,1,E GVR BLVD & PENA BLVD,1,1,0,0,1,1,0,0,35,0,0,0,0,2,4,2,11
,2022-32870,-104.7155028,39.83364444,9/9/2022 12:09,12:09,15,0,0,21900 BLOCK OUTBOUND PENA BLVD & N GUN CLUB RD,1,1,0,0,1,4,0,0,65,0,0,0,0,0,2,2,11
,2022-32873,-104.67306,39.84181725,9/9/2022 17:10,17:10,15,0,0,PENA BLVD & 8000 BLK,1,1,0,0,1,3,0,0,45,0,0,0,0,0,4,2,7
,2022-32874,-105.0239546,39.78575379,9/3/2022 17:21,17:21,6,0,0,4900 BLK N ELIOT ST & W 49TH AVE,1,1,0,0,1,4,0,0,25,0,0,0,0,0,4,2,14
,2022-32905,-104.833819,39.77286982,9/9/2022 16:30,16:30,12,0,0,I-70 & I-225,1,1,0,0,1,4,0,0,55,0,0,0,0,0,1,2,13
,2022-32911,-104.9380723,39.71145259,9/8/2022 14:03,14:03,3,0,2,E ALAMEDA AVE & LEETSDALE DR,1,1,1,0,1,2,0,0,35,0,0,0,0,2,4,2,13
,2022-32912,-104.9402672,39.71154921,9/8/2022 15:53,15:53,12,0,0,E ALAMEDA AVE & S COLORADO BLVD,1,1,0,0,1,1,0,0,35,0,0,0,0,0,2,2,13
,2022-32948,-104.9991195,39.71120695,9/9/2022 15:16,15:16,15,0,0,I-25 & W ALAMEDA AVE,1,1,0,0,1,4,0,0,55,0,0,0,0,0,1,2,13
,2022-32959,-104.9159616,39.67781653,9/9/2022 15:23,15:23,3,0,0,6300 BLK OF E EVANS AVE & 6300 BLK,1,1,0,0,1,2,0,0,35,0,0,0,0,0,4,2,13
,2022-32960,-105.0013111,39.76416437,9/9/2022 9:22,9:22,12,0,0,I-25 & 20TH ST,1,1,1,0,1,4,0,0,55,0,0,0,0,0,1,2,13
,2022-32962,-105.0814089,39.68221014,8/19/2022 15:30,15:30,3,0,0,WADSWORTH BLVD & W JEWELL AVE,1,1,0,0,1,2,0,0,40,0,0,0,0,0,2,2,10
,2022-33039,-105.0533411,39.72565628,8/28/2022 10:49,10:49,12,0,1,W 6TH AVE & SHERIDAN BLVD,1,1,1,0,1,4,0,0,45,0,0,0,1,3,2,3,14
,2022-33057,-105.0251344,39.72932999,9/10/2022 13:52,13:52,5,0,1,W 6TH AVE & N FEDERAL BLVD,11,1,0,0,3,14,0,0,35,0,0,0,0,2,2,1,7
,2022-33069,-104.9407856,39.72559985,9/9/2022 20:00,20:00,1,0,0,N COLORADO BLVD & E 6TH AVE,11,3,0,0,1,1,0,0,,0,0,0,0,0,2,2,16
,2022-33072,-105.0520769,39.740405,9/10/2022 0:24,0:24,6,0,0,W COLFAX AVE & N ZENOBIA ST,11,3,0,1,1,1,0,0,25,0,0,0,0,0,2,2,7
,2022-33094,-104.9405105,39.7728797,9/10/2022 1:51,1:51,12,0,0,N COLORADO BLVD & E 40TH AVE,11,3,0,1,1,3,0,0,35,0,0,0,0,0,2,3,11
,2022-33099,-105.0531908,39.68229294,8/31/2022 16:33,16:33,12,0,0,SHERIDAN BLVD 1800 S  & W JEWELL AVE,1,1,0,0,1,4,0,0,40,0,0,0,0,0,2,2,14
,2022-33106,-105.053224,39.73129368,9/5/2022 17:30,17:30,3,0,1,N SHERIDAN BLVD & W 9TH AVE,1,1,1,0,1,1,0,0,25,0,0,0,0,2,2,2,16
,2022-33111,-104.9761672,39.74168529,9/9/2022 22:51,22:51,6,0,0,1600 BLK  N EMERSON ST & E 16TH AVE,11,3,0,1,1,4,0,0,25,0,0,0,0,0,4,4,14
,2022-33132,-104.8946034,39.74008246,9/9/2022 21:09,21:09,6,0,1,E COLFAX AVE & N ULSTER ST,11,3,0,1,1,4,0,0,35,0,0,0,0,1,2,2,16
,2022-33133,-105.0252102,39.78422046,9/10/2022 7:08,7:08,1,0,0,N FEDERAL BLVD & I-70,11,1,0,1,1,1,0,0,35,0,0,0,0,0,2,2,10
,2022-33134,-104.9942559,39.74491594,9/10/2022 1:56,1:56,15,0,0,STOUT ST & 15TH ST,1,3,0,7,1,1,0,0,,0,0,0,0,0,4,2,16
,2022-33135,-104.9776096,39.73686652,9/9/2022 23:06,23:06,10,0,0,E 13TH AVE & N CLARKSON ST,11,3,0,1,1,1,0,0,30,0,0,0,0,0,4,2,16
,2022-33136,-105.0250114,39.68497788,9/9/2022 17:29,17:29,12,0,0,S FEDERAL BLVD & W COLORADO AVE,1,1,0,0,1,1,0,0,40,0,0,0,0,0,2,2,13
,2022-33138,-104.9875017,39.71657574,9/9/2022 23:18,23:18,3,0,0,N BROADWAY ST & E ELLSWORTH AVE,11,3,0,1,1,1,0,0,35,0,0,0,0,0,4,3,13
,2022-33155,-104.9081627,39.74378723,9/10/2022 17:11,17:11,3,0,1,E 17TH AVE & N ONEIDA ST,11,2,0,1,1,1,0,0,,0,0,0,0,1,4,2,16
,2022-33163,-104.8657287,39.77562189,9/9/2022 22:00,22:00,12,0,4,I-70 & N HAVANA ST,11,3,2,1,1,4,0,0,55,0,0,0,0,1,1,3,11
,2022-33178,-105.0251647,39.66051127,9/10/2022 8:26,8:26,3,0,0,3180 S FEDERAL BLVD & W DARMOUTH AVE,1,1,0,0,1,2,0,0,10,0,0,0,0,0,2,2,11
,2022-33211,-104.9965605,39.70666643,9/9/2022 21:50,21:50,12,0,0,S SANTA FE DR & I-25 NB ON RAMP,11,3,1,1,1,4,0,0,,0,0,0,0,0,2,1,16
,2022-33217,-105.0250486,39.67864394,9/4/2022 9:09,9:09,2,0,1,S FEDERAL BLVD & W EVANS AVE,1,1,0,0,1,1,0,0,35,1,0,0,0,3,2,1,11
,2022-33285,-104.9615238,39.73997648,7/5/2022 20:55,20:55,11,1,0,E COLFAX AVE & N VINE AVE,1,4,0,0,1,4,0,0,0,0,1,0,0,4,2,1,16
,2022-33288,-105.0346175,39.78022237,9/11/2022 17:57,17:57,3,0,0,W 46TH AVE & N LOWELL BLVD,1,1,0,0,1,1,0,0,35,0,0,0,0,0,4,2,13
,2022-33291,-104.9067175,39.63415775,9/10/2022 12:30,12:30,12,0,1,I-25 & I-225,11,1,0,1,1,4,0,0,65,0,0,0,0,3,1,2,13
,2022-33293,-104.8266152,39.77224664,9/10/2022 1:14,1:14,15,0,0,I-70 & I-225,11,3,0,1,1,4,0,0,55,0,0,0,0,0,1,2,8
,2022-33298,-104.7155396,39.83201434,9/11/2022 10:50,10:50,15,0,0,E 75TH AVE & GUN CLUB RD,1,1,0,0,1,1,0,0,35,0,0,0,0,0,4,2,8
,2022-33300,-105.0112144,39.77172253,9/10/2022 14:16,14:16,15,0,0,W 40TH AVE & N TEJON ST,11,1,0,1,1,1,0,0,20,0,0,0,0,0,4,2,13
,2022-33305,-104.882628,39.77710939,9/10/2022 19:48,19:48,15,0,0,I-70 & N CENTRAL PARK BLVD,1,3,0,0,1,4,0,0,,0,0,0,0,0,1,2,16
,2022-33306,-104.6929082,39.83785341,9/11/2022 15:30,15:30,12,0,0,N JACKSON GAP ST & E 78TH AVE,1,1,0,0,1,1,0,0,40,0,0,0,0,0,4,3,8
,2022-33312,-104.7368086,39.7968161,9/11/2022 19:03,19:03,11,0,1,E MAXWELL PL & N ORLEANS ST,1,2,0,0,1,1,0,0,25,0,1,0,0,2,4,1,3
,2022-33314,-104.9404143,39.68367215,9/11/2022 5:55,5:55,1,0,3,S COLORADO BLVD & I-25 WB RAMPS,1,2,0,0,1,1,0,0,35,0,0,0,0,2,2,2,13
,2022-33326,-105.0532099,39.65717194,9/11/2022 15:31,15:31,3,0,0,W COLGATE PL & W COLGATE PL,1,1,0,0,1,1,0,0,45,0,0,0,0,0,2,2,3
,2022-33329,-105.0532279,39.69497614,9/11/2022 18:25,18:25,12,0,0,S SHERIDAN BLVD & W ARIZONA AVE,1,3,0,0,1,1,0,0,40,0,0,0,0,0,2,2,16
,2022-33332,-104.8470104,39.78238809,9/10/2022 22:25,22:25,15,0,0,E 47TH AVE & N PEORIA ST,1,3,0,0,1,3,0,0,35,0,0,0,0,0,4,2,16
,2022-33333,-104.9593887,39.68017054,9/10/2022 22:29,22:29,3,0,0,S UNIVERSITY BLVD & E ASBURY AVE,1,3,0,0,1,3,0,0,35,0,0,0,0,0,4,2,8
,2022-33335,-104.9410993,39.7800515,9/9/2022 4:55,4:55,6,0,1,I-70 & N COLORADO BLVD,1,3,0,0,1,4,0,0,75,0,0,0,0,2,1,2,11
,2022-33337,-104.7471355,39.83384058,9/8/2022 5:21,5:21,15,0,0,PENA BLVD & E 470,1,3,0,0,1,4,0,0,65,0,0,0,0,0,4,2,11
,2022-33338,-104.9911961,39.75000585,9/10/2022 20:25,20:25,3,0,2,CURTIS ST & 19TH ST,1,3,0,0,1,1,0,0,30,0,0,0,0,2,4,3,14
,2022-33340,-104.9500291,39.69476517,9/11/2022 17:07,17:07,3,0,0,E ARIZONA AVE & S STEELE ST,1,1,0,0,1,1,0,0,35,0,0,0,0,0,4,2,13
,2022-33342,-104.9684478,39.74339355,8/5/2022 14:50,14:50,3,0,0,FRANKLIN ST & 1700 N ,1,1,0,0,1,1,0,0,25,0,0,0,0,0,4,2,13
,2022-33346,-104.9957203,39.73685632,9/4/2022 22:19,22:19,3,0,0,W 13TH AVE & N SPEER BLVD,1,3,0,0,1,1,0,0,35,0,0,0,0,0,4,2,14
,2022-33364,-105.0000139,39.7444725,9/2/2022 18:11,18:11,11,0,1,ARAPAHOE ST & N SPEER BLVD,1,1,0,0,1,1,0,0,0,0,1,0,0,3,4,1,16
,2022-33368,-105.0532399,39.76660462,9/7/2022 12:45,12:45,12,0,1,SHERIDAN BLVD 3500 BLK N  & W 36TH AVE,1,1,1,0,1,4,0,0,35,0,0,0,0,1,2,5,16
,2022-33375,-104.9035621,39.69512021,9/11/2022 2:02,2:02,5,0,1,1100 BLK S QUEBEC ST & E MISSISSIPPI AVE,1,3,0,0,3,4,0,0,45,0,0,0,0,1,4,1,3
,2022-33385,-105.0035821,39.76080792,9/11/2022 3:30,3:30,5,0,1,ROCKMONT DR & 19TH ST,1,3,0,0,2,4,0,0,30,0,0,0,0,2,4,3,3
,2022-33396,-104.7872827,39.79839279,9/5/2022 13:03,13:03,12,0,0,PENA BLVD 6000 BLK OUTBOUND N  & E 56TH AVE,1,1,0,0,1,4,0,0,65,0,0,0,0,0,2,2,11
,2022-33399,-104.9989128,39.71123181,9/7/2022 6:13,6:13,12,0,0,I-25  & W ALAMEDA AVE,1,1,0,0,1,4,0,0,55,0,0,0,0,0,1,2,16
,2022-33456,-104.8107121,39.77659965,9/9/2022 8:10,8:10,3,0,1,E 46TH AVE & GRANBY WAY,1,1,0,0,1,1,0,0,25,0,0,0,0,2,4,2,16
,2022-33457,-105.0273242,39.70941914,9/9/2022 14:24,14:24,6,0,0,3100 BLK W DAKOTA AVE & S HAZEL CT,1,1,0,0,1,4,0,0,,0,0,0,0,0,4,2,16
,2022-33458,-104.9497949,39.77888868,9/10/2022 12:30,12:30,12,0,0,4400 BLK N STEELE ST & E 45TH AVE,1,1,0,0,1,4,0,1,25,0,0,0,0,0,4,2,3
,2022-33461,-104.7730348,39.79841536,9/10/2022 14:02,14:02,12,0,0,18400 E 56TH AVE & N TOWER RD,11,1,0,1,1,4,0,0,40,0,0,0,0,0,4,3,3
,2022-33465,-105.0531705,39.66556592,9/7/2022 6:23,6:23,3,0,0,W AMHERST AVE & S SHERIDAN BLVD,1,2,1,0,1,1,0,0,40,0,0,0,0,0,2,2,13
,2022-33467,-104.9035416,39.72082769,9/9/2022 8:55,8:55,15,0,0,200 BLK N QUEBEC ST & E 3RD AVE,1,1,0,0,1,4,0,0,30,0,0,0,0,0,4,2,10
,2022-33468,-105.0297086,39.68986986,9/12/2022 17:43,17:43,12,0,0,1400 BLK S IRVING ST & W FLORIDA AVE,1,1,0,0,1,4,0,0,25,0,0,0,0,0,4,2,16
,2022-33469,-105.0296258,39.72536533,9/12/2022 5:35,5:35,15,0,1,W 6TH AVE EB EXIT GORE PT & N FEDERAL BLVD,1,1,1,0,1,8,0,0,,0,0,0,0,1,2,2,16
,2022-33472,-104.7013199,39.83802611,9/12/2022 14:12,14:12,3,0,0,24000 BLOCK E 78TH AVE & N JACKSON GAP ST,1,1,0,0,1,2,0,0,45,0,0,0,0,0,4,2,11
,2022-33473,-104.9558203,39.69747355,9/8/2022 13:00,13:00,15,0,0,1000 BLOCK S ELIZABETH ST & E MISSISSIPPI AVE,1,1,0,0,1,4,0,0,25,0,0,0,0,0,4,2,3
,2022-33474,-104.9967957,39.70642408,9/8/2022 11:47,11:47,15,0,0,I-25 SB ENTRAMP GORE & S SANTA FE DR,1,1,1,0,1,4,0,0,55,0,0,0,0,0,1,2,11
,2022-33475,-104.9790128,39.77975203,9/12/2022 15:18,15:18,15,0,0,N WASHINGTON ST & I-70,1,1,0,0,1,4,0,0,40,0,0,0,0,0,1,2,13
,2022-33477,-105.0345818,39.78210909,9/9/2022 16:00,16:00,3,0,0,N LOWELL BLVD & W 47TH AVE,1,1,0,0,1,1,0,0,30,0,0,0,0,0,4,2,11
,2022-33478,-105.046343,39.74033565,9/9/2022 17:20,17:20,3,0,1,W COLFAX AVE & VRAIN ST,1,1,0,0,1,1,0,0,30,0,0,0,0,1,2,2,11
,2022-33480,-104.8923556,39.69659312,9/9/2022 14:01,14:01,12,0,0,8100 BLK E MISSISSIPPI AVE & S VALENTIA ST,1,1,0,0,1,4,0,0,40,0,0,0,0,0,4,2,1
,2022-33481,-104.9222093,39.69231341,9/9/2022 18:03,18:03,12,0,1,S HONEY WAY & S HOLLY ST,1,1,0,0,1,1,0,0,,0,0,0,0,2,4,2,16
,2022-33482,-105.0133487,39.72550245,9/12/2022 5:40,5:40,15,0,0,I25 HWY_SB & W 6TH AVE,1,3,0,1,1,4,0,0,55,0,0,0,0,0,1,2,16
,2022-33483,-105.0393092,39.73688895,9/12/2022 8:51,8:51,14,0,1,1300 BLK N PERRY ST & W 13TH AVE,1,1,0,0,1,4,0,0,30,0,0,0,0,1,4,2,13
,2022-33484,-104.9350852,39.73351689,9/12/2022 6:38,6:38,15,0,0,E HALE PKWY & N CLERMONT ST,1,1,1,0,1,4,0,0,30,0,0,0,0,0,4,2,11
,2022-33485,-104.9597771,39.73838925,9/12/2022 15:51,15:51,10,0,0,E. 14TH AVE & N YORK ST,1,1,0,0,1,1,0,0,30,0,0,0,0,0,4,2,13
,2022-33487,-104.9875255,39.71478006,9/8/2022 15:00,15:00,6,0,0,E BAYAUD AVE & N BROADWAY ST,1,1,0,0,1,1,0,0,25,0,0,0,0,0,4,2,3
,2022-33489,-105.0158783,39.77534251,9/10/2022 12:15,12:15,3,0,0,N ZUNI ST & W 43RD AVE,1,1,0,0,1,1,0,0,25,0,0,0,0,0,4,3,11
,2022-33490,-104.9473748,39.71924362,9/9/2022 8:34,8:34,10,0,0,100 BLK N COOK ST & E 2ND AVE,1,1,0,0,1,4,0,0,25,0,0,0,0,0,4,2,16
,2022-33491,-104.9745608,39.7546234,9/8/2022 9:10,9:10,3,0,0,N OGDEN ST & E 26TH AVE,1,1,0,0,1,1,0,0,20,0,0,0,0,0,4,2,11
,2022-33492,-104.9090961,39.65303403,9/9/2022 10:10,10:10,1,0,0,E HAMPDEN AVE & S ONEIDA WAY,1,1,0,0,1,1,0,0,40,0,0,0,0,0,2,2,11
,2022-33493,-105.0129736,39.75522471,9/8/2022 7:15,7:15,12,0,0,N SPEER BLVD & I-25,1,1,0,0,1,4,0,0,55,0,0,0,0,0,1,2,13
,2022-33494,-104.9991195,39.71120695,9/9/2022 10:32,10:32,12,0,1,I-25 & W ALAMEDA AVE,1,1,0,0,1,4,0,0,55,0,0,0,0,1,1,3,13
,2022-33496,-105.0273707,39.6839545,9/8/2022 15:10,15:10,6,0,0,1800 BLK S HAZEL CT & W BAILS PL,1,1,0,0,1,4,0,0,,0,0,0,0,0,4,2,16
,2022-33497,-104.9058158,39.73521349,9/12/2022 8:15,8:15,6,0,0,1100 BLK N PONTIAC ST & E 12TH AVE,1,1,0,7,2,4,0,0,25,0,0,0,0,0,4,3,2
,2022-33500,-105.0264009,39.7104646,9/8/2022 11:55,11:55,3,0,0,GROVE ST 300 BLK S  & W ALAMEDA AVE,1,1,1,0,1,2,0,0,25,0,0,0,0,0,4,2,11
,2022-33501,-105.0532677,39.7093651,9/9/2022 17:26,17:26,12,0,3,S SHERIDAN BLVD & W DAKOTA AVE,1,1,1,0,1,4,0,0,35,0,0,0,0,1,2,3,1
,2022-33503,-105.0002855,39.75241433,9/8/2022 11:20,11:20,6,0,0,WYNKOOP ST & 17TH ST,1,1,0,0,1,4,0,0,25,0,0,0,0,0,4,2,11
,2022-33505,-105.0001882,39.72412152,9/9/2022 14:10,14:10,10,0,0,W 5TH AVE & N KALAMATH ST,1,1,0,0,1,1,0,0,30,0,0,0,0,0,4,2,13
,2022-33506,-104.9033946,39.7983915,9/9/2022 10:44,10:44,12,0,0,N QUEBEC ST & E 56TH AVE,1,1,0,0,1,1,0,0,35,0,0,0,0,0,4,2,3
,2022-33508,-105.0429088,39.74033446,9/9/2022 11:58,11:58,12,0,1,4300 BLK W COLFAX AVE & N STUART ST,1,1,0,0,1,4,0,0,30,0,0,0,0,1,2,2,13
,2022-33509,-104.9734167,39.69255961,9/8/2022 16:55,16:55,5,0,0,S DOWNING ST & E LOUISIANA AVE,1,1,0,0,3,4,0,0,30,0,0,0,0,0,4,1,14
,2022-33510,-104.987404,39.72909482,9/8/2022 12:30,12:30,10,0,0,N BROADWAY ST & E 8TH AVE,1,1,0,0,1,1,0,0,25,0,0,0,0,0,4,2,8
,2022-33511,-105.0392791,39.73595762,9/10/2022 2:15,2:15,6,0,0,N PERRY ST & W 13TH AVE,11,3,1,1,1,4,0,0,,0,0,0,0,0,4,3,16
,2022-33512,-104.9681127,39.73840844,9/11/2022 13:55,13:55,15,0,0,1600 BLK E 14TH AVE & N FRANKLIN ST,1,1,0,0,1,4,0,0,30,0,0,0,0,0,4,2,11
,2022-33514,-104.9023191,39.74007684,9/12/2022 7:50,7:50,3,0,2,E COLFAX AVE & N QUINCE ST,1,1,0,0,1,1,0,0,45,0,0,0,0,1,2,2,1
,2022-33516,-104.9728327,39.69113187,9/9/2022 13:33,13:33,3,0,0,1200 BLK E ARKANSAS AVE & S DOWNING ST,1,1,0,0,1,9,0,0,30,0,0,0,0,0,4,2,11
,2022-33518,-104.8828531,39.78691853,9/11/2022 18:26,18:26,6,0,0,E 49TH PL & N CENTRAL PARK BLVD,1,1,0,0,1,4,0,0,25,0,0,0,0,0,4,2,16
,2022-33519,-104.7155384,39.83212418,9/12/2022 11:05,11:05,15,0,0,7500 N GUN CLUB RD & E 75TH AVE,1,1,0,0,1,3,0,0,35,0,0,0,0,0,4,2,8
,2022-33520,-104.8987475,39.73727355,9/10/2022 14:15,14:15,3,0,0,E 13TH AVE & N SYRACUSE ST,11,1,0,0,1,1,0,0,30,0,0,0,0,0,4,2,11
,2022-33521,-105.0353585,39.73657865,9/9/2022 15:00,15:00,6,0,0,3600 W 13TH AVE & N MEADE ST,1,5,0,7,1,4,0,0,,0,0,0,0,0,4,2,16
,2022-33530,-104.9968955,39.7384608,9/12/2022 7:00,7:00,3,0,0,W 14TH AVE & N SPEER BLVD,1,1,0,0,1,1,0,0,30,0,0,0,0,0,4,2,3
,2022-33531,-104.9676434,39.77894421,9/8/2022 14:15,14:15,15,0,0,N BRIGHTON BLVD & 44TH ST,1,1,0,0,1,4,0,0,25,0,0,0,0,0,4,2,11
,2022-33532,-104.9947099,39.76090758,9/11/2022 12:25,12:25,15,0,0,1800 BLK PARK AVE_W & WEWATTA ST,1,1,0,0,1,4,0,0,35,0,0,0,0,0,4,2,11
,2022-33533,-104.9804779,39.68399497,9/12/2022 8:54,8:54,1,0,0,E COLORADO AVE (NOT CDOT) & S PEARL ST,1,1,0,0,1,1,1,0,25,0,0,0,0,0,4,2,16
,2022-33534,-104.9976458,39.73845852,9/12/2022 8:25,8:25,3,0,0,N SPEER BLVD & W 14TH AVE,1,1,0,0,1,1,0,0,35,0,0,0,0,0,4,2,11
,2022-33535,-104.7829916,39.77756787,9/11/2022 12:30,12:30,3,0,0,N TELLURIDE ST & E GVR BLVD,1,1,0,0,1,1,0,0,30,0,0,0,0,0,4,2,1
,2022-33537,-104.8657424,39.77582352,9/12/2022 7:35,7:35,12,0,1,I-70 & N HAVANA ST,1,1,1,0,1,4,0,0,55,0,0,0,0,1,1,2,11
,2022-33538,-105.0275387,39.70766125,9/12/2022 15:42,15:42,2,0,1,S HAZEL CT & W VIRGINIA AVE,1,1,0,0,1,1,0,0,0,1,0,0,0,2,4,1,16
,2022-33542,-105.0165222,39.7513218,9/12/2022 6:52,6:52,15,0,0,I-25 & W 23RD AVE,1,1,0,0,1,4,0,0,55,0,0,0,0,0,1,2,13
,2022-33544,-104.9081631,39.75472322,9/12/2022 8:00,8:00,2,0,1,E 26TH AVE & N ONEIDA ST,1,1,0,0,1,1,0,0,30,1,0,0,0,2,4,1,11
,2022-33545,-104.9786702,39.73060305,9/8/2022 14:55,14:55,11,0,1,WASHINGTON ST 900 BLK N  & E 9TH AVE,1,1,0,0,1,4,0,0,35,0,1,0,0,1,4,1,11
,2022-33546,-104.8917157,39.6965911,9/8/2022 12:16,12:16,3,0,1,E MISSISSIPPI AVE & S VALENTIA ST,1,1,0,0,1,1,0,0,35,0,0,0,0,1,4,2,10
,2022-33549,-105.0361107,39.71815559,9/12/2022 15:52,15:52,3,0,1,N MEADE ST & W 1ST AVE,1,1,0,0,1,1,0,0,30,0,0,0,0,2,4,2,3
,2022-33550,-105.0532599,39.71662906,9/12/2022 17:06,17:06,12,0,0,N SHERIDAN BLVD & W ELLSWORTH AVE,1,1,0,0,1,1,0,0,35,0,0,0,0,0,2,3,13
,2022-33563,-105.0075594,39.75236961,8/28/2022 13:06,13:06,1,0,0,N SPEER BLVD & ELITCH CIR,1,1,0,0,1,1,0,0,30,0,0,0,0,0,4,2,16
,2022-33565,-104.9861262,39.73602936,9/9/2022 10:35,10:35,15,0,0,N LINCOLN ST & E 13TH AVE,1,1,0,0,1,4,0,0,30,0,0,0,0,0,4,2,11
,2022-33566,-104.9862361,39.71937384,9/8/2022 8:45,8:45,10,0,0,N LINCOLN ST & E 2ND AVE,1,1,0,0,1,1,0,0,30,0,0,0,0,0,4,2,1
,2022-33593,-104.9593793,39.66759523,9/8/2022 7:30,7:30,12,0,0,E YALE AVE & S UNIVERSITY BLVD,1,1,0,0,1,1,0,0,30,0,0,0,0,0,4,2,3
,2022-33594,-104.7788864,39.83061992,9/12/2022 10:32,10:32,15,0,0,7500 BLK PENA BLVD OUTBOUND & E-470,1,1,0,0,1,4,0,0,65,0,0,0,0,0,4,2,8
,2022-33596,-105.0043198,39.76094363,9/12/2022 17:19,17:19,12,0,0,I25 HWY_NB & 20TH ST,1,1,0,0,1,4,0,0,55,0,0,0,0,0,1,2,13
,2022-33598,-104.7905714,39.77302844,9/12/2022 11:51,11:51,12,0,0,4000 BLK INBOUND PENA BLVD & E 40TH AVE,1,1,0,0,1,14,0,0,65,0,0,0,0,0,2,2,11
,2022-33599,-105.0322654,39.76212491,9/12/2022 12:45,12:45,3,0,0,N JULIAN ST & W 32ND AVE,1,1,0,0,1,1,0,0,25,0,0,0,0,0,4,2,11
,2022-33602,-105.0532424,39.69688921,9/12/2022 16:41,16:41,12,0,0,1100 BLK S SHERIDAN BLVD & MISSISSIPPI,1,1,0,0,1,4,0,0,35,0,0,0,0,0,2,2,13
,2022-33603,-104.8115267,39.78150526,9/11/2022 5:00,5:00,6,0,0,4700 BLK N FRASER WAY & E BOILING DR,1,2,0,0,1,4,0,0,25,0,0,0,0,0,4,2,7
,2022-33649,-104.9861286,39.73662806,9/13/2022 14:04,14:04,6,0,0,N LINCOLN ST & E 13TH AVE,1,1,0,0,1,4,0,0,30,0,0,0,0,0,4,2,14
,2022-33658,-105.0130163,39.72542371,9/13/2022 6:46,6:46,15,0,0,I-25 & W 6TH AVE FWY,1,1,1,0,1,14,0,0,55,0,0,0,0,0,1,3,8
,2022-33665,-105.0087998,39.74410713,8/23/2022 12:01,12:01,12,0,0,7TH ST & WALNUT ST,1,1,0,0,1,3,0,0,35,0,0,0,0,0,4,2,3
,2022-33668,-104.847103,39.77338824,9/12/2022 13:50,13:50,3,0,0,I-70 & N PEORIA ST,1,1,0,0,1,1,0,0,35,0,0,0,0,0,4,2,1
,2022-33679,-105.0361182,39.72133431,9/13/2022 6:42,6:42,3,0,0,N MEADE ST & W 3RD AVE,1,1,1,0,1,1,0,0,25,0,0,0,0,0,4,2,13
,2022-33682,-104.8846663,39.73735882,9/12/2022 2:02,2:02,6,0,1,N YOSEMITE ST & E 13TH AVE,1,3,0,0,1,4,0,0,30,0,0,0,0,2,4,2,14
,2022-33683,-104.8967344,39.68933342,9/12/2022 17:15,17:15,3,0,0,S QUEBEC WAY & E FLORIDA AVE,1,1,0,0,1,1,0,0,,0,0,0,0,0,4,2,16