id,drcog_id,longitude,latitude,crashtime,time,crashtype,numbkilled,numbinjurd,drcoglocat,rdconditin,lightngcon,roadcntgrd,weatherco,location,roaddescrp,schoolzone,constrzone,splimit,bikeinv,pedinv,sctrinv,motoinv,svrty,rdsystem,ttlvehcls,hcf
,2022-33687,-105.0861065,39.61898787,9/13/2022 13:16,13:16,3,0,0,W CRESTLINE AVE & W GRANT RANCH BLVD,1,1,0,0,1,2,0,0,30,0,0,0,0,0,4,2,11
,2022-33688,-104.6855699,39.83792235,9/13/2022 9:27,9:27,15,0,0,78TH AVE 25200 BLK E & N JACKSON GAP ST,1,1,0,0,1,3,0,0,,0,0,0,0,0,4,1,16
,2022-33689,-104.9222932,39.77871971,9/13/2022 11:05,11:05,3,0,1,N HOLLY ST & E 45TH AVE,1,1,0,0,1,1,0,0,30,0,0,0,0,2,4,2,13
,2022-33690,-104.8097976,39.78374358,9/13/2022 17:17,17:17,3,0,0,E GVR BLVD & N CHAMBERS RD,1,1,0,0,1,2,0,0,40,0,0,0,0,0,4,2,13
,2022-33691,-104.7721476,39.79253636,9/13/2022 16:40,16:40,3,0,1,N TOWER RD & E ELMENDORF DR,1,1,0,0,1,1,0,0,45,0,0,0,0,2,4,2,13
,2022-33692,-104.8470297,39.77400525,9/13/2022 9:00,9:00,15,0,2,N PEORIA ST & I-70 EB ON RAMP,1,1,0,0,1,3,0,0,35,0,0,0,0,1,4,3,16
,2022-33693,-104.9780822,39.71109966,9/12/2022 11:00,11:00,6,0,0,S CLARKSON ST & E ALAMEDA AVE,1,1,0,0,1,1,0,0,25,0,0,0,0,0,4,3,14
,2022-33694,-104.8470268,39.77666603,9/12/2022 16:09,16:09,1,0,1,E 44TH AVE & N PEORIA ST,1,1,0,0,1,1,0,0,35,0,0,0,0,2,4,2,13
,2022-33707,-104.9406124,39.73999193,9/13/2022 12:15,12:15,12,0,0,COLORADO BLVD 1400 BLK N  & E COLFAX AVE,1,1,0,0,1,3,0,0,35,0,0,0,0,0,2,2,11
,2022-33708,-104.9617858,39.78967593,9/12/2022 13:50,13:50,5,0,0,5100 BLK N BRIGHTON BLVD & N YORK ST,1,1,0,0,2,2,0,0,35,0,0,0,0,0,4,1,3
,2022-33709,-104.7154714,39.83810647,9/13/2022 16:31,16:31,5,0,0,N. GUN CLUB RD AT E. 78TH AVE & GUN CLUB RD,1,1,0,0,6,1,0,0,45,0,0,0,0,0,4,1,3
,2022-33710,-105.0324462,39.70768292,8/18/2022 15:16,15:16,5,2,0,S KNOX CT & W VIRGINIA AVE,1,1,0,0,1,1,0,0,25,0,0,0,1,4,4,2,1
,2022-33711,-104.7718806,39.83094402,9/12/2022 14:10,14:10,12,0,0,N TOWER RD & PENA BLVD INBOUND,1,1,1,0,1,4,0,0,40,0,0,0,0,0,4,2,11
,2022-33712,-104.917506,39.69235522,9/13/2022 5:50,5:50,6,0,0,MINNESOTA DR 6000 BLK E  & S KEARNEY ST,1,2,0,0,1,4,0,0,25,0,0,0,0,0,4,3,2
,2022-33714,-104.959442,39.68481348,9/13/2022 7:39,7:39,12,0,0,I-25 SPUI & S UNIVERSITY BLVD,1,1,0,0,1,14,0,0,60,0,0,0,0,0,1,2,13
,2022-33715,-105.0142377,39.74044894,9/13/2022 17:35,17:35,12,0,0,W COLFAX AVE & I-25 ,1,2,0,0,1,4,0,0,45,0,0,0,0,0,2,2,13
,2022-33718,-104.9875745,39.67489166,9/13/2022 8:53,8:53,3,0,0,S BROADWAY ST & E ILIFF AVE,1,1,0,0,1,1,0,0,30,0,0,0,0,0,4,2,3
,2022-33729,-104.9028951,39.6712306,9/10/2022 14:24,14:24,3,0,1,E HARVARD AVE & S QUEBEC ST,1,1,0,0,1,2,0,0,,0,0,0,0,2,4,2,16
,2022-33730,-104.9594472,39.68472353,9/12/2022 15:00,15:00,1,0,0,S UNIVERSITY BLVD & I-25 SPUI,1,1,0,0,1,1,0,0,30,0,0,0,0,0,4,2,11
,2022-33731,-104.9775585,39.72726195,9/12/2022 11:20,11:20,3,0,0,E 7TH AVE & N CLARKSON ST,1,1,0,0,1,1,0,0,25,0,0,0,0,0,4,2,11
,2022-33733,-104.9698982,39.69112357,9/13/2022 8:29,8:29,3,0,1,S HUMBOLDT ST & E ARKANSAS AVE,1,1,0,0,1,1,0,0,25,0,0,0,0,2,4,2,11
,2022-33734,-105.0064273,39.78326345,9/13/2022 10:29,10:29,3,0,0,I-70 & N PECOS ST,1,1,0,0,1,6,0,0,20,0,0,0,0,0,1,2,13
,2022-33736,-104.9911989,39.77736072,8/16/2022 13:20,13:20,5,0,0,CHEROKEE ST 4400 BLK N  & W 44TH AVE,1,1,1,0,1,4,0,0,25,0,0,0,0,0,4,2,13
,2022-33737,-105.0208902,39.74999364,9/11/2022 15:00,15:00,6,0,0,W 22ND AVE & N CLAY ST,1,1,0,0,1,1,0,0,20,0,0,0,0,0,4,2,16
,2022-33738,-104.8264844,39.79335102,9/12/2022 18:33,18:33,3,0,0,E MAXWELL PL & N ATCHISON ST,1,1,0,0,1,1,0,0,30,0,0,0,0,0,4,2,16
,2022-33739,-104.9837943,39.72342342,9/12/2022 18:30,18:30,15,0,0,E SPEER BLVD & N GRANT ST,1,1,0,0,1,1,0,0,30,0,0,0,0,0,4,2,3
,2022-33740,-104.8470302,39.77419185,9/12/2022 13:10,13:10,12,0,0,I-70 & N PEORIA ST,1,1,0,0,1,8,0,0,35,0,0,0,0,0,1,2,16
,2022-33741,-105.0298733,39.6664927,9/13/2022 7:59,7:59,12,0,0,S IRVING ST & W LINVALE PL,1,1,0,0,1,1,0,0,25,0,0,0,0,0,4,2,11
,2022-33742,-104.9594252,39.68278764,9/12/2022 14:00,14:00,15,0,0,S UNIVERSITY BLVD & E BUCHTEL BLVD,1,1,0,0,1,1,0,0,30,0,0,0,0,0,4,2,3
,2022-33744,-104.9952759,39.74001218,9/12/2022 12:45,12:45,1,0,0,W COLFAX AVE & FOX ST,1,1,0,0,1,1,0,0,35,0,0,0,0,0,2,3,3
,2022-33748,-104.9995717,39.72891727,8/4/2022 12:00,12:00,15,0,0,W 8TH AVE & N KALAMATH ST,1,1,0,0,1,4,0,0,,0,0,0,0,0,4,2,16
,2022-33749,-105.0310805,39.74027684,8/18/2022 0:08,0:08,12,0,0,W COLFAX AVE & N JULIAN ST,1,3,0,0,1,4,0,0,35,0,0,0,0,0,2,2,1
,2022-33752,-105.0817955,39.63511829,9/12/2022 15:05,15:05,12,0,0,S WADSWORTH BLVD & W STANFORD AVE,1,1,0,0,1,3,0,0,45,0,0,0,0,0,2,2,3
,2022-33753,-104.9539872,39.74016126,8/8/2022 15:15,15:15,6,0,0,COLFAX AVE 2800 BLK E  & N DETROIT ST,1,1,0,0,1,4,0,0,,0,0,0,0,0,2,2,16
,2022-33755,-104.9082107,39.69662498,9/13/2022 16:10,16:10,3,0,0,E MISSISSIPPI AVE & S ONEIDA ST,1,1,0,0,1,1,0,0,30,0,0,0,0,0,4,2,16
,2022-33757,-105.0041675,39.76086878,9/12/2022 0:49,0:49,15,0,0,20TH ST & I-25,1,3,1,0,1,14,0,0,,0,0,0,0,0,4,2,16
,2022-33760,-104.9794751,39.72726682,9/12/2022 12:42,12:42,6,0,0,600 BLK E 7TH AVE & N WASHINGTON ST,1,1,1,0,1,4,0,0,30,0,0,0,0,0,4,2,11
,2022-33763,-104.9593432,39.69282008,9/13/2022 10:34,10:34,12,0,0,1300 BLK S UNIVERSITY BLVD & E LOUISIANA AVE,1,1,0,0,1,4,0,0,35,0,0,0,0,1,4,2,16
,2022-33765,-104.7904699,39.78363776,9/13/2022 6:15,6:15,12,0,0,E GVR BLVD & PENA BLVD INBOUND,1,1,0,0,1,4,0,0,35,0,0,0,0,1,4,3,11
,2022-33774,-104.9008961,39.783139,9/14/2022 12:25,12:25,12,0,0,I-270 & N NORTHFIELD QUEBEC ST NB,1,1,0,0,1,4,0,0,55,0,0,0,0,0,1,2,16
,2022-33777,-104.9827918,39.70570432,9/14/2022 16:54,16:54,3,0,0,E CENTER AVE & S LOGAN ST,11,1,0,0,1,1,0,0,30,0,0,0,0,0,4,2,11
,2022-33778,-104.9035084,39.69566164,9/13/2022 17:30,17:30,1,0,0,S QUEBEC ST & E MISSISSIPPI AVE,1,1,0,0,1,1,0,0,30,0,0,0,0,0,4,2,3
,2022-33779,-105.0205198,39.78021506,9/14/2022 15:30,15:30,3,0,0,W 46TH AVE & N CLAY ST,1,1,0,0,1,1,0,0,25,0,0,0,0,0,4,2,13
,2022-33781,-104.882959,39.77713978,9/14/2022 3:40,3:40,15,0,0,I-70 & N CENTRAL PARK BLVD,1,3,0,0,1,4,0,0,55,0,0,0,0,0,1,2,2
,2022-33782,-104.8059932,39.78430945,9/14/2022 18:05,18:05,6,0,0,E 48TH PL & N JASPER ST,1,1,0,0,1,4,0,0,25,0,0,0,0,0,4,2,10
,2022-33785,-104.8230533,39.77626565,9/13/2022 23:37,23:37,6,0,0,E ANDREWS DR & N DURHAM CT,1,3,0,0,1,4,0,0,25,0,0,0,0,0,4,2,1
,2022-33786,-104.9286927,39.68040442,9/13/2022 11:00,11:00,3,0,0,ASBURY AVE 5000 BLK E & S FAIRFAX ST,1,1,0,0,1,1,0,0,25,0,0,0,0,0,4,2,3
,2022-33787,-104.9453572,39.74196443,9/14/2022 17:51,17:51,3,0,0,E 16TH AVE & N MONROE ST,11,1,0,1,1,1,0,0,30,0,0,0,0,0,4,2,6
,2022-33788,-104.9497459,39.71737158,9/14/2022 13:11,13:11,15,0,0,N STEELE ST & E 1ST AVE,1,1,0,0,1,1,0,0,30,0,0,0,0,0,4,2,13
,2022-33789,-104.9497967,39.71777572,9/12/2022 16:00,16:00,3,0,0,N STEELE ST & E 1ST AVE,1,1,0,0,1,1,0,0,30,0,0,0,0,0,4,2,3
,2022-33790,-105.0287842,39.71497729,9/14/2022 12:58,12:58,2,0,1,W BAYAUD AVE & S HOOKER ST,1,1,0,0,1,1,0,0,0,1,0,0,0,2,4,1,16
,2022-33791,-104.9734241,39.68756103,9/14/2022 11:42,11:42,3,0,0,E IOWA AVE & S DOWNING ST,1,1,0,0,1,1,0,0,30,0,0,0,0,0,4,2,11
,2022-33793,-104.9942724,39.75433534,9/14/2022 16:00,16:00,12,0,0,20TH ST & BLAKE ST,1,1,0,0,1,1,0,0,35,0,0,0,0,0,4,2,3
,2022-33794,-105.0455082,39.70219842,9/12/2022 17:49,17:49,15,0,0,W OHIO AVE & MORRISON RD,1,1,0,0,1,4,0,0,,0,0,0,0,0,4,2,16
,2022-33795,-104.9453294,39.74885382,9/14/2022 20:54,20:54,6,0,0,CITY PARK RD 9 & CITY PARK RD 21,11,3,0,0,2,4,0,0,15,0,0,0,0,0,4,2,1
,2022-33802,-104.9719157,39.77030097,9/13/2022 18:17,18:17,1,0,0,38TH ST & WALNUT ST,1,1,0,0,1,1,0,0,35,0,0,0,0,0,4,2,16
,2022-33811,-104.7614378,39.78256727,9/14/2022 11:45,11:45,16,0,0,19558 E 47TH DR & E 47TH DR,1,1,0,0,5,7,0,0,10,0,0,0,0,0,3,2,10
,2022-33812,-104.9875808,39.74714804,9/14/2022 10:40,10:40,12,0,0,600 BLK 19TH ST & WELTON ST,1,1,0,0,1,3,0,0,30,0,0,0,0,0,4,2,1
,2022-33813,-104.7788864,39.83061992,9/14/2022 11:10,11:10,12,0,0,7500 BLK PENA BLVD OUTBOUND & N JACKSON GAP ST,1,1,0,0,1,4,0,0,65,0,0,0,0,0,4,2,1
,2022-33815,-104.9035917,39.67665189,9/14/2022 11:30,11:30,1,0,0,E ILIFF AVE & S QUEBEC ST,1,1,0,0,1,1,0,0,35,0,0,0,0,0,4,2,3
,2022-33816,-104.980205,39.71111715,9/10/2022 16:24,16:24,3,0,0,E ALAMEDA AVE & S PEARL ST,11,1,0,1,1,2,0,0,15,0,0,0,0,0,4,2,14
,2022-33817,-104.9034639,39.73133888,9/13/2022 15:30,15:30,12,0,0,N QUEBEC ST & E 10TH AVE,1,1,0,0,1,1,0,0,30,0,0,0,0,1,4,4,12
,2022-33821,-104.995397,39.7440374,9/14/2022 16:42,16:42,12,0,0,STOUT ST & 14TH ST,11,1,0,1,1,4,0,0,35,0,0,0,0,0,4,2,14
,2022-33823,-104.9407851,39.72587449,9/14/2022 13:47,13:47,15,0,0,N COLORADO BLVD & E 6TH AVE,14,1,0,0,1,4,0,0,30,0,0,0,0,0,2,2,13
,2022-33826,-104.9082183,39.70027466,9/13/2022 9:30,9:30,12,0,0,LEETSDALE DR & S ONEIDA ST,1,1,0,0,1,1,0,0,35,0,0,0,0,0,2,3,3
,2022-33827,-104.9769615,39.74748645,9/13/2022 14:15,14:15,6,0,0,N CLARKSON ST & E 20TH AVE,1,1,0,0,1,1,0,0,25,0,0,0,0,0,4,2,11
,2022-33828,-104.9791539,39.77935673,9/13/2022 15:58,15:58,15,0,0,I-70 & N WASHINGTON ST,1,1,0,0,1,4,0,0,55,0,0,0,0,0,1,2,13
,2022-33830,-104.9035917,39.67665189,9/14/2022 6:35,6:35,1,0,3,S QUEBEC ST & E EVANS AVE,1,1,1,0,1,1,0,0,35,0,0,0,0,2,4,2,16
,2022-33837,-104.9240946,39.67846975,9/7/2022 12:48,12:48,3,0,0,EVANS AVE 5400 BLK E  & S HIDSON ST,1,1,0,0,1,2,0,0,30,0,0,0,0,0,4,2,11
,2022-33838,-105.0101937,39.74043029,9/13/2022 20:01,20:01,12,0,0,W COLFAX AVE & I-25 NB ON RAMP,1,3,0,0,1,4,0,0,30,0,0,0,1,0,2,2,16
,2022-33840,-104.938417,39.68267282,9/13/2022 13:55,13:55,12,0,2,I-25 NB OFF RAMP & S COLORADO BLVD,1,1,0,0,1,8,0,0,45,0,0,0,0,1,1,3,16
,2022-33841,-104.9316165,39.67846341,9/14/2022 6:20,6:20,3,0,0,E EVANS AVE & S DHALIA ST,1,1,0,0,1,1,0,0,35,0,0,0,0,0,4,2,13
,2022-33843,-105.012906,39.75519984,9/13/2022 13:03,13:03,12,0,0,I-25 & N SPEER BLVD,1,1,0,0,1,4,0,0,55,0,0,0,0,0,1,2,13
,2022-33845,-104.9739119,39.71833382,9/9/2022 16:25,16:25,3,0,1,E SPEER BLVD & N CORONA ST,11,1,0,1,1,1,0,0,30,0,0,0,0,2,4,2,16
,2022-33846,-105.0348835,39.71127081,9/12/2022 16:23,16:23,10,0,0,W ALAMEDA AVE & S LOWELL BLVD,1,1,0,0,1,3,0,0,35,0,0,0,0,0,4,2,1
,2022-33847,-104.9599691,39.67839004,9/13/2022 13:13,13:13,12,0,0,E EVANS AVE & S UNIVERSITY BL,1,1,0,0,1,1,0,0,35,0,0,0,0,1,4,2,3
,2022-33848,-104.9986725,39.73520011,9/14/2022 7:40,7:40,8,0,0,1100 BLK N SANTA FE DR & W 12TH AVE,1,1,0,0,1,4,0,0,10,0,0,0,0,0,4,2,11
,2022-33850,-104.9518242,39.74013564,9/14/2022 14:17,14:17,15,0,0,N MILWAUKEE ST & E COLFAX AVE,1,1,0,0,1,1,0,0,35,0,0,0,0,0,2,2,10
,2022-33875,-105.0166215,39.73970211,9/14/2022 15:37,15:37,12,0,1,COLFAX AVE & 2000 W ,1,1,0,0,1,4,0,0,40,0,0,0,0,1,2,2,16
,2022-33877,-105.0096164,39.76695226,9/14/2022 8:30,8:30,6,0,0,3600 BLK N SHOSHONE ST & W 36TH AVE,1,1,0,0,1,4,0,0,20,0,0,0,0,0,4,2,3
,2022-33878,-104.9406123,39.74007432,9/5/2022 22:22,22:22,3,0,0,N COLORADO BLVD & E COLFAX AVE,1,3,0,0,1,1,0,0,30,0,0,0,0,0,2,2,3
,2022-33879,-104.9791539,39.77935673,9/14/2022 8:52,8:52,15,0,0,N WASHINGTON ST & I-70 EB ON RAMP,1,1,0,0,1,1,0,0,40,0,0,0,0,0,4,2,16
,2022-33880,-105.0351413,39.65827311,9/14/2022 8:28,8:28,10,0,0,S LOWELL BLVD & W GREENWOOD PL,1,1,1,0,1,4,0,0,25,0,0,0,0,0,4,2,11
,2022-33881,-104.7245292,39.83819572,9/13/2022 19:50,19:50,3,0,2,E 78TH AVE & N TIBET ST,1,3,0,0,1,1,0,0,40,0,0,0,0,2,4,2,8
,2022-33882,-104.9874975,39.71835879,9/12/2022 10:00,10:00,10,0,0,N BROADWAY ST & E 1ST AVE,1,1,0,0,1,1,0,0,30,0,0,0,1,1,4,2,3
,2022-33887,-104.8470297,39.77400525,9/14/2022 4:55,4:55,12,0,1,I-70 & N PEORIA ST,1,3,0,0,1,4,0,0,55,0,0,0,0,1,1,3,10
,2022-33889,-104.9025121,39.63860563,9/14/2022 18:57,18:57,12,0,0,E QUINCY AVE & S QUEBEC ST,11,1,0,1,1,3,0,0,,0,0,0,0,0,4,3,16
,2022-33890,-105.0064252,39.78313348,9/14/2022 9:10,9:10,12,0,0,I-70 & N PECOS ST,13,1,1,0,1,4,0,0,55,0,0,0,0,0,1,2,16
,2022-33892,-104.9406218,39.71050917,9/14/2022 9:06,9:06,11,0,1,COLORADO BLVD 300 BLK S & E ALAMEDA AVE,1,1,0,0,1,4,0,0,0,0,1,0,0,2,2,1,16
,2022-33893,-104.9872121,39.67852984,9/13/2022 16:19,16:19,15,0,0,E EVANS AVE 000 BLK  & S BROADWAY ST,1,1,0,0,1,4,0,0,,0,0,0,0,0,4,3,16
,2022-33902,-104.9634874,39.7350532,9/8/2022 12:17,12:17,2,0,1,E 12TH AVE & N RACE ST,1,1,0,0,2,1,0,0,25,1,0,0,0,2,4,1,11
,2022-33908,-104.882818,39.78234193,9/8/2022 7:45,7:45,2,0,1,E 47TH AVE & N CENTRAL PARK BLVD,1,1,0,0,1,1,0,0,30,1,0,0,0,1,4,1,11
,2022-33924,-105.0141494,39.74044681,9/9/2022 13:19,13:19,12,0,0,I25 HWY_SB & W COLFAX AVE,1,1,0,0,1,4,0,0,55,0,0,0,0,0,1,2,13
,2022-33926,-104.986269,39.71476019,9/8/2022 21:11,21:11,5,0,1,S LINCOLN ST & E BAYAUD AVE,2,3,0,0,3,3,0,0,35,0,0,0,0,2,4,1,16
,2022-33940,-104.9706926,39.73840727,9/15/2022 12:27,12:27,10,0,0,E 14TH AVE & N LAFAYETTE ST,1,1,0,0,1,1,0,0,30,0,0,0,0,0,4,2,13
,2022-33943,-105.0378955,39.7000223,9/16/2022 0:50,0:50,6,0,0,OSCEOLA ST 900 BLK S  & W. KENTUCKY AVE,1,3,0,0,3,4,0,0,25,0,0,0,0,0,4,2,1
,2022-33945,-104.8690921,39.77591234,9/16/2022 7:33,7:33,12,0,0,I-70 & N HAVANA ST,1,1,0,0,1,4,0,0,55,0,0,0,0,0,1,4,3
,2022-33946,-104.9597526,39.76199187,9/16/2022 7:00,7:00,10,0,1,E MLK BLVD & N YORK ST,1,1,0,0,1,3,0,0,30,0,0,0,1,2,4,2,13
,2022-33949,-104.8470297,39.77400525,9/15/2022 16:24,16:24,12,0,1,I-70 EB ON RAMP SPLIT & N PEORIA ST,1,1,1,0,1,8,0,0,55,0,0,0,0,1,1,2,11
,2022-33950,-104.9028787,39.76382778,9/14/2022 17:26,17:26,3,0,0,E 33RD AVE & N QUEBEC ST,11,1,0,1,1,1,0,0,30,0,0,0,0,0,4,2,11
,2022-33951,-104.9858483,39.7786053,9/15/2022 19:18,19:18,6,0,0,4500 BLK N LINCOLN ST & W 45TH AVE,1,3,0,0,1,4,0,0,25,0,0,0,0,0,4,2,13
,2022-33957,-104.8827688,39.77727111,9/15/2022 7:30,7:30,5,0,3,I-70 & N CENTRAL PARK BLVD,1,1,0,0,2,4,0,0,55,0,0,0,0,1,1,7,16
,2022-33958,-104.9136362,39.67846253,9/15/2022 7:40,7:40,12,0,0,6400 BLK E EVANS AVE & S MONACO ST,1,2,0,0,1,4,0,0,35,0,0,0,0,0,4,2,6
,2022-33959,-104.7155396,39.83201434,9/15/2022 8:48,8:48,15,0,0,E 75TH AVE & N GUN CLUB RD,1,1,0,0,1,1,0,0,35,0,0,0,0,0,4,2,16
,2022-33961,-104.9014834,39.63423203,9/15/2022 8:50,8:50,15,0,1,I-225 & S QUEBEC ST,1,1,0,0,1,14,0,0,65,0,0,0,0,1,1,2,16
,2022-33964,-104.9407824,39.74417042,9/16/2022 10:03,10:03,15,0,0,N COLORADO BLVD & E 17TH AVE,1,1,1,0,1,4,0,0,30,0,0,0,0,0,2,2,1
,2022-33965,-105.0086642,39.6786281,9/16/2022 16:39,16:39,3,0,2,W EVANS AVE & S RARITAN ST,1,1,0,0,1,1,0,0,25,0,0,0,0,2,4,2,16
,2022-33969,-104.8690921,39.77591234,9/16/2022 6:25,6:25,15,0,1,I-70 & N HAVANA ST,1,1,0,0,1,4,0,0,55,0,0,0,0,1,1,2,13
,2022-33970,-104.7775386,39.78361356,9/15/2022 8:15,8:15,15,0,0,N WALDEN ST & E GVR BLVD,1,1,0,0,1,4,0,0,25,0,0,0,0,0,4,2,7
,2022-33971,-105.0823346,39.63529389,9/14/2022 21:50,21:50,1,0,0,S WADSWORTH WAY & W STANFORD AVE,1,3,0,0,1,1,0,0,45,0,0,0,0,0,2,2,14
,2022-33975,-105.0252044,39.7858866,9/15/2022 12:20,12:20,15,0,0,FEDERAL BLVD 4900 BLK N & W 49TH AVE,1,1,0,0,1,4,0,0,35,0,0,0,0,0,2,2,16
,2022-33977,-104.9916493,39.73386154,9/15/2022 7:02,7:02,1,0,0,W 11TH AVE & N CHEROKEE ST,1,1,0,0,1,1,0,0,25,0,0,0,0,0,4,2,11
,2022-33978,-104.8470349,39.77411072,9/15/2022 10:30,10:30,12,0,0,N PEORIA ST & I-70 EB ON RAMP,1,1,0,0,1,14,0,0,40,0,0,0,0,0,4,2,16
,2022-33981,-104.9610166,39.73997411,9/14/2022 18:17,18:17,3,0,0,E COLFAX AVE & N GAYLORD ST,1,1,0,0,1,1,0,0,25,0,0,0,0,0,2,2,10
,2022-33983,-104.9405458,39.68291817,9/16/2022 13:12,13:12,12,0,0,I-25  & S COLORADO BLVD,1,1,0,0,1,4,0,0,60,0,0,0,0,0,1,2,13
,2022-33987,-104.9582509,39.72098058,9/14/2022 15:00,15:00,3,0,0,N JOSEPHINE ST & E 3RD AVE,1,1,0,7,1,1,0,0,30,0,0,0,0,0,4,2,3
,2022-33988,-104.7013199,39.83802611,9/15/2022 7:02,7:02,15,0,0,24500 BLK E 78TH AVE & N CALAWBA ST,1,1,0,0,1,2,0,0,45,0,0,0,0,0,4,2,13
,2022-33996,-104.9222932,39.77871971,9/15/2022 8:05,8:05,3,0,0,N HOLLY ST & E 45TH AVE,1,1,0,0,1,1,0,0,25,0,0,0,0,0,4,3,8
,2022-33998,-104.9594431,39.72255121,9/14/2022 16:15,16:15,15,0,0,N UNIVERSITY BLVD & E 4TH AVE,11,1,0,0,1,1,0,0,30,0,0,0,0,0,4,2,1
,2022-34000,-104.9640784,39.67305678,9/14/2022 12:30,12:30,3,0,0,S RACE ST & E WESLEY AVE,1,1,0,0,1,1,0,0,25,0,0,0,0,0,4,2,3
,2022-34013,-105.0018921,39.67852752,9/14/2022 14:09,14:09,15,0,0,1200 BLK W EVANS AVE & S LIPAN ST,1,1,0,0,1,4,0,0,30,0,0,0,0,0,4,2,13
,2022-34014,-104.7904868,39.78339557,9/15/2022 9:00,9:00,12,0,0,GVR RAMP & PENA BLVD,1,1,1,7,1,8,0,0,45,0,0,0,0,0,4,2,16
,2022-34024,-104.9316223,39.78342845,9/15/2022 8:35,8:35,15,0,0,E 48TH AVE & N DAHLIA ST,1,1,0,0,1,1,0,0,30,0,0,0,0,0,4,2,14
,2022-34035,-104.8985856,39.76735811,9/15/2022 16:38,16:38,10,0,0,E 36TH AVE & N SYRACUSE ST,1,1,0,0,1,2,0,0,30,0,0,0,0,0,4,3,7
,2022-34037,-104.7721146,39.78369349,9/15/2022 8:08,8:08,12,0,0,E GVR BLVD & N TOWER RD,1,1,0,0,1,1,0,0,25,0,0,0,0,0,4,3,16
,2022-34039,-104.7913639,39.78364117,9/15/2022 14:11,14:11,3,0,0,E GREEN VALLEY RANCH BLVD & PENA BLVD NB ON RAMP ,1,1,0,0,1,3,0,0,45,0,0,0,0,0,4,2,13
,2022-34040,-104.9758029,39.77267124,9/15/2022 22:55,22:55,15,0,0,N BRIGHTON BLVD & 38TH ST,1,3,0,0,1,4,0,0,35,0,0,0,0,0,4,7,14
,2022-34045,-105.0395954,39.71814801,9/14/2022 19:25,19:25,12,0,0,W 1ST AVE & N PERRY ST,1,1,0,0,1,3,0,0,35,0,0,0,0,1,4,3,13
,2022-34046,-104.9246069,39.73649934,9/15/2022 15:20,15:20,3,0,0,N GRAPE ST & E 13TH AVE,1,1,0,0,1,1,0,0,,0,0,0,0,0,4,2,16
,2022-34047,-104.9497973,39.72118611,9/15/2022 8:19,8:19,6,0,0,STEELE ST 300 BLK N  & E 3RD AVE,1,1,0,0,1,4,0,0,25,0,0,0,0,0,4,2,3
,2022-34048,-104.9671664,39.77987417,9/14/2022 15:34,15:34,12,0,0,I-70  & N BRIGHTON BLVD,1,1,0,0,1,4,0,0,55,0,0,0,0,0,1,2,13
,2022-34050,-104.9731831,39.71110981,9/16/2022 7:47,7:47,12,0,0,200 BLK E ALAMEDA AVE & S DOWNING ST,1,1,0,0,1,4,0,0,30,0,0,0,0,1,4,2,10
,2022-34051,-105.0127078,39.75512692,9/15/2022 14:59,14:59,12,0,0,I-25 & N SPEER BLVD,1,1,0,1,1,4,0,0,55,0,0,0,0,0,1,2,13
,2022-34052,-105.0250361,39.69311413,9/16/2022 9:30,9:30,12,0,0,FEDERAL BLVD 1300 BLK S  & W LOUISIANA AVE,1,1,0,0,1,2,0,0,35,0,0,0,0,0,2,2,13
,2022-34054,-105.0001811,39.72843837,9/16/2022 1:16,1:16,3,0,0,N KALAMATH ST & W 8TH AVE,1,3,0,0,1,1,0,0,30,0,0,0,0,1,4,3,8
,2022-34056,-104.9733596,39.75446595,9/15/2022 15:50,15:50,6,0,0,N DOWNING ST & E 26TH AVE,1,1,0,0,1,4,0,0,30,0,0,0,0,0,4,2,16
,2022-34057,-105.0251702,39.76551629,9/15/2022 17:32,17:32,12,0,2,N FEDERAL BLVD & W 35TH AVE,1,1,0,0,1,3,0,0,30,0,0,0,0,1,2,3,1
,2022-34058,-104.7718785,39.83341565,9/11/2022 20:40,20:40,3,0,2,N TOWER ROAD & PENA BLVD,1,3,0,0,1,1,0,0,45,0,0,0,0,2,4,2,14
,2022-34059,-104.7863773,39.79838481,9/16/2022 0:10,0:10,12,0,1,E 56TH AVE & PENA BLVD INBOUND,1,3,3,0,1,3,0,0,40,0,0,0,0,1,4,3,3
,2022-34060,-105.0150499,39.72932217,9/15/2022 10:07,10:07,15,0,0,I-25  & W 8TH AVE,1,1,0,0,1,4,0,0,55,0,0,0,0,0,1,2,13
,2022-34061,-104.979732,39.74326436,9/14/2022 22:00,22:00,6,0,0,E 17TH AVE & N PEARL ST,1,3,0,0,1,4,0,0,,0,0,0,0,0,4,2,16
,2022-34062,-104.8470217,39.77959805,9/16/2022 7:42,7:42,1,0,0,E 46TH AVE & PEORIA ST,1,1,0,0,1,2,0,0,35,0,0,0,0,0,4,2,13
,2022-34064,-105.0250715,39.69674835,9/15/2022 20:31,20:31,12,0,0,FEDERAL BLVD 1100 BLK S  & W MISSISSIPPI AVE,1,3,0,0,1,4,0,0,40,0,0,0,0,0,2,2,13
,2022-34066,-104.8940239,39.63630754,9/15/2022 16:23,16:23,3,0,1,S TAMARAC ST & N I-225 FRONTAGE RD,1,1,0,0,1,1,0,0,35,0,0,0,0,2,4,2,13
,2022-34069,-104.9954345,39.76778804,9/15/2022 11:47,11:47,15,0,0,I-25  & PARK AVE W,1,1,0,0,1,4,0,0,55,0,0,0,0,0,1,2,3