id,drcog_id,longitude,latitude,crashtime,time,crashtype,numbkilled,numbinjurd,drcoglocat,rdconditin,lightngcon,roadcntgrd,weatherco,location,roaddescrp,schoolzone,constrzone,splimit,bikeinv,pedinv,sctrinv,motoinv,svrty,rdsystem,ttlvehcls,hcf
,2022-34070,-105.0006657,39.71412266,9/14/2022 14:37,14:37,12,0,2,I-25 & W ALAMEDA AVE,1,1,0,0,1,4,0,0,55,0,0,0,0,1,1,3,3
,2022-34071,-104.8593345,39.66028379,9/16/2022 8:17,8:17,3,0,3,DARTMOUTH AVE 10800 BLK E  & S KENTON ST,1,1,0,0,1,3,0,0,35,0,0,0,0,3,4,3,7
,2022-34073,-104.9405291,39.68311149,9/14/2022 18:43,18:43,12,0,0,I-25 & S COLORADO BLVD,11,1,0,0,1,4,0,0,55,0,0,0,0,0,1,2,11
,2022-34075,-105.0251649,39.66049042,9/9/2022 14:40,14:40,6,0,0,4600  BLK W DARTMOUTH AVE & S VRAIN ST,1,1,0,0,1,4,0,0,30,0,0,0,0,0,4,2,16
,2022-34077,-104.9589986,39.7188757,9/9/2022 10:40,10:40,15,0,0,1000 BLK N JOSEPHINE ST & E 11TH AVE,1,1,0,0,1,4,0,1,35,0,0,0,0,0,4,2,13
,2022-34079,-104.7863773,39.79838481,9/14/2022 20:20,20:20,12,0,2,PENA BLVD & E 56TH AVE,1,3,0,0,1,4,0,0,65,0,0,0,0,2,4,2,14
,2022-34080,-104.987404,39.72909482,9/15/2022 8:39,8:39,10,0,0,W 8TH AVE & N BROADWAY ST,1,1,0,0,1,1,0,0,35,0,0,0,0,0,4,2,13
,2022-34082,-104.798411,39.7905399,9/12/2022 17:00,17:00,1,0,1,E 53RD AVE & N LAREDO ST,1,1,0,0,1,1,0,0,25,0,0,0,0,2,4,3,11
,2022-34090,-104.8200382,39.79826165,9/16/2022 9:31,9:31,3,0,0,E 56TH AVE & N CROWN BLVD,1,1,0,0,1,1,0,0,40,0,0,0,0,0,4,2,10
,2022-34091,-104.9317358,39.69659749,9/16/2022 14:54,14:54,3,0,0,S DAHLIA ST & E MISSISSIPPI AVE,1,1,0,0,1,1,0,0,40,0,0,0,0,0,4,2,13
,2022-34092,-105.0064252,39.78313348,9/16/2022 7:48,7:48,12,0,0,I-70  & N PECOS ST,1,1,3,0,1,4,0,0,65,0,0,0,0,0,1,2,11
,2022-34093,-104.8096352,39.7982451,9/16/2022 17:16,17:16,12,0,0,N CHAMBERS RD & E 56TH AVE,1,1,0,0,1,1,0,0,40,0,0,0,0,0,4,2,3
,2022-34096,-104.9222743,39.78377722,9/15/2022 15:57,15:57,3,0,0,E 48TH AVE & N HOLLY ST,1,1,0,0,1,3,0,0,30,0,0,0,0,0,4,2,13
,2022-34097,-104.973419,39.68000293,9/15/2022 17:36,17:36,12,0,0,S DOWNING ST & E ASBURY AVE,1,1,0,0,1,1,0,0,30,0,0,0,0,1,4,3,3
,2022-34102,-105.0441839,39.67989149,9/16/2022 8:05,8:05,3,0,0,S TENNYSON ST & W EVANS AVE,1,1,0,0,1,1,0,0,25,0,0,0,0,0,4,2,7
,2022-34103,-104.8657424,39.77582352,9/15/2022 6:20,6:20,12,0,0,I-70 & N HAVANA ST,1,3,0,0,1,4,0,0,55,0,0,0,0,0,1,3,16
,2022-34104,-104.8937112,39.63546326,9/16/2022 11:36,11:36,15,0,0,I-225 & S TAMARAC ST,1,1,0,0,1,4,0,0,65,0,0,0,0,0,1,2,13
,2022-34105,-104.9293808,39.76740393,9/3/2022 22:21,22:21,6,0,0,E. 36TH AVE & N. ELM ST,1,3,0,0,1,4,0,0,,0,0,0,0,0,4,3,16
,2022-34108,-105.0047562,39.76115807,9/14/2022 14:00,14:00,15,0,0,I-25 & 20TH ST,1,1,0,0,1,4,0,0,,0,0,0,0,0,1,2,16
,2022-34109,-105.0150499,39.72932217,9/15/2022 15:54,15:54,15,0,0,I-25 & W 8TH AVE,1,1,0,0,1,4,0,0,55,0,0,0,0,0,1,2,16
,2022-34110,-105.0165222,39.7513218,9/16/2022 12:00,12:00,12,0,0,I-25 & W 23RD AVE,1,1,0,0,1,4,0,0,55,0,0,0,0,0,1,3,16
,2022-34117,-105.014604,39.72606264,9/17/2022 1:43,1:43,5,0,0,I-25 SB OFF RAMP SPLIT & E 6TH AVE,1,3,1,0,2,8,0,0,,0,0,0,0,0,1,1,8
,2022-34118,-104.901628,39.78193302,9/17/2022 8:20,8:20,10,0,0,QUEBEC ST EB OFF RAMP & SAND CREEK DR,1,1,0,0,1,3,0,0,35,0,0,0,0,0,2,2,1
,2022-34126,-104.9222798,39.71310219,9/16/2022 21:59,21:59,3,0,0,S HOLLY ST & E CEDAR AVE,1,3,1,0,1,1,0,0,30,0,0,0,0,0,4,2,14
,2022-34134,-104.9873969,39.74697406,9/17/2022 19:33,19:33,10,0,0,BROADWAY ST 1900 BLK N  & E 19TH AVE,1,3,0,0,1,1,0,0,35,0,0,0,0,0,4,2,8
,2022-34145,-104.6976369,39.83348323,9/16/2022 23:50,23:50,6,0,1,PENA BLVD & JACKSON GAP ST,1,3,0,0,3,4,0,0,65,0,0,0,0,2,4,2,7
,2022-34149,-104.841963,39.78930349,9/17/2022 1:28,1:28,6,0,0,E 51ST AVE & N TROY ST,1,3,0,0,1,4,0,0,35,0,0,0,0,1,4,2,16
,2022-34152,-104.9734181,39.68999371,9/17/2022 11:09,11:09,12,0,0,I-25  & S DOWNING ST,1,1,3,0,1,4,0,0,65,0,0,0,0,0,1,2,16
,2022-34159,-104.9049292,39.6298731,9/16/2022 17:12,17:12,12,0,1,I-25  & I-225 ON RAMP,1,1,0,0,1,4,0,0,65,0,0,0,0,1,1,2,13
,2022-34163,-105.0253128,39.77204448,9/17/2022 4:38,4:38,9,0,0,W 40TH AVE & N FEDERAL BLVD,1,3,0,0,2,4,0,0,35,0,0,0,0,0,2,1,14
,2022-34164,-104.7946399,39.78377653,9/17/2022 18:25,18:25,9,0,1,E GVR BLVD & N AIRPORT WAY,1,1,0,0,1,4,0,0,40,0,0,0,1,3,4,1,1
,2022-34169,-104.9769506,39.6922735,9/17/2022 10:35,10:35,12,0,1,I-25 & S EMERSON ST,1,1,0,0,1,4,0,0,60,0,0,0,0,2,1,2,13
,2022-34170,-104.9875741,39.67670604,9/17/2022 8:39,8:39,6,0,0,W WARREN AVE & S BROADWAY ST,1,1,0,0,1,4,0,0,25,0,0,0,0,0,4,2,13
,2022-34172,-104.9525917,39.76446073,9/17/2022 15:41,15:41,3,0,1,E BRUCE RANDOLPH AVE & N MILWAUKEE ST,1,1,0,0,1,9,0,0,30,0,0,0,0,1,4,2,16
,2022-34173,-104.8470222,39.7740046,9/17/2022 0:27,0:27,12,0,0,I-70 & N PEORIA ST,1,3,0,0,1,4,0,0,55,0,0,0,0,0,1,2,14
,2022-34174,-104.9337605,39.67845081,9/17/2022 11:05,11:05,12,0,0,I-25 & E EVANS AVE,1,1,0,0,1,4,0,0,55,0,0,0,0,0,1,3,7
,2022-34216,-105.0532233,39.65605423,9/8/2022 14:03,14:03,15,0,0,SHERIDAN BLVD 3100 BLK S  & W DARTMOUTH AVE,1,1,0,0,1,4,0,0,35,0,0,0,0,0,2,2,13
,2022-34224,-104.9128591,39.71620248,9/12/2022 16:23,16:23,12,0,0,S MONACO ST & E LOWRY AVE,1,1,0,0,1,1,0,0,35,0,0,0,0,1,4,4,16
,2022-34228,-104.9987229,39.69669149,9/12/2022 7:04,7:04,5,0,2,W MISSISSIPPI AVE & S JASON ST,1,1,0,0,3,1,0,0,30,0,1,0,0,3,4,1,11
,2022-34235,-105.0346311,39.75486284,9/12/2022 18:49,18:49,1,0,0,W 26TH AVE & N LOWELL BLVD,1,2,0,0,1,1,0,0,30,0,0,0,0,0,4,2,13
,2022-34236,-104.9957385,39.7478397,9/10/2022 9:22,9:22,3,0,0,16TH ST & ARAPAHOE ST,1,1,0,0,1,1,0,0,0,1,0,0,0,0,4,1,16
,2022-34239,-105.0203599,39.69674193,9/12/2022 18:00,18:00,15,0,0,W MISSISSIPPI AVE & S CLAY ST,1,2,0,0,1,1,0,0,40,0,0,0,0,0,4,2,16
,2022-34241,-105.0191649,39.75120133,9/9/2022 18:45,18:45,2,0,1,2500 BLK W 23RD AVE & N BRYANT ST,1,1,1,0,1,2,0,0,30,1,0,0,0,2,4,1,11
,2022-34245,-104.9483632,39.74014852,9/9/2022 8:40,8:40,11,0,1,E COLFAX AVE & N ADAMS ST,1,1,0,0,1,1,0,0,30,0,1,0,0,2,2,1,2
,2022-34247,-104.9964599,39.71119257,9/9/2022 22:23,22:23,5,0,1,700 BLOCK W ALAMEDA AVE & S SANTA FE DR,11,3,0,1,2,4,0,0,35,0,0,0,0,3,4,1,16
,2022-34254,-105.0141494,39.74044681,9/10/2022 1:25,1:25,3,0,0,W COLFAX AVE & I-25 SB OFF RAMP,11,3,0,1,1,1,0,0,45,0,0,0,0,0,2,2,16
,2022-34255,-104.963641,39.73682084,9/11/2022 9:20,9:20,6,0,0,1800 BLK E 13TH AVE & N RACE ST,1,1,0,1,1,4,0,0,30,0,0,0,0,0,4,4,16
,2022-34256,-105.0017782,39.75967152,9/8/2022 17:06,17:06,12,0,0,20TH ST & LITTLE RAVEN ST,1,1,1,0,1,4,0,0,30,0,0,0,0,0,4,2,13
,2022-34260,-104.94062,39.70736633,9/8/2022 11:00,11:00,12,0,0,S COLORADO BLVD & E VIRGINIA AVE,1,1,0,0,1,1,0,0,35,0,0,0,0,0,2,6,3
,2022-34264,-104.9835794,39.7400415,5/23/2022 16:11,16:11,15,0,0,E COLFAX AVE & N GRANT ST,1,1,0,0,1,1,0,0,35,0,0,0,0,0,2,2,13
,2022-34265,-105.0326486,39.72512098,9/17/2022 20:02,20:02,12,0,1,W 6TH AVE  & N KNOX CT,1,3,0,0,1,4,0,0,55,0,0,0,0,2,2,2,7
,2022-34266,-104.9593069,39.71531291,9/17/2022 22:20,22:20,3,0,1,E CHERRY CREEK N DR & N UNIVERSITY BLVD,1,3,0,0,1,1,0,0,30,0,0,0,0,2,4,2,1
,2022-34267,-104.8335162,39.77284386,9/17/2022 23:44,23:44,15,0,0,I-70 & I-225 SB OFF RAMP,1,3,3,0,1,4,0,0,55,0,0,0,0,0,1,2,1
,2022-34268,-104.9999628,39.72892206,9/9/2022 13:42,13:42,15,0,0,W 8TH AVE & N KALAMATH ST,1,1,0,0,1,4,0,0,,0,0,0,0,0,4,2,16
,2022-34275,-104.9659858,39.74350741,7/31/2022 2:22,2:22,6,0,0,WILLIAMS ST & E. 17TH AVE,1,3,0,0,1,4,0,0,25,0,0,0,0,0,4,4,1
,2022-34276,-104.9407617,39.77978267,9/17/2022 21:37,21:37,15,0,2,N COLORADO BLVD & E 45TH DR,1,3,0,0,1,3,0,0,35,0,0,0,0,2,2,2,11
,2022-34277,-104.9907016,39.75711098,8/26/2022 1:30,1:30,3,0,0,PARK AVEW & BLAKE ST,1,3,0,0,1,1,0,0,35,0,0,0,0,0,4,2,16
,2022-34279,-105.0268146,39.74426945,9/8/2022 7:57,7:57,6,0,0,GROVE ST 1700 BLK N  & W 17TH AVE,1,1,0,1,1,4,0,0,25,0,0,0,0,0,4,2,16
,2022-34282,-104.7160614,39.79964336,9/18/2022 13:12,13:12,12,0,2,PENA BLVD & 56TH AVENUE,1,1,0,0,1,4,0,0,,0,0,0,0,1,4,4,16
,2022-34283,-105.0288411,39.72679459,9/17/2022 18:52,18:52,12,0,1,W 6TH AVE & MM 283.70,1,2,1,0,1,4,0,0,55,0,0,0,0,1,2,2,11
,2022-34284,-104.9804195,39.78185163,7/30/2022 10:20,10:20,15,0,0,600 BLK E 47TH AVE & N WASHINGTON ST,1,1,3,0,1,4,0,0,35,0,0,0,0,0,4,2,1
,2022-34286,-104.8964095,39.74008119,9/18/2022 12:31,12:31,5,0,1,E COLFAX AVE & N TRENTON ST,1,1,0,0,3,1,0,0,35,0,0,0,0,1,2,1,16
,2022-34291,-104.969467,39.73041093,6/28/2022 7:00,7:00,6,0,0,E HUMBOLT AVE & 9TH AVE,1,5,0,0,1,4,0,0,,0,0,0,0,0,4,2,16
,2022-34292,-105.0087098,39.69672883,9/17/2022 20:42,20:42,3,0,0,S RARITAN ST & W MISSISSIPPI AVE,1,3,0,0,1,2,0,0,25,0,0,0,0,0,4,2,16
,2022-34297,-105.0006422,39.71118438,8/5/2022 7:12,7:12,12,0,2,ALAMEDA AVE 1100 W  & S PLATTE RIVER DR,1,1,0,0,1,4,0,0,30,0,0,0,0,1,2,3,16
,2022-34300,-104.8834399,39.69657622,9/18/2022 0:51,0:51,8,0,0,9000 BLOCK E MISSISSIPPI AVE & S ALTON ST,1,3,0,0,1,1,0,0,45,0,0,0,0,0,4,2,13
,2022-34301,-104.884647,39.74008333,9/18/2022 3:13,3:13,10,0,1,COLFAX AVE 8890 E  & N YOSEMITE ST,1,2,0,0,1,1,0,0,35,0,0,0,0,2,2,2,13
,2022-34309,-104.7040991,39.83304701,9/18/2022 9:15,9:15,3,0,0,75TH AVE & N ELK ST,1,1,0,0,5,7,0,0,15,0,0,0,0,0,3,2,8
,2022-34311,-104.8905402,39.71009854,9/18/2022 0:15,0:15,5,0,0,ALAMEDA AVE 8500 BLK E  & E FAIRMOUNT DR,1,3,0,0,3,4,0,0,40,0,0,0,0,0,4,1,16
,2022-34312,-104.9959732,39.67166218,8/28/2022 19:00,19:00,6,0,0,2400 BLK S GALAPAGO ST & W HARVARD AVE,1,4,0,0,1,4,0,0,,0,0,0,0,0,4,2,16
,2022-34315,-104.8470105,39.78236062,8/21/2022 22:00,22:00,15,0,0,N PEORIA ST & E 47TH AVE,1,4,0,0,1,4,0,0,45,0,0,0,0,0,4,2,16
,2022-34337,-105.0191578,39.75483153,9/18/2022 17:51,17:51,3,0,0,N BRYANT ST & W 26TH AVE,1,2,0,0,1,1,0,0,35,0,0,0,0,1,4,2,11
,2022-34341,-104.9950249,39.75108717,7/22/2022 23:53,23:53,15,0,1,18TH ST & LARIMER ST,1,3,0,0,1,1,0,0,,0,0,0,0,1,4,2,16
,2022-34344,-105.0131182,39.72551753,9/18/2022 10:03,10:03,12,0,0,I-25  & W 6TH AVE,1,1,3,0,1,4,0,0,,0,0,0,0,0,1,3,16
,2022-34345,-104.7644503,39.77766488,9/18/2022 18:33,18:33,6,0,0,19000 BLK E 45TH AVE & N CEYLON ST,1,3,0,0,1,4,0,0,25,0,0,0,0,0,4,3,12
,2022-34348,-105.0038275,39.70496212,9/17/2022 6:56,6:56,6,0,0,S NAVAJO ST & W GILL PL,1,1,0,0,1,4,0,0,25,0,0,0,0,0,4,2,16
,2022-34355,-105.0154386,39.72473998,9/18/2022 21:33,21:33,5,0,2,W 6TH AVE & I-25 HWY NB ON RAMP GORE PT,1,3,0,7,1,8,0,0,30,0,0,0,0,2,1,1,8
,2022-34356,-104.9906723,39.73000117,9/17/2022 22:44,22:44,10,0,0,N SPEER BLVD & W BANNOCK ST,1,3,3,0,6,3,0,0,30,0,0,0,0,0,4,2,16
,2022-34375,-104.9037056,39.71705946,6/22/2022 11:45,11:45,12,0,0,S QUEBEC ST & E LOWRY BLVD,1,1,0,0,1,1,0,0,,0,0,0,0,0,4,2,16
,2022-34376,-104.9234501,39.76615274,8/11/2022 21:28,21:28,15,0,0,HUDSON ST & 3528 N ,1,3,0,0,1,4,0,0,,0,0,0,0,0,4,2,16
,2022-34379,-104.9903111,39.74932293,9/18/2022 8:33,8:33,3,0,0,19TH ST & CHAMPA ST,1,1,0,0,1,1,0,0,30,0,0,0,0,0,4,2,13
,2022-34380,-104.692935,39.83346184,9/17/2022 21:21,21:21,1,0,0,N JACKSON GAP & N PENA BLVD,1,3,0,0,1,1,0,0,30,0,0,0,0,0,4,2,13
,2022-34381,-104.9406177,39.70342787,9/18/2022 12:48,12:48,12,0,1,S COLORADO BLVD & E OHIO AVE,1,1,0,0,1,4,0,0,35,0,0,0,0,1,2,4,16
,2022-34407,-105.0474189,39.72271927,9/12/2022 17:40,17:40,6,0,0,N WINONA CT & W 4TH AVE,1,1,0,0,1,4,0,0,20,0,0,0,0,0,4,2,16
,2022-34408,-104.9957203,39.73685632,9/13/2022 17:24,17:24,11,0,1,W 13TH AVE & SPEER BLVD,1,1,0,0,1,1,0,0,0,0,0,1,0,2,4,1,16
,2022-34419,-104.940668,39.77287754,9/11/2022 21:41,21:41,2,0,1,N COLORADO BLVD & E 40TH AVE,1,3,0,0,1,1,0,0,0,1,0,0,0,2,2,1,16
,2022-34436,-104.9704194,39.74001213,9/16/2022 11:50,11:50,6,0,0,E COLFAX AVE & N LAFAYETTE ST,1,1,0,0,1,4,0,0,30,0,0,0,0,0,2,2,13
,2022-34443,-105.0139596,39.74044224,9/7/2022 14:00,14:00,12,0,0,I-25 MB ON RAMP & W COLFAX AVE,1,1,0,0,1,8,0,0,55,0,0,0,0,0,1,2,1
,2022-34445,-105.0381451,39.75512044,7/13/2022 6:35,6:35,6,0,0,OSCEOLA ST 2600 BLK N  & W 26TH AVE,1,1,1,0,1,4,0,0,20,0,0,0,0,0,4,2,2
,2022-34447,-104.883074,39.78525353,9/19/2022 16:00,16:00,15,0,0,N CENTRAL PARK BLVD & E NORTHFIELD BLVD,1,1,0,0,1,4,0,0,35,0,0,0,0,0,4,2,7
,2022-34450,-104.9597828,39.73722339,9/18/2022 11:19,11:19,6,0,0,YORK ST 1300 BLK N  & E 13TH AVE,1,1,0,1,1,4,0,0,30,0,0,0,0,0,4,2,16
,2022-34452,-104.9405417,39.75456893,9/19/2022 6:18,6:18,3,0,0,N COLORADO BLVD & E 26TH AVE,1,1,0,0,1,3,0,0,35,0,0,0,0,0,2,2,16
,2022-34453,-104.9875325,39.70145192,9/19/2022 16:00,16:00,12,0,0,I-25  & S BROADWAY ST,1,1,0,0,1,4,0,0,55,0,0,0,0,0,1,2,13
,2022-34454,-104.9985747,39.75774928,9/18/2022 23:27,23:27,3,0,1,20TH ST & CHESTNUT ST,1,3,0,0,1,1,0,0,30,0,0,0,0,2,4,2,3
,2022-34455,-104.9709091,39.74164012,9/10/2022 16:40,16:40,3,0,0,E 16TH AVE & N LAFAYETTE ST,1,1,0,7,1,1,0,0,30,0,0,0,0,0,4,2,16
,2022-34456,-105.0158401,39.78446389,9/17/2022 16:21,16:21,6,0,0,N ZUNI ST & W 48TH AVE,1,1,1,0,1,4,0,0,30,0,0,0,0,1,4,2,1
,2022-34457,-104.9707397,39.73980567,9/16/2022 16:55,16:55,6,0,0,N LAFAYETTE ST & E COLFAX AVE,1,1,0,0,1,4,0,0,,0,0,0,0,0,4,3,16
,2022-34458,-105.0148299,39.72932162,9/8/2022 15:18,15:18,15,0,0,I-25 & W 8TH AVE,1,1,0,0,1,4,0,0,55,0,0,0,0,0,1,2,16
,2022-34460,-104.8987247,39.65309868,8/21/2022 14:30,14:30,10,0,0,S TAMARAC ST & E HAMPDEN AVE,1,1,0,0,1,1,0,0,35,0,0,0,0,0,4,2,16
,2022-34461,-105.0049706,39.76201671,9/16/2022 5:40,5:40,6,0,0,1500 BLK W 32ND AVE & N OSAGE ST,1,1,1,0,1,4,0,0,20,0,0,0,0,0,4,3,16
,2022-34465,-104.9413413,39.71449422,9/18/2022 0:58,0:58,6,0,0,HARRISON ST 100 BLK S  & E BAYAUD ST,1,3,1,0,1,4,0,0,25,0,0,0,0,0,4,3,1
,2022-34468,-105.0394537,39.72578859,9/19/2022 5:51,5:51,3,0,0,W 6TH AVE & N PERRY ST,1,3,0,1,1,1,0,0,25,0,0,0,0,0,4,2,16
,2022-34485,-104.9923237,39.68939836,8/24/2022 13:10,13:10,15,0,0,W FLORIDA AVE & S SANTA FE DR,1,1,0,0,1,1,0,0,30,0,0,0,0,0,4,3,13
,2022-34488,-104.9873935,39.73685019,9/18/2022 16:27,16:27,11,0,1,E 13TH AVE & N BROADWAY ST,1,1,0,0,1,1,0,0,0,0,1,0,0,2,4,1,16
,2022-34489,-104.9798869,39.73725654,9/5/2022 21:30,21:30,6,0,0,PEARL ST  & 1317 N ,1,3,0,0,1,4,0,0,25,0,0,0,0,0,4,2,16
,2022-34493,-105.0508714,39.71115407,9/13/2022 19:20,19:20,6,0,0, YATES ST & W ALAMEDA AVE,1,4,0,0,1,3,0,0,30,0,0,0,0,0,2,4,16
,2022-34502,-104.8365813,39.77967216,7/10/2022 4:55,4:55,6,0,0,ABILENE ST & 4400 BLK N ,1,3,0,0,1,3,0,0,30,0,0,0,0,0,4,2,1
,2022-34503,-105.0141494,39.74044681,9/18/2022 8:48,8:48,15,0,0,I-25  & W COLFAX AVE,1,1,0,0,1,4,0,0,55,0,0,0,0,0,1,2,1
,2022-34504,-104.97053,39.76074954,9/18/2022 18:45,18:45,5,0,0,E 31ST AVE & N LAFAYETTE ST,1,1,0,0,2,9,0,0,,0,0,0,0,0,4,1,16
,2022-34506,-104.9826005,39.72260797,9/19/2022 20:38,20:38,3,0,0,N LOGAN ST & E SPEER BLVD,1,3,0,0,1,1,0,0,30,0,0,0,0,1,4,2,13
,2022-34507,-105.0250875,39.70394961,9/3/2022 16:23,16:23,15,0,0,FEDERAL BLVD 600 BLK S  & W EXPOSITION AVE,1,1,0,0,1,4,0,0,40,0,0,0,0,0,2,2,1
,2022-34510,-104.9981965,39.67456347,9/19/2022 11:28,11:28,3,0,0,PLATTE RIVER DR 2300 BLK S  & W ILIFF AVE,1,1,0,0,1,2,0,0,30,0,0,0,0,0,4,2,1
,2022-34511,-104.9305195,39.72530351,9/18/2022 17:09,17:09,3,0,0,E 6TH AVE & N EUDORA ST,1,1,0,0,1,3,0,0,30,0,0,0,0,1,4,2,11
,2022-34512,-104.9405467,39.69021357,9/19/2022 16:34,16:34,12,0,0,COLORADO BLVD & 1400 BLK S,1,1,0,0,1,4,0,0,35,0,0,0,0,0,2,2,13
,2022-34516,-105.0532099,39.74032371,9/18/2022 13:21,13:21,12,0,0,W COLFAX AVE & N SHERIDAN BLVD,1,1,0,0,1,3,0,0,30,0,0,0,0,0,2,2,3
,2022-34518,-104.8827688,39.77727111,9/19/2022 5:20,5:20,15,0,0,I-70  & N CENTRAL PARK BLVD,1,3,0,0,1,4,0,0,65,0,0,0,0,0,1,2,16
,2022-34521,-104.9900435,39.71117103,8/18/2022 18:35,18:35,12,0,0,W ALAMEDA AVE & S BANNOCK ST,1,1,0,0,1,1,0,0,35,0,0,0,0,0,4,2,16
,2022-34525,-105.011224,39.77492748,9/18/2022 7:19,7:19,6,0,0,TEJON ST 4200 BLK N  & W 43RD AVE,1,1,0,0,1,4,0,0,25,0,0,0,0,0,4,2,16
,2022-34536,-104.8846641,39.74746844,9/18/2022 18:19,18:19,12,0,0,E MONTVIEW BLVD & N CENTRAL PARK BLVD,1,1,3,0,1,3,0,0,35,0,0,0,0,0,4,2,16
,2022-34540,-104.7546017,39.77697278,9/17/2022 16:26,16:26,15,0,0,MITCHELL PL & 20000 E ,1,1,3,0,1,2,0,0,15,0,0,0,0,0,4,2,16
,2022-34556,-105.025031,39.6867736,9/11/2022 16:36,16:36,12,0,0,1600 BLOCK S FEDERAL BLVD & W IOWA AVE,1,1,0,0,1,2,0,0,40,0,0,0,0,0,2,2,16
,2022-34558,-105.0322373,39.65423668,9/18/2022 8:06,8:06,6,0,0,HAMILTON PL 3500 BLK W  & S KNOX CT,1,1,0,1,1,4,0,0,25,0,0,0,0,0,4,2,16
,2022-34567,-104.9235249,39.7038578,9/18/2022 7:25,7:25,6,0,1,EXPOSITION AVE 5400 BLK E  & S GRAPE ST,1,2,0,0,1,4,0,0,25,0,0,0,0,1,4,2,11
,2022-34568,-104.9129588,39.68212578,9/16/2022 12:45,12:45,12,0,0,1800 BLK S MONACO ST & E JEWELL AVE,1,1,0,0,1,4,0,0,30,0,0,0,0,0,4,2,13
,2022-34576,-104.9790287,39.77964541,9/18/2022 9:15,9:15,15,0,1,N WASHINGTON ST & E 45TH AVE,1,1,0,0,1,4,0,0,35,0,0,0,0,2,4,3,3
,2022-34579,-104.9684659,39.74000869,9/12/2022 17:10,17:10,3,0,0,PARK AVEW & E COLFAX AVE,1,2,0,0,1,2,0,0,30,0,0,0,0,0,4,2,11
,2022-34580,-104.833819,39.77286982,9/19/2022 8:10,8:10,12,0,1,I-70 & I-225 SB ON RAMP,1,1,1,0,1,4,0,0,55,0,0,0,0,1,1,2,3
,2022-34582,-104.897213,39.7983733,9/16/2022 14:40,14:40,12,0,0,N SPRUCE ST & E 56TH AVE,1,1,0,0,1,1,0,0,35,0,0,0,0,1,4,2,16
,2022-34584,-104.9034576,39.74007895,9/10/2022 0:13,0:13,3,0,0,E COLFAX AVE & N QUEBEC ST,11,3,0,1,1,1,0,0,35,0,0,0,0,0,2,2,1
,2022-34588,-104.9410994,39.78065999,9/19/2022 18:04,18:04,12,0,0,E 46TH AVE & N COLORADO BLVD,1,1,0,0,1,1,0,0,35,0,0,0,0,0,2,2,13
,2022-34590,-104.9721018,39.76464734,9/19/2022 2:30,2:30,6,0,0,MARION ST 3400 BLK N  & E BRUCE RANDOLPH AVE,1,1,0,0,1,4,0,0,25,0,0,0,0,0,4,2,1
,2022-34608,-104.8830668,39.78572865,9/19/2022 15:43,15:43,3,0,0,N CENTRAL PARK BLVD & E NORTHFIELD BLVD,1,1,0,0,1,1,0,0,35,0,0,0,0,0,4,2,8
,2022-34613,-104.7863698,39.80445654,9/19/2022 7:31,7:31,12,0,0,PENA BLVD OUTBOUND 5900 BLK  & E 56TH AVE,1,1,0,0,1,4,0,0,65,0,0,0,0,0,4,4,1
,2022-34614,-104.8566153,39.78291708,9/19/2022 6:37,6:37,1,0,0,LIMA ST 4800 BLK N  & E 47TH AVE,1,1,0,0,1,2,0,0,25,0,0,0,0,0,4,2,16
,2022-34624,-104.8207611,39.79548885,9/18/2022 11:20,11:20,3,0,0,N CROWN BLVD & N CRYSTAL WAY,1,1,0,0,1,1,0,0,25,0,0,0,0,0,4,2,7
,2022-34629,-104.9986561,39.73352396,9/17/2022 13:30,13:30,16,0,0,1075 N SANTA FE DR & nan,1,1,0,0,5,7,0,0,,0,0,0,0,0,3,2,16
,2022-34634,-104.9827227,39.69742292,9/13/2022 6:54,6:54,15,0,0,I-25  & S LOGAN ST,1,2,1,0,1,4,0,0,60,0,0,0,0,0,1,2,16
,2022-34710,-105.0357772,39.76305352,8/25/2022 16:50,16:50,6,0,0,3200 BLOCK N MEADE ST & W 33RD AVE,1,1,0,0,1,3,0,0,30,0,0,0,0,0,4,2,16
,2022-34712,-105.0281793,39.74999819,9/5/2022 8:39,8:39,5,0,0,W 22ND AVE & N IRVING ST,1,1,0,0,1,4,0,0,25,0,0,0,0,0,4,1,14
,2022-34713,-104.9593788,39.78017762,8/16/2022 8:30,8:30,15,0,0,I-70 & N YORK ST,11,5,0,1,1,4,0,0,,0,0,0,0,0,1,2,16
,2022-34716,-104.8364322,39.77812112,7/22/2022 6:44,6:44,3,0,0,E ALBROOK DR & N AUCKLAND CT,1,1,0,0,1,1,0,0,25,0,0,0,0,0,4,2,10
,2022-34717,-104.9407761,39.73039816,9/6/2022 7:00,7:00,15,0,0,COLORADO BLVD 800 BLK N  & E 9TH AVE,1,1,0,0,1,4,0,0,35,0,0,0,0,0,2,2,1
,2022-34720,-104.9971041,39.71111664,9/19/2022 9:41,9:41,12,0,0,S SANTA FE DR & W ALAMEDA AVE,1,1,0,0,1,3,0,0,35,0,0,0,0,0,2,2,3
,2022-34722,-104.9949588,39.76832199,8/12/2022 18:20,18:20,12,0,0,I-25  & PARK AVENUE W,1,1,0,0,1,4,0,0,55,0,0,0,0,0,1,2,1
,2022-34723,-104.9934688,39.70141707,9/3/2022 11:27,11:27,12,0,0,S SANTA FE DR & W MISSISSIPPI AVE,1,1,0,0,1,4,0,0,,0,0,0,0,0,2,2,16