id,drcog_id,longitude,latitude,crashtime,time,crashtype,numbkilled,numbinjurd,drcoglocat,rdconditin,lightngcon,roadcntgrd,weatherco,location,roaddescrp,schoolzone,constrzone,splimit,bikeinv,pedinv,sctrinv,motoinv,svrty,rdsystem,ttlvehcls,hcf
,2022-34724,-104.9218067,39.68936221,9/20/2022 7:28,7:28,3,0,0,E FLORIDA AVE & S HOLLY ST,1,1,0,0,1,2,0,0,30,0,0,0,0,0,4,2,16
,2022-34725,-104.8859727,39.63135034,9/20/2022 8:10,8:10,12,0,0,E UNION AVE & S XENIA ST,1,1,1,0,1,1,0,0,30,0,0,0,0,0,4,2,16
,2022-34726,-104.7744732,39.78371353,9/19/2022 8:40,8:40,15,0,0,E GVR BLVD & N YAMPA ST,1,1,0,0,1,4,0,0,40,0,0,0,0,0,4,2,11
,2022-34728,-104.9803554,39.77943419,9/20/2022 6:22,6:22,12,0,0,I-70 EB ON RAMP FROM I-25 & N WASHINGTON ST,1,1,0,0,1,8,0,0,,0,0,0,0,0,1,2,16
,2022-34729,-104.9789816,39.78002545,9/20/2022 5:00,5:00,15,0,0,N WASHINGTON ST & I-70,1,3,0,0,1,1,0,0,35,0,0,0,0,0,4,2,16
,2022-34733,-105.0176129,39.74580676,9/18/2022 0:57,0:57,5,0,0,I-25 NB OFF RAMP & W 17TH AVE,1,3,0,0,3,8,0,0,55,0,0,0,0,0,1,1,7
,2022-34734,-105.025149,39.72933001,9/15/2022 8:25,8:25,15,0,1,W 6TH AVE & N FEDERAL BLVD,1,1,0,0,1,14,0,0,,0,0,0,0,1,2,4,16
,2022-34736,-104.8470297,39.77400525,8/15/2022 16:50,16:50,12,0,0,I-70  & N PEORIA ST,11,1,0,1,1,4,0,0,65,0,0,0,0,0,1,2,13
,2022-34737,-104.9562713,39.73947718,9/19/2022 8:05,8:05,3,0,0,N ELIZABETH ST & E COLFAX AVE,1,1,0,0,1,2,0,0,25,0,0,0,0,0,4,2,7
,2022-34739,-104.9189319,39.70610609,9/20/2022 5:58,5:58,12,0,0,LEETSDALE DR & S HOLLY ST,1,1,0,0,1,2,0,0,45,0,0,0,0,0,2,2,1
,2022-34740,-104.9918724,39.69669359,9/17/2022 10:17,10:17,10,0,2,S PLATTE RIVER DR & W MISSISSIPPI AVE,1,1,0,0,1,1,0,0,45,0,0,0,0,1,2,2,13
,2022-34742,-104.9935151,39.73386651,9/19/2022 18:36,18:36,12,0,0,W 11TH AVE & SPEER BLVD,1,1,3,0,1,3,0,0,35,0,0,0,0,0,4,2,13
,2022-34749,-104.9034478,39.74744189,9/16/2022 22:20,22:20,3,0,0,N QUEBEC S & E MONTVIEW BLVD,1,3,0,0,1,1,0,0,35,0,0,0,0,0,4,2,16
,2022-34753,-104.9684478,39.7432381,9/5/2022 3:14,3:14,3,0,0,E 17TH AVE & N FRANKLIN ST,1,3,0,0,1,1,0,0,30,0,0,0,0,0,4,2,16
,2022-34756,-104.864411,39.66027382,9/19/2022 20:25,20:25,3,0,0, E DARTMOUTH AVE & E BETHANY DR,1,3,1,0,1,1,0,0,35,0,0,0,0,0,4,2,16
,2022-34757,-105.0130457,39.72538244,9/20/2022 8:10,8:10,12,0,1,I-25 NB RAMP & FROM EB W 6TH AVE,1,1,1,0,1,8,0,0,55,0,0,0,0,1,1,2,3
,2022-34760,-104.9539026,39.77766606,9/2/2022 0:01,0:01,6,0,0,E 44TH AVE & N CLAYTON ST,1,3,0,0,1,4,0,0,25,0,0,0,0,0,4,2,16
,2022-34761,-105.0052346,39.74014355,9/19/2022 8:00,8:00,12,0,0,W COLFAX AVE & N OSAGE ST,1,1,1,0,1,4,0,0,40,0,0,0,0,0,2,4,1
,2022-34762,-104.998291,39.72890536,9/20/2022 9:03,9:03,12,0,0,900 BLK W 8TH AVE & N SANTA FE DR,1,1,0,1,1,4,0,0,30,0,0,0,0,0,4,2,16
,2022-34763,-104.9200925,39.74741943,9/20/2022 14:15,14:15,12,0,0,5700 BLK E MONTVIEW BLVD & N IVY ST,1,1,0,0,1,3,0,0,30,0,0,0,0,0,4,2,3
,2022-34764,-104.9080303,39.65303891,9/20/2022 11:58,11:58,3,0,0,E HAMPDEN AVE & S ONEIDA ST,1,1,0,0,1,2,0,0,45,0,0,0,0,0,2,2,11
,2022-34765,-104.9129183,39.70336684,8/26/2022 9:55,9:55,15,0,0,700 BLOCK S MONACO ST & LEETSDALEDR,1,1,1,0,1,4,0,0,,0,0,0,0,0,4,2,1
,2022-34766,-104.8642084,39.75950548,9/19/2022 14:20,14:20,3,0,0,N HAVANA ST & E MLK BLVD,1,1,0,0,1,1,0,0,35,0,0,0,0,0,4,2,16
,2022-34767,-104.8987254,39.65307719,9/19/2022 16:00,16:00,12,0,0,E HAMPDEN AVE & S TAMARAC ST,1,1,0,0,1,1,0,0,45,0,0,0,0,0,2,2,1
,2022-34768,-104.9792081,39.77890859,9/19/2022 13:10,13:10,15,0,0,4600 BLK N WASHINGTON ST & E 45TH AVE,1,1,0,0,1,4,0,0,30,0,0,0,0,0,4,2,1
,2022-34769,-104.9951516,39.74559344,8/20/2022 16:56,16:56,10,0,0,15TH ST & CHAMPA ST,1,1,0,0,1,1,0,0,,0,0,0,0,0,4,2,16
,2022-34770,-104.980342,39.76106663,8/7/2022 4:08,4:08,6,0,0,LAWRENCE ST 2900 BLK  & E 29TH ST,1,3,0,0,1,4,0,0,30,0,0,0,0,0,4,4,16
,2022-34773,-104.8263956,39.77661074,9/15/2022 17:13,17:13,2,0,1,N DEL RIO CT & E 44TH AVE,1,1,0,0,1,3,0,0,0,1,0,0,0,3,4,1,16
,2022-34775,-104.972129,39.74280822,9/17/2022 15:40,15:40,3,0,1,PARK AVE & N MARION ST,1,1,0,0,1,1,0,0,30,0,0,0,0,2,4,2,11
,2022-34778,-104.9594472,39.68485346,9/14/2022 21:51,21:51,15,0,0,I-25 & S UNIVERSITY BLVD,11,2,0,1,1,3,0,0,40,0,0,0,0,0,4,2,3
,2022-34780,-105.0250691,39.72206256,9/19/2022 20:22,20:22,15,0,1,FEDERAL BLVD 400 BLK N & W 4TH AVE,1,3,0,0,1,4,0,0,40,0,0,0,0,3,2,2,1
,2022-34781,-105.066697,39.65296751,8/3/2022 23:00,23:00,6,0,0,S KENDALL ST & W HAMPDEN AVE,1,4,0,0,1,4,0,0,,0,0,0,0,0,4,2,16
,2022-34782,-104.9406162,39.7366912,9/20/2022 8:25,8:25,12,0,0,N COLORADO BLVD & E 13TH AVE,1,1,0,0,1,1,0,0,40,0,0,0,0,0,2,2,16
,2022-34783,-104.9891611,39.78003347,9/19/2022 19:40,19:40,12,0,0,I-70  & I-25,1,3,0,0,1,4,0,0,55,0,0,0,0,0,1,6,13
,2022-34784,-105.0251096,39.79185457,9/16/2022 16:33,16:33,2,0,1,N FEDERAL BLVD & PARKSIDE PL,1,1,0,0,1,1,0,0,,1,0,0,0,3,2,1,16
,2022-34785,-104.9769506,39.6922735,9/20/2022 15:01,15:01,12,0,0,I-25 & S EMERSON ST,1,1,0,0,1,4,0,0,65,0,0,0,0,0,1,3,13
,2022-34786,-104.9289772,39.78725822,9/19/2022 10:32,10:32,6,0,0,5000 BLK N  FOX ST & 50TH AVE,1,1,0,0,1,4,0,0,25,0,0,0,0,0,4,2,1
,2022-34788,-104.9439938,39.72731351,9/19/2022 15:50,15:50,3,0,0,E 7TH AVE & N GARFIELD ST,1,1,0,0,1,1,0,0,25,0,0,0,0,0,4,2,11
,2022-34789,-105.0000592,39.74004799,9/20/2022 6:23,6:23,1,0,0,W COLFAX AVE & N KALAMATH ST,1,2,0,0,1,1,0,0,30,0,0,0,0,0,2,2,13
,2022-34790,-104.9603368,39.78018876,9/20/2022 14:55,14:55,12,0,0,I-70 & N BRIGHTON BLVD,1,1,0,0,1,4,0,1,55,0,0,0,0,0,1,2,12
,2022-34791,-104.9594472,39.68485346,8/21/2022 11:20,11:20,12,0,0,I-25  & UNIVERSITY BLVD,1,1,0,0,1,4,0,0,55,0,0,0,0,0,1,2,16
,2022-34792,-104.8976926,39.69641137,9/19/2022 7:45,7:45,15,0,0,PARKER RD 1000 BLK S & E MISSISSIPPI AVE,1,1,1,0,1,3,0,0,40,0,0,0,0,0,2,2,16
,2022-34793,-105.0250605,39.68949117,9/6/2022 22:12,22:12,3,0,1,W FLORIDA AVE & S FEDERAL BLVD,1,3,0,0,1,1,0,0,40,0,0,0,0,2,2,4,1
,2022-34794,-105.0101018,39.75424313,8/30/2022 7:42,7:42,14,0,0,1300 BLK PLATTE ST & W 15TH AVE,1,1,0,0,1,4,0,0,25,0,0,0,0,0,4,2,3
,2022-34795,-104.8470269,39.78411821,8/31/2022 6:55,6:55,3,0,2,N PEORIA ST & ALBROOK DR,1,1,0,0,1,1,0,0,30,0,0,0,0,3,4,3,8
,2022-34799,-104.9129732,39.66274037,9/19/2022 16:45,16:45,3,0,0,E CORNELL AVE & S MONACO ST,1,1,0,0,1,1,0,0,25,0,0,0,0,0,4,2,3
,2022-34800,-105.0147813,39.74217281,9/14/2022 12:36,12:36,12,0,2,I-25 & AURARIA PKWY,1,1,0,0,1,4,0,0,55,0,0,0,0,1,1,3,13
,2022-34801,-104.9755521,39.77305939,9/15/2022 8:04,8:04,12,0,1,38TH ST & N BRIGHTON BLVD,1,1,0,0,1,4,0,0,35,0,0,0,0,2,4,2,16
,2022-34804,-104.8945215,39.6377618,8/16/2022 21:45,21:45,16,0,0,4351 S TAMARAC PKWY & nan,1,3,0,0,5,7,0,0,,0,0,0,0,1,3,2,16
,2022-34810,-104.9406206,39.73285758,9/19/2022 17:26,17:26,12,0,0,N COLORADO BLVD & E 11TH AVE,1,1,0,0,1,1,0,0,20,0,0,0,0,0,2,3,14
,2022-34811,-104.9407883,39.74193339,9/19/2022 19:00,19:00,15,0,0,N COLORADO BLVD & E 16TH AVE,1,1,0,0,1,1,0,0,35,0,0,0,0,0,2,2,3
,2022-34812,-104.90341,39.7674611,9/19/2022 11:10,11:10,3,0,0,36TH AVE 7200 BLK E  & N QUEBEC ST,1,1,0,0,1,2,0,0,30,0,0,0,0,0,4,2,13
,2022-34813,-104.9034947,39.71128237,9/19/2022 16:30,16:30,3,0,0,S QUEBEC ST & E ALAMEDA AVE,1,1,0,0,1,1,0,0,30,0,0,0,0,0,4,2,3
,2022-34814,-104.9070813,39.63428695,9/20/2022 14:25,14:25,12,0,3,I-225 NB OFF RAMP & I-25 SB ON RAMP MERGE PT,1,1,1,0,1,8,0,0,45,0,0,0,0,1,1,2,13
,2022-34815,-104.772112,39.7925365,8/19/2022 5:24,5:24,6,0,0,E ELMENDORF DR & N TOWER RD,1,3,0,0,1,4,0,0,25,0,0,0,0,0,4,5,12
,2022-34816,-104.8904598,39.76698988,9/18/2022 6:19,6:19,6,0,0,N CENTRAL PARK BLVD & E 36TH AVE,1,2,0,0,3,4,0,0,30,0,0,0,0,0,4,3,16
,2022-34817,-105.0532505,39.68954652,9/4/2022 2:00,2:00,12,0,0,SHERIDAN BLVD 1500 BLK S  & W FLORIDA AVE,1,3,0,0,1,3,0,0,40,0,0,0,0,0,2,2,16
,2022-34818,-104.7904699,39.78363776,9/3/2022 10:59,10:59,12,0,0,E GVR BLVD & PENA BLVD INBOUND,1,1,0,0,1,1,0,0,35,0,0,0,0,0,4,2,1
,2022-34819,-104.9835794,39.7400415,9/20/2022 19:34,19:34,1,0,2,E COLFAX AVE & N GRANT ST,1,3,0,0,1,1,0,0,35,0,0,0,0,2,2,2,1
,2022-34821,-104.9093799,39.69843505,7/30/2022 18:24,18:24,8,0,0,6700 BLOCK E TENNESSEE AVE & S ONEIDA AVE,1,1,0,0,1,4,0,0,35,0,0,0,0,0,4,2,16
,2022-34822,-104.9823198,39.74486785,9/19/2022 14:04,14:04,3,0,1,N LOGAN ST & E 18TH AVE,1,1,0,0,1,1,0,0,30,0,0,0,0,2,4,2,6
,2022-34823,-105.0000139,39.7444725,8/16/2022 14:45,14:45,3,0,1,ARAPAHOE ST & N SPEER BLVD,1,1,0,0,1,1,0,0,35,0,0,0,0,3,4,2,16
,2022-34826,-104.9791463,39.7797555,9/19/2022 15:50,15:50,12,0,0,I-70 & N WASHINGTON ST,1,1,1,0,1,4,0,0,55,0,0,0,0,0,1,3,10
,2022-34829,-105.032475,39.72509121,9/20/2022 8:15,8:15,15,0,0,W 6TH AVE & N KNOX CT,1,1,1,0,1,4,0,0,55,0,0,0,0,0,2,2,16
,2022-34830,-104.9034013,39.77784952,9/16/2022 7:33,7:33,9,0,1,N NORTHFIELD QUEBEC ST_NB & I-70 EB RAMPS,1,1,1,0,1,3,0,0,25,0,0,0,0,1,2,1,1
,2022-34831,-104.9861295,39.7339833,8/22/2022 9:00,9:00,12,0,0,1101 N LINCOLN ST & E 11TH AVENUE,1,1,0,0,1,4,0,0,30,0,0,0,0,0,4,2,16
,2022-34832,-104.7863946,39.80708471,9/19/2022 11:30,11:30,12,0,0,PENA BLVD 5900 & E 56TH AVE,1,1,0,0,5,4,0,0,65,0,0,0,0,0,2,2,11
,2022-34835,-105.0530286,39.78361993,9/19/2022 12:04,12:04,15,0,1,I-70 & N SHERIDAN BLVD,1,1,1,0,1,4,0,0,55,0,0,0,0,2,1,2,10
,2022-34836,-105.0156919,39.6974634,8/27/2022 1:14,1:14,6,0,0,1000 BLOCK S ZUNI ST & W MISSISSIPPI AVE,1,3,0,0,1,4,0,0,30,0,0,0,0,0,4,2,16
,2022-34837,-104.9612591,39.67840529,8/25/2022 4:23,4:23,5,0,1,E EVANS AVE & S UNIVERSITY BLVD,1,3,0,0,6,4,0,0,35,0,0,0,0,3,4,1,16
,2022-34838,-104.9628564,39.71111415,7/21/2022 12:01,12:01,12,0,0,E ALAMEDA AVE & S VINE ST,1,1,0,0,1,3,0,0,30,0,0,0,0,0,4,3,16
,2022-34841,-105.0484197,39.7033134,9/3/2022 0:19,0:19,6,0,0,700 BLOCK S WOLFF ST & W EXPOSITION AVE,1,4,0,0,1,4,0,0,25,0,0,0,0,0,4,2,16
,2022-34843,-104.9613517,39.74821,9/15/2022 2:11,2:11,6,0,0,2100 BLK E 21ST AVE & N GAYLORD ST,1,3,0,0,1,4,0,0,30,0,0,0,0,1,4,2,13
,2022-34845,-104.9035569,39.69851198,9/20/2022 6:06,6:06,12,0,0,S QUEBEC ST & LEETSDALE DR,1,3,0,1,1,1,0,0,30,0,0,0,0,0,2,2,16
,2022-34849,-105.0132198,39.72567281,9/2/2022 17:57,17:57,15,0,0,I-25 & W 6TH AVE,1,1,0,0,1,4,0,0,55,0,0,0,0,0,1,2,16
,2022-34850,-105.0441574,39.68223753,9/20/2022 15:49,15:49,12,0,0,4300 BLK W JEWELL AVE & S TENNYSON ST,1,1,0,0,1,4,0,0,30,0,0,0,0,0,4,2,3
,2022-34854,-104.865797,39.77292316,9/20/2022 8:35,8:35,10,0,0,E 40TH AVE & N HAVANA ST,1,1,0,0,1,1,0,0,40,0,0,0,0,0,4,2,8
,2022-34855,-105.0033455,39.74846118,9/2/2022 13:00,13:00,3,0,0,N SPEER BLVD & AURARIA PKWY,1,1,0,0,1,1,0,0,30,0,0,0,0,0,4,2,7
,2022-34858,-104.9949384,39.76798043,9/20/2022 15:43,15:43,12,0,0,I-25 & PARK AVE W ,1,1,0,0,1,4,0,0,55,0,0,0,0,0,1,2,16
,2022-34866,-104.9733351,39.74752906,8/11/2022 16:40,16:40,12,0,0,E 20TH AVE & N DOWNING ST,1,1,0,0,1,4,0,0,25,0,0,0,0,0,4,2,16
,2022-34867,-104.9406638,39.78003647,8/16/2022 10:10,10:10,12,0,0,I-70 & N COLORADO BLVD,11,1,0,0,1,4,0,1,55,0,0,0,0,0,1,2,13
,2022-34868,-104.8070098,39.78381087,8/6/2022 17:44,17:44,12,0,0,15500 BLOCK E GVR BLVD & N CHAMBERS RD,1,1,0,0,1,2,0,0,,0,0,0,0,0,4,2,16
,2022-34870,-105.0325078,39.72902763,9/15/2022 5:44,5:44,11,0,1,N KNOX CT & W 8TH AVE,1,3,0,0,1,4,0,0,35,0,1,0,0,2,4,1,8
,2022-34971,-104.9789363,39.77629937,9/21/2022 16:59,16:59,1,0,0,N WASHINGTON ST & RINGSBY CT,11,2,1,1,1,1,0,0,25,0,0,0,0,0,4,2,11
,2022-34973,-104.959261,39.71111793,9/20/2022 12:45,12:45,12,0,0,E ALAMEDA AVE & S UNIVERSITY BLVD,1,1,0,0,1,1,0,0,25,0,0,0,0,0,4,2,3
,2022-34975,-104.9612497,39.67840518,9/20/2022 13:45,13:45,15,0,0,2300 BLOCK E EVANS AVE & S UNIVERSITY BLVD,1,1,0,0,1,4,0,0,30,0,0,0,0,0,4,2,13
,2022-34978,-104.9394187,39.75829633,9/21/2022 16:44,16:44,3,0,0,N ALBION ST & E 29TH AVE,11,1,0,1,1,1,0,0,25,0,0,0,0,0,4,2,13
,2022-34979,-105.0358124,39.74034019,9/20/2022 10:10,10:10,3,0,0,W COLFAX AVE & N MEADE ST,1,1,0,0,1,1,0,0,30,0,0,0,0,0,2,2,3
,2022-34980,-104.9827651,39.69787254,9/21/2022 11:09,11:09,3,0,0,E BUCHTEL BLVD & S LOGAN ST,1,1,0,0,1,1,0,0,30,0,0,0,0,0,4,2,13
,2022-34981,-104.9949384,39.76798043,9/20/2022 19:29,19:29,15,0,1,I-25 & PARK AVE W ,1,3,1,0,1,4,0,0,55,0,0,0,0,2,1,4,8
,2022-34983,-104.9835942,39.73383126,8/24/2022 5:40,5:40,2,0,1,E 11TH AVE & N GRANT ST,1,2,0,0,1,1,0,0,0,1,0,0,0,3,4,1,16
,2022-34986,-104.7782446,39.79838408,9/21/2022 7:00,7:00,15,0,1,E 56TH AVE & N TOWER RD,1,1,2,0,1,4,0,0,40,0,0,0,0,1,4,2,11
,2022-34987,-104.9406124,39.74000566,9/21/2022 20:37,20:37,11,0,1,N COLORADO BLVD & E COLFAX AVE,11,4,0,1,1,1,0,0,0,0,1,0,0,2,2,1,16
,2022-34989,-104.9185139,39.65305196,9/20/2022 16:03,16:03,12,0,0,I-25 & E HAMPDEN AVE,1,1,0,0,1,4,0,0,65,0,0,0,0,0,1,2,13
,2022-34990,-104.9255253,39.66749874,9/21/2022 6:26,6:26,12,0,1,I-25 & E YALE AVE,1,1,0,0,1,4,0,0,65,0,0,0,0,1,1,2,3
,2022-34995,-105.0440123,39.77112874,9/19/2022 15:00,15:00,16,0,0,3900 BLOCK N TENNYSON ST & W 39TH AVE / N TENNYSON ST,1,1,0,0,5,7,0,0,,0,0,0,0,0,3,2,16
,2022-34996,-105.019193,39.68257543,9/21/2022 0:56,0:56,6,0,1,1800 BLK S CANOSA CT & W JEWELL AVE,1,4,0,0,1,4,0,0,25,0,0,0,0,2,4,2,14
,2022-34997,-104.9812462,39.74754694,9/18/2022 16:48,16:48,2,0,1,20TH AVE 400 BLK E  & N PENNSYLVANIA,1,1,0,0,1,4,0,0,0,1,0,0,0,2,2,1,16
,2022-35000,-104.9764341,39.73196715,9/21/2022 2:08,2:08,6,0,0,900 BLK N EMERSON ST & E 10TH AVE,1,3,0,0,1,4,0,0,20,0,0,0,0,0,4,2,16
,2022-35005,-104.6726896,39.84927906,9/12/2022 3:40,3:40,9,0,2,8525 N NEWCASTLE ST & E 84TH AVE,1,3,0,0,1,4,0,0,30,0,0,0,0,2,4,1,14
,2022-35006,-104.9406411,39.76809598,9/20/2022 19:50,19:50,12,0,0,N COLORADO BLVD & E 37TH AVE,1,1,0,5,1,1,0,0,35,0,0,0,0,0,2,2,13
,2022-35011,-105.0204581,39.74056806,9/21/2022 13:14,13:14,12,0,1,W COLFAX AVE & N FEDERAL BLVD,1,1,0,0,1,4,0,0,35,0,0,0,0,1,2,5,2
,2022-35012,-105.0106001,39.72326158,9/21/2022 8:01,8:01,12,0,0,I-25 & W 6TH AVE NB EXIT GORE PT,1,1,1,0,1,8,0,0,55,0,0,0,0,0,1,2,16
,2022-35013,-104.9954558,39.74028347,9/20/2022 7:57,7:57,6,0,0,500 BLOCK 12TH ST & WELTON ST,1,1,0,0,1,4,0,0,25,0,0,0,0,0,4,2,3
,2022-35015,-105.0250486,39.67864394,9/19/2022 17:22,17:22,3,0,1,S FEDERAL BLVD & W EVANS AVE,1,1,0,0,1,2,0,0,30,0,0,0,0,2,2,3,16
,2022-35018,-104.9895693,39.77651353,9/21/2022 14:56,14:56,12,0,0,I-25 & PARK AVE W,1,1,0,0,1,4,0,0,55,0,0,0,0,0,1,2,16
,2022-35022,-105.0014302,39.67852223,9/20/2022 16:10,16:10,15,0,0,W EVANS AVE & S LIPAN ST,1,1,0,0,1,4,0,0,,0,0,0,0,0,4,2,16
,2022-35030,-104.9911572,39.72965421,9/21/2022 18:53,18:53,12,0,0,N SPEER BLVD & N BANNOCK ST,11,3,0,0,1,4,0,0,35,0,0,0,0,0,4,2,3
,2022-35033,-104.940629,39.67845463,9/20/2022 9:30,9:30,3,0,0,E EVANS AVE & S COLORADO BLVD,1,1,0,0,1,2,0,0,,0,0,0,0,0,2,2,16
,2022-35035,-105.0251004,39.7380099,9/18/2022 18:13,18:13,2,0,1,W HOWARD PL & N FEDERAL BLVD,1,1,0,0,1,1,0,0,0,1,0,0,0,3,2,1,16
,2022-35037,-105.0133487,39.72550245,9/21/2022 1:04,1:04,5,0,1,I-25 & W 6TH AVE,1,3,0,0,3,4,0,0,65,0,0,0,0,1,2,1,16
,2022-35039,-104.9994372,39.72570753,9/18/2022 21:00,21:00,12,0,0,W 6TH AVE & N KALAMATH ST,1,3,0,0,1,3,0,0,35,0,0,0,0,0,4,3,16
,2022-35042,-104.8470104,39.78238809,9/21/2022 6:24,6:24,1,0,0,E ALBROOK DR & N PEORIA ST,1,2,0,0,1,1,0,0,25,0,0,0,0,0,4,2,16
,2022-35044,-105.0532807,39.71839029,7/23/2022 22:57,22:57,11,1,0,N SHERIDAN BLVD & W 1ST AVE,1,3,0,0,1,4,0,0,0,0,1,0,0,4,2,4,16
,2022-35047,-104.9986754,39.73547473,9/16/2022 15:15,15:15,6,0,0,SANTA FE DR 1200 BLK N  & W 12TH AVE,1,1,0,0,1,4,0,0,30,0,0,0,0,0,4,2,16
,2022-35055,-104.8016306,39.77337248,9/21/2022 15:13,15:13,15,0,0,4000 BLK N KITTREDGE ST & E 40TH AVE,11,1,0,1,1,4,0,0,30,0,0,0,0,0,4,2,11
,2022-35057,-105.0248796,39.72588922,9/11/2022 22:59,22:59,3,0,1,N FEDERAL BLVD & W 6TH AVE WB RAMPS,1,3,0,0,1,1,0,0,35,0,0,0,0,2,2,2,16
,2022-35059,-104.9939446,39.74653329,9/21/2022 14:50,14:50,6,0,0,800 BLK 16TH ST & STOUT ST,1,1,0,0,1,4,0,0,35,0,0,0,0,0,4,2,11
,2022-35060,-104.9182339,39.65307809,9/21/2022 8:45,8:45,12,0,0,I-25 & E HAMPDEN AVE,1,1,0,0,1,4,0,0,65,0,0,0,0,0,1,2,2
,2022-35062,-104.9696813,39.74164899,9/21/2022 10:30,10:30,3,0,0,E 16TH AVE & N HUMBOLDT ST,1,1,0,0,1,3,0,0,25,0,0,0,0,0,4,2,14
,2022-35064,-104.7554154,39.78289944,9/20/2022 15:20,15:20,12,0,0,E GVR BLVD & N HIMALAYA RD,1,1,0,0,1,4,0,0,40,0,0,0,0,0,4,2,10
,2022-35065,-104.9404961,39.76565186,9/20/2022 18:45,18:45,12,0,0,N COLORADO BLVD & E 35TH AVE,1,1,0,0,1,1,0,0,35,0,0,0,0,0,2,2,3
,2022-35066,-105.0252054,39.78561197,9/20/2022 19:50,19:50,3,0,0,N FEDERAL BLVD & W 49TH AVE,1,3,0,0,1,1,0,0,25,0,0,0,0,0,2,3,11
,2022-35068,-104.9683904,39.74000834,9/21/2022 14:10,14:10,12,0,0,E COLFAX AVE & N FRANKLIN ST,1,1,0,0,1,1,0,0,30,0,0,0,0,0,2,2,13
,2022-35073,-104.9128742,39.6676319,9/20/2022 10:30,10:30,10,0,0,E YALE AVE & S MONACO ST,1,1,0,0,1,1,0,0,30,0,0,0,0,0,4,2,3
,2022-35074,-104.7413643,39.79844244,9/21/2022 7:54,7:54,3,0,0,E 56TH AVE & N NEPAL ST,1,1,0,0,1,1,0,0,45,0,0,0,0,0,4,2,16
,2022-35075,-104.9659533,39.76575644,9/21/2022 15:27,15:27,3,0,1,E 35TH AVE & N WILLIAMS ST,11,1,3,1,1,1,0,0,,0,0,0,0,2,4,2,16
,2022-35080,-104.9571859,39.72412779,9/16/2022 13:54,13:54,8,0,1,2500 BLK E 5TH AVE & N COLUMBINE ST,1,1,0,0,1,4,0,0,25,0,0,0,0,2,4,2,16
,2022-35083,-104.9869267,39.75327869,9/7/2022 13:30,13:30,11,0,0,CURTIS ST & 2200 BLK ,14,5,3,7,1,1,0,0,,0,1,0,0,0,4,1,16
,2022-35085,-104.9215929,39.70721048,9/21/2022 8:23,8:23,15,0,0,LEETSDALE DR & S HOLLY ST,1,1,0,0,1,4,0,0,35,0,0,0,0,0,2,2,16
,2022-35086,-104.9874154,39.73385657,9/16/2022 13:30,13:30,11,0,1,N BROADWAY ST & E 11TH AVE,1,1,0,0,1,1,0,0,,0,1,0,0,2,4,1,16
,2022-35089,-104.9666597,39.71817428,9/21/2022 19:47,19:47,15,0,0,E 1ST AVE & N GILPIN ST,11,3,0,0,1,4,0,0,30,0,0,0,0,0,4,2,13
,2022-35090,-105.0133487,39.72550245,7/25/2022 15:15,15:15,12,0,0,W 6TH AVE & I-25 SB ENT GORE PT,1,1,1,0,1,8,0,0,,0,0,0,0,0,1,2,16
,2022-35101,-104.9558484,39.71920952,8/11/2022 16:15,16:15,6,0,0,N CLAYTON LN & E 2ND AVE,1,1,0,0,1,4,0,0,25,0,0,0,0,0,4,2,1
,2022-35164,-104.8924131,39.63117733,8/17/2022 8:07,8:07,1,0,1,S DTC BLVD & E UNION AVE,1,1,0,0,1,1,0,0,35,0,0,0,0,3,4,2,7
,2022-35166,-104.9791463,39.7797555,9/22/2022 18:01,18:01,12,0,0,I-70 & N WASHINGTON ST,1,1,0,0,1,4,0,0,55,0,0,0,0,0,1,2,13
,2022-35167,-105.0252189,39.76202227,9/22/2022 18:17,18:17,12,0,1,N FEDERAL BLVD & W 32ND AVE,11,2,0,1,1,1,0,0,35,0,0,0,0,1,2,2,8
,2022-35171,-104.9827928,39.70186499,9/22/2022 8:04,8:04,6,0,0,S LOGAN ST & E OHIO AVE,1,1,0,0,1,4,0,0,35,0,0,0,0,0,4,2,2
,2022-35172,-105.0341807,39.76213645,9/21/2022 10:43,10:43,6,0,0,3400 BLK W 32ND AVE & N LOWELL BLVD,1,1,1,0,1,4,0,0,30,0,0,0,0,0,4,2,13
,2022-35173,-104.9666597,39.71817428,9/22/2022 17:58,17:58,12,0,0,E 1ST AVE & N GILPIN ST,11,3,0,0,1,3,0,0,30,0,0,0,0,1,4,3,3
,2022-35174,-104.9405446,39.68749089,9/21/2022 10:01,10:01,3,0,2,S COLORADO BLVD & E IOWA AVE,1,1,0,0,1,1,0,0,40,0,0,0,0,1,2,2,16
,2022-35175,-104.8486532,39.77414573,9/21/2022 18:49,18:49,12,0,0,I-70 & N PEORIA ST,1,1,1,0,1,4,0,0,55,0,0,0,0,0,1,3,3
,2022-35177,-104.9465114,39.68569241,9/21/2022 18:00,18:00,15,0,0,E MEXICO AVE & S MADISON ST,11,1,0,1,1,1,0,0,25,0,0,0,0,0,4,2,3
,2022-35180,-105.0001583,39.733689,9/21/2022 13:30,13:30,11,0,1,W 11TH AVE & N KALAMATH ST,1,1,0,0,1,1,0,0,,0,1,0,0,2,4,1,16
,2022-35181,-105.0252018,39.7866281,9/21/2022 11:05,11:05,12,0,0,N FEDERAL BLVD & W 49TH AVE,1,1,0,0,1,4,0,0,35,0,0,0,0,0,2,2,16