id,drcog_id,longitude,latitude,crashtime,time,crashtype,numbkilled,numbinjurd,drcoglocat,rdconditin,lightngcon,roadcntgrd,weatherco,location,roaddescrp,schoolzone,constrzone,splimit,bikeinv,pedinv,sctrinv,motoinv,svrty,rdsystem,ttlvehcls,hcf
,2022-35182,-104.9895612,39.78010359,9/21/2022 10:55,10:55,15,0,0,I-25 & I-70,1,1,0,0,1,4,0,0,45,0,0,0,0,0,1,2,13
,2022-35183,-105.0086536,39.7111935,9/22/2022 9:04,9:04,15,0,0,W ALAMEDA AVE & S RARITAN ST,1,1,0,0,1,1,0,0,30,0,0,0,0,0,4,2,3
,2022-35185,-104.9126248,39.74360945,9/22/2022 14:27,14:27,3,0,0,SB N MONACO PRKWY & E 17TH AVE,1,1,0,0,1,1,0,0,30,0,0,0,0,0,4,2,8
,2022-35186,-104.9902871,39.72861762,9/21/2022 16:48,16:48,12,0,0,700 BLK N SPEER BLVD & N BANNOCK ST,11,1,1,0,1,4,0,0,35,0,0,0,0,0,4,2,10
,2022-35187,-104.9741319,39.73828537,9/22/2022 0:13,0:13,6,0,0,N CORONA ST & E 14TH AVE,11,4,0,1,1,4,0,0,20,0,0,0,0,0,4,3,7
,2022-35189,-104.9838059,39.76109779,9/22/2022 16:00,16:00,3,0,0,WALNUT ST & 28TH ST,1,1,0,0,1,1,0,0,25,0,0,0,0,1,4,2,11
,2022-35192,-105.0003266,39.7135918,9/22/2022 8:03,8:03,12,0,0,I-25 & W ALAMEDA AVE,11,1,0,0,1,4,0,0,55,0,0,0,0,0,1,2,16
,2022-35193,-105.0205212,39.78561818,9/22/2022 8:15,8:15,12,0,1,W 49TH AVE & CLAY ST,1,1,3,0,1,4,0,0,30,0,0,0,0,1,4,2,13
,2022-35194,-104.7690557,39.80552402,9/22/2022 8:50,8:50,12,0,0,E 60TH AVE & N ARGONNE ST,1,1,0,0,1,1,0,0,,0,0,0,0,0,4,2,16
,2022-35195,-105.0520806,39.76933443,9/22/2022 2:17,2:17,12,0,0,W 38TH AVE & N SHERIDAN BLVD,11,3,0,1,1,1,0,0,35,0,0,0,0,0,2,2,11
,2022-35197,-105.0532583,39.78564619,9/21/2022 15:28,15:28,1,0,0,N SHERIDAN BLVD & W 49TH AVE,1,1,0,0,1,1,0,0,35,0,0,0,0,0,2,2,11
,2022-35199,-104.9878185,39.76338853,9/22/2022 12:32,12:32,2,0,0,28TH ST & BRIGHTON BLVD,1,1,3,0,1,1,0,0,30,1,0,0,0,0,2,1,16
,2022-35201,-104.9034947,39.71128237,9/22/2022 17:54,17:54,1,0,0,E ALAMEDA AVE & S QUEBEC ST,1,1,0,0,1,1,0,0,35,0,0,0,0,0,4,2,13
,2022-35202,-104.977588,39.73367538,9/22/2022 10:10,10:10,3,0,0,E 11TH AVE & N CLARKSON ST,1,1,0,0,1,1,0,0,30,0,0,0,0,0,4,2,13
,2022-35213,-104.9897843,39.74706645,9/7/2022 20:55,20:55,3,0,0, CALIFORNIA ST & 18TH ST,1,3,3,0,1,1,0,0,30,0,0,0,0,0,4,2,16
,2022-35214,-104.869955,39.65518887,9/23/2022 8:02,8:02,15,0,0,10000 BLK E GIRARD AVE & S GALENA ST,1,1,0,0,1,4,0,0,25,0,0,0,0,0,4,2,3
,2022-35218,-105.0252172,39.78801388,9/23/2022 12:55,12:55,6,0,0,N FEDERAL BLVD & E 50TH AVE,1,1,0,0,1,4,0,0,35,0,0,0,0,0,2,2,13
,2022-35222,-104.9733403,39.76204759,9/22/2022 19:44,19:44,3,0,0,E MLK BLVD & N DOWNING ST,1,3,0,0,1,9,0,0,25,0,0,0,0,0,4,2,11
,2022-35224,-105.0006063,39.74405842,9/22/2022 17:39,17:39,12,0,0,N SPEER BLVD & ARAPAHOE ST,11,1,3,0,1,1,0,0,35,0,0,0,0,0,4,2,16
,2022-35226,-104.9597673,39.74820045,9/21/2022 9:30,9:30,12,0,0,E 21ST AVE & N YORK ST,1,1,0,0,1,1,0,0,30,0,0,0,0,0,4,2,3
,2022-35227,-104.9593934,39.67842579,9/22/2022 12:40,12:40,15,0,0,S UNIVERSITY BLVD & E EVANS AVE,1,1,0,0,1,1,0,0,30,0,0,0,0,0,4,2,13
,2022-35231,-104.8924131,39.63117733,9/21/2022 8:09,8:09,1,0,1,S DTC BLVD & E UNION AVE,1,1,0,0,1,1,0,0,35,0,0,0,0,1,4,2,16
,2022-35232,-104.8941853,39.71304197,9/21/2022 11:00,11:00,6,0,0,E CEDAR ST & S ULSTER ST,1,1,0,0,1,1,0,0,25,0,0,0,0,0,4,2,2
,2022-35233,-104.9081647,39.75101283,9/22/2022 16:40,16:40,12,0,0,N ONEIDA ST & E 23RD AVE,1,2,0,0,1,1,0,0,25,0,0,0,0,0,4,2,13
,2022-35235,-105.0252192,39.76204423,9/22/2022 12:21,12:21,14,0,0,N FEDERAL BLVD & W 32ND AVE,1,1,0,0,1,1,0,0,25,0,0,0,0,0,2,2,13
,2022-35236,-104.9671664,39.77987417,8/16/2022 2:10,2:10,5,0,1,I-70 & N BRIGHTON BLVD,11,3,0,1,3,14,0,0,55,0,0,0,0,1,1,1,16
,2022-35240,-104.9874699,39.75272371,9/23/2022 6:18,6:18,10,0,0,22ND ST & N BROADWAY ST,1,1,0,0,1,1,0,0,35,0,0,0,0,0,4,2,13
,2022-35245,-104.9948234,39.76713995,9/22/2022 21:10,21:10,1,0,1,PARK AVE W & I-25 NB ON RAMP,1,3,0,0,1,1,0,0,35,0,0,0,0,1,1,2,16
,2022-35249,-105.0150499,39.72932217,9/22/2022 14:47,14:47,12,0,0,I-25 & W 8TH AVE,1,1,0,0,1,4,0,0,55,0,0,0,0,0,1,2,13
,2022-35250,-105.0134741,39.72489173,9/23/2022 6:57,6:57,9,0,1,W 6TH AVE & I-25,1,2,1,0,1,8,0,0,55,0,0,0,1,3,1,1,11
,2022-35251,-104.9734249,39.68370634,9/23/2022 18:09,18:09,6,0,0,S DOWNING ST & E COLORADO AVE,1,2,0,0,1,4,0,0,30,0,0,0,0,0,4,2,12
,2022-35252,-105.0328038,39.72612162,9/23/2022 8:02,8:02,12,0,0,W 6TH AVE & N FEDERAL BLVD,1,1,0,0,1,4,0,0,55,0,0,0,0,0,2,3,7
,2022-35253,-104.7765383,39.78179117,9/23/2022 8:00,8:00,15,0,0,N WALDEN CT & E 47TH AVE,1,1,0,0,1,3,0,0,25,0,0,0,0,0,4,2,11
,2022-35255,-104.8742488,39.75995147,9/21/2022 19:03,19:03,3,0,1,E MLK BLVD & N EMPORIA ST,11,4,0,1,1,1,0,0,35,0,0,0,0,2,4,2,13
,2022-35256,-104.9920576,39.68939091,9/21/2022 15:15,15:15,15,0,0,S SANTA FE DR & W FLORIDA AVE,1,1,0,0,1,1,0,0,40,0,0,0,0,0,2,2,3
,2022-35257,-104.9862383,39.71835466,9/22/2022 12:55,12:55,10,0,0,N LINCOLN ST & E 1ST AVE,1,1,0,0,1,1,0,0,30,0,0,0,0,0,4,2,13
,2022-35258,-104.7343933,39.79842386,9/22/2022 13:08,13:08,3,0,0,E 56TH AVE & N PICADILLY RD,1,1,0,0,1,1,0,0,30,0,0,0,0,0,4,2,8
,2022-35262,-104.8471657,39.79634915,9/23/2022 16:41,16:41,12,0,0,N PEORIA ST & E 55TH AVE,1,1,0,0,1,3,0,0,40,0,0,0,0,0,4,2,3
,2022-35264,-105.0034204,39.76165908,9/23/2022 10:32,10:32,12,0,0,I-25 & W 20TH AVE,1,1,0,0,1,4,0,0,55,0,0,0,0,0,1,2,13
,2022-35266,-104.7871534,39.79839166,9/23/2022 14:25,14:25,12,0,0,PENA BLVD & 5900 BLK ,1,1,0,0,1,4,0,0,65,0,0,0,0,0,2,2,11
,2022-35269,-104.8975568,39.73943192,9/23/2022 21:05,21:05,6,0,0,N SPRUCE ST & E 14TH AVE,1,3,0,0,1,4,0,0,25,0,0,0,0,0,4,2,13
,2022-35270,-104.8659308,39.69655927,9/22/2022 22:35,22:35,3,0,1,E MISSISSIPPI AVE & S HAVANA ST,1,3,0,0,1,1,0,0,,0,0,0,0,2,2,3,16
,2022-35272,-104.8945215,39.6377618,9/22/2022 18:06,18:06,16,0,0,4351 S TAMARAC DR & nan,1,1,0,0,5,7,0,0,,0,0,0,0,0,3,2,16
,2022-35275,-105.0253513,39.70040316,9/22/2022 19:48,19:48,11,0,1,W KENTUCKY AVE & S FEDERAL BLVD,1,4,0,0,1,4,0,0,0,0,1,0,0,1,4,1,16
,2022-35276,-104.9329903,39.76184775,9/2/2022 15:29,15:29,12,0,0,4600 BLK E MLK BLVD & DEXTER,1,1,0,0,1,4,0,1,25,0,0,0,0,0,4,2,13
,2022-35277,-104.8827228,39.79227178,9/23/2022 17:21,17:21,6,0,0,N CENTRAL PARK BLVD & E PRAIRIE MEADOW DR,1,1,0,0,1,4,0,0,35,0,0,0,0,1,4,3,3
,2022-35280,-104.8742993,39.77341833,9/23/2022 7:45,7:45,15,0,0,E 40TH AVE & N HAVANA ST,1,1,0,0,1,4,0,0,35,0,0,0,0,0,4,2,1
,2022-35281,-105.0440128,39.77128526,8/15/2022 13:00,13:00,12,0,0,3900 BLK N TENNYSON ST & W 39TH AVE,1,1,0,7,1,4,0,0,25,0,0,0,0,0,4,2,13
,2022-35282,-104.9497916,39.77765915,8/30/2022 14:50,14:50,3,0,0,E 44TH AVE & N STEELE ST,1,1,0,0,1,1,0,0,20,0,0,0,0,0,4,2,13
,2022-35283,-104.7721476,39.7925391,9/23/2022 19:59,19:59,3,0,1,N TOWER RD & E ELMENDORF DR,1,3,0,0,1,1,0,0,45,0,0,0,0,2,4,2,13
,2022-35284,-105.0263367,39.71815989,9/23/2022 15:05,15:05,1,0,0,W 1ST AVE & N GROVE ST,1,1,0,0,1,1,0,0,25,0,0,0,0,0,4,2,8
,2022-35287,-104.9689337,39.73046893,8/22/2022 11:15,11:15,6,0,0,1500 BLK E 9TH AVE & N HUMBOLDT ST,1,1,3,0,1,4,0,0,25,0,0,0,0,0,4,2,16
,2022-35288,-104.7904699,39.78363776,9/22/2022 20:20,20:20,12,0,0,PENA BLVD INBOUND & E GVR BLVD,1,3,1,0,1,3,0,0,30,0,0,0,0,0,4,2,13
,2022-35289,-104.9734181,39.68999371,9/23/2022 11:37,11:37,5,0,0,I-25 & S DOWNING ST,1,1,0,0,1,4,0,0,65,0,0,0,0,0,1,1,13
,2022-35290,-104.9084137,39.75101224,9/23/2022 7:20,7:20,12,0,0,6800 BLK E 23RD AVE & N ONEIDA ST,1,1,0,0,1,3,0,0,30,0,0,0,0,0,4,2,11
,2022-35291,-104.8830668,39.78572865,9/23/2022 4:10,4:10,3,0,0,N CENTRAL PARK BLVD & E NORTHFIELD BLVD,1,3,0,0,1,1,0,0,35,0,0,0,0,0,4,2,16
,2022-35296,-105.0250228,39.72349116,9/21/2022 23:44,23:44,1,0,0,N FEDERAL BLVD & W 5TH AVE,11,3,0,1,1,1,0,0,35,0,0,0,0,0,2,2,16
,2022-35297,-105.0252866,39.75841938,9/22/2022 10:15,10:15,12,0,0,N FEDERAL BLVD & W 29TH AVE,11,1,0,0,1,1,0,0,,0,0,0,0,0,2,4,16
,2022-35298,-104.9821989,39.73370662,9/22/2022 4:50,4:50,12,0,0,300 BLK E 11TH AVE & N GRANT ST,11,3,0,0,1,4,0,0,30,0,0,0,0,1,4,2,13
,2022-35299,-104.9810889,39.74167619,9/23/2022 1:50,1:50,3,0,3,E 16TH AVE & N PENNSYLVANIA ST,1,3,0,0,1,1,0,0,25,0,0,0,0,2,4,2,13
,2022-35301,-104.9696788,39.74001338,9/23/2022 16:27,16:27,3,0,0,N HUMBOLDT ST & E COLFAX AVE,1,1,0,0,1,1,0,0,30,0,0,0,0,0,2,2,11
,2022-35302,-104.9428862,39.73832592,9/23/2022 9:10,9:10,10,0,1,E 14TH AVE & N JACKSON ST,1,1,0,0,1,3,0,0,30,0,0,0,0,3,4,2,11
,2022-35303,-104.9670454,39.77989217,9/23/2022 14:40,14:40,12,0,0,I-70 & N BRIGHTON BLVD,1,1,0,0,1,4,0,0,55,0,0,0,0,0,1,8,13
,2022-35304,-104.9772581,39.74749065,9/16/2022 23:39,23:39,6,0,0,800 BLOCK E 20TH AVE & N CLARKSON ST,1,4,0,0,1,4,0,0,25,0,0,0,0,0,4,2,11
,2022-35305,-104.9494931,39.74013661,9/23/2022 16:39,16:39,6,0,0,N STEELE ST & E COLFAX AVE,1,1,0,0,1,4,0,0,,0,0,0,0,0,2,3,13
,2022-35307,-104.9244076,39.68935838,9/23/2022 15:04,15:04,3,0,0,S HUDSON ST & E FLORIDA AVE,1,1,0,0,1,3,0,0,,0,0,0,0,0,4,2,16
,2022-35319,-104.9222821,39.70734591,9/23/2022 10:40,10:40,3,0,0,S HOLLY ST & LEETSDALE DR,1,1,0,0,1,1,0,0,35,0,0,0,0,0,2,2,1
,2022-35323,-104.8470302,39.77419185,9/23/2022 7:35,7:35,12,0,1,I-70 & MM 281,1,1,0,0,1,4,0,0,55,0,0,0,0,1,1,2,3
,2022-35335,-105.0249806,39.72579366,9/24/2022 11:40,11:40,10,0,0,N FEDERAL BLVD & W 6TH AVE WB OFF RAMP,1,1,0,0,1,1,0,0,25,0,0,0,0,0,2,2,8
,2022-35336,-104.9918825,39.69666007,9/24/2022 0:06,0:06,3,0,1,S SANTA FE DR & W MISSISSIPI AVE,1,3,0,0,1,1,0,0,35,0,0,0,0,2,2,2,13
,2022-35339,-104.9901734,39.7548101,9/24/2022 3:01,3:01,6,0,0,22ND ST & LARIMER ST,1,3,0,7,2,1,0,0,,0,0,0,0,0,4,2,16
,2022-35342,-105.0067845,39.78313605,9/23/2022 16:02,16:02,12,0,0,I-70 & N PECOS ST,1,1,0,0,1,4,0,0,55,0,0,0,0,0,1,4,13
,2022-35343,-104.9406001,39.75061675,9/23/2022 18:38,18:38,12,0,0,COLORADO BLVD & E 22ND AVE,1,1,0,0,1,4,0,0,45,0,0,0,0,0,2,2,14
,2022-35350,-104.874329,39.77342057,9/24/2022 15:00,15:00,15,0,0,PENA BLVD & EAST 40TH AVE,1,1,0,0,1,4,0,0,65,0,0,0,0,0,4,2,11
,2022-35359,-105.0080528,39.75313327,9/23/2022 18:04,18:04,1,0,0,N SPEER BLVD & ELITCH CIR,1,1,0,0,1,3,0,0,35,0,0,0,0,0,4,2,11
,2022-35360,-104.8659803,39.70742846,9/24/2022 15:08,15:08,1,0,2,S HAVANA ST & E VIRGINIA AVE,1,1,0,0,1,3,0,0,45,0,0,0,0,2,2,2,11
,2022-35365,-104.8904569,39.76731943,9/24/2022 19:09,19:09,1,0,1,E 36TH AVE & N CENTRAL PARK BLVD,1,3,0,0,1,1,0,0,35,0,0,0,0,3,4,2,3
,2022-35367,-105.0369818,39.73847298,9/19/2022 22:38,22:38,2,0,1,W 14TH AVE & N NEWTON ST,1,4,0,0,1,1,0,0,35,1,0,0,0,2,4,1,16
,2022-35368,-104.9934184,39.75365463,8/28/2022 2:15,2:15,5,0,0,20TH ST & MARKET ST ,1,3,0,6,3,1,0,0,35,0,0,0,0,0,4,1,13
,2022-35375,-104.9128955,39.70245314,9/19/2022 15:00,15:00,3,0,0,MONACO ST  & 800 BLK S ,1,1,0,0,1,2,0,0,30,0,0,0,0,0,4,2,3
,2022-35377,-104.9949588,39.76832199,9/20/2022 8:42,8:42,15,0,0,I-25 & I-70,1,1,1,0,1,4,0,0,55,0,0,0,0,0,1,5,16
,2022-35405,-105.0043198,39.76094363,9/1/2022 23:20,23:20,12,0,0,I-25  & 20TH ST,1,3,0,0,1,4,0,0,55,0,0,0,0,0,1,2,10
,2022-35453,-104.9734339,39.67828589,9/10/2022 15:02,15:02,12,0,0,1200 BLOCK E EVANS AVE & S MARION ST,1,1,0,0,1,4,0,0,30,0,0,0,0,0,4,2,16
,2022-35455,-105.0192341,39.70955042,9/23/2022 18:35,18:35,6,0,0,300 BLK S CANOSA CT & W DAKOTA AVE,1,2,3,0,1,2,0,0,25,0,0,0,0,0,4,2,3
,2022-35456,-105.0322589,39.73792501,9/24/2022 21:50,21:50,6,0,0,1300 BLK N KNOX CT & W 14TH AVE,1,3,1,0,1,4,0,0,,0,0,0,0,0,4,2,16
,2022-35457,-104.9185697,39.70386668,9/25/2022 15:28,15:28,3,0,0,E EXPOSITION AVE & S JASMINE ST,1,1,0,0,1,1,0,0,25,0,0,0,0,0,4,2,11
,2022-35459,-105.0205381,39.7580395,9/25/2022 15:06,15:06,3,0,1,N SPEER BLVD & N CLAY AVE,1,1,1,0,1,1,0,0,20,0,0,0,0,2,4,2,11
,2022-35462,-104.9125122,39.74007928,9/24/2022 5:45,5:45,12,0,0,E COLFAX AVE & MONACO PKWY SB ,1,1,0,0,1,3,0,0,35,0,0,0,0,0,2,2,3
,2022-35463,-105.0079269,39.75303623,9/25/2022 1:15,1:15,12,0,0,N SPEER BLVD & ELITCH CIR,1,3,0,0,1,3,0,0,35,0,0,0,0,0,4,3,13
,2022-35464,-104.9280702,39.7382897,9/25/2022 18:10,18:10,6,0,0,N FAIRFAX ST & E 14TH AVE,1,2,0,0,1,4,0,0,30,0,0,0,0,0,4,2,16
,2022-35466,-104.9987983,39.74003356,9/25/2022 6:14,6:14,3,0,0,W COLFAX AVE & N SPEER BLVD,1,2,0,0,1,1,0,0,25,0,0,0,0,0,2,2,16
,2022-35467,-104.8928951,39.71131933,9/25/2022 2:15,2:15,5,0,1,ALAMEDA AVE & 8500 BLK E ,1,3,0,0,6,4,0,0,40,0,0,0,0,2,4,1,14
,2022-35469,-104.833819,39.77286982,9/25/2022 9:31,9:31,9,0,0,I-225 SB ON RAMP & I-70,1,1,0,0,3,8,0,0,55,0,0,0,0,0,1,1,7
,2022-35473,-105.0159568,39.73691417,9/24/2022 21:11,21:11,1,0,0,N ZUNI ST & W 13TH AVE,1,3,0,0,1,1,0,0,30,0,0,0,0,0,4,2,16
,2022-35474,-104.9040084,39.63866273,9/25/2022 18:15,18:15,3,0,1,E QUINCY AVE & E EASTMOOR DR,1,1,0,0,1,1,0,0,35,0,0,0,0,2,4,2,1
,2022-35475,-104.8418336,39.7976572,9/24/2022 12:00,12:00,6,0,0,RANDOLPH PL & 12551 BLK E ,1,1,0,0,1,4,0,0,,0,0,0,0,0,4,2,16
,2022-35478,-104.9923649,39.75447674,9/24/2022 23:09,23:09,6,0,0,2000 BLK MARKET ST & 21ST ST,1,3,0,0,1,2,0,0,30,0,0,0,0,0,4,2,11
,2022-35479,-104.9895499,39.78406139,9/24/2022 10:50,10:50,15,0,0,I-25 & W 48TH AVE,1,1,3,7,1,4,0,0,55,0,0,0,0,0,1,2,16
,2022-35490,-105.0250847,39.7004053,9/25/2022 14:32,14:32,12,0,0,S FEDERAL BLVD & W KENTUCKY AVE,1,1,0,0,1,4,0,0,35,0,0,0,0,0,2,2,16
,2022-35492,-104.9883629,39.74410535,9/25/2022 2:14,2:14,3,0,2,17TH ST & TREMONT PL,1,3,0,0,1,1,0,0,25,0,0,0,0,2,4,2,1
,2022-35493,-105.0131182,39.72551753,9/25/2022 12:15,12:15,12,0,0,I-25 & W 6TH AVE,1,1,0,0,1,4,0,0,60,0,0,0,0,0,1,2,13
,2022-35494,-104.8643751,39.77550497,9/25/2022 5:48,5:48,12,0,0,I-70 & N HAVANA ST,1,2,0,0,1,4,0,0,55,0,0,0,0,0,1,2,16
,2022-35495,-104.9406162,39.7366912,9/24/2022 14:55,14:55,3,0,1,E 13TH AVE & N COLORADO BLVD,1,1,0,0,1,1,0,0,35,0,0,0,0,2,2,2,14
,2022-35498,-104.9488358,39.74378786,9/24/2022 22:40,22:40,3,0,0,N ADAMS ST & E 17TH AVE,1,3,0,0,1,1,0,0,35,0,0,0,0,0,4,2,11
,2022-35501,-104.9873898,39.75037339,9/3/2022 23:59,23:59,15,0,0,N BROADWAY ST & STOUT ST,1,3,0,0,1,4,0,0,30,0,0,0,0,0,4,2,16
,2022-35502,-104.9935151,39.73386651,8/13/2022 7:22,7:22,3,1,0,W 11TH AVE & N SPEER BLVD,1,1,0,0,1,1,0,0,25,0,0,0,0,4,4,2,11
,2022-35510,-104.9857193,39.7569042,8/18/2022 23:22,23:22,11,0,0,25TH ST & LAWRENCE ST,1,3,0,7,1,1,0,0,0,0,0,1,0,0,4,2,16
,2022-35512,-104.902498,39.63593718,8/27/2022 22:42,22:42,5,0,1,S QUEBEC ST & E QUINCY AVE,1,3,1,0,3,4,0,0,35,0,0,0,0,2,4,1,16
,2022-35514,-104.9541651,39.74016166,8/27/2022 23:08,23:08,3,0,0,E COLFAX AVE & N DETROIT ST,1,3,0,0,1,1,0,0,30,0,0,0,0,0,2,2,16
,2022-35515,-104.9035389,39.78205355,9/7/2022 12:02,12:02,12,0,0,QUEBEC ST 4500 BLK N  & N SANDCREEK RD,1,1,1,0,1,4,0,0,,0,0,0,0,0,2,2,16
,2022-35517,-104.9759429,39.74750298,7/29/2022 0:32,0:32,6,0,0,2000 BLK N EMERSON ST & E 20TH AVE,1,3,0,0,1,4,0,0,30,0,0,0,0,0,4,2,16
,2022-35521,-104.9862206,39.72585744,9/24/2022 16:20,16:20,12,0,0,E SPEER BLVD & N LINCOLN ST,1,1,0,0,1,1,0,0,35,0,0,0,0,0,4,2,6
,2022-35526,-105.0345851,39.73848166,8/7/2022 12:00,12:00,6,0,0,W 14TH AVE & N LOWELL BLVD,1,1,0,0,1,4,0,0,,0,0,0,0,0,4,2,16
,2022-35530,-104.9833919,39.7533245,9/25/2022 0:14,0:14,3,0,2,24TH ST & STOUT ST,1,3,0,0,1,1,0,0,25,0,0,0,0,2,4,2,8
,2022-35544,-105.0250779,39.709412,9/24/2022 19:11,19:11,12,0,0,S FEDERAL BLVD & W DAKOTA AVE,1,1,0,0,1,4,0,0,45,0,0,0,0,0,2,4,7
,2022-35545,-105.0276297,39.65744563,8/14/2022 2:27,2:27,6,0,0,FLOYD AVE & 3100 BLOCK W ,1,4,0,0,1,4,0,0,25,0,0,0,0,0,4,3,16
,2022-35547,-104.7985772,39.79421715,9/25/2022 17:50,17:50,6,0,0,E 55TH AVE & N LEWISTON ST,1,1,0,0,1,4,0,0,20,0,0,0,1,0,4,2,11
,2022-35548,-105.0139596,39.74044224,9/25/2022 12:51,12:51,5,0,1,W COLFAX AVE & I-25 SB OFF RAMP,1,1,0,0,6,4,0,0,40,0,0,0,0,2,2,2,16
,2022-35549,-104.9222727,39.71472368,9/25/2022 13:58,13:58,3,0,0,S HOLLY ST & E BAYAUD AVE,1,1,0,0,1,1,0,0,30,0,0,0,0,0,4,2,11
,2022-35551,-104.882313,39.69657414,9/4/2022 8:05,8:05,3,0,2,E MISSISSIPPI AVE & S ALTON ST,1,1,0,0,1,1,0,0,35,0,0,0,0,2,4,2,9
,2022-35553,-105.0416142,39.77669393,9/1/2022 21:59,21:59,3,0,0,W 44TH AVE & N RALEIGH ST,1,3,0,0,1,1,0,0,25,0,0,0,0,0,4,2,16
,2022-35555,-104.987418,39.74893471,9/24/2022 22:30,22:30,15,0,0,20TH ST & N BROADWAY,1,3,3,0,1,3,0,0,35,0,0,0,0,0,4,2,8
,2022-35556,-104.9450926,39.72856913,9/25/2022 18:23,18:23,6,0,0,700 BLK N MONROE ST & E 8TH AVE,1,2,0,0,1,4,0,0,25,0,0,0,0,0,4,4,10
,2022-35557,-104.9407884,39.71520797,9/23/2022 16:46,16:46,15,0,0,S COLORADO BLVD & BAYAUD AVE,1,1,0,0,1,4,0,0,35,0,0,0,0,0,2,2,14
,2022-35564,-104.7155396,39.83201434,9/25/2022 3:36,3:36,10,0,0,E 75TH AVE & N  GUN CLUB RD,1,3,0,0,1,1,0,0,35,0,0,0,0,0,4,2,8
,2022-35622,-104.6711576,39.83799657,9/26/2022 15:03,15:03,16,0,0,7800 N SHADY GROVE ST & PRIVATE PROPERTY,1,1,0,7,5,7,0,0,15,0,0,0,0,0,3,2,13
,2022-35627,-104.7586751,39.78643597,9/26/2022 17:30,17:30,3,0,2,N HALIFAX WAY & E 49TH PL,1,1,0,0,1,1,0,0,25,0,0,0,0,2,4,2,11
,2022-35628,-105.0460891,39.71122828,9/26/2022 18:06,18:06,12,0,0,W ALAMEDA AVE & S UTICA ST,1,4,0,0,1,4,0,0,35,0,0,0,0,0,4,2,13
,2022-35635,-104.918477,39.65297655,9/26/2022 7:37,7:37,1,0,2,E HAMPDEN AVE & I-25,1,1,1,0,1,1,0,0,40,0,0,0,0,2,2,2,11
,2022-35638,-104.9687485,39.67848954,9/26/2022 8:25,8:25,3,0,0,S FRANKLIN ST & E EVANS AVE,1,1,0,0,1,1,0,0,35,0,0,0,0,0,4,2,16
,2022-35639,-104.9991495,39.6966933,9/26/2022 10:12,10:12,3,0,0,W MISSISSIPPI AVE & S JASON ST,1,1,0,0,1,1,0,0,30,0,0,0,0,0,4,2,1
,2022-35640,-104.9593069,39.71531291,9/26/2022 20:38,20:38,3,0,1,E CHERRY CREEK DR & S UNIVERSITY BLVD,1,3,0,0,1,1,0,0,35,0,0,0,0,2,4,2,11
,2022-35641,-104.6719172,39.83654192,9/26/2022 15:10,15:10,12,0,0,PENA BLVD & 7500 BLK,1,1,0,0,1,4,0,0,65,0,0,0,0,0,4,2,8
,2022-35643,-105.0435867,39.72552537,9/26/2022 13:25,13:25,12,0,0,W 6TH AVE & N PERRY ST,1,1,1,0,1,4,0,0,55,0,0,0,0,0,4,3,12
,2022-35644,-105.0126877,39.75536708,9/26/2022 10:03,10:03,12,0,1,I-25 & N SPEER BLVD,1,1,0,0,1,4,0,0,55,0,0,0,0,2,1,2,3
,2022-35646,-104.9412898,39.67843906,9/26/2022 14:15,14:15,3,0,0,E EVANS AVE & S COLORADO BLVD,1,1,0,0,1,2,0,0,30,0,0,0,0,0,4,2,13
,2022-35650,-105.0006161,39.67486042,9/26/2022 16:42,16:42,3,0,0,S KALAMATH ST & W ILIFF AVE,1,1,0,0,1,1,0,0,25,0,0,0,0,0,4,2,13
,2022-35654,-104.8329065,39.78485125,9/26/2022 1:08,1:08,5,0,0,E ANDREWS DR & N BILLINGS ST,1,3,0,0,2,4,0,0,25,0,0,0,0,0,4,1,16
,2022-35656,-104.9877444,39.7635101,9/23/2022 14:40,14:40,12,0,0,N BROADWAY ST & 28TH ST,1,1,0,0,1,4,0,0,30,0,0,0,0,0,4,2,13
,2022-35659,-104.9874982,39.71936938,9/24/2022 12:18,12:18,10,0,0,N BROADWAY ST & E 2ND AVE,1,1,0,0,1,1,0,0,30,0,0,0,0,0,4,2,3
,2022-35661,-105.0047562,39.76115807,9/25/2022 16:45,16:45,12,0,0,I-25 & 20TH ST,1,1,0,0,1,4,0,0,55,0,0,0,0,0,1,2,13
,2022-35662,-105.0131182,39.72551753,9/26/2022 12:57,12:57,12,0,0,I-25 & W 6TH AVE,1,1,0,0,1,4,0,0,55,0,0,0,0,0,1,2,10
,2022-35671,-104.808383,39.78382538,9/24/2022 12:37,12:37,3,0,0,GREEN VALLEY RANCH BLVD & N CHAMBERS RD,1,1,0,0,1,2,0,0,,0,0,0,0,0,4,2,11
,2022-35675,-104.9835949,39.73843647,9/24/2022 10:15,10:15,10,0,1,N GRANT ST & E 14TH AVE,1,1,0,0,1,1,0,0,30,0,0,0,0,1,4,2,13
,2022-35677,-104.9915199,39.74839479,9/23/2022 14:30,14:30,3,0,0,CHAMPA ST & 18TH ST,1,1,0,0,1,1,0,0,35,0,0,0,1,0,4,2,8
,2022-35678,-105.0127004,39.75514564,9/26/2022 9:01,9:01,12,0,0,I-25 & N SPEER BLVD,1,1,0,0,1,4,0,0,55,0,0,0,0,0,1,2,13
,2022-35679,-104.9374375,39.77979421,9/25/2022 19:39,19:39,12,0,0,I-70 EB ON RAMP FROM & N COLORADO BLVD,1,3,1,0,1,8,0,0,30,0,0,0,0,0,1,2,11