id,drcog_id,longitude,latitude,crashtime,time,crashtype,numbkilled,numbinjurd,drcoglocat,rdconditin,lightngcon,roadcntgrd,weatherco,location,roaddescrp,schoolzone,constrzone,splimit,bikeinv,pedinv,sctrinv,motoinv,svrty,rdsystem,ttlvehcls,hcf
,2022-35684,-104.9730191,39.73840124,9/26/2022 9:18,9:18,3,0,0,E 14TH AVE & N DOWNING ST,14,5,3,7,1,1,0,0,,0,0,0,0,0,4,2,16
,2022-35685,-104.959391,39.67933355,9/26/2022 8:19,8:19,1,0,0,UNIVERSITY BLVD & 2000 BLK S ,1,1,0,0,1,2,0,0,30,0,0,0,0,0,4,2,11
,2022-35687,-105.0283808,39.74273312,9/24/2022 13:10,13:10,3,0,0,W 16TH AVE & N HOOKER ST,1,1,0,0,1,1,0,0,25,0,0,0,0,0,4,2,11
,2022-35688,-104.9255047,39.66746911,9/26/2022 14:15,14:15,12,0,1,I-25 & E YALE AVE,1,1,1,0,1,4,0,0,55,0,0,0,0,1,1,2,3
,2022-35691,-104.9034457,39.74766159,9/23/2022 16:15,16:15,15,0,0,N QUEBEC ST & E MONTVIEW BLVD,1,1,0,0,1,4,0,0,30,0,0,0,0,0,4,2,13
,2022-35695,-104.7913699,39.78364119,9/26/2022 7:22,7:22,1,0,0,E GVR BLVD & PENA BLVD,1,3,0,0,1,1,0,0,45,0,0,0,0,0,4,2,11
,2022-35696,-104.8749468,39.71844855,9/25/2022 11:17,11:17,3,0,0,E 1ST AVE & N YOSEMITE WAU,1,1,0,1,1,6,0,0,15,0,0,0,0,0,4,2,16
,2022-35698,-105.0251835,39.65865369,9/23/2022 14:50,14:50,12,0,0,S FEDERAL BLVD & EASTMAN AVE,1,1,0,0,1,4,0,0,35,0,0,0,0,0,4,3,13
,2022-35701,-104.9721185,39.76137355,9/25/2022 8:13,8:13,6,0,0,MARION ST & 3100 BLK N ,1,1,0,1,1,4,0,0,25,0,0,0,0,0,4,2,16
,2022-35702,-104.9910461,39.75549023,9/24/2022 14:00,14:00,15,0,0,22ND ST & MARKET ST,1,1,0,0,1,1,0,0,30,0,0,0,0,0,4,2,11
,2022-35705,-104.9864158,39.84343224,9/25/2022 20:00,20:00,15,0,0,PENA BLVD & E 81ST AVE,1,3,0,7,1,4,0,0,45,0,0,0,0,0,4,2,13
,2022-35707,-105.026788,39.75848773,9/25/2022 21:50,21:50,12,0,0,W 29TH AVE & N GROVE ST,1,3,0,0,1,4,0,0,35,0,0,0,0,0,4,4,3
,2022-35708,-104.6725051,39.84512041,9/26/2022 7:57,7:57,15,0,0,PENA BLVD & 8200 BLK,1,1,0,0,1,4,0,0,45,0,0,0,0,0,4,2,8
,2022-35709,-104.9837943,39.72342342,9/24/2022 20:07,20:07,10,0,1,E SPEER BLVD & N GRANT ST ,1,1,0,0,1,1,0,0,40,0,0,0,0,2,4,2,14
,2022-35711,-104.9780697,39.70906732,9/25/2022 23:19,23:19,6,0,0,CLARKSON ST & E DAKOTA AVE,1,4,0,0,1,4,0,0,25,0,0,0,0,0,4,2,16
,2022-35712,-105.0038629,39.71858759,9/22/2022 11:57,11:57,15,0,0,N RIO GRAND BLVD & 090BLK,1,1,0,0,1,4,0,0,25,0,0,0,0,0,4,2,16
,2022-35713,-104.9640606,39.69295467,9/20/2022 14:45,14:45,2,0,1,E LOUISIANA AVE & S RACE ST,1,1,0,0,1,1,0,0,0,1,0,0,0,2,4,1,16
,2022-35734,-104.9936658,39.75385195,9/25/2022 12:01,12:01,1,0,0,20TH ST & MARKET ST,1,1,0,0,1,1,0,0,25,0,0,0,0,0,4,2,13
,2022-35736,-104.8889074,39.77766956,8/23/2022 8:02,8:02,12,0,1,I-70 & CENTRAL PARK BLVD,1,1,0,0,1,13,0,0,55,0,0,0,0,3,1,2,16
,2022-35737,-104.9129182,39.71121288,9/26/2022 5:32,5:32,1,0,0,S MONACO ST & E ALAMEDA AVE,1,3,0,0,1,1,0,0,35,0,0,0,0,0,4,2,16
,2022-35742,-104.8822579,39.77407615,9/26/2022 8:36,8:36,3,0,0,E 40TH AVE & N CENTRAL PARK BLVD,1,1,0,0,1,2,0,0,35,0,0,0,0,0,4,2,16
,2022-35744,-104.9819006,39.73203337,9/18/2022 0:30,0:30,6,0,0,10TH AVE 400 BLK E & N LOGAN ST,1,3,0,0,1,4,0,0,25,0,0,0,0,0,4,2,14
,2022-35746,-104.9105399,39.69662405,9/26/2022 7:36,7:36,11,0,1,MISSISSIPPI AVE & 6600 BLK E ,1,1,0,0,1,2,0,0,0,0,1,0,0,1,4,1,16
,2022-35747,-104.9874352,39.72569325,9/25/2022 23:59,23:59,10,0,0,N BROADWAY & E 6TH AVE,1,3,0,0,1,3,0,0,30,0,0,0,0,0,4,2,16
,2022-35748,-104.8657287,39.77562189,9/21/2022 19:04,19:04,12,0,0,I-70 & N HAVANA ST,11,3,0,1,1,4,0,0,55,0,0,0,0,0,1,2,7
,2022-35760,-104.9781747,39.75488685,9/22/2022 9:57,9:57,6,0,0,27TH ST & WELTON ST,11,1,0,1,1,4,0,0,25,0,0,0,0,0,4,2,16
,2022-35761,-105.036962,39.66432675,9/23/2022 7:49,7:49,6,0,1,W LINVALE PL & S MEADE ST,1,1,0,0,1,1,0,0,25,0,1,0,0,2,4,2,7
,2022-35779,-105.0203571,39.67865885,9/24/2022 11:12,11:12,3,0,0,W EVANS AVE & S FEDERAL BLVD,1,1,0,0,1,2,0,0,30,0,0,0,0,0,4,2,16
,2022-35782,-105.0122746,39.7244691,9/23/2022 13:30,13:30,12,0,1,I-25 & W 6TH AVE,1,1,0,0,1,4,0,0,45,0,0,0,0,1,1,3,13
,2022-35787,-104.8821566,39.7770661,9/12/2022 5:08,5:08,11,0,1,I-70 & N CENTRAL PARK BLVD,1,3,0,0,3,4,0,0,,0,1,0,0,3,1,2,16
,2022-35789,-104.987575,39.71115786,9/25/2022 0:36,0:36,11,0,1,W ALAMEDA AVE & S BROADWAY,1,3,0,0,1,4,0,0,0,0,1,0,0,2,4,1,16
,2022-35798,-104.9891611,39.78003347,9/23/2022 19:14,19:14,5,0,0,I-70 & I-25,1,1,0,0,1,4,0,0,55,0,0,0,0,0,1,2,13
,2022-35803,-105.0119062,39.7632259,9/22/2022 15:02,15:02,6,0,0,W 33RD AVE & N TEJON ST,1,1,0,0,1,2,0,0,25,0,0,0,0,0,4,2,16
,2022-35818,-104.7862705,39.79838508,9/24/2022 22:47,22:47,12,0,2,E 56TH AVE & N PENA BLVD,1,3,0,0,1,4,0,0,45,0,0,0,0,2,4,3,10
,2022-35840,-104.9889543,39.77810681,9/9/2022 3:15,3:15,5,0,0,I-25 NB OFF RAMP & I-70,1,3,0,0,3,8,0,0,55,0,0,0,0,0,1,1,16
,2022-35863,-105.0250715,39.69674835,9/27/2022 0:40,0:40,8,0,1,S FEDERAL BLVD & W MISSISSIPPI AVE,1,3,0,0,6,4,0,0,40,0,0,0,0,1,2,3,2
,2022-35871,-104.9721015,39.76387353,9/26/2022 7:10,7:10,15,0,0,MARION ST & 3300 BLK N ,1,1,0,0,1,4,0,0,20,0,0,0,0,0,4,2,1
,2022-35876,-104.9405044,39.78002872,9/27/2022 7:15,7:15,12,0,0,I-70 & N COLORADO BLVD,1,1,0,0,1,4,0,0,55,0,0,0,0,0,1,2,16
,2022-35877,-104.8947947,39.6382838,9/26/2022 15:00,15:00,15,0,0,S TAMARAC ST & E QUINCY AVE,1,1,0,0,1,1,0,0,30,0,0,0,0,0,4,2,3
,2022-35878,-105.0250485,39.69128019,9/26/2022 16:01,16:01,12,0,0,FEDERAL BLVD & W ARKANSAS AVE,1,1,0,0,1,4,0,0,35,0,0,0,0,0,2,2,13
,2022-35880,-104.9124339,39.74007936,9/26/2022 22:46,22:46,3,0,1,E COLFAX AVE & N MONACO PKWY,1,3,0,0,1,1,0,0,30,0,0,0,0,2,2,2,6
,2022-35883,-104.9752912,39.73686478,9/27/2022 6:10,6:10,3,0,0,N OGDEN ST & E 13TH AVE,1,2,0,0,1,1,0,0,25,0,0,0,0,0,4,2,11
,2022-35886,-104.9862613,39.72564692,9/26/2022 11:37,11:37,12,0,1,E 6TH AVE & N LINCOLN ST,1,1,0,0,1,1,0,0,35,0,0,0,0,1,4,2,16
,2022-35887,-104.9303804,39.73829386,9/24/2022 9:34,9:34,3,0,0,N EUDORA ST & E 14TH AVE,1,1,0,0,1,1,0,0,25,0,0,0,0,0,4,2,11
,2022-35888,-104.9429478,39.740136,9/26/2022 16:35,16:35,3,0,0,E COLFAX AVE & N JACKSON ST,1,1,0,0,1,3,0,0,25,0,0,0,0,0,2,2,8
,2022-35890,-104.8470302,39.77419185,9/27/2022 6:10,6:10,12,0,0,I-70 & N PEORIA ST,1,3,0,0,1,4,0,0,,0,0,0,0,0,1,2,16
,2022-35894,-104.9146365,39.66759197,9/26/2022 17:30,17:30,1,0,0,E YALE AVE & S LINDEN CT,1,1,0,0,1,1,0,0,25,0,0,0,0,0,4,2,3
,2022-35900,-104.9034514,39.74702995,9/26/2022 14:25,14:25,12,0,0,N QUEBEC ST & E MONTVIEW BLVD,1,1,0,0,1,4,0,0,30,0,0,0,0,0,4,2,13
,2022-35902,-104.9826005,39.72260797,9/27/2022 12:38,12:38,10,0,0,E SPEER BLVD & N LOGAN ST,1,1,0,0,1,1,0,0,35,0,0,0,0,0,4,2,10
,2022-35907,-104.90341,39.7674611,6/15/2022 11:27,11:27,3,0,0,7200 BLK E 36TH AVE & N QUEBEC ST,1,1,0,0,1,2,0,0,25,0,0,0,0,0,4,2,11
,2022-35908,-105.0532418,39.76209505,9/27/2022 16:43,16:43,1,0,1,N SHERIDAN BLVD & W 32ND AVE,1,1,1,0,1,1,0,0,35,0,0,0,0,1,2,2,1
,2022-35910,-104.9994135,39.71325273,9/27/2022 12:45,12:45,15,0,0,S KALAMATH ST & W CEDAR AVE,1,1,1,0,1,1,0,0,30,0,0,0,0,0,1,2,13
,2022-35919,-104.9037056,39.71705946,9/27/2022 6:32,6:32,1,0,0,N QUEBEC ST & E LOWRY BLVD,1,1,0,0,1,1,0,0,35,0,0,0,0,0,4,2,11
,2022-35920,-105.0127078,39.75512692,9/26/2022 16:02,16:02,12,0,0,I-25 & N SPEER BLVD,1,1,0,0,1,4,0,0,55,0,0,0,0,0,1,3,12
,2022-35921,-105.0532695,39.68071351,9/23/2022 7:54,7:54,12,0,0,SHERIDAN BLVD & 2000 BLK S,1,1,0,0,1,4,0,0,40,0,0,0,0,0,2,3,7
,2022-35926,-104.8893918,39.79574627,9/26/2022 11:15,11:15,10,0,0,E 54TH PL & N WABASH ST,1,1,0,0,1,1,0,0,25,0,0,0,0,0,4,2,1
,2022-35928,-105.0064205,39.78625359,9/27/2022 15:53,15:53,12,0,0,N PECOS ST & W 50TH AVE,1,1,0,0,1,1,0,0,30,0,0,0,0,0,4,2,13
,2022-35936,-104.954614,39.7180343,9/26/2022 9:30,9:30,12,0,0,E 1ST AVE & N DETROIT ST,1,1,0,0,1,1,0,0,30,0,0,0,0,0,4,2,3
,2022-35939,-104.9826114,39.6973645,9/27/2022 17:03,17:03,12,0,0,I-25 & S LOGAN ST,1,1,0,0,1,4,0,0,65,0,0,0,0,0,1,3,13
,2022-35940,-104.9862581,39.71565359,9/27/2022 13:00,13:00,10,0,0,LINCOLN ST & 10 BLK S ,1,1,0,0,1,2,0,0,30,0,0,0,0,0,4,2,8
,2022-35941,-105.0132198,39.72567281,9/27/2022 11:18,11:18,12,0,1,I-25 & W 6TH AVE,1,1,1,0,1,4,0,0,55,0,0,0,0,2,1,3,10
,2022-35944,-105.0130163,39.72542371,9/27/2022 20:09,20:09,12,0,0,I-25 & W 6TH AVE ,1,4,3,0,1,14,0,0,55,0,0,0,0,0,1,3,13
,2022-35946,-105.0252313,39.76925953,9/27/2022 7:15,7:15,1,0,1,W 38TH AVE & N FEDERAL BLVD,1,1,0,0,1,1,0,0,35,0,0,0,0,1,4,2,7
,2022-35947,-104.9309385,39.74079717,9/21/2022 16:00,16:00,16,0,0,4923 E. COLFAX AVE & nan,1,1,0,0,5,7,0,0,,0,0,0,0,0,3,2,13
,2022-35948,-104.9752912,39.73686478,9/26/2022 16:00,16:00,12,0,0,E 13TH AVE & N OGDEN ST,1,1,0,0,1,1,0,0,30,0,0,0,0,0,4,2,3
,2022-35960,-104.9912598,39.71480209,9/27/2022 7:38,7:38,2,0,1,BAYAUD AVE & 200 BLK W ,1,1,0,0,1,9,0,0,25,1,0,0,0,2,4,1,11
,2022-35961,-104.987404,39.72909482,9/26/2022 11:55,11:55,10,0,0,N BROADWAY & W 8TH AVE,1,1,0,0,1,1,0,0,30,0,0,0,0,0,4,2,10
,2022-35962,-105.0052213,39.76138667,9/26/2022 9:00,9:00,10,0,0,I-25 SB OFF RAMP & 20TH ST,1,1,0,0,1,1,0,0,30,0,0,0,0,0,4,2,13
,2022-35963,-104.9521227,39.77291255,9/26/2022 7:45,7:45,3,0,0,E 40TH AVE & N MILWAUKEE ST,1,1,0,0,1,3,0,0,35,0,0,0,0,0,4,2,11
,2022-35966,-104.9129217,39.65302477,9/23/2022 23:53,23:53,11,0,0,S MONACO ST & E HAMPDEN AVE,1,3,3,0,1,1,0,0,0,0,1,0,0,0,2,1,16
,2022-35968,-104.921595,39.74006966,9/25/2022 2:34,2:34,6,0,1,E COLFAX AVE & N IVANHOE ST,1,3,0,0,1,4,0,0,35,0,0,0,0,2,2,4,16
,2022-35970,-105.034643,39.76954783,9/27/2022 8:30,8:30,1,0,1,W 38TH AVE & N LOWELL BLVD,1,1,1,0,1,1,0,0,35,0,0,0,0,1,4,2,1
,2022-35974,-104.8946424,39.62410822,9/26/2022 7:09,7:09,1,0,0,E BELLEVIEW AVE & S ULSTER ST,1,1,0,0,1,1,0,0,35,0,0,0,0,0,4,2,3
,2022-35988,-104.9231829,39.75469809,9/27/2022 16:16,16:16,11,0,1,E 26TH AVE & N HOLLY ST,1,1,0,0,1,3,0,0,0,0,1,0,0,2,4,1,16
,2022-35993,-105.0157222,39.66694842,9/26/2022 15:43,15:43,11,0,1,W YALE AVE & S ZUNI ST,1,1,0,0,1,1,0,0,25,0,1,0,0,2,4,1,11
,2022-36030,-104.9733631,39.7437639,5/15/2022 13:26,13:26,12,0,1,PARK AVE & N DOWNING ST,1,1,0,0,1,3,0,0,30,0,0,0,0,1,4,2,13
,2022-36040,-105.0250619,39.72117303,9/14/2022 13:30,13:30,12,0,1,FEDERAL BLVD  & W 3RD AVE,1,1,0,0,1,4,0,0,30,0,0,0,0,1,2,2,13
,2022-36041,-104.9310585,39.68934528,9/9/2022 15:59,15:59,12,0,0,4800 BLK E FLORIDA AVE & S EUDORA ST,1,1,0,0,1,4,0,0,30,0,0,0,0,0,4,2,16
,2022-36042,-104.9034061,39.7772307,9/28/2022 19:21,19:21,1,0,0,QUEBEC ST & I-70 EB RAMPS,1,3,0,0,1,1,0,0,35,0,0,0,0,0,2,2,13
,2022-36043,-104.9594472,39.68472353,9/28/2022 9:23,9:23,12,0,1,I-25 & S UNIVERSITY BLVD,1,1,1,0,1,4,0,0,60,0,0,0,0,1,1,2,13
,2022-36046,-104.9647101,39.75071986,9/24/2022 16:11,16:11,3,0,0,E 23RD AVE & N HIGH ST,1,1,0,0,1,1,0,0,20,0,0,0,0,0,4,2,16
,2022-36047,-104.9835701,39.77886354,9/27/2022 10:10,10:10,6,0,0,GRANT ST & 4500 BLK N,1,1,0,0,1,4,0,0,25,0,0,0,0,0,4,2,16
,2022-36049,-105.0251716,39.71123825,9/22/2022 8:00,8:00,2,0,1,S FEDERAL BLVD & W ALAMEDA AVE,1,1,0,0,1,1,0,0,,1,0,0,0,1,2,1,16
,2022-36050,-104.9067175,39.63415775,9/27/2022 8:30,8:30,12,0,0,I-25 & I-225,1,1,0,0,1,4,0,0,60,0,0,0,0,0,1,2,3
,2022-36051,-104.9504712,39.68471655,9/28/2022 10:00,10:00,12,0,0,I-25 & S STEELE ST,1,1,0,0,1,4,0,0,60,0,0,0,0,0,1,2,16
,2022-36055,-104.9325537,39.66747296,9/28/2022 10:31,10:31,3,0,1,E YALE AVE & S DEXTER ST,1,1,0,0,1,1,0,0,25,0,0,0,0,1,4,2,16
,2022-36056,-104.9069999,39.66089362,9/24/2022 5:00,5:00,6,0,0,CORNELL AVE & 6900 BLK E,1,4,0,0,1,4,0,0,25,0,0,0,0,0,4,3,16
,2022-36057,-104.9958684,39.75175068,8/21/2022 3:08,3:08,3,0,0,18TH ST & MARKET ST,1,3,0,0,1,1,0,0,,0,0,0,0,0,4,2,16
,2022-36059,-104.7913699,39.78364119,9/27/2022 5:24,5:24,1,0,0,E GVR BLVD & PENA BLVD,1,3,0,0,1,1,0,0,40,0,0,0,0,0,4,2,16
,2022-36068,-104.9864688,39.7482416,9/28/2022 8:30,8:30,3,0,0,20TH ST & WELTON ST,1,1,0,0,1,1,0,0,30,0,0,0,0,0,4,2,3
,2022-36069,-104.9034241,39.75291354,9/15/2022 9:43,9:43,15,0,2,QUEBEC ST 2400 BLK N  & E 25TH AVE,1,1,0,1,1,4,0,0,30,0,0,0,0,1,4,2,16
,2022-36070,-104.8658822,39.77581756,9/8/2022 8:14,8:14,15,0,0,I-70 & N HAVANA ST,1,1,0,0,1,14,0,0,55,0,0,0,0,0,1,2,13
,2022-36072,-104.8470315,39.77803177,9/25/2022 4:50,4:50,3,0,0,E 45TH AVE & N PEORIA ST,1,3,0,0,1,1,0,0,40,0,0,0,0,0,4,2,16
,2022-36074,-104.8846641,39.74746844,9/28/2022 9:13,9:13,12,0,0,E MONTVIEW BLVD & N YOSEMITE ST,1,1,0,0,1,4,0,0,25,0,0,0,0,0,4,2,16
,2022-36075,-105.0532468,39.77565351,9/27/2022 9:40,9:40,11,0,1,SHERIDAN BLVD & 4300 BLK N ,1,1,1,0,1,4,0,0,0,0,1,0,0,1,2,1,16
,2022-36081,-105.0250847,39.7004053,9/28/2022 9:06,9:06,1,0,2,S FEDERAL BLVD & W KENTUCKY AVE,1,1,0,0,1,1,0,0,40,0,0,0,0,1,2,2,11
,2022-36082,-105.0322944,39.74034288,9/28/2022 14:51,14:51,12,0,0,W COLFAX AVE & N KNOX CT,1,1,0,0,1,4,0,0,35,0,0,0,0,0,2,2,3
,2022-36085,-104.8905205,39.76001325,9/28/2022 17:06,17:06,15,0,0,E MLK BLVD & N CENTRAL PARK BLVD,1,1,0,0,1,1,0,0,35,0,0,0,0,0,4,2,7
,2022-36086,-104.7905779,39.77267147,9/28/2022 8:26,8:26,12,0,0,PENA BLVD & E 40TH AVE,1,1,2,0,1,4,0,0,65,0,0,0,0,0,4,2,7
,2022-36087,-104.9593294,39.69567353,9/28/2022 8:10,8:10,12,0,0,UNIVERSITY BLVD & 1100 BLK S,1,1,0,0,1,2,0,0,,0,0,0,0,0,4,2,16
,2022-36089,-104.9622348,39.74480761,9/28/2022 8:00,8:00,3,0,0,E 18TH AVE & N VINE ST,1,1,0,0,1,1,0,0,25,0,0,0,0,0,4,2,16
,2022-36090,-105.0133357,39.7255033,9/28/2022 6:45,6:45,15,0,0,W 6TH AVE & I-25,1,1,0,0,1,4,0,0,55,0,0,0,0,0,2,2,16
,2022-36091,-104.9476599,39.74378239,9/27/2022 13:35,13:35,1,0,1,17TH AVE & 3400 BLK E ,1,1,0,0,1,3,0,0,30,0,0,0,0,1,4,2,11
,2022-36093,-104.9222932,39.77871971,9/27/2022 11:31,11:31,3,0,2,E 45TH AVE & N HOLLY ST,1,1,0,0,1,1,0,0,30,0,0,0,0,2,4,2,16
,2022-36094,-104.91256,39.72533832,9/27/2022 15:38,15:38,1,0,1,N MONACO ST & E 6TH AVE,1,1,0,0,1,1,0,0,30,0,0,0,0,2,4,2,13
,2022-36095,-105.0148299,39.72932162,9/28/2022 17:52,17:52,12,0,0,I-25 & W 8TH AVE,1,1,0,0,1,4,0,0,55,0,0,0,0,0,1,2,10
,2022-36096,-104.990948,39.74610502,9/28/2022 13:05,13:05,15,0,0,17TH ST & 600 BLK ,1,1,0,0,1,4,0,0,30,0,0,0,0,0,4,2,13
,2022-36097,-104.9792441,39.77832947,9/28/2022 16:59,16:59,10,0,0,N WASHINGTON ST & E 45TH AVE,1,1,0,0,1,1,0,0,35,0,0,0,0,0,4,2,16
,2022-36105,-104.9907529,39.75339699,9/24/2022 22:01,22:01,16,0,1,2091 LAWRENCE ST & 21ST ST / LAWRENCE ST,1,4,0,0,5,7,0,0,,0,1,0,0,2,3,1,16
,2022-36106,-104.9779815,39.72561595,9/28/2022 9:22,9:22,6,0,0,700 BLK E 6TH AVE & N CLARKSON ST,1,1,0,0,1,4,0,0,35,0,0,0,0,0,4,2,16
,2022-36109,-104.8955712,39.71702315,9/27/2022 16:45,16:45,10,0,0,E LOWRY BLVD & E FAIRMOUNT DR,1,1,0,0,1,1,0,0,25,0,0,0,0,0,4,2,3
,2022-36110,-104.7125998,39.83810376,9/27/2022 13:39,13:39,12,0,0,78TH AVE & 23700 BLK E ,1,1,0,0,1,3,0,0,45,0,0,0,0,0,4,2,11
,2022-36111,-104.8904405,39.74197951,9/18/2022 7:20,7:20,6,0,0,16TH AVE & N VERBENA ST,1,1,0,0,1,4,0,0,25,0,0,0,0,0,4,3,16
,2022-36112,-105.0191887,39.7566244,9/9/2022 14:43,14:43,6,0,0,2700 BLOCK N BRYANT ST & W 27TH AVE,1,1,1,0,1,2,0,0,30,0,0,0,0,0,4,2,13
,2022-36113,-104.9405607,39.69657743,9/27/2022 10:30,10:30,15,0,0,S COLORADO BLVD & E MISSISSIPPI AVE,1,1,0,0,1,1,0,0,35,0,0,0,0,0,2,2,14
,2022-36117,-105.0080477,39.7727635,9/26/2022 0:00,0:00,6,0,0,QUIVAS ST & 4000 BLK N,1,3,0,0,2,4,0,0,25,0,0,0,0,0,4,2,1
,2022-36118,-104.9403004,39.77288248,9/28/2022 8:07,8:07,10,0,0,N MONROE ST & E 40TH AVE,1,1,0,0,1,1,0,0,25,0,0,0,0,0,4,2,16
,2022-36119,-104.870455,39.67172883,9/27/2022 15:47,15:47,11,0,1,HARVARD AVE & 10150 BLK E ,1,1,0,0,1,4,0,0,0,0,1,0,0,1,4,1,16
,2022-36121,-104.8657915,39.76850383,9/14/2022 6:41,6:41,10,0,0,N HAVANA ST & E SMITH RD,1,2,0,0,1,1,0,0,40,0,0,0,0,0,4,2,1
,2022-36123,-104.9980145,39.74002359,9/22/2022 17:30,17:30,15,0,0,N SPEER BLVD & W COLFAX AVE,1,1,0,0,1,1,0,0,35,0,0,0,0,0,4,2,16
,2022-36125,-104.9520277,39.71802613,9/28/2022 15:11,15:11,15,0,0,E 1ST AVE & N MILWAUKEE ST,1,1,0,0,1,1,0,0,30,0,0,0,0,0,4,2,13
,2022-36128,-104.9359326,39.66087185,9/13/2022 18:15,18:15,6,0,0,BIRCH ST  & 3000 BLK S ,1,1,0,0,1,1,0,0,,0,0,0,0,0,4,2,16
,2022-36130,-104.9684684,39.73840789,9/28/2022 9:28,9:28,11,0,1,E 14TH AVE & N FRANKLIN ST,1,1,0,0,1,1,0,0,0,0,1,0,0,2,4,1,16
,2022-36132,-104.8470315,39.77803177,9/9/2022 13:20,13:20,12,0,0,N PEORIA ST & E 45TH AVE,1,1,0,0,1,1,0,0,,0,0,0,0,0,4,2,16
,2022-36133,-105.0299406,39.74637408,9/28/2022 7:50,7:50,3,0,0,N IRVING ST & W 19TH AVE,1,1,0,0,1,1,0,0,30,0,0,0,0,0,4,2,11
,2022-36134,-104.9734263,39.69113353,9/28/2022 19:18,19:18,3,0,0,E ARKANSAS AVE & S DOWNING ST,1,3,0,0,1,1,0,0,25,0,0,0,0,0,4,2,13
,2022-36135,-105.0043198,39.76094363,9/27/2022 16:04,16:04,12,0,0,I-25 & 20TH ST,1,1,1,0,1,4,0,0,55,0,0,0,0,0,1,2,10
,2022-36136,-104.9382491,39.68278412,9/27/2022 13:30,13:30,6,0,0,JEWELL AVE & 4100 BLOCK E ,1,1,0,0,1,4,0,0,25,0,0,0,0,0,4,2,3
,2022-36137,-104.8846976,39.73284733,9/27/2022 6:40,6:40,3,0,0,E 11TH AVE & N YOSEMITE ST,1,1,0,0,1,1,0,0,30,0,0,0,0,0,4,2,16
,2022-36138,-104.9562704,39.74016649,9/1/2022 15:35,15:35,3,0,0,2600 BLK E COLFAX AVE & N ELIZABETH ST,1,1,0,0,1,1,0,0,35,0,0,0,0,0,2,3,16
,2022-36139,-104.9844058,39.76062799,9/28/2022 14:13,14:13,6,0,0,WALNUT ST & 2700 BLK  ,1,1,0,0,1,4,0,0,25,0,0,0,0,0,4,2,16
,2022-36140,-104.9605685,39.69748353,9/27/2022 14:10,14:10,15,0,0,YORK ST & 1000 BLK S ,1,1,0,0,1,4,0,0,25,0,0,0,0,0,4,3,3
,2022-36141,-104.903689,39.7183643,9/27/2022 15:34,15:34,1,0,0,E 1ST AVE & N QUEBEC ST,1,1,0,0,1,1,0,0,35,0,0,0,0,0,4,2,16
,2022-36145,-104.9829399,39.74486785,9/28/2022 18:32,18:32,6,0,0,18TH AVE & 300 BLK E ,1,1,0,0,1,4,0,0,30,0,0,0,0,0,4,2,12
,2022-36149,-105.008764,39.72157316,9/27/2022 20:09,20:09,12,0,0,I-25 & W 6TH AVE,1,4,3,0,1,14,0,0,55,0,0,0,0,0,1,3,13
,2022-36168,-105.0133357,39.7255033,9/27/2022 20:09,20:09,12,0,1,W 6TH AVE & I-25,1,3,0,0,1,14,0,0,45,0,0,0,0,2,2,2,16
,2022-36172,-104.8189025,39.78606418,9/28/2022 12:36,12:36,3,0,0,E 51ST AVE & N DURHAM CT,1,1,0,0,1,1,0,0,30,0,0,0,0,0,4,2,16
,2022-36185,-104.9405996,39.75104031,9/24/2022 9:19,9:19,1,0,2,N COLORADO BLVD & E 23RD AVE,1,1,0,0,1,1,0,0,35,0,0,0,0,2,4,2,16
,2022-36196,-104.9128872,39.70024458,9/26/2022 13:00,13:00,1,0,1,S MONACO ST & E KENTUCKY AVE,1,1,0,0,1,1,0,0,30,0,0,0,0,1,4,2,3
,2022-36219,-104.9734181,39.68999371,9/28/2022 18:12,18:12,12,0,0,I-25 & S DOWNING ST,1,1,0,0,1,4,0,0,,0,0,0,0,0,1,2,16
,2022-36223,-105.0433409,39.77663921,9/25/2022 18:50,18:50,12,0,1,44TH AVE & 4300 BLK W ,1,1,0,0,1,3,0,0,30,0,0,0,0,1,4,2,10
,2022-36225,-105.0019732,39.76928092,9/26/2022 10:10,10:10,3,0,0,W 38TH AVE & N LIPAN ST,1,1,0,0,1,3,0,0,35,0,0,0,0,0,4,2,11
,2022-36230,-104.974078,39.72557766,9/24/2022 8:53,8:53,15,0,0,N CORONA ST & E 6TH AVE,1,1,0,0,1,1,0,0,30,0,0,0,0,0,4,2,1
,2022-36233,-105.0393109,39.73847115,9/30/2022 9:21,9:21,1,0,1,N PERRY ST & W 14TH AVE,1,1,0,0,1,1,0,0,25,0,0,0,0,1,4,2,13
,2022-36235,-105.0349619,39.66768139,9/25/2022 1:32,1:32,3,0,3,S LOWELL BLVD & W YALE AVE,1,3,0,0,1,1,0,0,30,0,0,0,0,1,4,2,13
,2022-36236,-104.786356,39.80200969,9/29/2022 19:19,19:19,12,0,1,PENA BLVD & E 56TH AVE,1,2,0,0,1,4,0,0,65,0,0,0,0,2,4,3,3
,2022-36237,-104.901144,39.74007773,9/28/2022 8:50,8:50,3,0,2,E COLFAX AVE & N ROSLYN ST,1,1,0,0,1,1,0,0,25,0,0,0,0,1,2,3,16
,2022-36238,-104.9832955,39.75884927,9/29/2022 19:30,19:30,11,0,1,27TH ST & LAWRENCE ST,1,4,0,0,1,4,0,0,0,0,1,0,0,2,4,1,16
,2022-36239,-104.9594252,39.68278764,9/30/2022 7:41,7:41,1,0,0,S UNIVERSITY BLVD & E BUCHTEL BLVD,1,2,0,0,1,1,0,0,30,0,0,0,0,0,4,2,11