id,drcog_id,longitude,latitude,crashtime,time,crashtype,numbkilled,numbinjurd,drcoglocat,rdconditin,lightngcon,roadcntgrd,weatherco,location,roaddescrp,schoolzone,constrzone,splimit,bikeinv,pedinv,sctrinv,motoinv,svrty,rdsystem,ttlvehcls,hcf
,2022-36240,-104.8711194,39.66963704,5/2/2022 7:16,7:16,16,0,0,9888 E VASSAR AVE & nan,11,1,0,1,5,7,0,0,10,0,0,0,0,0,3,2,16
,2022-36242,-104.8987352,39.65280036,9/30/2022 11:13,11:13,12,0,0,S TAMARAC DR & E HAMPDEN AVE,1,1,0,0,1,4,0,0,30,0,0,0,0,0,4,2,7
,2022-36243,-104.9067175,39.63415775,9/28/2022 0:54,0:54,5,0,0,I-25 & RAMP TO NB I-225 ,1,3,0,0,3,4,0,0,60,0,0,0,0,0,1,3,13
,2022-36245,-104.9129472,39.67485397,3/11/2022 10:31,10:31,10,0,0,E ILIFF AVE & S MONACO ST,1,1,0,0,1,1,0,0,30,0,0,0,0,0,4,2,16
,2022-36246,-105.0250147,39.71482394,9/11/2022 20:50,20:50,15,0,0,S FEDERAL BLVD & W BAYAUD AVE,1,3,1,0,1,4,0,0,35,0,0,0,0,0,2,3,1
,2022-36247,-104.9405935,39.67845518,9/11/2022 0:44,0:44,12,0,0,E EVANS AVE & S COLORADO BLVD,11,3,0,1,1,1,0,0,30,0,0,0,0,0,2,2,1
,2022-36249,-104.7721201,39.7846211,9/9/2022 23:00,23:00,12,0,0,N TOWER RD & 4830 BLK,1,3,0,0,1,2,0,0,,0,0,0,0,0,4,2,16
,2022-36250,-105.025213,39.76147302,4/27/2022 16:28,16:28,12,0,0,N FEDERAL BLVD & W 32ND AVE,1,1,0,0,1,4,0,0,35,0,0,0,0,0,2,2,16
,2022-36252,-104.9861306,39.73123356,9/28/2022 15:43,15:43,12,0,1,LINCOLN ST & 900 BLK N ,1,1,0,0,1,4,0,0,,0,0,0,0,1,4,3,16
,2022-36253,-104.9664019,39.67834263,5/10/2022 20:38,20:38,6,0,0,S WILLIAMS ST & E EVANS AVE,1,3,0,0,1,4,0,0,,0,0,0,0,0,4,2,16
,2022-36254,-104.9251965,39.67846378,8/7/2022 21:20,21:20,12,0,0,E EVANS AVE & S GRAPE ST,1,3,0,0,1,3,0,0,35,0,0,0,0,0,4,2,13
,2022-36255,-104.9257464,39.66757678,8/1/2022 20:27,20:27,15,0,1,I-25 & MM 203.00,1,3,0,0,1,4,0,0,65,0,0,0,0,2,1,4,1
,2022-36256,-104.9769074,39.71109349,9/29/2022 15:15,15:15,15,0,0,ALAMEDA AVE & 900 BLK E ,1,1,0,0,1,4,0,0,30,0,0,0,0,0,4,3,11
,2022-36257,-104.9222661,39.67847173,9/29/2022 17:48,17:48,3,0,0,S HOLLY ST & E EVANS AVE,1,1,0,0,1,2,0,0,,0,0,0,0,0,4,2,16
,2022-36260,-105.0342733,39.70402521,7/14/2022 21:32,21:32,6,0,0,W EXPOSITION AVE & S LOWELL BLVD,1,3,0,0,1,4,0,0,20,0,0,0,0,0,4,4,1
,2022-36262,-104.8930166,39.71119336,9/29/2022 10:52,10:52,15,0,1,E ALAMEDA AVE & E FAIRMOUNT DR,1,1,0,0,1,3,0,0,40,0,0,0,0,2,4,2,13
,2022-36263,-104.9822058,39.72235596,9/1/2022 13:56,13:56,12,0,0,E SPEER BLVD & N LOGAN ST,1,1,0,0,1,4,0,0,35,0,0,0,0,0,4,2,3
,2022-36264,-104.9786398,39.78184754,9/29/2022 7:50,7:50,15,0,0,W 47TH AVE & N WASHINGTON ST,1,1,0,0,1,1,0,0,30,0,0,0,0,0,4,2,16
,2022-36265,-104.9702599,39.76074833,9/30/2022 11:09,11:09,10,0,0,31ST AVE & 1400 BLK E ,1,1,0,0,1,9,0,0,30,0,0,0,0,0,4,2,13
,2022-36268,-104.7863741,39.81745555,9/29/2022 14:37,14:37,12,0,1,PENA BLVD & 6600 BLK ,1,1,0,0,1,4,0,0,65,0,0,0,0,1,2,2,11
,2022-36269,-104.9037056,39.71705946,9/28/2022 16:45,16:45,1,0,0,N QUEBEC ST & E LOWRY BLVD,1,1,0,0,1,1,0,0,30,0,0,0,0,0,4,2,3
,2022-36270,-104.987575,39.71115786,9/28/2022 12:00,12:00,11,0,0,S BROADWAY & E ALAMEDA AVE,1,1,0,0,1,1,0,0,30,0,1,0,0,0,4,1,3
,2022-36271,-105.01216,39.76202099,9/29/2022 11:52,11:52,6,0,0,32ND AVE & 2100 BLK W ,1,1,1,0,1,4,0,0,30,0,0,0,0,0,4,2,10
,2022-36272,-104.9936827,39.68123355,9/28/2022 18:45,18:45,6,0,0,ELATI ST & 1900 BLK S ,14,5,3,7,1,4,0,0,,0,0,0,0,0,4,3,16
,2022-36274,-105.0064433,39.77052149,9/29/2022 12:34,12:34,3,0,1,N PECOS ST & W 39TH AVE,1,1,0,0,1,1,0,0,30,0,0,0,0,1,4,2,13
,2022-36275,-104.8852252,39.78704177,9/29/2022 8:30,8:30,3,0,0,N YOSEMITE ST & E 49TH PL,1,1,0,0,1,1,0,0,25,0,0,0,0,0,4,2,11
,2022-36277,-104.9902198,39.73685244,9/28/2022 14:15,14:15,12,0,1,13TH AVE & 100 BLK W ,1,1,0,0,1,4,0,0,30,0,0,0,0,1,4,2,11
,2022-36281,-105.0115236,39.72560778,9/29/2022 6:50,6:50,12,0,1,W 6TH AVE & I-25 NB RAMP TO EB 6TH AVE,1,2,0,0,1,4,0,0,55,0,0,0,0,1,2,2,16
,2022-36282,-105.0139596,39.74044224,9/29/2022 13:40,13:40,15,0,0,I-25 NB OFF RAMP GORE & W COLFAX AVE,1,1,0,0,1,14,0,0,55,0,0,0,0,0,1,2,13
,2022-36283,-104.9281768,39.76603291,9/29/2022 13:20,13:20,10,0,0,FAIRFAX ST & 3525 BLK N ,1,1,0,0,1,2,0,0,25,0,0,0,0,0,4,2,13
,2022-36285,-105.0268192,39.74575273,9/16/2022 19:06,19:06,6,0,0,GROVE ST & 1822 N ,1,1,0,0,1,3,0,0,20,0,0,0,0,0,4,2,14
,2022-36286,-104.9511857,39.71799975,9/28/2022 15:45,15:45,12,0,0,E 1ST AVE & ST PAUL ST,1,1,0,0,1,1,0,0,30,0,0,0,0,0,4,2,11
,2022-36288,-104.9605691,39.69839668,9/28/2022 11:00,11:00,6,0,0,E TENNESSEE AVE & S YORK ST,1,1,0,0,1,1,0,0,25,0,0,0,0,0,4,2,3
,2022-36290,-104.9771999,39.74000044,9/29/2022 14:37,14:37,12,0,0,COLFAX AVE & 800 BLK E ,1,1,0,0,1,4,0,0,30,0,0,0,0,0,2,2,3
,2022-36292,-104.9949315,39.76798309,9/28/2022 17:27,17:27,12,0,0,I-25 & PARK AVE,1,1,1,0,1,4,0,0,55,0,0,0,0,0,1,2,10
,2022-36293,-105.0439413,39.78363365,9/29/2022 5:50,5:50,12,0,0,I-70 & N TENNYSON ST,13,3,1,0,1,4,0,0,55,0,0,0,0,0,1,2,16
,2022-36304,-104.9047182,39.65305099,9/29/2022 10:10,10:10,1,0,2,E HAMPDEN AVE & S POPLAR ST,1,1,0,0,1,1,0,0,40,0,0,0,0,2,2,2,11
,2022-36306,-105.0157019,39.69184734,9/29/2022 9:58,9:58,6,0,0,ZUNI ST & 1368 BLK S ,1,1,0,1,1,4,0,0,25,0,0,0,0,0,4,2,16
,2022-36307,-104.9899005,39.75639417,9/28/2022 15:35,15:35,15,0,0,PARK AVE & 1400 BLK W,1,1,0,0,1,4,0,0,30,0,0,0,0,0,4,2,11
,2022-36308,-104.9124382,39.72927898,9/28/2022 16:56,16:56,1,0,1,E 8TH AVE & N MONACO ST,1,1,0,0,1,1,0,0,25,0,0,0,1,1,4,2,16
,2022-36310,-104.7721184,39.80710574,9/29/2022 11:50,11:50,15,0,0,N TOWER RD & E 61ST AVE,1,1,0,0,1,4,0,0,45,0,0,0,0,0,4,2,11
,2022-36312,-104.9407884,39.7146587,9/8/2022 21:36,21:36,1,0,0,S COLORADO BLVD & E BAYAUD AVE,1,3,0,0,1,1,0,0,35,0,0,0,0,0,2,2,16
,2022-36314,-104.9339699,39.67844568,9/29/2022 12:04,12:04,12,0,0,I-25 & E EVANS AVE,1,1,1,0,1,8,0,0,30,0,0,0,0,0,1,2,3
,2022-36316,-104.8928455,39.63198695,9/29/2022 12:49,12:49,15,0,0,S DTC BLVD & E UNION AVE,1,1,0,0,1,4,0,0,35,0,0,0,0,0,4,2,13
,2022-36317,-104.9747736,39.74165434,9/29/2022 9:15,9:15,3,0,0,E 16TH  AVE & N OGDEN ST,1,1,0,0,1,1,0,0,25,0,0,0,0,0,4,2,3
,2022-36318,-104.8632822,39.78227549,9/29/2022 7:30,7:30,3,0,0,E 47TH AVE & N IRONTON ST,1,1,0,0,1,1,0,0,25,0,0,0,0,0,4,2,16
,2022-36319,-104.905809,39.72928409,9/28/2022 17:02,17:02,3,0,1,E 8TH AVE & N PONTIAC ST,1,1,0,7,1,1,0,0,30,0,0,0,0,1,4,2,11
,2022-36321,-104.9961744,39.76750109,8/10/2022 16:07,16:07,5,0,1,I-25 & PARK AVE W,1,1,1,0,1,4,0,0,55,0,0,0,0,3,1,1,10
,2022-36327,-104.8324676,39.79027672,9/28/2022 14:45,14:45,15,0,0,E 51ST AVE & N WHEELING ST,1,1,0,0,1,4,0,0,,0,0,0,0,0,4,2,16
,2022-36329,-104.9541327,39.77945353,9/29/2022 13:51,13:51,12,0,0,CLAYTON ST & 4500 BLK N ,1,1,0,0,1,2,0,0,,0,0,0,0,0,4,2,16
,2022-36330,-105.0532807,39.71839029,9/29/2022 16:01,16:01,3,0,0,N SHERIDAN BLVD & W 1ST AVE,1,1,0,0,1,1,0,0,,0,0,0,0,0,2,2,16
,2022-36331,-104.8830668,39.78572865,9/30/2022 19:26,19:26,3,0,0,N CENTRAL PARK BLVD & E NORTHFIELD BLVD,11,3,0,1,1,1,0,0,40,0,0,0,0,0,4,2,13
,2022-36332,-104.9734005,39.69566433,9/18/2022 2:19,2:19,6,0,0,DOWNING ST 1100 BLOCK S & E MISSISSIPPI AVE,1,3,0,0,1,4,0,0,30,0,0,0,0,0,4,2,16
,2022-36333,-104.8947947,39.6382838,9/29/2022 14:34,14:34,1,0,0,S TAMARAC ST & E QUINCY AVE,1,1,1,0,1,1,0,0,35,0,0,0,0,0,4,2,13
,2022-36334,-105.0814334,39.66546571,9/30/2022 12:46,12:46,12,0,2,S WADSWORTH BLVD & W AMHERST AVE,1,1,0,0,1,3,0,0,40,0,0,0,0,1,2,3,14
,2022-36338,-105.0531386,39.65480208,9/1/2022 19:17,19:17,1,0,4,S SHERIDAN BLVD & 3100 BLK,1,3,0,0,1,3,0,0,40,0,0,0,0,3,2,2,1
,2022-36340,-104.9591429,39.68492067,9/29/2022 13:05,13:05,12,0,0,I-25 & S UNIVERSITY BLVD,1,1,0,0,1,4,0,0,60,0,0,0,0,0,1,2,16
,2022-36341,-104.9929149,39.74000573,9/4/2022 17:10,17:10,12,0,0,W COLFAX AVE & N DELAWARE ST,1,1,0,0,1,1,0,0,,0,0,0,0,0,2,3,16
,2022-36342,-105.0454814,39.63864068,7/1/2022 22:11,22:11,1,0,0,W QUINCY AVE & S UTICA ST,1,3,0,0,1,1,0,0,30,0,0,0,0,0,4,2,16
,2022-36343,-105.0252437,39.76026749,9/29/2022 17:55,17:55,15,0,1,N FEDERAL BLVD & N SPEER BLVD,1,1,1,0,1,1,0,0,35,0,0,0,0,1,2,3,11
,2022-36344,-105.0252851,39.75066003,9/30/2022 19:32,19:32,12,0,0,N FEDERAL BLVD & W 23RD AVE,11,3,0,1,1,3,0,0,40,0,0,0,0,0,2,3,3
,2022-36345,-104.8909474,39.65737904,9/13/2022 8:16,8:16,15,0,0,WILLOW ST 3100 BLK S  & E EASTMAN AVE,1,1,0,1,1,4,1,0,25,0,0,0,0,0,4,2,16
,2022-36347,-105.0532695,39.68071351,9/24/2022 20:23,20:23,15,0,3,SHERIDAN BLVD & 1900 BLK S,1,3,0,0,1,4,0,0,30,0,0,0,0,2,2,2,13
,2022-36348,-104.96879,39.66855355,9/29/2022 20:08,20:08,6,0,0,FRANKLIN ST & 2600 BLK S ,1,3,0,7,1,3,0,0,25,0,0,0,0,0,4,3,16
,2022-36349,-104.7721476,39.79253636,9/30/2022 16:53,16:53,3,0,0,N TOWER RD & E ELMENDORF DR,11,1,0,1,1,1,0,0,45,0,0,0,0,0,4,2,11
,2022-36350,-104.8740429,39.67473855,9/28/2022 10:00,10:00,12,0,0,E ILIFF AVE & S EMPORIA AVE,1,1,0,0,1,1,0,0,30,0,0,0,0,0,4,2,3
,2022-36351,-105.0091583,39.75773287,9/29/2022 19:25,19:25,15,0,1,I-25 & N SPEER BLVD,1,3,0,0,1,14,0,0,55,0,0,0,0,1,1,3,11
,2022-36352,-105.0518377,39.71774134,5/22/2022 2:10,2:10,6,0,0,72 N ZENOBIA ST & W 1ST AVE,1,4,1,0,1,4,0,0,25,0,0,0,0,0,4,3,13
,2022-36353,-104.9412297,39.73831001,9/6/2022 21:35,21:35,15,0,0,E 14TH AVE & 3900 BLK,1,3,0,0,1,4,0,0,30,0,0,0,0,0,4,2,11
,2022-36354,-105.0532666,39.72354061,9/30/2022 6:34,6:34,12,0,0,N SHERIDAN BLVD & W 5TH AVE,1,1,0,0,1,4,0,0,40,0,0,0,0,0,2,3,7
,2022-36355,-104.9796691,39.77919328,9/20/2022 8:27,8:27,12,0,0,I-70 EB OFF RAMP TO & N WASHINGTON ST,1,1,1,0,1,8,0,0,45,0,0,0,0,0,1,3,1
,2022-36357,-104.8924131,39.63117733,9/19/2022 15:45,15:45,15,0,0,E UNION AVE & S DTC BLVD,1,1,0,0,1,1,0,0,,0,0,0,0,0,4,2,16
,2022-36358,-104.9999236,39.74995948,9/28/2022 18:19,18:19,6,0,0,BLAKE ST & 16TH ST,1,2,0,1,1,2,0,0,25,0,0,0,0,0,4,2,8
,2022-36362,-104.973414,39.69297155,9/28/2022 9:00,9:00,1,0,0,E LOUISIANA AVE & S DOWNING ST,1,1,0,0,1,1,0,0,25,0,0,0,0,0,4,2,3
,2022-36363,-104.9333998,39.65298477,9/29/2022 8:03,8:03,12,0,0,HAMPDEN AVE & 4600 BLK E ,1,2,1,0,1,4,0,0,40,0,0,0,0,0,2,4,16
,2022-36368,-104.939189,39.66827935,9/29/2022 10:21,10:21,3,0,2,YALE AVE & 4100 E ,1,1,0,0,1,1,0,0,30,0,0,0,0,2,4,2,16
,2022-36373,-105.0063141,39.78314127,9/4/2022 1:46,1:46,5,0,0,I-70 & N PECOS ST (APPROX),1,3,0,0,2,4,0,0,55,0,0,0,0,0,1,2,16
,2022-36375,-104.9182339,39.65307809,9/4/2022 14:52,14:52,15,0,0,I-25 & E HAMPDEN AVE,1,1,0,0,1,4,0,0,65,0,0,0,0,0,1,2,1
,2022-36377,-104.89334,39.66034024,7/11/2022 13:30,13:30,6,0,0,E DARTMOUTH AVE & 8101 BLK,1,1,0,0,1,4,0,0,,0,0,0,0,0,4,2,16
,2022-36379,-104.9780699,39.71290883,9/9/2022 12:00,12:00,6,0,0,E CEDAR AVE & 700 BLK,1,1,0,0,1,1,0,0,,0,0,0,0,0,4,2,16
,2022-36380,-104.987575,39.71115786,9/9/2022 1:16,1:16,3,0,4,S BROADWAY ST & W ALAMEDA AVE,1,3,0,0,1,1,0,0,35,0,0,0,0,3,4,2,14
,2022-36381,-105.0250236,39.71844771,8/31/2022 22:04,22:04,1,0,2,N FEDERAL BLVD & W 1ST AVE,1,3,0,0,1,1,0,0,35,0,0,0,0,3,2,5,1
,2022-36383,-105.0156956,39.67868382,9/14/2022 18:35,18:35,3,0,1,S ZUNI ST & W EVANS AVE,1,1,0,0,1,1,0,0,30,0,0,0,0,3,4,2,16
,2022-36384,-104.8657287,39.77562189,9/18/2022 20:12,20:12,5,0,0,I-70  & N HAVANA ST,1,3,0,0,2,13,0,0,,0,0,0,0,0,1,1,16
,2022-36385,-104.9922627,39.67669308,9/14/2022 13:45,13:45,6,0,0,S DELAWARE ST & W WARREN AVE,1,1,0,0,1,1,0,0,,0,0,0,0,0,4,2,16
,2022-36387,-104.998391,39.71120449,9/29/2022 11:10,11:10,3,0,2,W ALAMEDA AVE & S KALAMATH ST,1,1,0,0,1,1,0,0,35,0,0,0,0,2,4,3,1
,2022-36388,-104.9403385,39.68306724,9/30/2022 16:35,16:35,12,0,0,I-25 & S COLORADO BLVD,11,1,0,0,1,4,0,0,55,0,0,0,0,0,1,2,13
,2022-36390,-105.0396909,39.70419352,7/1/2022 14:10,14:10,6,0,0,691 S PERRY ST & W EXPOSITION AVE,1,1,0,0,1,3,0,0,25,0,0,0,0,0,4,2,1
,2022-36392,-104.7908954,39.798253,9/2/2022 0:00,0:00,2,0,1,E 56TH AVE & N BUCKLEY RD,1,3,0,7,1,1,0,0,40,1,0,0,0,3,4,1,16
,2022-36397,-105.0275289,39.70355753,9/21/2022 4:05,4:05,6,0,0,S HAZEL CT & W. EXPOSITION AVE,1,4,0,0,3,4,0,0,25,0,0,0,0,0,4,2,16
,2022-36400,-104.9714799,39.76450765,9/29/2022 11:45,11:45,6,0,0,BRUCE RANDOLPH AVE & 1300 BLK E ,1,1,0,0,1,4,0,0,25,0,0,0,0,0,4,2,16
,2022-36401,-105.0240598,39.6605042,9/29/2022 16:00,16:00,12,0,0,DARTMOUTH AVE & 2900 BLK W ,1,1,0,0,1,4,0,0,35,0,0,0,0,0,4,2,1
,2022-36403,-104.7720184,39.81824703,9/29/2022 9:12,9:12,11,0,1,E 67TH AVE & N TOWER RD,1,1,0,0,1,1,0,0,35,1,0,0,0,2,4,1,13
,2022-36406,-104.9601706,39.72560765,9/30/2022 0:10,0:10,3,0,0,N YORK ST & E 6TH AVE,1,3,0,0,1,3,0,0,30,0,0,0,0,0,4,2,13
,2022-36407,-104.9634929,39.73412482,8/20/2022 14:00,14:00,6,0,0,N RACE ST & 1120 BLK,1,1,0,0,1,4,0,0,,0,0,0,0,0,4,2,16
,2022-36410,-105.0252448,39.71815939,5/22/2022 23:16,23:16,1,0,1,N FEDERAL BLVD & W 1ST AVE,1,3,0,0,1,1,0,0,35,0,0,0,0,2,2,2,1
,2022-36411,-104.9708779,39.75072714,9/5/2022 22:19,22:19,3,0,3,N LAFAYETTE ST & E 23RD AVE,1,3,0,0,1,1,0,0,35,0,0,0,0,3,4,4,16
,2022-36412,-104.9027525,39.76119728,9/14/2022 17:45,17:45,12,0,0,E MLK BLVD & N QUEBEC ST,11,1,0,0,1,1,0,0,35,0,0,0,0,0,4,2,14
,2022-36413,-104.9827265,39.69710358,9/29/2022 15:33,15:33,12,0,2,I-25 & S LOGAN ST,1,1,1,0,1,4,0,0,55,0,0,0,0,1,1,2,16
,2022-36415,-104.9951632,39.70346072,7/23/2022 23:53,23:53,8,2,3,S SANTA FE DR & MM 210.462,1,3,2,0,1,4,0,0,45,0,0,0,0,4,2,2,16
,2022-36416,-104.9405145,39.76102339,7/11/2022 14:45,14:45,15,0,0,N COLORADO BLVD & 3100 BLK,1,1,0,0,1,4,0,0,35,0,0,0,0,0,2,2,16
,2022-36417,-104.9965949,39.68930784,8/10/2022 7:45,7:45,3,0,0,W FLORIDA AVE & S PLATTE RIVER DR,1,1,0,0,1,1,0,0,,0,0,0,0,0,4,4,16
,2022-36418,-105.0033086,39.74002406,9/30/2022 16:05,16:05,12,0,1,W COLFAX AVE & N MARIPOSA ST,1,1,0,0,1,4,0,0,35,0,0,0,0,1,2,2,13
,2022-36419,-105.0220539,39.77596355,8/10/2022 0:12,0:12,15,0,0,N DECATUR ST & 4300 BLK,1,3,0,7,1,4,0,0,25,0,0,0,0,0,4,2,1
,2022-36420,-105.0053161,39.74020696,8/26/2022 23:06,23:06,1,0,2,W COLFAX AVE & 7TH ST,1,3,0,0,1,1,0,0,40,0,0,0,1,3,2,2,1
,2022-36422,-105.0203621,39.68053233,9/22/2022 15:29,15:29,11,0,1,W ASBURY AVE & S CLAY ST,1,1,0,0,1,1,0,0,,0,1,0,0,3,4,1,16
,2022-36424,-105.0415547,39.78021244,9/25/2022 3:38,3:38,5,0,1,W 46TH AVE & N RALEIGH ST,1,3,3,0,2,1,0,0,30,0,0,0,0,1,4,1,16
,2022-36429,-104.9105011,39.74008132,8/16/2022 23:40,23:40,3,0,1,N NIAGARA ST & E COLFAX AVE,1,3,0,0,1,1,0,0,30,0,0,0,0,2,2,2,16
,2022-36431,-105.0440133,39.77204352,9/11/2022 0:10,0:10,15,0,0,TENNYSON ST & 4000 BLK N ,1,3,0,0,1,4,0,0,25,0,0,0,0,0,4,2,3
,2022-36432,-104.970711,39.74001164,9/21/2022 20:00,20:00,15,0,0,E COLFAX AVE & N LAFAYETTE ST,11,3,0,1,1,4,0,0,35,0,0,0,0,0,2,4,14
,2022-36434,-104.9792899,39.74485708,9/30/2022 12:10,12:10,15,0,0,18TH AVE & 600 BLK E ,1,1,0,0,1,4,0,0,30,0,0,0,0,0,4,2,11
,2022-36435,-104.9728079,39.72557706,9/16/2022 17:35,17:35,5,0,0,E 6TH AVE & N DOWNING ST,1,1,0,0,2,4,0,0,,0,0,0,0,0,4,1,16
,2022-36436,-105.0012229,39.74860411,8/25/2022 13:35,13:35,15,0,0,14TH ST & BLAKE ST,1,1,0,0,1,4,0,0,,0,0,0,0,0,4,2,16
,2022-36437,-105.0123244,39.77734435,9/17/2022 13:15,13:15,6,0,0,N UMATILLA ST & W 45TH AVE,1,1,0,0,1,4,0,0,,0,0,0,0,0,4,2,16
,2022-36438,-104.9789612,39.76482249,8/31/2022 17:03,17:03,6,0,0,WALNUT ST & 3200 BLK,1,1,0,0,1,4,0,0,30,0,0,0,0,0,4,5,16
,2022-36439,-104.98989,39.68576793,8/20/2022 18:53,18:53,6,0,0,S BANNOCK ST & 1700 BLK,1,1,0,0,1,4,0,0,,0,0,0,0,0,4,2,16
,2022-36440,-104.9874399,39.69479878,9/9/2022 22:00,22:00,6,0,0,S BROADWAY ST & 1200 BLK,11,3,0,1,1,4,0,0,35,0,0,0,0,0,4,3,1
,2022-36442,-105.0298507,39.73923536,8/31/2022 18:00,18:00,1,0,0,W 14TH AVE & N IRVING ST,1,1,0,0,1,1,0,0,25,0,0,0,0,0,4,2,16
,2022-36443,-104.8735118,39.66925318,9/30/2022 13:11,13:11,15,0,0,DAYTON WAY & 2600 BLK S ,1,1,0,0,1,4,0,0,30,0,0,0,0,0,4,2,16
,2022-36444,-104.9128892,39.69142992,8/30/2022 15:03,15:03,3,0,0,CHERRY CREEK N DR & S MONACO ST PKWY,1,1,0,0,1,1,0,0,35,0,0,0,0,0,4,2,16
,2022-36445,-104.8814202,39.65306081,5/16/2022 9:10,9:10,15,0,0,E HAMPDEN AVE & MM 1.95,1,1,0,0,1,4,0,0,40,0,0,0,0,0,2,2,16
,2022-36446,-104.8905205,39.76001325,5/19/2022 17:15,17:15,15,0,0,CENTRAL PRK BLVD & MARTIN LUTHER KING JR BLVD,1,1,3,0,1,1,0,0,35,0,0,0,0,0,4,2,13
,2022-36447,-105.0028214,39.7400771,9/29/2022 17:39,17:39,15,0,0,W COLFAX AVE & 9TH ST,1,1,0,0,1,1,0,0,35,0,0,0,0,0,2,2,1
,2022-36448,-104.7721748,39.77293838,9/22/2022 23:48,23:48,6,0,1,N TOWER RD & E 43RD AVE,1,3,0,0,1,4,0,0,40,0,0,0,0,3,4,2,16
,2022-36449,-105.0148299,39.72932162,7/27/2022 0:23,0:23,12,0,0,I-25 & W 8TH AVE,11,3,0,1,1,4,0,0,55,0,0,0,0,0,1,3,16
,2022-36450,-105.0158366,39.79063701,9/4/2022 21:00,21:00,14,0,0,N ZUNI ST & W 52ND AVE,1,3,1,0,1,4,0,0,,0,0,0,0,0,4,2,16
,2022-36454,-105.0424849,39.72559345,9/5/2022 14:40,14:40,12,0,0,W 6TH AVE FWY & MM 282.90,1,1,0,0,1,4,0,0,55,0,0,0,0,0,2,2,3
,2022-36455,-104.9869373,39.78682316,8/21/2022 1:00,1:00,6,0,0,N LEAF CT & 4973 BLK,1,3,0,0,1,4,0,0,25,0,0,0,0,0,4,2,13
,2022-36458,-104.9394576,39.72922555,9/30/2022 14:58,14:58,3,0,0,E 8TH AVE & N ALBION ST,1,1,0,0,1,1,0,0,25,0,0,0,0,0,4,2,11
,2022-36460,-104.9631253,39.73681977,9/13/2022 13:35,13:35,15,0,0,13TH AVE 2000 BLK E  & N RACE ST,1,1,0,0,1,4,0,0,,0,0,0,0,0,4,2,16
,2022-36461,-104.9595683,39.69477418,5/17/2022 12:35,12:35,6,0,0,E ARIZONA AVE & S UNIVERSITY BLVD,1,1,0,0,1,3,0,0,25,0,0,0,0,0,4,2,1
,2022-36462,-105.0258192,39.75362245,7/27/2022 7:49,7:49,6,0,0,W 25TH AVE & N FEDERAL BLVD,1,1,0,0,1,4,0,0,20,0,0,0,0,0,4,2,11
,2022-36463,-104.8470471,39.78623408,7/28/2022 22:24,22:24,14,0,0,E 49TH AVE & N PEORIA ST,1,3,0,0,1,1,0,0,40,0,0,0,0,0,4,2,16
,2022-36464,-105.0532235,39.65616407,7/4/2022 13:30,13:30,12,0,0,W DARTMOUTH AVE & S SHERIDAN BLVD,1,1,0,0,1,3,0,0,,0,0,0,0,0,2,2,16
,2022-36465,-104.847029,39.78434346,6/21/2022 11:05,11:05,3,0,0,N PEORIA ST & 4700 BLK,1,1,0,0,1,2,0,0,20,0,0,0,0,0,4,2,1
,2022-36466,-104.9936605,39.75928458,8/29/2022 20:45,20:45,12,0,0,PARK AVE W & WEWATTA ST,1,3,0,0,1,1,0,0,30,0,0,0,0,0,4,2,7
,2022-36468,-105.0064331,39.78425354,9/30/2022 12:06,12:06,3,0,0,PECOS ST & 4800 BLK N ,1,1,0,0,1,2,0,0,30,0,0,0,0,0,4,2,13
,2022-36469,-104.9568123,39.7368106,9/30/2022 7:55,7:55,6,0,0,E 13TH AVE & N ELIZABETH ST,1,1,0,0,1,4,0,0,30,0,0,0,0,0,4,3,3
,2022-36470,-105.0130163,39.72542371,9/29/2022 14:45,14:45,12,0,3,I-25 & W 6TH AVE,1,1,1,0,1,4,0,0,55,0,0,0,0,1,1,3,16
,2022-36473,-104.9874589,39.69390417,9/22/2022 19:14,19:14,6,0,0,BROADWAY ST & 1200 BLK S ,1,3,0,0,3,4,0,0,30,0,0,0,0,0,4,2,16
,2022-36476,-105.0132198,39.72567281,9/19/2022 3:52,3:52,5,0,0,I-25  & W 6TH AVE,1,4,0,0,3,4,0,0,55,0,0,0,0,0,1,1,1
,2022-36477,-104.9936605,39.75928458,8/30/2022 15:42,15:42,12,0,0,PARK AVE W & WEWATTA ST,1,1,0,0,1,4,0,0,,0,0,0,0,0,4,2,16
,2022-36478,-104.9935584,39.78084081,9/30/2022 9:56,9:56,12,0,4,I-70 EB OFF RAMP & I-25 SB ON RAMP,1,1,1,0,1,8,0,0,55,0,0,0,0,2,1,2,16
,2022-36479,-104.9297288,39.74019977,9/2/2022 20:30,20:30,6,0,0,E COLFAX AVE & N ELM ST,1,3,0,0,1,4,0,0,45,0,0,0,0,0,2,2,11
,2022-36480,-105.0772222,39.63872939,9/29/2022 18:00,18:00,3,0,0,W QUINCY AVE & S PIERCE WAY,1,3,0,0,1,1,0,0,20,0,0,0,0,0,4,2,14
,2022-36481,-105.0393185,39.74033741,8/25/2022 22:13,22:13,3,0,1,N PERRY ST & W COLFAX AVE,1,3,0,0,1,1,0,0,35,0,0,0,0,1,2,2,16
,2022-36482,-105.0452242,39.68224242,8/19/2022 7:40,7:40,12,0,0,W JEWELL AVE & S UTICA ST,1,1,1,0,1,1,0,0,30,0,0,0,0,0,4,2,1