id,drcog_id,longitude,latitude,crashtime,time,crashtype,numbkilled,numbinjurd,drcoglocat,rdconditin,lightngcon,roadcntgrd,weatherco,location,roaddescrp,schoolzone,constrzone,splimit,bikeinv,pedinv,sctrinv,motoinv,svrty,rdsystem,ttlvehcls,hcf
,2022-36483,-104.9733329,39.69000474,9/2/2022 16:53,16:53,5,0,1,I-25 & S DOWNING ST,1,1,0,0,2,4,0,0,55,0,0,0,0,2,1,1,16
,2022-36485,-104.987415,39.7528936,9/30/2022 10:00,10:00,3,0,0,N BROADWAY & CURTIS ST,1,1,0,0,1,1,0,0,30,0,0,0,0,0,4,2,1
,2022-36487,-104.9146403,39.76183688,8/22/2022 8:15,8:15,12,0,1,E MLK BLVD & 6300 BLK,1,1,0,0,1,4,0,0,35,0,0,0,0,2,4,2,1
,2022-36489,-105.00674,39.76928774,8/14/2022 11:51,11:51,3,0,1,W 38TH AVE & 1700 BLK,1,1,1,0,1,2,0,0,10,0,0,0,0,2,4,2,1
,2022-36490,-104.772118,39.8055697,9/30/2022 7:10,7:10,3,0,0,N TOWER RD & E 60TH AVE,1,1,0,0,1,1,0,0,,0,0,0,0,0,4,2,16
,2022-36491,-105.008764,39.72157316,9/30/2022 9:39,9:39,12,0,0,I-25 & W 6TH AVE,1,1,1,0,1,14,0,0,55,0,0,0,0,0,1,2,13
,2022-36492,-104.9899459,39.77909801,9/25/2022 21:02,21:02,15,0,0,I-70 EB ON RAMP & I-25 SB OFF RAMP,1,1,0,0,1,8,0,0,65,0,0,0,0,0,1,2,13
,2022-36494,-104.9522761,39.74015741,8/20/2022 1:55,1:55,5,0,0,E COLFAX AVE & N MILWAUKEE ST,1,3,0,0,3,4,0,0,30,0,0,0,0,0,2,1,16
,2022-36496,-105.0347262,39.65770021,6/25/2022 16:54,16:54,12,0,0,W GIRARD AVE & S LOWELL BLVD,1,1,0,0,1,1,0,0,25,0,0,0,0,0,4,2,14
,2022-36497,-104.9763941,39.72560411,9/14/2022 9:00,9:00,10,0,0,E 6TH AVE & N EMERSON ST,1,1,0,1,1,1,0,0,30,0,0,0,0,0,4,2,16
,2022-36499,-104.9731489,39.71738474,8/25/2022 20:10,20:10,16,0,0,25 N DOWNING ST & E SPEER BLVD,1,3,0,0,5,7,0,0,,0,0,0,0,0,3,2,16
,2022-36501,-104.955834,39.72411353,9/30/2022 10:01,10:01,10,0,0,5TH AVE & 2500 BLK E ,1,1,0,0,1,9,0,0,25,0,0,0,0,0,4,2,16
,2022-36504,-104.71176,39.83361087,8/31/2022 21:00,21:00,15,0,0,PENA BLVD & N GUN CLUB ROAD (APPROX),1,3,0,0,1,4,0,1,65,0,0,0,0,0,4,2,14
,2022-36505,-104.9407877,39.72253916,8/27/2022 21:40,21:40,9,0,1,N COLORADO BLVD & E 4TH AVE,1,3,1,0,1,1,0,0,35,0,0,0,1,2,2,1,14
,2022-36507,-104.8749702,39.67053619,9/2/2022 15:31,15:31,10,0,0,S DAYTON WAY & 2525 BLK,1,1,1,0,1,2,0,0,25,0,0,0,0,0,4,2,1
,2022-36508,-104.9606697,39.75446879,9/15/2022 11:38,11:38,12,0,0,26TH AVE & 2200 E ,1,1,0,0,1,3,0,0,30,0,0,0,0,0,4,2,1
,2022-36509,-104.9820384,39.7597447,9/8/2022 0:20,0:20,6,0,0,LAWRENCE ST & 2800 BLK,1,3,0,0,3,4,0,0,25,0,0,0,0,0,4,2,16
,2022-36510,-105.0343746,39.67859637,9/9/2022 21:02,21:02,11,0,1,W EVANS AVE & S LOWELL BLVD,11,3,0,1,1,1,0,0,25,0,1,0,0,3,4,1,16
,2022-36511,-104.8292291,39.7722424,5/30/2022 3:21,3:21,8,2,1,I-225 NB OFF RAMP & I-70 WB ON RAMP,1,3,1,0,1,8,0,0,55,0,0,0,0,4,1,2,6
,2022-36512,-104.8230214,39.78989125,8/13/2022 21:50,21:50,6,0,0,E 52ND AVE & N CARSON ST,1,3,0,0,1,4,0,0,30,0,0,0,0,0,4,4,9
,2022-36513,-105.0312248,39.71123654,8/8/2022 19:49,19:49,1,0,1,W ALAMEDA AVE & S JULIAN ST,1,1,0,0,1,1,0,0,35,0,0,0,0,1,2,2,16
,2022-36514,-104.9786875,39.7336981,9/15/2022 17:25,17:25,3,0,2,N WASHINGTON ST & E 11TH AVE,1,1,0,0,1,1,0,0,,0,0,0,0,1,4,2,16
,2022-36515,-104.9593444,39.70475358,9/30/2022 13:10,13:10,12,0,0,UNIVERSITY BLVD & 600 BLK S ,1,1,0,0,1,4,0,0,35,0,0,0,0,0,4,2,13
,2022-36516,-104.8848012,39.65211447,9/9/2022 22:10,22:10,12,0,0,S YOSEMITE ST & 3535 BLK,11,4,0,1,1,2,0,0,35,0,0,0,0,0,4,2,13
,2022-36518,-105.0249302,39.72512622,9/11/2022 2:03,2:03,1,0,0,N FEDERAL BLVD & W 6TH AVE EB ON RAMP,11,3,0,0,1,1,0,0,,0,0,0,0,0,2,2,16
,2022-36519,-105.0252802,39.70040373,5/19/2022 15:20,15:20,12,0,0,W KENTUCKY AVE & S FEDERAL BLVD,1,1,0,0,1,4,0,0,,0,0,0,0,0,4,2,16
,2022-36520,-104.8987254,39.65307719,9/29/2022 22:50,22:50,3,0,0,E HAMPDEN AVE & S TAMARAC DR,1,3,0,0,1,1,0,0,40,0,0,0,0,0,2,2,13
,2022-36521,-104.9991195,39.71120695,7/2/2022 23:36,23:36,5,0,1,I-25 & W ALAMEDA AVE,1,3,1,0,1,4,0,0,60,0,0,0,0,3,1,5,16
,2022-36523,-104.9823387,39.74327188,9/3/2022 23:10,23:10,12,0,1,E 17TH AVE & N LOGAN ST,1,3,0,0,1,1,0,0,35,0,0,0,0,1,4,2,16
,2022-36524,-104.9860405,39.73684737,9/1/2022 7:20,7:20,12,0,0,E 13TH AVE & N LINCOLN ST,1,1,1,0,1,1,0,0,30,0,0,0,0,0,4,2,16
,2022-36525,-104.9707273,39.73687181,9/5/2022 0:00,0:00,6,0,0,E 13TH AVE & N LAFAYETTE ST,1,4,0,0,1,4,0,0,30,0,0,0,0,0,4,2,13
,2022-36526,-105.0238585,39.70122283,8/17/2022 23:15,23:15,6,0,0,S ELIOT ST & 848 BLK,1,4,0,0,1,4,0,0,25,0,0,0,0,0,4,2,16
,2022-36527,-104.9961374,39.75287946,9/26/2022 22:40,22:40,6,0,0,BLAKE ST & 1800 BLK ,1,3,0,0,1,4,0,0,25,0,0,0,1,0,4,2,16
,2022-36528,-104.9132294,39.66762385,9/1/2022 19:55,19:55,12,0,0,E YALE AVE & S MONACO ST,1,2,0,0,1,4,0,0,35,0,0,0,0,0,4,2,13
,2022-36529,-104.9815679,39.74002348,8/4/2022 15:40,15:40,6,0,0,E COLFAX AVE & N PENNSYLVANIA ST,1,1,0,0,1,4,0,0,,0,0,0,0,0,2,2,16
,2022-36530,-104.9593288,39.69839718,9/7/2022 16:30,16:30,6,0,0,E TENNESSEE AVE & S UNIVERSITY BLVD,1,1,0,0,1,1,0,0,,0,0,0,0,0,4,2,16
,2022-36531,-104.9787371,39.73944884,9/1/2022 10:45,10:45,6,0,0,N WASHINGTON ST & E COLFAX AVE,1,1,0,0,1,4,0,0,,0,0,0,0,0,4,2,16
,2022-36532,-104.8852246,39.63139316,9/29/2022 16:10,16:10,1,0,0,E UNION AVE & S YOSEMITE ST,1,2,1,0,1,1,0,0,35,0,0,0,0,0,4,2,13
,2022-36533,-104.903607,39.77822269,8/26/2022 13:55,13:55,15,0,1,I-70 & QUEBEC ST,1,1,0,0,1,4,0,0,55,0,0,0,0,1,1,2,16
,2022-36534,-105.023853,39.71108594,9/3/2022 4:08,4:08,9,0,0,W ALAMEDA AVE & S ELIOT ST,1,3,0,0,6,4,0,0,,0,0,0,0,0,2,1,16
,2022-36535,-104.9879606,39.74441622,8/28/2022 17:28,17:28,12,0,0,TREMONT PL & 17TH ST,1,1,0,0,1,2,0,0,25,0,0,0,0,0,4,2,16
,2022-36536,-104.8701258,39.70886276,9/20/2022 1:38,1:38,6,0,0,S FULTON ST & S GALENA WY,1,3,0,0,1,4,0,0,25,0,0,0,0,0,4,3,16
,2022-36540,-104.9874047,39.73775631,9/9/2022 14:10,14:10,12,0,3,N BROADWAY ST & W 14TH AVE,1,1,0,0,1,4,0,0,30,0,0,0,0,1,4,2,13
,2022-36542,-105.0047562,39.76115807,9/12/2022 7:45,7:45,15,0,0,I-25 & 20TH ST,1,1,1,0,1,4,0,0,55,0,0,0,0,0,1,2,16
,2022-36544,-105.0001485,39.72570812,10/1/2022 3:57,3:57,3,0,0,W 6TH AVE & N KALAMATH ST,11,3,0,0,1,1,0,0,35,0,0,0,0,0,2,2,8
,2022-36547,-104.9503589,39.78918774,10/1/2022 6:45,6:45,6,0,0,51ST AVE & 3131 BLK E ,1,1,0,0,1,4,0,0,25,0,0,0,0,0,4,4,16
,2022-36550,-104.9406038,39.74739362,10/1/2022 17:20,17:20,2,0,1,N COLORADO BLVD & E MONTVIEW BLVD,1,1,0,0,1,3,0,0,35,1,0,0,0,2,2,1,16
,2022-36553,-104.8474185,39.76860567,9/30/2022 18:03,18:03,14,0,1,N PEORIA ST & E 37TH AVE,11,2,1,1,6,4,0,0,35,0,0,0,0,1,4,3,3
,2022-36555,-105.0064273,39.78326345,10/1/2022 3:27,3:27,5,0,1,I-70 & N PECOS ST,11,3,0,1,6,14,0,0,65,0,0,0,0,2,1,1,12
,2022-36564,-104.9494905,39.73987162,10/1/2022 8:50,8:50,6,0,0,COLFAX AVE & 3200 BLK E ,1,1,0,0,1,4,0,0,35,0,0,0,0,0,2,3,13
,2022-36575,-104.9687045,39.71111737,10/1/2022 12:53,12:53,5,0,0,E ALAMEDA AVE & S FRANKLIN ST,1,1,0,0,3,3,0,0,35,0,0,0,0,0,4,1,16
,2022-36577,-104.9968955,39.7384608,9/30/2022 23:22,23:22,3,0,0,W 14TH AVE & N SPEER BLVD,11,3,3,7,1,1,0,0,30,0,0,0,0,0,4,2,16
,2022-36578,-105.0345727,39.78344353,10/1/2022 2:13,2:13,12,0,0,I-70 & N LOWELL BLVD,1,3,0,0,1,4,0,0,55,0,0,0,0,0,1,2,13
,2022-36585,-104.990008,39.71117084,10/1/2022 16:52,16:52,3,0,0,W ALAMEDA AVE & S BANNOCK ST,1,1,0,0,1,1,0,0,35,0,0,0,0,0,4,2,13
,2022-36593,-104.7904796,39.78359661,9/30/2022 17:35,17:35,12,0,0,PENA BLVD & E GREEN VALLEY RANCH BLVD,11,1,1,1,1,8,0,0,45,0,0,0,0,0,4,2,11
,2022-36596,-105.0816843,39.63874108,10/1/2022 11:30,11:30,12,0,0,W QUINCY AVE & S WADSWORTH BLVD,1,1,0,0,1,3,0,0,45,0,0,0,0,0,4,2,13
,2022-36602,-104.8657287,39.77562189,9/30/2022 22:40,22:40,15,0,0,I-70 & N HAVANA ST,11,3,0,1,1,4,0,0,55,0,0,0,0,0,1,2,12
,2022-36608,-104.900619,39.78314422,10/1/2022 6:05,6:05,15,0,0,QUEBEC ST & 4700 BLK N ,1,2,0,0,1,4,0,0,40,0,0,0,0,0,2,2,8
,2022-36637,-104.8987254,39.65307764,10/2/2022 14:02,14:02,1,0,1,E HAMPDEN AVE & S TAMARAC DR,1,1,1,0,1,1,0,0,45,0,0,0,0,3,2,2,16
,2022-36639,-104.772295,39.79839661,8/18/2022 22:50,22:50,12,0,0,E 56TH AVE & N TOWER RD,1,3,0,0,1,3,0,0,45,0,0,0,0,0,4,2,16
,2022-36640,-105.0561041,39.67552667,10/1/2022 21:42,21:42,6,0,0,WARREN AVE & 5500 BLK W,1,3,0,0,1,4,0,0,25,0,0,0,0,0,4,3,1
,2022-36641,-104.8826608,39.77726182,10/1/2022 18:14,18:14,5,0,1,I-270 & DIRECT CONNECT FROM I-70,1,1,0,0,2,4,0,0,55,0,0,0,0,1,1,1,3
,2022-36644,-105.0252116,39.78383455,10/1/2022 22:29,22:29,12,0,0,N FEDERAL BLVD & I-70 EB RAMPS,1,3,0,0,1,1,0,0,35,0,0,0,0,0,2,2,13
,2022-36646,-105.0425778,39.69897348,10/1/2022 21:38,21:38,6,0,0,RALEIGH ST & 900 BLK S ,1,3,0,0,2,2,0,0,25,0,0,0,0,0,4,2,10
,2022-36647,-105.012906,39.75519984,9/30/2022 13:44,13:44,12,0,0,I-25 & 15TH ST,1,1,0,0,1,4,0,0,,0,0,0,0,0,1,2,16
,2022-36648,-104.9696813,39.74164899,9/16/2022 17:00,17:00,3,0,0,E 16TH AVE & N HUMBOLDT ST,1,1,3,0,1,1,0,0,30,0,0,0,0,0,4,2,1
,2022-36649,-104.9949384,39.76798043,10/1/2022 23:42,23:42,15,0,0,I-25 & PARK AVE W EXIT,1,3,1,0,1,4,0,0,55,0,0,0,0,0,2,2,16
,2022-36651,-105.0532418,39.76209505,9/21/2022 19:43,19:43,3,0,0,N SHERIDAN BLVD & W 32ND AVE,11,3,1,1,1,1,0,0,35,0,0,0,0,0,2,2,9
,2022-36652,-104.9823294,39.74084351,10/2/2022 14:50,14:50,6,0,1,LOGAN ST & 1500 BLK N ,1,1,0,0,1,4,0,0,30,0,0,0,0,1,4,2,16
,2022-36653,-104.8323604,39.79349189,10/2/2022 1:40,1:40,6,0,0,55TH AVE & 13360 BLK E,1,3,0,0,1,4,0,0,,0,0,0,0,0,4,2,16
,2022-36654,-105.005278,39.76801223,9/16/2022 23:00,23:00,6,0,0,OSAGE ST 3600 BLK N  & W 37TH AVE,1,3,0,0,1,3,0,0,25,0,0,0,0,0,4,2,3
,2022-36655,-104.9861267,39.73455355,9/24/2022 22:34,22:34,12,0,0,LINCOLN ST & 1100 BLK N,1,3,0,0,1,4,0,0,,0,0,0,0,0,4,2,16
,2022-36656,-104.9928054,39.74067781,9/15/2022 14:13,14:13,6,0,0,TREMONT PL 1300 BLK  & 13TH  ST,1,1,0,0,1,4,0,0,,0,0,0,0,0,4,2,16
,2022-36658,-104.9582368,39.77946345,9/28/2022 15:55,15:55,12,0,0,JOSEPHINE ST & 4500 BLK N,1,1,0,0,1,1,0,0,,0,0,0,0,0,4,2,16
,2022-36661,-105.0217658,39.73593567,6/7/2022 15:09,15:09,6,0,1,N DECATUR ST & W HOLDEN PL,1,1,0,0,1,2,0,0,35,0,0,0,0,3,4,4,14
,2022-36663,-105.0205198,39.78020353,9/27/2022 9:10,9:10,6,0,0,46TH AVE & 2700 BLK W ,1,1,0,0,1,4,0,0,,0,0,0,0,0,4,2,16
,2022-36664,-104.9918917,39.74867829,9/21/2022 16:29,16:29,12,0,0,18TH ST & CURTIS ST,11,1,0,0,1,4,0,0,30,0,0,0,0,0,4,2,13
,2022-36665,-104.8178072,39.77351169,10/1/2022 20:43,20:43,6,0,1,E ANDREWS DR & E 43RD AVE,1,3,0,0,1,4,0,0,30,0,0,0,0,2,4,3,3
,2022-36666,-104.9730145,39.73867586,8/30/2022 23:00,23:00,6,0,0,N DOWNING ST & E 14TH AVE,1,4,0,0,1,1,0,0,25,0,0,0,0,0,4,2,9
,2022-36667,-105.044299,39.74033329,9/15/2022 7:56,7:56,15,0,0,COLFAX AVE 4400 BLK W  & N TENNYSON ST,1,1,0,0,1,3,0,0,,0,0,0,0,0,2,2,16
,2022-36668,-105.0910499,39.62415457,10/1/2022 18:07,18:07,1,0,0,W BELLEVIEW AVE & S WADSWORTH BLVD,1,1,0,0,1,1,0,0,35,0,0,0,0,0,2,2,13
,2022-36669,-104.9006467,39.76737016,10/2/2022 13:25,13:25,1,0,0,36TH AVE & 7506 BLK E ,1,1,0,0,1,1,0,0,35,0,0,0,0,0,4,2,11
,2022-36670,-104.8827892,39.77711852,10/2/2022 10:07,10:07,12,0,1,I-70 & N CENTRAL PARK BLVD,1,1,0,0,1,4,0,0,55,0,0,0,0,1,1,2,3
,2022-36671,-104.9821884,39.77969589,10/2/2022 1:52,1:52,15,0,0,I-70 & WASHINGTON ST OFF RAMP,1,3,1,0,1,4,0,0,65,0,0,0,0,0,1,2,3
,2022-36672,-104.9128794,39.68005037,10/1/2022 21:44,21:44,12,0,0,MONACO ST & 2000 BLK S ,1,3,0,0,1,4,0,0,45,0,0,0,0,0,4,2,3
,2022-36674,-105.0065004,39.75432841,10/2/2022 1:17,1:17,12,0,0,15TH ST & LITTLE RAVEN ST,14,5,3,7,1,1,0,0,30,0,0,0,0,0,4,2,14
,2022-36750,-105.0203711,39.70042482,10/3/2022 15:41,15:41,6,0,0,W KENTUCKY AVE & S CLAY ST,1,1,0,0,1,4,0,0,25,0,0,0,0,0,4,2,2
,2022-36751,-104.9034588,39.73289501,10/3/2022 17:20,17:20,10,0,0,N QUEBEC ST & E 11TH AVE,11,1,0,0,1,1,0,0,30,0,0,0,0,0,4,2,13
,2022-36754,-104.9034947,39.71128237,10/1/2022 8:10,8:10,3,0,2,S QUEBEC ST & E ALAMEDA AVE,1,2,0,0,1,1,0,0,35,0,0,0,0,2,4,2,11
,2022-36755,-104.8203463,39.7865005,10/1/2022 12:15,12:15,3,0,0,N DEEPHAVEN CT & E 51ST AVE,1,1,0,0,1,1,0,0,30,0,0,0,0,0,4,2,1
,2022-36756,-104.8993158,39.65318206,10/3/2022 17:49,17:49,12,0,3,E HAMPDEN AVE & S TAMARAC ST,1,1,1,0,1,3,0,0,35,0,0,0,0,3,2,5,3
,2022-36757,-105.0126877,39.75536708,10/3/2022 13:27,13:27,12,0,1,I-25 & N SPEER BLVD,1,1,0,0,1,4,0,0,55,0,0,0,0,1,1,2,16
,2022-36758,-105.025149,39.72933,10/3/2022 20:14,20:14,5,0,1,N FEDERAL BLVD & W 6TH AVE,11,3,0,1,6,4,0,0,35,0,0,0,0,1,2,1,13
,2022-36761,-104.9593894,39.66680361,9/30/2022 15:39,15:39,12,0,0,UNIVERSITY BLVD & 2700 BLK S ,11,1,0,1,1,4,0,0,35,0,0,0,0,0,4,2,12
,2022-36766,-105.0130414,39.75524965,9/30/2022 14:16,14:16,12,0,0,N SPEER BLVD & I-25,1,1,0,0,1,4,0,0,55,0,0,0,0,0,1,3,16
,2022-36767,-105.0249811,39.72520371,10/2/2022 18:26,18:26,3,0,0,N FEDERAL BLVD & W 6TH AVE EB RAMPS,1,4,0,0,1,1,0,0,35,0,0,0,0,0,2,3,13
,2022-36769,-104.9584395,39.77395496,8/27/2022 23:54,23:54,2,0,1,N JOSEPHINE ST & E 41ST AVE,1,4,3,0,1,1,0,0,,1,0,0,0,3,4,1,16
,2022-36770,-105.01789,39.7293155,10/3/2022 12:03,12:03,3,0,1,8TH AVE & 2500 BLK W ,1,1,0,0,1,2,0,0,30,0,0,0,0,1,4,2,13
,2022-36771,-104.9930613,39.7578469,6/4/2022 18:30,18:30,15,0,0,22ND ST & 1600 BLK,1,1,0,0,1,4,0,0,,0,0,0,0,0,4,2,16
,2022-36772,-104.7777208,39.79841307,10/3/2022 5:25,5:25,12,0,1,56TH AVE & 17800 BLK E ,1,3,0,0,1,4,0,0,35,0,0,0,0,1,4,3,1
,2022-36775,-104.9948183,39.76775329,10/2/2022 1:04,1:04,5,0,0,PARK AVE W & I-25,1,3,3,0,6,8,0,0,25,0,0,0,0,0,4,1,16
,2022-36776,-105.0532151,39.73697556,8/21/2022 0:49,0:49,12,0,1,N SHERIDAN BLVD & W 13TH AVE,1,4,0,0,1,4,0,0,,1,0,0,0,3,2,1,16
,2022-36777,-104.9594009,39.77289402,9/30/2022 8:05,8:05,3,0,0,N YORK ST & E 40TH AVE,1,1,0,0,1,1,0,0,45,0,0,0,0,0,4,2,16
,2022-36781,-105.0532498,39.72565601,10/1/2022 10:50,10:50,12,0,0,N SHERIDAN BLVD & W 6TH AVE EB ON RAMP,1,1,1,0,1,3,0,0,30,0,0,0,0,0,2,2,16
,2022-36782,-105.0001549,39.73447355,10/2/2022 16:57,16:57,6,0,0,KALAMATH ST & 1100 BLK N ,1,1,0,0,1,4,0,0,30,0,0,0,0,0,4,3,2
,2022-36784,-105.0126877,39.75536708,9/30/2022 13:55,13:55,12,0,4,I-25 & N SPEER BLVD,1,1,0,0,1,4,0,0,55,0,0,0,0,1,1,5,16
,2022-36785,-105.0186394,39.74055409,10/1/2022 19:14,19:14,15,0,0,W COLFAX AVE & I-25 ,1,3,0,0,1,4,0,0,35,0,0,0,0,0,2,3,14
,2022-36792,-104.9875672,39.67851948,8/18/2022 23:19,23:19,11,0,1,E EVANS AVE & S BROADWAY ST,1,3,0,0,6,1,0,0,30,0,1,0,0,3,4,1,1
,2022-36794,-104.9222661,39.67847173,9/11/2022 19:11,19:11,3,0,1,E EVANS AVE & S HOLLY ST,1,2,0,0,1,1,0,0,35,0,0,0,0,1,4,3,16
,2022-36799,-104.9088825,39.62534816,10/2/2022 11:30,11:30,3,0,0,S NIAGARA ST & E CHENANGO AVE,1,1,0,0,1,1,0,0,25,0,0,0,0,0,4,2,3
,2022-36800,-104.9628658,39.70386146,10/1/2022 13:31,13:31,3,0,0,S VINE ST & E EXPOSITION AVE,1,1,0,0,1,1,0,0,25,0,0,0,0,0,4,2,16
,2022-36801,-104.8417024,39.78058134,10/1/2022 20:11,20:11,3,0,1,E ALBROOK DR & N TULSA CT,1,3,0,0,1,1,0,0,35,0,0,0,0,1,4,2,16
,2022-36802,-105.0161967,39.74035858,10/1/2022 10:32,10:32,12,0,2,COLFAX AVE & 2000 BLK W ,1,1,0,0,1,4,0,0,40,0,0,0,0,1,2,2,3
,2022-36803,-104.9985776,39.72253338,10/2/2022 12:32,12:32,3,0,0,W 4TH AVE & N SANTA FE DR,1,1,0,0,1,1,0,0,25,0,0,0,0,0,4,2,13
,2022-36804,-104.8203463,39.7865005,10/2/2022 19:17,19:17,3,0,3,E 51ST AVE & N DEEPHAVEN CT,1,3,0,0,1,1,0,0,30,0,0,0,0,2,4,2,13
,2022-36805,-104.9034429,39.68486267,9/17/2022 11:54,11:54,1,1,2,S QUEBEC ST & CHERRY CREEK S DR,1,1,0,0,1,1,0,0,35,0,0,0,0,4,4,2,1
,2022-36806,-104.9124359,39.75471605,9/27/2022 15:10,15:10,3,0,1,N MONACO ST & E 26TH AVE,1,1,0,0,1,1,0,0,30,0,0,0,0,1,4,3,16
,2022-36808,-105.0139479,39.74044196,10/1/2022 12:48,12:48,12,0,3,W COLFAX AVE & I-25,1,1,0,0,1,1,0,0,35,0,0,0,0,3,2,2,1
,2022-36809,-104.940644,39.67482054,9/30/2022 15:54,15:54,1,0,0,S COLORADO BLVD & E ILIFF AVE,11,1,0,1,1,1,0,0,35,0,0,0,0,0,2,2,10
,2022-36811,-104.9046426,39.75101672,10/3/2022 15:25,15:25,3,0,0,N POPLAR ST & E 23RD AVE,1,1,0,0,1,1,0,0,25,0,0,0,0,0,4,2,13
,2022-36812,-105.0133487,39.72550245,10/3/2022 6:50,6:50,12,0,1,I-25 & W 6TH AVE,1,1,1,0,1,4,0,0,55,0,0,0,0,1,1,2,3
,2022-36813,-104.9891902,39.72413844,10/2/2022 13:35,13:35,3,0,1,N ACOMA ST & W 5TH AVE,1,1,0,0,1,1,0,0,30,0,0,0,0,1,4,2,11
,2022-36816,-104.8858189,39.74380516,7/31/2022 20:47,20:47,11,0,1,E 17TH AVE & N XENIA ST,1,3,0,0,1,1,0,0,,0,1,0,0,3,4,1,16
,2022-36817,-105.0250114,39.68497788,9/4/2022 21:30,21:30,11,0,1,S FEDERAL BLVD & W COLORADO AVE,1,3,0,0,1,1,0,0,0,0,1,0,0,3,2,1,16
,2022-36819,-104.9182339,39.65307809,9/10/2022 3:56,3:56,5,0,0,I-25 & E HAMPDEN AVE,14,3,1,1,2,4,0,0,65,0,0,0,0,0,1,1,16
,2022-36821,-104.77202,39.81824702,10/2/2022 18:57,18:57,11,0,1,HIGH POINT BLVD & N TOWER RD,1,4,0,0,1,1,0,0,25,0,1,0,0,2,4,1,11
,2022-36822,-104.7905078,39.78162766,9/4/2022 11:05,11:05,12,0,1,PENA BLVD & 4400 BLK,1,1,0,0,1,4,0,0,65,0,0,0,1,3,4,2,3
,2022-36823,-104.9034952,39.76927724,9/29/2022 18:35,18:35,5,0,1,QUEBEC ST & E 38TH AVE,1,1,0,0,1,4,0,0,35,0,0,0,1,1,4,1,13
,2022-36828,-104.9958624,39.73603245,10/3/2022 9:20,9:20,12,0,1,SPEER BLVD & 1200 BLK N ,1,1,0,0,1,4,0,0,35,0,0,0,0,1,4,2,1
,2022-36829,-104.8097976,39.78374358,10/1/2022 13:40,13:40,1,0,0,E GVR BLVD & N CHAMBERS RD,1,1,0,0,1,1,0,0,35,0,0,0,0,0,4,2,16
,2022-36830,-104.9717789,39.72908027,10/1/2022 12:23,12:23,3,0,1,N MARION ST & E 8TH AVE,1,1,0,0,1,1,0,0,25,0,0,0,0,2,4,2,11
,2022-36831,-105.0250486,39.67864394,10/1/2022 6:16,6:16,12,0,0,S FEDERAL BLVD & W EVANS AVE,11,3,0,0,1,1,0,0,40,0,0,0,0,0,2,2,3
,2022-36832,-104.9822699,39.67856708,9/30/2022 17:14,17:14,12,0,0,EVANS AVE & 400 BLK E ,11,1,0,1,1,4,0,0,35,0,0,0,0,0,4,3,14
,2022-36833,-105.0158354,39.75630377,9/28/2022 23:21,23:21,11,0,0,N SPEER BLVD & N ZUNI ST,1,3,0,0,1,1,0,0,35,0,1,0,0,0,4,1,11
,2022-36834,-105.0346091,39.74879575,10/2/2022 14:50,14:50,3,0,0,W 21ST AVE & N LOWELL BLVD,1,1,0,0,1,1,0,0,25,0,0,0,0,0,4,2,1
,2022-36835,-105.0519711,39.73310161,9/6/2022 2:02,2:02,6,1,0,W 10TH AVE & ZENOBIA ST,1,3,0,0,1,4,0,0,30,0,0,0,1,4,4,2,10
,2022-36836,-104.9008648,39.78317434,10/3/2022 16:30,16:30,12,0,0,I-270 & QUEBEC ST,1,1,3,0,1,4,0,0,55,0,0,0,0,0,1,2,16
,2022-36837,-105.034607,39.78376219,10/3/2022 19:27,19:27,3,0,0,W 48TH AVE & N LOWELL BLVD,11,3,0,1,1,1,0,0,35,0,0,0,0,0,4,2,13
,2022-36840,-105.0131182,39.72551753,9/30/2022 13:45,13:45,12,0,0,I-25 & W 6TH AVE,1,1,0,0,1,4,0,0,55,0,0,0,0,0,1,2,16
,2022-36843,-105.0232297,39.74749698,10/3/2022 1:35,1:35,5,0,2,MILE HIGH STADIUM CIR & W 20TH AVE,1,3,1,0,4,1,0,0,30,0,0,0,0,2,4,1,1
,2022-36847,-105.0532234,39.65616407,10/2/2022 9:30,9:30,1,0,0,S SHERIDAN BLVD & W DARTMOUTH AVE,1,1,0,0,1,1,0,0,35,0,0,0,0,0,2,2,16
,2022-36848,-105.0212979,39.74043217,8/17/2022 22:38,22:38,11,1,0,W COLFAX AVE & MM 296.416,1,4,0,0,1,4,0,0,40,0,1,0,0,4,2,1,16
,2022-36850,-105.0299249,39.71109348,8/23/2022 22:02,22:02,11,0,1,S IRVING ST & W ALAMEDA AVE,1,3,0,7,1,1,0,0,,0,0,1,0,2,2,1,16
,2022-36859,-105.0252229,39.74757771,9/29/2022 15:09,15:09,3,0,3,N FEDERAL BLVD & W 20TH AVE,1,1,0,0,1,1,0,1,35,0,0,0,0,1,2,3,1
,2022-36861,-104.7775412,39.78379359,10/1/2022 17:12,17:12,12,0,2,GVR BLVD & 17900 BLK E ,1,1,0,0,1,4,0,0,45,0,0,0,0,2,4,3,16
,2022-36862,-104.7718785,39.83341565,9/30/2022 17:50,17:50,15,0,0,PENA BLVD & N TOWER RD,11,1,0,1,1,4,0,0,65,0,0,0,0,0,4,3,1
,2022-36863,-104.9905766,39.72892843,9/1/2022 7:19,7:19,9,0,1,W 8TH AVE & N SPEER BLVD,1,1,0,0,1,1,0,0,30,0,1,0,0,2,4,1,14
,2022-36866,-104.8917172,39.69658321,9/2/2022 21:40,21:40,5,0,0,E MISSISSIPPI AVE & S VALENTIA ST,1,3,0,0,6,4,0,0,35,0,0,0,0,0,4,1,16