id,drcog_id,longitude,latitude,crashtime,time,crashtype,numbkilled,numbinjurd,drcoglocat,rdconditin,lightngcon,roadcntgrd,weatherco,location,roaddescrp,schoolzone,constrzone,splimit,bikeinv,pedinv,sctrinv,motoinv,svrty,rdsystem,ttlvehcls,hcf
,2022-36871,-104.7154898,39.83646684,9/29/2022 14:06,14:06,12,0,0,N GUN CLUB RD & E 77TH AVE,1,1,0,0,1,1,0,0,35,0,0,0,0,0,4,2,13
,2022-36873,-105.0326977,39.71112669,9/27/2022 23:53,23:53,3,0,2,MORRISON RD & W ALAMEDA AVE,1,3,0,0,1,1,0,0,30,0,0,0,0,2,2,2,16
,2022-36875,-105.0498478,39.73036352,10/2/2022 15:48,15:48,6,0,0,XAVIER ST & 800 BLK N ,1,1,1,0,1,4,0,0,25,0,0,0,0,0,4,2,16
,2022-36876,-104.8684204,39.65351315,9/28/2022 20:56,20:56,8,0,1,E HAMPDEN AVE & S GALENA ST,1,2,0,0,6,4,0,0,35,0,0,0,0,2,2,2,14
,2022-36878,-104.9034551,39.74378519,9/29/2022 17:37,17:37,3,0,0,E 17TH AVE & N QUEBEC ST,1,1,0,0,1,1,0,0,30,0,0,0,0,0,4,2,14
,2022-36879,-105.0130163,39.72542371,9/29/2022 8:56,8:56,12,0,0,I-25 & W 6TH AVE,1,1,1,0,1,14,0,0,55,0,0,0,0,0,1,4,16
,2022-36880,-105.0490273,39.74034967,8/24/2022 23:20,23:20,11,0,1,W COLFAX AVE & N WOLFF ST,1,3,0,0,1,4,0,0,0,0,1,0,0,3,2,1,16
,2022-36883,-105.0404893,39.74152027,9/26/2022 15:02,15:02,11,0,0,N QUITMAN ST & W CONEJOS PL,1,1,0,0,1,1,0,0,25,0,1,0,0,0,4,1,13
,2022-36885,-105.0532427,39.69707679,8/22/2022 21:01,21:01,11,1,0,S SHERIDAN BLVD & MORRISON RD,1,3,0,0,1,3,0,0,0,0,1,0,0,4,2,1,16
,2022-36886,-105.0532407,39.78354905,9/17/2022 17:05,17:05,12,0,0,I-70 WB OFF RAMP & N SHERIDAN BLVD,1,1,1,0,1,1,0,0,,0,0,0,0,0,2,2,3
,2022-36887,-104.9040084,39.63866273,9/14/2022 16:07,16:07,1,0,2,E QUINCY AVE & S QUEBEC ST,1,1,0,0,1,1,0,0,35,0,0,0,0,3,4,2,10
,2022-36888,-104.9822999,39.7351536,8/16/2022 20:57,20:57,2,0,1,E 12TH AVE & N LOGAN ST,1,3,0,0,1,1,0,0,25,1,0,0,0,3,4,1,13
,2022-36889,-104.8998921,39.73292883,9/26/2022 15:45,15:45,12,0,0,N ROSEMARY ST & E 11TH AVE,1,1,1,0,1,4,0,0,25,0,0,0,1,0,4,2,16
,2022-36891,-105.0131182,39.72551753,10/1/2022 16:47,16:47,12,0,0,I-25 & W 6TH AVE,11,1,2,1,1,4,0,0,55,0,0,0,0,0,1,3,16
,2022-36892,-104.9971586,39.71119415,8/20/2022 22:05,22:05,11,0,1,W ALAMEDA AVE & S SANTA FE DR,1,3,0,0,6,1,0,0,30,0,1,0,0,3,4,1,1
,2022-36893,-105.0170733,39.75013661,9/16/2022 17:42,17:42,9,0,0,I-25  & W 23RD AVE,1,1,0,0,1,4,0,0,55,0,0,0,1,0,1,1,16
,2022-36993,-105.05329,39.71499755,9/16/2022 19:20,19:20,12,0,0,S SHERIDAN BLVD & W BAYAUD AVE,1,2,0,0,1,1,0,0,40,0,0,0,0,0,2,2,7
,2022-37076,-105.0532106,39.7398843,9/20/2022 6:02,6:02,9,0,0,SHERIDAN BLVD & W COLFAX AVE,1,3,0,0,1,4,0,0,35,0,0,0,1,0,2,1,1
,2022-37083,-105.0532884,39.71459359,9/17/2022 11:00,11:00,12,0,0,S SHERIDAN BLVD & W CEDAR AVE,1,1,0,0,1,4,0,0,35,0,0,0,0,0,2,2,14
,2022-37136,-105.0442573,39.68821575,9/16/2022 8:13,8:13,3,0,0,W IOWA AVE & S TENNYSON ST,1,1,0,0,1,1,0,0,25,0,0,0,0,0,2,2,16
,2022-37137,-104.9518116,39.74379703,9/14/2022 16:42,16:42,6,0,0,17TH AVE & FILLMORE ST,1,1,0,0,1,4,0,0,30,0,0,0,0,0,4,2,11
,2022-37138,-104.9297998,39.74015856,9/30/2022 16:48,16:48,8,0,0,ELM ST & 1500 BLK N,14,1,3,7,6,4,0,0,25,0,0,0,0,0,4,2,16
,2022-37139,-104.9827792,39.7129467,10/2/2022 18:22,18:22,3,0,2,S LOGAN ST & E CEDAR AVE,1,1,0,0,1,3,0,0,,0,0,0,0,2,4,2,16
,2022-37140,-104.9034361,39.74867273,10/4/2022 8:45,8:45,12,0,0,N QUEBEC ST & E 21ST AVE,1,1,0,0,1,1,0,0,30,0,0,0,0,0,4,2,13
,2022-37141,-105.0877,39.63481791,10/4/2022 12:45,12:45,3,0,0,S BALSAM WAY & W STANFORD AVE,1,1,0,0,1,2,0,0,35,0,0,0,0,0,4,2,11
,2022-37142,-104.9211326,39.74102358,10/3/2022 14:15,14:15,6,0,0,IVANHOE ST & 1500 BLK N ,1,1,0,0,1,4,0,0,25,0,0,0,0,0,4,3,3
,2022-37146,-104.9559955,39.87777791,10/4/2022 15:07,15:07,15,0,0,CLAYTON ST & 100 BLK N ,1,1,0,0,1,4,0,0,25,0,0,0,0,0,4,2,11
,2022-37147,-104.9875693,39.67941353,10/4/2022 10:40,10:40,10,0,0,BROADWAY & 2000 BLK S ,1,1,0,0,1,2,0,0,35,0,0,0,0,0,4,2,11
,2022-37149,-104.9848466,39.7432774,10/4/2022 8:45,8:45,15,0,0,N SHERMAN ST & E 17TH AVE,1,1,0,0,1,1,0,0,25,0,0,0,0,0,4,2,8
,2022-37150,-105.020388,39.70435402,9/29/2022 21:35,21:35,6,0,0,CLAY ST & 670 BLK S ,1,3,0,0,1,4,0,0,25,0,0,0,0,0,4,2,11
,2022-37151,-105.0227937,39.78754514,9/18/2022 21:00,21:00,6,0,0,N ELM CT & W 50TH AVE,1,3,0,0,1,4,0,0,25,0,0,0,0,0,4,2,2
,2022-37153,-105.0252395,39.71498118,9/29/2022 6:05,6:05,3,0,0,S FEDERAL BLVD & W BAYAUD AVE,1,3,0,0,1,1,0,0,35,0,0,0,0,0,4,2,16
,2022-37155,-105.0416606,39.73940353,9/30/2022 13:16,13:16,6,0,0,RALEIGH ST & 1400 BLK N ,1,1,0,0,1,4,0,0,,0,0,0,0,0,4,2,16
,2022-37156,-105.0390615,39.6875697,10/4/2022 16:50,16:50,3,0,1,S PATTON CT & W IOWA AVE,1,1,0,0,1,1,0,0,20,0,0,0,0,1,4,2,11
,2022-37157,-104.9798959,39.74167092,10/2/2022 9:10,9:10,3,0,1,E 16TH AVE & N PEARL ST,1,1,0,0,1,1,0,0,25,0,0,0,0,1,4,2,2
,2022-37158,-105.0385067,39.71815061,10/4/2022 7:45,7:45,3,0,0,N OSCEOLA ST & W 1ST AVE,1,1,0,0,1,1,0,0,25,0,0,0,0,0,4,2,11
,2022-37159,-105.000148,39.73928344,10/4/2022 13:23,13:23,12,0,0,KALAMATH ST & 1400 BLK N ,1,1,0,0,1,4,0,0,30,0,0,0,0,0,4,2,13
,2022-37160,-104.9023194,39.73870784,10/4/2022 17:40,17:40,3,0,0,N QUINCE ST & E 14TH AVE,14,5,3,7,1,1,0,0,25,0,0,0,0,0,4,2,13
,2022-37161,-104.9405291,39.68311149,10/1/2022 0:44,0:44,5,0,3,I-25 & S COLORADO BLVD,1,3,0,7,3,4,0,0,65,0,0,0,0,1,1,1,16
,2022-37163,-105.0531324,39.72953531,10/4/2022 12:35,12:35,3,0,0,W 8TH AVE & N SHERIDAN BLVD,1,1,0,0,1,1,0,0,25,0,0,0,0,0,2,2,13
,2022-37170,-104.9022681,39.74379435,10/3/2022 15:05,15:05,3,0,0,N QUINCE ST & E 17TH AVE,1,1,0,0,1,1,0,0,30,0,0,0,0,0,4,2,8
,2022-37173,-104.9383986,39.7346846,10/4/2022 12:43,12:43,3,0,0,N ASH ST & E 12TH AVE,1,1,0,0,1,1,0,0,25,0,0,0,0,0,4,2,11
,2022-37174,-104.9647558,39.74322445,10/3/2022 10:00,10:00,1,0,0,HIGH ST & E 17TH AVE,1,1,0,0,1,1,0,0,25,0,0,0,0,0,4,2,3
,2022-37175,-104.9874502,39.72094395,9/25/2022 8:18,8:18,12,0,0,N BROADWAY & E 3RD AVE,1,1,0,0,1,1,0,0,,0,0,0,0,0,4,2,16
,2022-37176,-104.9690599,39.74001143,9/30/2022 10:26,10:26,12,0,0,COLFAX AVE & 1500 BLK E ,1,1,0,0,1,4,0,0,,0,0,0,0,0,2,2,16
,2022-37177,-104.8924131,39.63117733,9/16/2022 7:50,7:50,1,0,0,E UNION AVE & S DTC BLVD,1,1,0,0,1,1,0,0,40,0,0,0,0,0,4,2,7
,2022-37181,-105.0238582,39.70569689,10/3/2022 14:51,14:51,1,0,0,S ELIOT ST & W CENTER AVE,1,1,0,0,1,1,0,0,25,0,0,0,0,0,4,2,1
,2022-37183,-105.0237579,39.73388017,8/3/2022 10:20,10:20,16,0,0,2929 W 10TH AVE & PRIVATE PROPERTY,1,1,0,0,5,7,0,0,,0,0,0,0,0,3,2,16
,2022-37185,-104.9848574,39.73682024,9/8/2022 13:00,13:00,12,0,1,N SHERMAN ST & E 13TH AVE,1,1,0,0,1,4,0,0,30,0,0,0,0,1,4,2,16
,2022-37186,-104.7744733,39.78370353,10/4/2022 11:55,11:55,3,0,0,GVR BLVD & 18200 BLK E ,1,1,0,0,1,2,0,0,15,0,0,0,0,0,4,2,13
,2022-37187,-104.7667233,39.79768893,10/3/2022 17:00,17:00,6,0,0,E RANDOLPH PL & N CATHAY ST,1,1,0,0,1,4,0,0,20,0,0,0,0,0,4,2,1
,2022-37190,-104.7802139,39.77876446,9/30/2022 22:07,22:07,6,0,0,45TH AVE & 17800 BLK E ,11,3,0,1,1,4,0,0,30,0,0,0,0,0,4,2,16
,2022-37196,-105.053243,39.77069363,10/4/2022 6:38,6:38,15,0,0,SHERIDAN BLVD & 3800 BLK N ,1,1,0,1,1,4,0,0,35,0,0,0,0,0,2,2,16
,2022-37199,-104.9405458,39.68291817,10/1/2022 17:50,17:50,15,0,0,I-25 & S COLORADO BLVD,11,3,0,0,1,4,0,0,,0,0,0,0,0,1,2,16
,2022-37200,-105.0139596,39.74044224,10/4/2022 11:24,11:24,12,0,0,I-25 & W COLFAX AVE,1,1,0,0,1,4,0,0,55,0,0,0,0,0,1,2,16
,2022-37201,-105.0532879,39.71580359,10/3/2022 11:54,11:54,12,0,0,S SHERIDAN BLVD & W ELLSWORTH AVE,1,1,0,0,1,3,0,0,35,0,0,0,0,0,2,2,3
,2022-37202,-104.6792611,39.8329481,10/3/2022 22:08,22:08,3,0,0,E 75TH AVE & N PATSBURG ST,1,3,0,0,1,1,0,0,15,0,0,0,0,0,4,2,7
,2022-37207,-104.8989616,39.75768965,10/3/2022 7:34,7:34,2,0,1,E 29TH AVE & N SYRACUSE ST,1,1,0,0,1,1,0,0,30,1,0,0,0,1,4,1,11
,2022-37211,-105.0532518,39.78993355,10/4/2022 8:50,8:50,12,0,0,SHERIDAN BLVD & 5100 BLK N ,1,1,1,0,1,4,0,0,35,0,0,0,0,0,2,2,13
,2022-37212,-105.0346243,39.76481414,10/4/2022 13:30,13:30,6,0,0,LOWELL BLVD & 3300 BLK N ,1,1,0,0,1,4,0,0,30,0,0,0,0,0,4,2,3
,2022-37213,-105.0532459,39.72543745,10/4/2022 8:55,8:55,12,0,0,SHERIDAN BLVD & 500 BLK N ,1,1,1,0,1,3,0,0,35,0,0,0,0,0,4,2,12
,2022-37214,-105.0004897,39.73846675,9/24/2022 1:18,1:18,6,0,0,14TH AVE & 1000 BLK W ,1,3,0,0,1,4,0,0,25,0,0,0,0,0,4,2,16
,2022-37215,-104.9791463,39.7797555,10/3/2022 13:30,13:30,12,0,0,I-70 & N WASHINGTON ST,1,1,1,0,1,8,0,0,,0,0,0,0,0,1,2,16
,2022-37216,-105.0817955,39.63511829,10/4/2022 10:07,10:07,1,0,0,S WADSWORTH BLVD & W STANFORD AVE,1,1,0,0,1,1,0,0,40,0,0,0,0,0,2,2,11
,2022-37220,-104.9541088,39.78374963,10/4/2022 16:44,16:44,3,0,0,E 48TH AVE & N CLAYTON ST,1,1,0,0,1,1,0,0,35,0,0,0,0,0,4,2,13
,2022-37230,-104.9881006,39.75507699,10/3/2022 20:43,20:43,3,0,0,LAWRENCE ST & PARK AVE W,11,3,0,0,1,1,0,0,30,0,0,0,0,0,4,2,13
,2022-37238,-104.986247,39.71656133,10/3/2022 12:00,12:00,10,0,0,N LINCOLN ST & E ELLSWORTH AVE,1,1,0,0,1,1,0,0,30,0,0,0,0,0,4,2,8
,2022-37274,-105.0166481,39.75114635,10/4/2022 20:20,20:20,12,0,0,I-25 & 23RD AVE,1,3,0,0,1,4,0,0,55,0,0,0,0,0,1,3,16
,2022-37276,-104.9141294,39.65301881,10/5/2022 7:38,7:38,12,0,0,HAMPDEN AVE & 6800 BLK E ,1,1,0,0,1,4,0,0,40,0,0,0,0,0,2,2,16
,2022-37278,-105.0130163,39.72542371,10/4/2022 14:17,14:17,15,0,0,I-25 & W 6TH AVE,1,1,0,0,1,4,0,0,55,0,0,0,0,0,1,2,16
,2022-37279,-104.7360946,39.79630141,10/3/2022 4:00,4:00,6,0,0,E 55TH AVE & N ORLEANS ST,1,3,0,7,1,4,0,0,,0,0,0,0,0,4,2,16
,2022-37280,-104.9124327,39.72807593,9/29/2022 8:55,8:55,3,0,1,N MONACO ST & E SEVERN PL,1,1,0,0,1,1,0,0,25,0,0,0,0,2,4,2,11
,2022-37281,-105.0063141,39.78314127,10/5/2022 4:34,4:34,15,0,0,I-70 & N PECOS ST,1,3,1,0,1,4,0,1,55,0,0,0,0,0,1,3,1
,2022-37282,-104.9787238,39.73764352,10/5/2022 15:44,15:44,6,0,1,WASHINGTON ST & 1300 BLK N ,1,1,0,0,1,4,0,0,25,0,0,0,0,2,4,3,10
,2022-37283,-104.8901619,39.64433296,10/5/2022 7:56,7:56,12,0,1,MANSFIELD AVE & 8400 BLK E ,1,1,1,0,1,3,0,0,25,0,0,0,0,1,4,2,16
,2022-37286,-104.9791463,39.7797555,10/4/2022 7:29,7:29,12,0,0,I-70 & N WASHINGTON ST,1,2,0,0,1,4,0,0,55,0,0,0,0,0,1,2,10
,2022-37288,-104.9340271,39.69660087,10/5/2022 2:10,2:10,6,0,0,S CHERRY ST & E MISSISSIPPI AVE,1,3,0,0,1,4,0,0,30,0,0,0,0,0,4,4,1
,2022-37289,-105.0250605,39.68949117,10/5/2022 7:14,7:14,1,0,0,S FEDERAL BLVD & W FLORIDA AVE,1,1,0,0,1,1,0,0,40,0,0,0,0,0,2,2,11
,2022-37292,-105.01919,39.67866526,10/4/2022 20:08,20:08,12,0,0,EVANS AVE & 2600 BLK W ,1,3,0,0,1,4,0,0,,0,0,0,0,0,4,2,16
,2022-37293,-104.9684235,39.76450824,10/4/2022 15:50,15:50,3,0,0,E BRUCE RANDOLPH AVE & N FRANKLIN ST,1,1,0,0,1,1,0,0,25,0,0,0,0,0,4,2,11
,2022-37295,-105.0064273,39.78326345,10/4/2022 23:08,23:08,12,0,0,I-70 & N PECOS ST,1,3,3,0,1,4,0,1,55,0,0,0,0,0,1,2,1
,2022-37304,-104.9406411,39.76809598,10/5/2022 12:31,12:31,3,0,0,N COLORADO BLVD & E 37TH AVE,1,1,0,0,1,1,0,0,30,0,0,0,0,0,2,2,13
,2022-37306,-104.9034008,39.77841351,7/31/2022 22:58,22:58,12,0,0,I-70 (NON FARS) & QUEBEC ST UNDERPASS,1,3,0,0,1,4,0,0,60,0,0,0,0,0,1,2,14
,2022-37309,-105.0092626,39.72310218,10/4/2022 12:00,12:00,12,0,1,RARITAN WAY & 400 BLK N ,1,1,0,0,1,4,0,0,25,0,0,0,0,1,4,2,3
,2022-37311,-105.0017855,39.67852654,10/3/2022 5:40,5:40,12,0,1,W EVANS AVE & S LIPAN ST,1,2,0,0,1,1,0,0,30,0,0,0,0,1,4,3,16
,2022-37318,-105.0470479,39.71193049,10/3/2022 16:50,16:50,6,0,0,ALAMEDA AVE & 4595 BLK W ,14,5,3,7,1,4,0,0,,0,0,0,0,0,4,3,16
,2022-37325,-104.9875127,39.68757443,10/5/2022 15:09,15:09,12,0,0,S BROADWAY ST & W IOWA AVE,1,1,0,0,1,1,0,0,35,0,0,0,0,0,4,2,13
,2022-37327,-104.9991629,39.7008435,10/4/2022 8:59,8:59,3,0,2,JASON ST & 800 BLK S ,1,1,0,0,1,2,0,0,25,0,0,0,0,2,4,2,11
,2022-37329,-104.9007637,39.78412029,10/5/2022 7:45,7:45,12,0,0,I-270 WB ON RAMP SLIP FROM N QUEBEC ST & WB SLIP RAMP MERGE PT,1,1,1,0,1,8,0,0,35,0,0,0,0,0,1,2,3
,2022-37330,-104.9986478,39.73209355,10/4/2022 8:00,8:00,6,0,0,10TH AVE & 900 BLK W ,1,1,0,0,1,4,0,0,25,0,0,0,0,0,4,2,16
,2022-37341,-105.0043198,39.76094363,10/4/2022 16:26,16:26,12,0,2,I-25 & 20TH ST,1,1,0,0,1,4,0,0,55,0,0,0,0,1,1,2,16
,2022-37343,-105.0529718,39.65387752,10/5/2022 8:15,8:15,12,0,0,W HAMPDEN AVE WB OFF RAMP SLIP & S SHERIDAN BLVD,1,1,0,0,1,8,0,0,30,0,0,0,0,0,2,2,13
,2022-37345,-104.9081647,39.75101283,10/5/2022 6:52,6:52,3,0,0,E 23RD AVE & N ONIEDA ST,1,1,0,1,1,1,0,0,25,0,0,0,0,0,4,2,16
,2022-37347,-105.0130878,39.72531412,10/5/2022 6:58,6:58,12,0,0,W 6TH AVE EB OFF RAMP & I-25 NB ON RAMP,1,3,1,0,1,8,0,0,55,0,0,0,0,0,1,2,8
,2022-37349,-104.9734263,39.69113353,10/4/2022 12:45,12:45,3,0,0,E ARKANSAS AVE & S DOWNING ST,1,1,0,0,1,1,0,0,25,0,0,0,0,0,4,2,3
,2022-37350,-104.9150538,39.73833731,10/4/2022 15:00,15:00,15,0,0,E 14TH AVE & N LEYDEN ST,1,1,0,0,1,1,0,0,30,0,0,0,0,0,4,2,13
,2022-37351,-104.9899439,39.74160453,10/5/2022 12:50,12:50,15,0,0,15TH ST & COURT PL,1,1,0,0,1,4,0,0,,0,0,0,0,0,4,2,16
,2022-37353,-105.0043198,39.76094363,10/4/2022 15:50,15:50,15,0,0,I-25 & 20TH ST,1,1,0,0,1,4,0,0,55,0,0,0,0,0,1,5,13
,2022-37354,-104.9828688,39.68033928,10/5/2022 13:10,13:10,3,0,0,E ASBURY AVE & S LOGAN ST,1,1,0,0,1,1,0,0,25,0,0,0,0,0,4,2,13
,2022-37356,-104.9836268,39.72448356,10/3/2022 19:23,19:23,15,0,1,GRANT ST & 500 BLK N ,11,3,0,1,1,3,0,0,25,0,0,0,1,3,4,2,16
,2022-37366,-104.9441315,39.75656352,10/4/2022 13:30,13:30,6,0,0,GARFIELD ST & 2800 BLK N ,1,1,0,0,1,4,0,0,25,0,0,0,0,0,4,2,3
,2022-37375,-105.0236073,39.76201607,9/8/2022 15:19,15:19,3,0,0,N ELIOT ST & W 32ND AVE,1,1,0,0,1,1,0,0,25,0,0,0,0,0,4,2,16
,2022-37376,-104.87382,39.65301771,10/5/2022 8:30,8:30,12,0,0,HAMPDEN AVE & 9900 BLK E ,1,1,0,0,1,4,0,0,40,0,0,0,0,0,4,2,13
,2022-37379,-104.9949315,39.76798309,10/5/2022 2:39,2:39,15,0,0,I-25 & PARK AVE W,1,3,0,0,1,4,0,0,,0,0,0,0,0,1,2,16
,2022-37380,-105.0297062,39.68945792,10/5/2022 9:16,9:16,1,0,1,W FLORIDA AVE & S IRVING ST,1,1,0,0,1,1,0,0,30,0,0,0,0,1,4,2,3
,2022-37381,-105.0251799,39.78422127,10/5/2022 7:40,7:40,12,0,1,I-70 & N FEDERAL BLVD,1,1,0,0,1,4,0,0,55,0,0,0,0,1,1,3,16
,2022-37382,-104.9935584,39.78084081,10/4/2022 15:27,15:27,12,0,0,I-25 SB ON RAMP & I-70 EB OFF RAMP,1,1,1,0,1,8,0,0,45,0,0,0,0,0,1,3,16
,2022-37383,-104.9684258,39.75071918,10/4/2022 10:00,10:00,3,0,0,N FRANKLIN ST & E 23RD AVE,1,1,0,0,1,1,0,0,25,0,0,0,0,0,4,2,3
,2022-37387,-104.8830668,39.78572865,10/5/2022 14:45,14:45,3,0,1,CENTRAL PARK BLVD & E NORTHFIELD BLVD,1,1,0,0,1,1,0,0,35,0,0,0,0,2,4,2,13
,2022-37388,-104.9428933,39.73538625,9/21/2022 9:07,9:07,6,0,0,N JACKSON ST & E 13TH AVE,1,1,0,0,1,4,0,0,30,0,0,0,0,0,4,2,11
,2022-37390,-104.9694616,39.72907353,10/5/2022 8:25,8:25,12,0,0,8TH AVE & 1400 BLK E ,1,1,0,0,1,4,0,0,30,0,0,0,0,0,4,2,1
,2022-37393,-104.8905205,39.76001325,10/4/2022 16:10,16:10,3,0,1,N CENTRAL PARK BLVD & E MLK BLVD,1,1,0,0,1,3,0,0,30,0,0,0,0,1,4,2,11
,2022-37396,-104.9752599,39.74000383,10/5/2022 11:56,11:56,8,0,1,COLFAX AVE & 1000 BLK E ,1,1,0,0,6,1,0,0,30,0,0,0,0,1,2,2,16
,2022-37397,-105.0251004,39.73800989,10/5/2022 11:26,11:26,3,0,1,N FEDERAL BLVD & W HOWARD PL,1,1,0,0,1,1,0,0,35,0,0,0,0,1,2,2,13
,2022-37398,-104.9675698,39.67848591,10/4/2022 16:00,16:00,3,0,0,S GILPIN ST & E EVANS AVE,1,1,0,0,1,1,0,0,25,0,0,0,0,0,4,2,3
,2022-37399,-104.9594472,39.68472353,10/1/2022 13:30,13:30,15,0,0,I-25 SB EXIT RAMP & S UNIVERSITY BLVD,1,1,0,7,1,14,0,0,,0,0,0,0,0,4,2,16
,2022-37406,-105.0069206,39.78363704,10/4/2022 18:07,18:07,2,0,1,I-70 WB ON RAMP & N PECOS ST,1,2,0,0,1,8,0,0,35,1,0,0,0,2,4,1,16
,2022-37408,-104.9222905,39.75618257,10/5/2022 7:38,7:38,6,0,0,HOLLY ST & 2680 BLK N ,1,1,0,0,1,4,0,0,25,0,0,0,0,0,4,2,3
,2022-37409,-105.0456599,39.78743552,10/5/2022 19:03,19:03,6,0,1,50TH AVE & 4500 BLK W ,1,4,0,0,3,4,0,0,25,0,0,0,0,1,4,3,8
,2022-37410,-104.9497567,39.78010339,10/5/2022 8:15,8:15,12,0,0,I-70 & N STEELE ST,1,1,0,0,1,4,0,0,55,0,0,0,0,0,1,2,3
,2022-37411,-104.9579327,39.67842936,10/5/2022 16:39,16:39,3,0,1,S JOSEPHINE ST & E EVANS AVE,1,1,0,0,1,1,0,0,25,0,0,0,0,1,4,2,13
,2022-37423,-104.8658262,39.76232586,10/5/2022 15:52,15:52,2,0,1,N HAVANA ST & N FLORENCE WAY,1,1,0,0,1,1,0,0,0,1,0,0,0,1,4,1,16
,2022-37424,-104.9022588,39.74021709,10/4/2022 12:40,12:40,3,0,1,N QUINCE ST & E COLFAX AVE,1,1,0,0,1,1,0,0,25,0,0,0,0,3,1,2,16
,2022-37428,-104.9827715,39.69661745,10/3/2022 16:30,16:30,1,0,0,S LOGAN ST & E MISSISSIPPI AVE,1,1,0,0,1,1,0,0,30,0,0,0,0,0,4,2,3
,2022-37429,-104.9684616,39.74000866,8/31/2022 8:44,8:44,2,0,0,N FRANKLIN ST & E COLFAX AVE,1,1,0,0,1,1,0,0,,1,0,0,0,0,2,1,16
,2022-37432,-104.9969487,39.74013924,10/5/2022 13:35,13:35,3,0,0,W COLFAX AVE & WELTON ST,1,1,0,0,1,1,0,0,35,0,0,0,0,0,2,2,11
,2022-37435,-104.9874097,39.73815727,10/4/2022 18:02,18:02,15,0,0,N BROADWAY & E 14TH AVE,1,1,0,0,1,4,0,0,35,0,0,0,0,0,4,2,13
,2022-37441,-104.9696813,39.74164899,10/4/2022 9:55,9:55,11,0,0,N HUMBOLDT ST & E 16TH AVE,1,1,0,0,1,1,0,0,20,0,0,1,0,0,4,1,11
,2022-37452,-105.0251398,39.78025994,8/7/2022 19:38,19:38,3,0,1,W 46TH AVE & N FEDERAL BLVD,11,1,0,1,1,1,0,0,35,0,0,0,1,3,2,2,16
,2022-37454,-104.9861527,39.72906707,9/13/2022 18:40,18:40,3,0,1,E 8TH AVE & N LINCOLN ST,1,1,0,0,1,1,0,0,30,0,0,0,0,2,4,2,13
,2022-37455,-104.9250211,39.65299469,7/6/2022 17:50,17:50,12,0,0,E HAMPDEN AVE & S GRAPE ST,1,1,0,0,1,1,0,0,35,0,0,0,0,0,2,2,16
,2022-37456,-104.9770853,39.71110222,8/25/2022 16:01,16:01,12,0,0,E ALAMEDA AVE & S EMERSON ST,1,1,0,0,1,3,0,0,,0,0,0,0,0,4,3,16
,2022-37458,-104.959026,39.7284232,7/29/2022 23:34,23:34,6,0,0,JOSEPHINE ST 760 N & 8TH AVE ,1,3,0,0,1,4,0,0,35,0,0,0,0,0,4,2,16
,2022-37460,-104.9035621,39.69512021,9/16/2022 21:17,21:17,5,0,0,QUEBEC ST 1100 BLK S & E MISSISSIPPI AVE,1,3,0,0,3,4,0,0,,0,0,0,0,0,4,1,16
,2022-37462,-104.9597526,39.76199187,9/29/2022 10:31,10:31,15,0,0,E MLK BLVD & N YORK ST,1,1,0,0,1,1,0,0,30,0,0,0,0,0,4,2,16
,2022-37465,-104.9316165,39.67846341,10/6/2022 13:54,13:54,15,0,0,S DAHLIA ST & E EVANS AVE,1,1,0,0,1,1,0,0,30,0,0,0,0,0,4,2,16
,2022-37467,-104.9594472,39.68485346,10/6/2022 8:17,8:17,12,0,1,I-25 & S UNIVERSITY BLVD,1,1,0,0,1,8,0,0,25,0,0,0,0,2,1,2,16
,2022-37470,-104.7718785,39.83342938,10/6/2022 8:55,8:55,3,0,0,N TOWER RD & PENA BLVD,1,1,0,0,1,1,0,0,45,0,0,0,0,0,4,2,14
,2022-37471,-104.9039269,39.67412455,10/5/2022 13:30,13:30,3,0,0,E WARREN AVE & S QUEBEC ST,1,1,0,0,1,1,0,0,25,0,0,0,0,0,4,2,3
,2022-37472,-104.8967372,39.68500053,10/5/2022 23:07,23:07,6,0,0,TRENTON ST & 1699 BLK S ,1,4,0,0,1,4,0,0,25,0,0,0,0,0,4,2,7
,2022-37473,-104.9182339,39.65307809,9/10/2022 20:10,20:10,12,0,0,I-25  & E HAMPDEN AVE,11,3,1,1,1,4,0,0,45,0,0,0,0,0,1,2,1
,2022-37474,-104.9223193,39.68615976,10/5/2022 6:53,6:53,10,0,0,E MEXICO AVE & S HOLLY ST,1,1,0,0,1,1,0,0,30,0,0,0,0,0,4,2,16
,2022-37475,-104.6726861,39.84979297,10/6/2022 11:21,11:21,15,0,0,PENA BLVD & 8400 N,1,1,0,0,1,4,0,0,15,0,0,0,0,0,2,2,13
,2022-37477,-105.0325092,39.72930226,10/6/2022 17:19,17:19,1,0,0,N KNOX CT & W 8TH AVE,1,1,0,0,1,1,0,0,25,0,0,0,0,0,4,2,13
,2022-37478,-104.9597581,39.75446749,10/6/2022 5:38,5:38,10,0,0,N YORK ST & E 26TH AVE,1,3,0,0,1,1,0,0,30,0,0,0,0,0,4,2,8
,2022-37485,-104.7155396,39.83201434,10/6/2022 3:45,3:45,15,0,0,E 75TH AVE & N GUN CLUB RD,1,3,0,0,1,3,0,0,45,0,0,0,0,0,4,2,14
,2022-37486,-104.9141039,39.69687653,10/7/2022 15:54,15:54,3,0,0,S LOCUST ST & E MISSISSIPPI AVE,1,1,0,0,1,1,0,0,25,0,0,0,0,0,4,2,11