id,drcog_id,longitude,latitude,crashtime,time,crashtype,numbkilled,numbinjurd,drcoglocat,rdconditin,lightngcon,roadcntgrd,weatherco,location,roaddescrp,schoolzone,constrzone,splimit,bikeinv,pedinv,sctrinv,motoinv,svrty,rdsystem,ttlvehcls,hcf
,2022-37487,-104.833819,39.77286982,10/2/2022 19:14,19:14,15,0,0,I-70 & OFF RAMP TO I-225 SB ,1,3,0,0,1,14,0,0,65,0,0,0,0,0,1,2,8
,2022-37488,-104.95932,39.71818683,10/5/2022 12:30,12:30,12,0,0,E 1ST AVE & S UNIVERSITY BLVD,1,1,0,0,1,1,0,0,,0,0,0,0,0,4,2,16
,2022-37489,-104.833819,39.77286982,10/7/2022 2:16,2:16,5,0,2,I-70 & I-225,1,3,0,0,2,8,0,0,55,0,0,0,0,2,1,1,1
,2022-37490,-105.0078542,39.76000433,10/7/2022 9:45,9:45,6,0,1,CENTRAL CT & 2500 BLK ,1,1,1,0,1,9,0,0,,0,0,0,0,2,4,2,13
,2022-37491,-104.9786398,39.78184754,9/3/2022 21:59,21:59,3,0,0,N WASHINGTON ST & E 46TH AVE,1,3,1,0,1,1,0,0,35,0,0,0,0,0,4,2,9
,2022-37493,-105.0226605,39.71115433,8/9/2022 22:04,22:04,9,0,1,W ALAMEDA AVE & S DECATUR ST,1,3,0,0,3,1,0,0,35,0,0,0,1,3,2,1,8
,2022-37499,-104.9652324,39.67847017,7/12/2022 8:06,8:06,12,0,0,E EVANS AVE & S HIGH ST,1,1,0,0,1,1,0,0,,0,0,0,0,0,2,3,16
,2022-37500,-104.9971408,39.711194,10/6/2022 14:13,14:13,12,0,0,S SANTA FE DR & W ALAMEDA AVE,1,1,0,0,1,1,0,0,40,0,0,0,0,0,4,2,16
,2022-37501,-104.9597601,39.76448938,10/4/2022 12:06,12:06,3,0,0,E BRUCE RANDOLPH & N YORK ST,1,1,0,0,1,1,0,0,30,0,0,0,0,0,4,2,16
,2022-37505,-104.9305526,39.7583629,10/6/2022 8:55,8:55,3,0,3,E 29TH AVE & N EUDORA ST,1,1,0,0,1,1,0,0,25,0,0,0,0,2,4,2,16
,2022-37508,-104.9965949,39.68930784,10/5/2022 22:49,22:49,1,0,0,W FLORIDA AVE & S PLATTE RIVER DR,1,3,0,0,1,1,0,0,40,0,0,0,0,0,4,2,7
,2022-37511,-104.97185,39.73687684,10/5/2022 9:45,9:45,6,0,0,N MARION ST & E 13TH AVE,1,1,0,0,1,1,0,0,25,0,0,0,0,0,4,2,3
,2022-37513,-104.89998,39.66762303,10/6/2022 10:22,10:22,15,0,0,YALE AVE & 7500 BLK E ,1,1,0,0,1,4,0,0,30,0,0,0,0,0,4,2,13
,2022-37516,-104.9863594,39.68032357,10/6/2022 18:00,18:00,3,0,0,E DAKOTA AVE & S LINCOLN ST,1,3,0,0,1,1,0,0,25,0,0,0,0,0,4,2,13
,2022-37518,-104.9733595,39.75447968,10/7/2022 11:35,11:35,12,0,0,N DOWNING ST & E 26TH AVE,1,1,0,0,1,3,0,0,30,0,0,0,0,0,4,2,16
,2022-37524,-105.0252131,39.78834363,10/7/2022 9:24,9:24,12,0,1,FEDERAL BLVD & 5000 BLK N ,1,1,0,0,1,4,0,0,35,0,0,0,0,1,2,2,13
,2022-37525,-104.953134,39.78017888,10/7/2022 14:24,14:24,12,0,3,I-70 & N FILLMORE ST,1,1,0,0,1,4,0,0,55,0,0,0,0,1,1,2,16
,2022-37526,-104.986246,39.72094006,10/7/2022 13:33,13:33,10,0,0,N LINCOLN ST & E 3RD AVE,1,1,0,0,1,1,0,0,30,0,0,0,0,0,4,2,8
,2022-37527,-104.7626911,39.79673488,10/7/2022 6:30,6:30,3,0,1,N DUNKIRK ST & E ROBINS DR,1,1,0,0,1,1,0,0,30,0,0,0,0,1,4,2,11
,2022-37533,-104.8613319,39.79837566,10/6/2022 13:51,13:51,10,0,0,N JOLIET ST & E 56TH AVE,1,1,0,0,1,1,0,0,20,0,0,0,0,0,4,2,6
,2022-37534,-104.9034947,39.71128237,10/5/2022 9:00,9:00,12,0,0,S QUEBEC ST & E ALAMEDA AVE,1,1,0,0,1,1,0,0,30,0,0,0,0,0,4,2,3
,2022-37537,-104.9858476,39.77833068,10/6/2022 10:50,10:50,3,0,2,E 45TH AVE & N LINCOLN ST,1,1,0,0,1,1,0,0,25,0,0,0,0,1,4,2,13
,2022-37538,-105.0532498,39.72565601,10/6/2022 8:17,8:17,3,0,0,W 6TH AVE FRONTAGE & N SHERIDAN BLVD,1,1,1,0,1,1,0,0,35,0,0,0,0,0,4,2,10
,2022-37543,-104.9407887,39.71200413,10/5/2022 15:15,15:15,12,0,0,S COLORADO BLVD & E ALAMEDA ST,1,1,0,0,1,1,0,0,35,0,0,0,0,0,2,2,13
,2022-37547,-104.7816779,39.79835678,10/7/2022 6:45,6:45,12,0,0,E 56TH AVE & PENA BLVD,1,2,0,0,1,4,0,0,40,0,0,0,0,0,4,5,1
,2022-37548,-104.9803889,39.71291352,10/7/2022 7:48,7:48,12,0,0,PEARL ST & 200 BLK S ,1,2,0,0,1,4,0,0,25,0,0,0,0,0,4,2,11
,2022-37549,-104.9875128,39.68756356,10/6/2022 9:17,9:17,12,0,0,BROADWAY & 1600 BLK S ,1,1,0,0,1,4,0,0,30,0,0,0,0,0,4,2,16
,2022-37551,-104.8070099,39.78381087,10/6/2022 17:20,17:20,12,0,0,GVR BLVD & 15300 BLK E ,1,1,0,0,1,4,0,0,45,0,0,0,0,0,4,2,2
,2022-37554,-104.9875111,39.71566364,10/6/2022 16:24,16:24,6,0,0,S LINCOLN ST & W ARCHER PL,1,1,0,0,1,1,0,0,30,0,0,0,0,0,4,2,12
,2022-37555,-105.0043198,39.76094363,10/6/2022 16:23,16:23,12,0,0,I-25 & 20TH ST,1,1,0,1,1,4,0,0,55,0,0,0,0,0,1,2,13
,2022-37556,-104.9734181,39.68999371,10/6/2022 10:29,10:29,15,0,1,I-25 & S DOWNING ST,1,1,0,0,1,4,0,0,60,0,0,0,0,2,1,2,16
,2022-37557,-105.0532589,39.71115361,10/7/2022 20:08,20:08,3,0,0,SHERIDAN BLVD & 302 BLK S,1,3,0,0,1,2,0,0,35,0,0,0,0,0,2,2,11
,2022-37558,-104.9610166,39.73997411,10/6/2022 21:31,21:31,3,0,1,E COLFAX AVE & N GAYLORD ST,1,3,0,0,1,1,0,0,30,0,0,0,0,2,2,2,11
,2022-37559,-104.9863923,39.70933327,10/6/2022 18:50,18:50,10,0,0,S LINCOLN ST & E DAKOTA AVE,1,3,0,0,1,1,0,0,30,0,0,0,0,0,4,2,13
,2022-37561,-104.9732717,39.68935532,10/6/2022 13:30,13:30,12,0,6,I-25 ON RAMP & S DOWNING ST,1,1,1,0,1,8,0,0,45,0,0,0,0,1,1,3,16
,2022-37562,-105.0043198,39.76094363,10/6/2022 7:20,7:20,12,0,1,I-25 & 20TH ST,1,1,1,0,1,4,0,0,55,0,0,0,0,1,1,2,1
,2022-37567,-104.8903263,39.76764793,10/7/2022 14:20,14:20,5,0,1,CENTRAL PARK BLVD & 3600 BLK N ,13,1,1,0,3,4,0,0,35,0,0,0,1,2,4,1,13
,2022-37570,-104.8098977,39.77502141,10/7/2022 15:14,15:14,12,0,1,N CHAMBERS RD & E ANDREWS DR,1,1,0,0,1,3,0,0,40,0,0,0,0,3,4,2,13
,2022-37571,-105.0006422,39.71118438,10/6/2022 17:30,17:30,3,0,0,W ALAMEDA AVE & S PLATTE RIVER DR,1,1,0,0,1,1,0,0,40,0,0,0,0,0,4,2,13
,2022-37572,-104.864234,39.7595246,10/6/2022 16:35,16:35,15,0,0,E MLK BLVD & N HAVANA ST,1,1,0,0,1,4,0,0,35,0,0,0,0,0,4,2,13
,2022-37573,-104.9733929,39.71110895,10/5/2022 15:45,15:45,1,0,0,E ALAMEDA AVE & S DOWNING ST,1,1,0,0,1,1,0,0,30,0,0,0,0,0,4,2,3
,2022-37575,-104.8470222,39.7740046,10/6/2022 14:44,14:44,12,0,0,I-70 & N PEORIA ST,1,1,0,0,1,4,0,0,75,0,0,0,0,0,1,3,16
,2022-37576,-104.8827688,39.77727111,10/5/2022 13:18,13:18,12,0,1,I-70 & N CENTRAL PARK BLVD,1,1,0,0,1,4,0,0,55,0,0,0,0,1,1,2,16
,2022-37577,-105.0130163,39.72542371,10/6/2022 12:05,12:05,12,0,0,I-25 & W 6TH AVE,1,1,0,0,1,4,0,0,55,0,0,0,0,0,1,3,13
,2022-37578,-105.0526499,39.76933424,10/6/2022 16:14,16:14,12,0,1,38TH AVE & 5100 BLK W ,1,1,0,0,1,4,0,0,35,0,0,0,0,1,4,2,13
,2022-37581,-105.0131813,39.71998009,10/6/2022 13:37,13:37,6,0,0,N VALLEJO ST & W 2ND AVE,1,1,0,0,1,1,0,0,25,0,0,0,0,0,4,2,16
,2022-37582,-104.9757618,39.75324273,10/6/2022 13:23,13:23,3,0,0,E 25TH AVE & N EMERSON ST,1,1,0,0,1,1,0,0,25,0,0,0,0,0,4,2,13
,2022-37583,-104.8703252,39.70870978,10/7/2022 18:56,18:56,5,0,1,GALENA WAY & 405 BLK S ,1,3,0,0,2,4,0,0,35,0,0,0,0,1,4,1,10
,2022-37584,-105.0344437,39.72612096,10/7/2022 15:21,15:21,12,0,0,6TH AVE & 3515 BLK W ,1,1,0,0,1,9,0,0,15,0,0,0,0,0,4,2,16
,2022-37585,-105.0243659,39.72541403,10/7/2022 5:59,5:59,12,0,1,W 6TH AVE WB OFF RAMP & N FEDERAL BLVD,1,3,1,0,1,8,0,0,45,0,0,0,0,2,4,2,1
,2022-37587,-105.0556829,39.72522454,10/6/2022 21:00,21:00,6,0,0,AMES ST & 1000 BLK ,1,1,0,0,1,4,0,0,,0,0,0,0,0,4,2,16
,2022-37589,-104.9791463,39.7797555,10/7/2022 15:57,15:57,15,0,4,I-70 & N WASHINGTON ST,1,1,0,0,1,4,0,0,55,0,0,0,0,1,1,3,16
,2022-37591,-104.7721171,39.7983921,10/6/2022 7:15,7:15,15,0,0,E 56TH AVE & N TOWER RD,1,1,0,0,1,1,0,0,40,0,0,0,0,0,4,2,11
,2022-37592,-104.9917665,39.75792289,10/6/2022 14:39,14:39,10,0,1,PARK AVE W & WAZEE ST,1,1,0,0,1,1,0,0,30,0,0,0,0,1,4,2,13
,2022-37593,-105.0252859,39.75484074,10/5/2022 22:45,22:45,12,0,0,W 26TH AVE & N FEDERAL BLVD,1,3,0,0,1,1,0,0,35,0,0,0,0,0,2,2,3
,2022-37594,-105.0130967,39.7249293,10/3/2022 2:09,2:09,5,0,1,I-25 SB LOOP EXIT GORE PT TO EB 6TH AVE & W 6TH AVE INTERCHANGE,1,3,1,0,2,8,0,0,25,0,0,0,0,3,1,1,1
,2022-37597,-105.091072,39.62195714,10/7/2022 14:18,14:18,1,0,0,WADSWORTH BLVD & W CRESTLINE AVE,1,1,0,0,1,1,0,0,45,0,0,0,0,0,1,2,11
,2022-37598,-105.0532727,39.63976929,10/7/2022 8:19,8:19,1,0,0,S SHERIDAN BLVD & W QUINCY AVE,1,1,0,0,1,1,0,0,35,0,0,0,0,0,4,2,3
,2022-37599,-104.9592498,39.71111773,10/7/2022 7:09,7:09,12,0,1,UNIVERSITY BLVD & 200 BLK S,1,2,0,0,1,4,0,0,35,0,0,0,0,1,4,2,16
,2022-37600,-104.9863923,39.70933327,10/6/2022 15:55,15:55,3,0,0,S LINCOLN ST & E DAKOTA AVE,1,1,0,0,1,1,0,0,30,0,0,0,0,0,4,2,14
,2022-37601,-104.963452,39.75071959,10/7/2022 7:55,7:55,3,0,0,E 23RD AVE & N RACE ST,1,1,0,0,1,1,0,0,25,0,0,0,0,0,4,2,11
,2022-37602,-104.9895499,39.78406139,10/7/2022 7:57,7:57,15,0,0,I-25 & W 48TH AVE,1,1,1,0,1,4,0,0,65,0,0,0,0,0,1,2,13
,2022-37606,-104.8097219,39.7947913,10/7/2022 8:00,8:00,3,0,1,N CHAMBERS RD & E MAXWELL PL,1,1,0,0,1,1,0,0,40,0,0,0,0,1,4,2,7
,2022-37607,-104.9647184,39.7550935,10/7/2022 7:44,7:44,6,0,0,HIGH ST & 2600 BLK N ,1,1,0,0,1,4,0,0,25,0,0,0,0,0,4,2,16
,2022-37609,-104.9985132,39.67847805,10/7/2022 9:37,9:37,3,0,0,W EVANS AVE & S PLATTE RIVER DR,1,1,0,0,1,1,0,0,35,0,0,0,0,0,4,2,8
,2022-37610,-104.9405159,39.71155748,10/7/2022 11:40,11:40,12,0,0,E ALAMEDA AVE & S COLORADO BLVD,1,1,0,0,1,3,0,0,,0,0,0,0,0,4,2,16
,2022-37614,-104.8893349,39.74562801,10/6/2022 12:45,12:45,3,0,1,E 19TH AVE & N WABASH ST,1,1,0,0,1,1,0,0,35,0,0,0,0,1,4,2,11
,2022-37615,-104.96968,39.74323816,10/6/2022 15:24,15:24,1,0,0,E 17TH AVE & N HUMBOLDT,1,1,0,0,1,1,0,0,25,0,0,0,0,0,4,2,11
,2022-37616,-105.0000592,39.74004799,10/6/2022 23:51,23:51,3,0,0,N KALAMATH ST & W COLFAX AVE,1,3,0,0,1,1,0,0,35,0,0,0,0,0,2,2,16
,2022-37618,-104.9969275,39.74418899,10/7/2022 3:41,3:41,6,0,0,CHAMPA ST & 1300 BLK ,1,3,0,0,1,4,0,0,25,0,0,0,0,0,4,2,1
,2022-37620,-104.9659759,39.74481025,9/10/2022 4:10,4:10,3,0,1,N WILLIAMS ST & E 18TH AVE,11,4,0,1,1,1,0,0,30,0,0,0,0,2,4,2,13
,2022-37622,-105.0055817,39.7384722,10/7/2022 3:53,3:53,5,0,0,W 14TH AVE & N OSAGE ST,1,4,0,0,1,4,0,0,25,0,0,0,0,0,4,1,16
,2022-37624,-104.9775878,39.72905989,10/8/2022 14:10,14:10,3,0,0,E 8TH AVE & N CLARKSON ST,1,1,0,0,1,1,0,0,30,0,0,0,0,0,4,3,1
,2022-37625,-104.9591741,39.79169474,10/6/2022 7:59,7:59,12,0,0,N BRIGHTON BLVD & N YORK ST,1,1,0,0,1,4,0,0,35,0,0,0,0,0,2,2,16
,2022-37634,-104.7904699,39.78363776,10/8/2022 15:44,15:44,1,0,2,E GVR BLVD & PENA BLVD,1,1,0,0,1,3,0,0,35,0,0,0,0,2,4,2,11
,2022-37635,-104.7721146,39.78369349,10/8/2022 0:59,0:59,12,0,0,E GVR BLVD & N TOWER RD,1,3,0,0,1,4,0,0,40,0,0,0,0,0,4,2,11
,2022-37636,-104.7721962,39.78177673,8/23/2022 11:40,11:40,12,0,0,E 47TH AVE & N TOWER RD,1,1,0,0,1,1,0,0,25,0,0,0,0,0,2,2,3
,2022-37638,-104.8524394,39.78829348,10/6/2022 21:06,21:06,6,0,0,NOME ST & 4900 BLK N ,1,3,0,0,1,4,0,0,25,0,0,0,0,0,4,2,14
,2022-37646,-104.9922971,39.73686139,8/9/2022 10:00,10:00,5,0,0,CHEROKEE ST & 1331 N ,14,5,3,7,5,14,0,0,,0,0,0,0,0,3,2,16
,2022-37647,-104.9988391,39.7414031,9/19/2022 18:04,18:04,15,0,0,N SPEER BLVD & STOUT ST,1,1,0,0,1,1,0,0,35,0,0,0,0,0,4,2,13
,2022-37648,-104.9776132,39.74617569,9/14/2022 20:17,20:17,6,0,0,19TH AVE 700 BLK E  & N CLARKSON ST,1,3,0,0,1,1,0,0,25,0,0,0,0,0,4,2,13
,2022-37649,-104.9732322,39.71819658,10/7/2022 22:19,22:19,3,0,0,N DOWNING ST & E 1ST AVE,1,3,0,0,1,1,0,0,35,0,0,0,0,0,4,3,13
,2022-37651,-104.9734246,39.68981364,10/8/2022 1:34,1:34,12,0,1,I-25 & S DOWNING ST,1,3,0,0,1,4,0,0,65,0,0,0,1,2,1,2,13
,2022-37654,-104.9775368,39.74484773,9/25/2022 17:45,17:45,3,0,0,E 18TH AVE & N CLARKSON ST,1,1,0,0,1,1,0,0,35,0,0,0,0,0,4,2,16
,2022-37655,-104.8470114,39.78212445,10/8/2022 13:33,13:33,15,0,0,N PEORIA ST & E 47TH AVE,1,1,0,0,1,3,0,0,35,0,0,0,0,0,4,2,11
,2022-37656,-104.8987393,39.74197733,10/4/2022 5:42,5:42,2,0,1,E 16TH AVE & SYRACUSE ST,1,4,0,0,1,1,0,0,25,1,0,0,0,3,4,1,16
,2022-37659,-105.0026655,39.75882149,9/9/2022 9:17,9:17,2,0,0,LITTLE RAVEN ST & 19TH ST,1,1,0,0,5,10,0,0,15,0,0,0,1,0,3,1,13
,2022-37662,-104.8658282,39.79013459,9/13/2022 1:25,1:25,1,0,1,N HAVANA ST & E 51ST AVE,1,3,0,0,1,3,0,0,45,0,0,0,0,1,4,2,14
,2022-37663,-105.025149,39.72933,10/7/2022 16:23,16:23,12,0,0,N FEDERAL BLVD & W 6TH AVE,1,1,0,0,1,1,0,0,40,0,0,0,0,0,2,2,13
,2022-37665,-104.833819,39.77286982,10/8/2022 17:06,17:06,15,0,1,I-70 & I-225 SB ON RAMP,1,1,0,0,1,14,0,0,65,0,0,0,0,1,1,2,11
,2022-37669,-104.673835,39.84234826,10/7/2022 16:03,16:03,12,0,0,PENA BLVD & 5600 BLK,1,1,0,0,1,4,0,0,65,0,0,0,0,0,2,2,11
,2022-37671,-105.0297915,39.68402047,10/7/2022 14:22,14:22,12,0,0,S IRVING ST & W BAILS PL,1,1,0,0,1,1,0,0,20,0,0,0,0,0,4,2,7
,2022-37672,-105.0532252,39.65791106,10/7/2022 16:00,16:00,12,0,0,S SHERIDAN BLVD & W COLUMBIA PL,1,1,0,0,1,1,0,0,,0,0,0,0,0,2,2,16
,2022-37673,-104.8904569,39.76731943,10/8/2022 12:24,12:24,1,0,0,E 36TH AVE & N CENTRAL PARK BLVD,1,1,0,0,1,1,0,0,30,0,0,0,0,0,4,2,7
,2022-37674,-104.9456999,39.7511457,10/7/2022 21:20,21:20,12,0,0,23RD AVE & 3700 BLK E ,1,3,0,0,1,4,0,0,35,0,0,0,0,0,4,3,13
,2022-37681,-104.6750278,39.8479686,8/19/2022 13:13,13:13,3,0,0,8400 BLK N PENA BLVD (OUTBOUND) & E 84TH AVE,1,1,0,0,5,5,0,0,45,0,0,0,0,0,2,2,11
,2022-37683,-105.0250605,39.68949117,10/6/2022 21:00,21:00,2,0,1,W FLORIDA AVE & S FEDERAL BLVD,1,3,0,0,1,1,0,0,40,1,0,0,0,3,4,1,16
,2022-37704,-104.866133,39.66751451,10/6/2022 13:39,13:39,3,0,0,S HAVANA ST & E YALE AVE,1,1,0,0,1,1,0,0,45,0,0,0,0,0,2,2,16
,2022-37749,-105.0252398,39.76054449,10/7/2022 10:43,10:43,12,0,1,FEDERAL BLVD & 3000 BLK N ,1,1,0,0,1,4,0,0,35,0,0,0,0,1,2,4,16
,2022-37753,-104.9729146,39.7255769,10/7/2022 17:43,17:43,11,0,1,E 6TH AVE & N DOWNING ST,1,1,0,0,1,1,0,0,0,0,0,1,0,2,4,1,16
,2022-37776,-104.7632732,39.77702946,10/9/2022 1:25,1:25,6,0,0,E 45TH AVE & N DANUBE WAY,1,3,0,0,1,4,0,0,25,0,0,0,0,0,4,4,2
,2022-37777,-105.0126877,39.75536708,10/8/2022 20:36,20:36,12,0,0,I-25 & N SPEER BLVD,1,2,0,0,1,4,0,0,55,0,0,0,0,0,1,3,16
,2022-37778,-104.8867282,39.74197734,10/8/2022 22:24,22:24,6,0,0,16TH AVE & 8700 BLK E ,1,4,0,0,1,4,0,0,,0,0,0,0,0,4,2,16
,2022-37783,-104.9216099,39.67846587,9/25/2022 13:18,13:18,3,0,2,EVANS AVE & 5600 BLK E ,1,1,0,0,1,2,0,0,35,0,0,0,0,2,4,2,1
,2022-37785,-104.9891848,39.71658509,10/4/2022 18:00,18:00,12,0,0,W ELLSWORTH AVE & N ACOMA ST,1,1,0,0,1,1,0,0,,0,0,0,0,0,4,2,16
,2022-37787,-104.9545284,39.73837879,9/29/2022 6:17,6:17,6,0,1,E 14TH AVE & N CLAYTON ST,1,3,0,0,1,4,0,0,30,0,0,0,0,2,4,4,16
,2022-37789,-105.0129522,39.72533177,10/9/2022 12:28,12:28,12,0,0,I-25 & W 6TH AVE,1,1,1,0,1,4,0,0,,0,0,0,0,0,1,3,16
,2022-37798,-104.9798609,39.73369233,8/30/2022 13:14,13:14,3,0,0,N PEARL ST & E 11TH AVE,1,1,0,0,1,1,0,0,10,0,0,0,0,0,4,2,8
,2022-37799,-104.8731011,39.77625842,10/8/2022 20:27,20:27,12,0,2,I-70 & N CENTRAL PARK BLVD,1,3,0,0,1,4,0,0,55,0,0,0,0,2,1,4,16
,2022-37804,-104.9916471,39.75502911,10/8/2022 23:14,23:14,12,0,0,MARKET ST & 2100 BLK ,1,3,3,0,1,4,0,0,25,0,0,0,0,0,4,2,16
,2022-37817,-104.8776599,39.78484352,10/3/2022 2:00,2:00,6,0,0,DALLAS ST & 4937 BLK N ,1,1,3,0,1,4,0,0,30,0,0,0,0,0,4,2,16
,2022-37820,-104.9597601,39.76448938,9/27/2022 14:30,14:30,3,0,0,N YORK ST & E BRUCE RANDOLPH AVE,1,1,1,0,1,1,0,0,30,0,0,0,0,0,4,2,16
,2022-37822,-105.0212783,39.74001441,10/5/2022 22:09,22:09,6,0,0,W COLFAX AVE & MILE HIGH STADIUM W CIR,1,3,0,0,1,4,0,0,35,0,0,0,0,0,2,2,16
,2022-37825,-105.0019534,39.75383939,10/9/2022 1:05,1:05,12,0,0,PARK AVE W & WEWATTA ST,1,3,1,0,1,4,0,0,30,0,0,0,0,0,4,2,13
,2022-37826,-104.9185139,39.65305196,10/9/2022 0:40,0:40,15,0,1,I-25 & E HAMPDEN AVE,1,3,0,0,1,4,0,0,65,0,0,0,0,2,1,2,11
,2022-37828,-104.7905092,39.78145354,9/26/2022 14:17,14:17,15,0,0,PENA BLVD & 4600 BLK ,1,1,0,0,1,4,0,0,,0,0,0,0,0,4,2,16
,2022-37830,-104.77571,39.77799218,10/6/2022 18:40,18:40,6,0,0,E 45TH AVE & N WALDEN WAY,1,3,0,0,1,4,0,0,25,0,0,0,0,0,4,2,16
,2022-37832,-105.0172509,39.74465803,10/9/2022 19:53,19:53,12,0,0,I-25 & W 23RD AVE,1,3,0,0,1,4,0,0,55,0,0,0,0,0,1,3,13
,2022-37834,-105.0140012,39.74044324,8/29/2022 0:50,0:50,12,0,0,W COLFAX AVE & I-25 ,1,3,0,0,1,4,0,0,,0,0,0,0,0,2,2,16
,2022-37837,-105.053296,39.71839591,10/9/2022 11:59,11:59,12,0,1,W 1ST AVE & N SHERIDAN BLVD,1,1,0,0,1,3,0,0,35,0,0,0,0,2,2,6,14
,2022-37838,-104.8200297,39.79624711,10/8/2022 22:38,22:38,14,0,0,N CROWN BLVD & E ROBINS DR,1,3,0,0,1,1,0,0,25,0,0,0,0,0,4,2,16
,2022-37865,-105.0393185,39.74033742,10/7/2022 22:10,22:10,3,0,3,W COLFAX AVE & N PERRY ST,1,3,0,0,1,1,0,0,40,0,0,0,0,2,2,4,16
,2022-37866,-105.0346346,39.76641615,9/7/2022 7:45,7:45,6,0,0,LOWELL BLVD 3500 BLK N & W 36TH AVE,1,1,0,0,1,4,0,0,30,0,0,0,0,0,4,2,3
,2022-37867,-105.0432542,39.71119507,10/8/2022 18:28,18:28,3,0,0,S STUART ST & W ALAMEDA AVE,1,3,0,0,1,1,0,0,35,0,0,0,0,0,4,2,13
,2022-37868,-105.0126877,39.75536708,10/8/2022 15:18,15:18,12,0,2,I-25 & N SPEER BLVD,1,2,0,7,1,4,0,0,65,0,0,0,0,1,1,3,16
,2022-37870,-105.0250148,39.71468351,10/3/2022 13:03,13:03,12,0,0,FEDERAL BLVD & 100 BLK S ,1,1,0,0,1,4,0,0,40,0,0,0,0,0,2,2,16
,2022-37871,-105.0150499,39.72932217,10/1/2022 2:11,2:11,5,0,1,I-25 SB OFF RAMP & W 8TH AVE/ZUNI ST,1,3,0,0,3,8,0,0,15,0,0,0,0,2,1,1,16
,2022-37873,-104.67404,39.85192349,10/9/2022 14:55,14:55,12,0,0,PENA BLVD & 8400 BLK ,1,1,0,0,1,4,0,0,20,0,0,0,0,0,4,2,8
,2022-37874,-104.9921457,39.7183343,10/8/2022 23:33,23:33,6,0,1,N CHEROKEE ST & W 1ST AVE,1,3,0,0,1,4,0,0,25,0,0,0,0,2,4,4,1
,2022-37889,-104.9999802,39.73999328,9/8/2022 15:17,15:17,16,0,0,PARKING LOT SPRUCE (800 WALNUT ST) & nan,1,1,0,0,5,7,0,0,,0,0,0,0,0,3,2,11
,2022-37906,-104.8450088,39.79560492,10/2/2022 9:49,9:49,6,0,1,E HICKMAN PL & N QUENTIN ST,11,1,0,1,1,4,0,0,25,0,0,0,0,1,4,2,10
,2022-37914,-104.9242051,39.65310854,9/6/2022 11:00,11:00,12,0,0,E HAMPDEN AVE & S HUDSON WAY,1,1,0,0,1,1,0,0,35,0,0,0,0,0,2,2,1
,2022-37918,-104.9403004,39.77288248,9/25/2022 11:06,11:06,12,0,0,N PENA BLVD & E 40TH AVE,1,1,0,0,1,4,0,0,65,0,0,0,0,0,4,2,16
,2022-37923,-104.9520871,39.77291293,10/10/2022 7:47,7:47,3,0,1,E 40TH AVE & N MILWAUKEE ST,1,1,0,0,1,1,0,0,25,0,0,0,0,2,4,2,11
,2022-37927,-104.9003877,39.7833166,10/10/2022 12:49,12:49,9,0,0,N QUEBEC ST & I-270 WB RAMP,1,1,1,7,1,14,0,0,35,0,0,0,0,0,2,1,1
,2022-37930,-104.9876228,39.70753565,10/9/2022 11:30,11:30,3,0,0,S BROADWAY ST & E VIRGINIA AVE,1,1,0,0,1,1,0,0,30,0,0,0,0,0,4,2,10
,2022-37931,-104.9255518,39.67846991,10/4/2022 11:25,11:25,15,0,0,E EVANS AVE & S GRAPE ST,1,1,0,0,1,4,0,0,30,0,0,0,0,0,4,2,13
,2022-37933,-104.9865647,39.75760277,10/1/2022 15:45,15:45,6,0,0,LARIMER ST & 25TH ST,11,1,0,0,1,4,0,0,,0,0,0,0,0,4,2,16
,2022-37935,-104.9848535,39.73204379,10/9/2022 10:39,10:39,3,0,0,E 10TH AVE & N SHERMAN ST,1,1,0,0,1,1,0,0,30,0,0,0,0,0,4,2,11
,2022-37937,-105.0131182,39.72551753,10/10/2022 6:35,6:35,12,0,0,I-25 NB ON RAMP & W 6TH AVE ,1,2,1,0,1,8,0,0,45,0,0,0,0,0,1,2,13
,2022-37938,-104.9988467,39.74010059,10/8/2022 11:25,11:25,3,0,0,SPEER BLVD & 1400 BLK N ,1,1,0,0,1,2,0,0,35,0,0,0,0,0,4,2,13
,2022-37939,-105.0532128,39.73848372,10/10/2022 14:20,14:20,12,0,2,N SHERIDAN BLVD & W 14TH AVE,1,1,0,0,1,1,0,0,35,0,0,0,0,1,2,2,13
,2022-37946,-104.9916489,39.73686522,10/9/2022 12:20,12:20,10,0,1,W 13TH AVE & N CHEROKEE ST,1,1,0,0,1,1,0,0,30,0,0,0,1,2,4,2,11
,2022-37948,-104.9385987,39.65302353,10/8/2022 11:13,11:13,12,0,0,E HAMPDEN AVE & S ASH ST,1,1,0,0,1,4,0,0,45,0,0,0,0,0,2,2,3
,2022-37951,-105.053221,39.73323076,8/1/2022 18:29,18:29,15,0,1,N SHERIDAN BLVD & W 10TH AVE,1,1,0,0,6,1,0,0,40,0,0,0,0,2,2,3,9
,2022-37953,-104.9017452,39.62377074,10/7/2022 14:37,14:37,5,0,0,I-25 & E BELLEVIEW AVE,1,1,0,0,1,4,0,0,65,0,0,0,0,0,1,3,16
,2022-37954,-105.03114,39.73793484,10/9/2022 4:37,4:37,9,0,1,N JULIAN ST & W HOWARD PLACE,1,3,0,0,4,4,0,0,30,0,0,0,0,1,4,1,2
,2022-37955,-104.9129439,39.70408113,10/10/2022 14:59,14:59,15,0,0,S MONACO ST & E EXPOSITION AVE,1,1,1,0,1,3,0,0,35,0,0,0,0,0,4,2,13