id,drcog_id,longitude,latitude,crashtime,time,crashtype,numbkilled,numbinjurd,drcoglocat,rdconditin,lightngcon,roadcntgrd,weatherco,location,roaddescrp,schoolzone,constrzone,splimit,bikeinv,pedinv,sctrinv,motoinv,svrty,rdsystem,ttlvehcls,hcf
,2022-37956,-105.0169205,39.75049944,10/8/2022 18:35,18:35,12,0,2,I-25 & W 23RD AVE,1,1,0,0,1,4,0,0,55,0,0,0,0,1,1,2,11
,2022-37958,-105.0486732,39.73966124,10/9/2022 22:30,22:30,6,0,0,WOLFF ST & W COLFAX AVE,1,3,0,0,1,4,0,0,25,0,0,0,0,0,4,2,14
,2022-37960,-104.9639115,39.77767798,10/8/2022 15:45,15:45,6,0,0,RACE STREET  & 4351 BLK N ,1,1,0,0,1,9,0,0,,0,0,0,0,0,4,3,10
,2022-37961,-104.9991935,39.6917536,9/28/2022 8:45,8:45,6,0,0,JASON ST & 1300 BLK S ,1,1,0,0,1,4,0,0,25,0,0,0,0,0,4,2,3
,2022-37963,-105.007011,39.76028245,10/1/2022 4:30,4:30,6,0,0,18TH ST & CENTRAL ST,11,4,0,1,1,2,0,0,30,0,0,0,0,0,4,2,13
,2022-37964,-104.9965605,39.70666643,10/10/2022 10:27,10:27,12,0,1,I-25 & S SANTA FE DR,1,1,0,0,1,4,0,0,55,0,0,0,0,1,1,3,16
,2022-37967,-104.9026042,39.76539692,10/7/2022 14:04,14:04,1,0,0,E 35TH AVE & N QUEBEC ST,1,1,0,0,1,1,0,0,30,0,0,0,0,0,4,2,7
,2022-37969,-104.9728663,39.74324229,10/9/2022 17:00,17:00,12,0,1,E 17TH AVE & PARK AVE,1,1,0,0,1,3,0,0,30,0,0,0,0,2,4,2,1
,2022-37973,-104.9949315,39.76798309,10/7/2022 19:25,19:25,12,0,1,I-25 & PARK AVE W,1,3,0,0,1,4,0,0,55,0,0,0,0,1,1,3,13
,2022-37974,-104.9671121,39.78013827,10/10/2022 9:45,9:45,12,0,0,I-70 & N BRIGHTON BLVD,1,1,0,0,1,4,0,0,55,0,0,0,0,0,1,4,16
,2022-37975,-104.9129347,39.7113634,10/8/2022 9:30,9:30,12,0,0,S MONACO ST & E ALAMEDA AVE,1,1,0,0,1,3,0,0,30,0,0,0,0,0,4,2,3
,2022-37977,-104.9176153,39.77106982,9/28/2022 6:19,6:19,11,0,0,E 39TH AVE & N KEARNEY ST,1,3,0,0,1,1,0,0,30,0,1,0,0,0,4,1,16
,2022-37979,-105.0148299,39.72932162,10/10/2022 18:40,18:40,15,0,0,I-25 & W 8TH AVE,1,3,0,0,1,4,0,0,55,0,0,0,0,0,1,2,11
,2022-37980,-104.9907888,39.77936599,10/9/2022 17:31,17:31,5,0,1,I-70 EB ON RAMP & I-25 SB OFF RAMP SPLIT,13,3,1,0,2,8,0,0,45,0,0,0,1,2,1,1,14
,2022-37981,-104.7697729,39.79848011,10/7/2022 3:50,3:50,12,0,0,E 61ST AVE & N ARGONNE ST,1,3,0,0,1,3,0,0,25,0,0,0,0,0,4,2,16
,2022-37983,-104.9822542,39.73120351,10/9/2022 13:25,13:25,15,0,0,LOGAN ST & 900 BLK N ,1,1,0,0,1,4,0,0,30,0,0,0,0,0,4,2,13
,2022-37987,-105.0193165,39.76321736,10/8/2022 21:04,21:04,6,0,1,W 33RD AVE & BRYANT ST,1,4,0,0,1,4,0,0,20,0,0,0,0,2,4,3,16
,2022-37988,-105.020385,39.70562374,8/11/2022 13:04,13:04,6,0,0,S CLAY ST & W CENTER AVE,1,1,0,0,1,1,0,0,25,0,0,0,0,0,4,2,3
,2022-37999,-104.9791463,39.7797555,10/9/2022 19:38,19:38,12,0,2,I-70 & N WASHINGTON ST,1,1,0,7,1,4,0,0,65,0,0,0,0,1,1,3,13
,2022-38000,-105.0328038,39.72612162,8/30/2022 20:37,20:37,5,0,0,W 6TH AVE  & N FEDERAL BLVD,1,3,0,0,3,5,0,0,65,0,0,0,0,0,2,1,13
,2022-38002,-104.9659759,39.74481025,10/10/2022 9:33,9:33,3,0,1,E 18TH AVE & N WILLIAMS ST,1,1,0,0,1,1,0,0,30,0,0,0,0,1,4,2,10
,2022-38016,-104.9891643,39.77938956,10/9/2022 0:27,0:27,12,0,2,I-25 & I-70,1,4,0,0,1,4,0,0,55,0,0,0,0,2,1,2,13
,2022-38024,-105.0252213,39.78746464,10/9/2022 15:10,15:10,12,0,0,N FEDERAL BLVD & W 50TH AVE,1,1,0,0,1,1,0,0,,0,0,0,0,0,2,2,16
,2022-38025,-104.9597591,39.75573169,10/9/2022 11:29,11:29,3,0,0,E 27TH AVE & N YORK ST,1,1,0,0,1,1,0,0,25,0,0,0,0,0,4,2,10
,2022-38028,-104.9034568,39.74029886,10/9/2022 17:38,17:38,11,0,1,QUEBEC ST & COLFAX AVE,1,1,0,0,1,2,0,0,30,0,1,0,0,2,4,1,11
,2022-38029,-104.8657287,39.77562189,10/10/2022 9:54,9:54,15,0,1,I-70 & N HAVANA ST,1,1,0,0,1,4,0,0,70,0,0,0,0,2,1,3,1
,2022-38066,-104.9597665,39.75071751,10/11/2022 15:30,15:30,10,0,0,N YORK ST & E 23RD AVE,1,1,0,0,1,1,0,0,,0,0,0,0,0,4,2,16
,2022-38068,-105.0029851,39.75163589,10/10/2022 11:15,11:15,6,0,1,WEWATTA ST & 1500 BLK ,1,1,0,0,1,4,0,0,30,0,0,0,0,2,4,4,7
,2022-38071,-104.9991195,39.71120695,10/11/2022 8:18,8:18,15,0,0,I-25 & W ALAMEDA AVE,1,1,1,0,1,4,0,0,55,0,0,0,0,0,1,3,11
,2022-38072,-105.0468097,39.72580523,10/11/2022 6:30,6:30,12,0,0,6TH AVE & 4700 BLK W,1,2,1,0,1,4,0,0,55,0,0,0,0,0,2,3,1
,2022-38073,-105.0250827,39.70722355,10/10/2022 18:17,18:17,12,0,0,FEDERAL BLVD & 500 BLK S ,1,1,0,0,1,9,0,0,15,0,0,0,0,0,4,2,3
,2022-38076,-104.9629225,39.68517403,10/10/2022 20:15,20:15,12,0,1,I-25 & S UNIVERSITY BLVD,1,3,0,0,1,4,0,0,60,0,0,0,0,1,1,2,1
,2022-38079,-104.9897313,39.75447246,10/11/2022 14:00,14:00,12,0,1,22ND ST & 1200 BLK ,1,1,0,0,1,4,0,0,30,0,0,0,0,1,4,2,13
,2022-38084,-104.9683189,39.7507187,10/11/2022 20:50,20:50,6,0,0,23RD AVE & 1600 BLK E ,1,3,0,0,1,4,0,0,25,0,0,0,0,0,4,2,12
,2022-38085,-104.9949728,39.75378025,10/10/2022 23:55,23:55,6,0,0,BLAKE ST & 1925 BLK,1,3,0,0,1,4,0,0,30,0,0,0,0,0,4,2,14
,2022-38086,-105.0346156,39.7767519,10/11/2022 9:29,9:29,3,0,1,W 44TH AVE & N LOWELL BLVD,1,1,0,0,1,1,0,0,30,0,0,0,0,1,4,2,13
,2022-38087,-104.9129182,39.71121288,10/10/2022 17:30,17:30,12,0,0,S MONACO ST & E ALAMEDA AVE,1,1,0,0,1,1,0,0,30,0,0,0,0,0,4,2,14
,2022-38092,-104.9406123,39.74007431,10/9/2022 8:37,8:37,2,0,1,E COLFAX AVE & N COLORADO BLVD,1,1,0,7,1,1,0,0,35,1,0,0,0,2,2,1,11
,2022-38095,-104.7013199,39.83802611,10/10/2022 21:45,21:45,15,0,0,78TH AVE & 25000 BLK E ,1,3,0,0,1,4,0,0,45,0,0,0,0,0,4,2,11
,2022-38098,-104.99889,39.71119349,10/7/2022 13:29,13:29,12,0,0,I-25 & W ALAMEDA AVE,1,1,0,0,1,4,0,0,55,0,0,0,0,0,1,2,13
,2022-38100,-104.9118995,39.64265946,10/11/2022 9:26,9:26,12,0,0,MONACO ST & 4100 BLK S ,1,1,0,1,1,4,0,0,30,0,0,0,0,0,4,2,16
,2022-38101,-105.0052346,39.74014355,10/7/2022 3:15,3:15,5,0,0,W COLFAX AVE & N OSAGE ST,1,3,0,0,6,4,0,0,40,0,0,0,0,0,2,1,16
,2022-38107,-104.9211218,39.71119893,10/10/2022 15:30,15:30,1,0,0,E ALAMEDA AVE & S IVY ST,1,1,0,0,1,1,0,0,30,0,0,0,0,0,4,2,3
,2022-38109,-105.0057825,39.71882743,10/11/2022 6:53,6:53,15,0,1,I-25 & W 6TH AVE,1,1,1,0,1,4,0,0,55,0,0,0,0,1,1,3,14
,2022-38112,-104.9403915,39.78790314,10/10/2022 10:55,10:55,3,0,0,N COLORADO BLVD & E 50TH AVE,1,1,0,0,1,1,0,0,20,0,0,0,0,0,2,2,11
,2022-38113,-104.9890063,39.77724534,10/11/2022 9:44,9:44,15,0,0,I-25 NB OFF RAMP & I-70,1,1,1,0,1,8,0,0,55,0,0,0,0,0,1,2,11
,2022-38114,-105.0440127,39.76936284,10/11/2022 13:45,13:45,1,0,2,W 38TH AVE & N TENNYSON ST,1,1,0,0,1,1,0,0,35,0,0,0,0,1,4,2,13
,2022-38115,-104.9875059,39.71746446,10/10/2022 12:30,12:30,6,0,0,N BROADWAY ST & W IRVINGTON PL,1,1,0,0,1,1,0,0,30,0,0,0,0,0,4,2,3
,2022-38116,-104.9356699,39.68207867,10/10/2022 9:30,9:30,3,0,0,JEWELL AVE & 4400 BLK E ,1,1,0,0,1,2,0,0,25,0,0,0,0,0,4,2,3
,2022-38118,-105.0532113,39.73941355,10/10/2022 13:55,13:55,12,0,0,SHERIDAN BLVD & 1400 BLK N ,1,1,0,0,1,3,0,0,35,0,0,0,0,0,2,2,3
,2022-38120,-104.9037056,39.71705946,10/10/2022 13:00,13:00,12,0,0,E LOWRY BLVD & N QUEBEC ST,1,1,0,0,1,1,0,0,30,0,0,0,0,0,4,2,3
,2022-38121,-104.9574355,39.73838705,10/10/2022 15:35,15:35,10,0,0,E 14TH AVE & N COLUMBINE ST,1,1,0,0,1,1,0,0,30,0,0,0,0,0,4,2,11
,2022-38122,-104.9727399,39.75447972,10/11/2022 12:44,12:44,6,0,0,26TH AVE & 1200 BLK E ,1,1,0,0,1,3,0,0,25,0,0,0,0,0,4,2,11
,2022-38123,-104.998391,39.71120449,10/11/2022 8:58,8:58,15,0,0,S KALAMATH ST & W ALAMEDA AVE,1,1,0,0,1,1,0,0,30,0,0,0,0,0,4,2,16
,2022-38126,-105.0357873,39.78651354,10/11/2022 8:00,8:00,6,0,0,MEADE ST & 4900 BLK N ,1,1,1,0,1,4,0,0,20,0,0,0,0,0,4,2,10
,2022-38131,-104.9659522,39.76010343,10/7/2022 2:57,2:57,6,0,0,WILLIAMS ST & 3000 BLK N ,1,3,3,0,1,4,0,0,35,0,0,0,0,0,4,2,14
,2022-38132,-104.9593788,39.78017762,10/10/2022 11:49,11:49,15,0,0,I-70 & YORK ST,1,1,1,0,1,4,0,0,55,0,0,0,0,0,1,2,8
,2022-38139,-105.0349101,39.73848138,10/4/2022 13:34,13:34,6,0,0,14TH AVE & 3600 BLOCK W ,1,1,0,0,1,4,0,0,25,0,0,0,0,0,4,2,16
,2022-38140,-105.0438421,39.77094797,10/11/2022 20:59,20:59,3,0,1,W 39TH AVE & N TENNYSON ST,1,3,0,0,1,1,0,0,25,0,0,0,0,1,4,2,13
,2022-38141,-104.9827974,39.69116964,10/11/2022 13:39,13:39,3,0,0,E ARKANSAS AVE & S LOGAN ST,1,1,0,0,1,1,0,0,25,0,0,0,0,0,4,2,11
,2022-38143,-105.017676,39.7238837,10/10/2022 15:37,15:37,3,0,0,W 5TH AVE & N ALCOTT ST,1,1,0,0,1,2,0,0,,0,0,0,0,0,4,2,11
,2022-38145,-105.0165222,39.7513218,10/11/2022 18:23,18:23,12,0,0,I-25 & W 23RD AVE,1,2,0,0,1,4,0,0,55,0,0,0,0,0,1,2,13
,2022-38146,-104.9827238,39.69733364,10/1/2022 17:40,17:40,12,0,1,I-25 & S LOGAN ST,1,1,0,0,1,4,0,0,55,0,0,0,0,2,1,2,16
,2022-38147,-104.9499453,39.71466214,10/10/2022 10:45,10:45,1,0,0,S STEELE ST & E BAYAUD AVE,1,1,0,0,1,1,0,0,30,0,0,0,0,0,4,2,3
,2022-38149,-104.9504712,39.68471655,10/11/2022 7:04,7:04,12,0,0,I-25 & S STEELE ST,1,1,0,0,1,4,0,0,55,0,0,0,0,0,1,2,16
,2022-38150,-105.0064273,39.78326345,10/11/2022 6:59,6:59,3,0,0,I-70 & N PECOS ST @ 48TH AVE,1,1,0,0,1,6,0,0,30,0,0,0,0,0,4,2,11
,2022-38153,-104.6739083,39.8423657,10/11/2022 15:39,15:39,12,0,0,PENA BLVD & 5500 BLK,1,1,0,0,1,4,0,0,65,0,0,0,0,0,2,2,11
,2022-38161,-104.9670454,39.77989217,10/11/2022 6:11,6:11,5,0,0,I-70 & N BRIGHTON BLVD,1,3,0,0,3,4,0,0,55,0,0,0,0,0,1,1,1
,2022-38164,-104.9929153,39.69666187,10/10/2022 16:12,16:12,1,0,0,SB S SANTA FE DR & W MISSISSIPPI AVE,1,1,0,0,1,1,0,0,30,0,0,0,0,0,2,2,11
,2022-38169,-104.998391,39.71120449,10/10/2022 10:30,10:30,15,0,0,S KALAMATH ST & W ALAMEDA AVE,1,1,0,0,1,1,0,0,35,0,0,0,0,0,2,2,3
,2022-38274,-105.0328038,39.72612162,8/30/2022 20:45,20:45,11,0,1,W 6TH AVE & N FEDERAL BLVD,1,3,0,0,1,3,0,0,0,0,1,0,0,3,2,1,16
,2022-38328,-104.9227157,39.6476035,9/21/2022 16:30,16:30,11,0,1,E MANSFIELD AVE & S HOLLY ST,1,1,0,0,1,1,0,0,,0,1,0,0,1,4,1,16
,2022-38330,-104.9257464,39.66757678,10/7/2022 7:22,7:22,12,0,1,I-25 & E YALE AVE,1,1,0,0,1,4,0,0,55,0,0,0,0,2,1,3,16
,2022-38337,-104.9985768,39.72413112,10/11/2022 17:00,17:00,12,0,0,N SANTA FE DR & W 5TH AVE,1,1,0,0,1,1,0,0,35,0,0,0,0,0,4,2,3
,2022-38341,-104.9863905,39.70947361,10/12/2022 12:00,12:00,15,0,0,LINCOLN ST & 300 BLK S,1,1,0,0,1,1,0,0,35,0,0,0,0,0,4,2,7
,2022-38342,-104.9034947,39.71128237,10/12/2022 12:40,12:40,1,0,0,E ALAMEDA AVE & S QUEBEC ST,1,1,0,0,1,1,0,0,35,0,0,0,0,0,4,2,13
,2022-38343,-105.0155816,39.69598124,10/12/2022 8:54,8:54,3,0,0,S ZUNI ST & W MOSIER PL,1,1,0,0,1,1,0,0,25,0,0,0,0,0,4,2,11
,2022-38345,-104.9775468,39.72012278,10/12/2022 8:38,8:38,10,0,0,E SPEER BLVD & N CLARKSON ST,1,1,0,1,1,1,0,0,30,0,0,0,0,0,4,2,16
,2022-38348,-104.9544717,39.71803406,10/12/2022 7:35,7:35,15,0,0,E 1ST AVE & N DETROIT ST,1,1,0,0,1,4,0,0,30,0,0,0,0,0,4,2,11
,2022-38351,-104.9156957,39.65316402,10/12/2022 8:59,8:59,12,0,1,E HAMPDEN AVE & S LOCUST ST (APPROX),1,1,1,0,1,3,0,0,40,0,0,0,0,2,2,3,16
,2022-38353,-105.0112516,39.72348434,10/12/2022 11:50,11:50,12,0,2,I-25 & W 6TH AVE NB OFF RAMP GORE PT,1,1,1,0,1,8,0,0,55,0,0,0,0,1,1,2,16
,2022-38367,-104.9269783,39.7111798,10/11/2022 11:50,11:50,3,0,0,S FOREST ST & E ALAMEDA AVE,1,1,0,0,1,1,0,0,25,0,0,0,0,0,4,2,13
,2022-38368,-104.8658282,39.79013459,10/11/2022 16:23,16:23,15,0,0,E 51ST AVE & N HAVANA ST,1,1,0,6,1,1,0,0,30,0,0,0,0,0,4,2,13
,2022-38371,-104.9405996,39.75104031,10/12/2022 9:50,9:50,1,0,1,N COLORADO BLVD & E 23RD AVE,1,1,0,0,1,1,0,0,35,0,0,0,0,1,2,2,11
,2022-38372,-104.9791539,39.77935673,10/12/2022 6:40,6:40,15,0,0,I-70 & N WASHINGTON ST,1,2,1,0,1,4,0,0,55,0,0,0,0,0,1,2,1
,2022-38374,-104.9791539,39.77935673,10/12/2022 6:20,6:20,12,0,1,I-70 & N WASHINGTON ST,1,3,1,0,1,4,0,0,55,0,0,0,0,1,1,2,16
,2022-38377,-105.0532269,39.69483882,10/12/2022 15:03,15:03,12,0,0,S SHERIDAN BLVD & W ARIZONA AVE,1,1,0,0,1,4,0,0,40,0,0,0,0,0,2,2,16
,2022-38378,-104.9978953,39.81082499,10/12/2022 16:47,16:47,12,0,0,I-76 & HURON ST,1,1,0,0,1,4,0,0,65,0,0,0,0,0,1,2,13
,2022-38382,-104.9861232,39.7352747,10/12/2022 9:10,9:10,12,0,0,N LINCOLN ST & E 12TH AVE,1,1,0,0,1,1,0,0,30,0,0,0,0,0,4,2,3
,2022-38384,-104.9959793,39.76757675,10/9/2022 3:35,3:35,15,0,0,I-25 & PARK AVE W,1,3,0,0,1,4,0,0,55,0,0,0,0,0,1,2,13
,2022-38385,-104.882959,39.77713978,10/10/2022 16:27,16:27,15,0,2,I-70 & CENTRAL PARK BLVD,1,1,1,0,1,8,0,0,40,0,0,0,0,1,1,3,11
,2022-38387,-104.986269,39.71476019,10/11/2022 10:45,10:45,10,0,0,S LINCOLN ST & E BAYAUD AVE,1,1,0,0,1,1,0,0,30,0,0,0,0,0,4,2,8
,2022-38388,-104.9991893,39.70548212,10/12/2022 15:08,15:08,10,0,2,S JASON ST & W CENTER AVE,1,1,0,0,1,1,0,0,30,0,0,0,0,2,4,2,3
,2022-38389,-105.0270514,39.68225752,10/12/2022 17:15,17:15,12,0,0,W JEWELL AVE & S HAZEL CT,1,1,0,0,1,4,0,0,30,0,0,0,0,0,4,2,2
,2022-38390,-104.8999175,39.62802211,10/11/2022 16:15,16:15,15,0,0,E UNION AVE & S SYRACUSE ST,1,1,0,0,6,1,0,0,25,0,0,0,0,0,4,2,8
,2022-38391,-104.9406248,39.72922749,10/12/2022 6:22,6:22,2,0,1,E 8TH AVE & N COLORADO BLVD,1,3,0,0,1,1,0,0,0,1,0,0,0,2,2,1,16
,2022-38392,-104.8856028,39.63903798,10/12/2022 9:31,9:31,12,0,0,I-225 & S YOSEMITE ST,1,1,0,0,1,4,0,0,55,0,0,0,0,0,1,2,16
,2022-38393,-105.0394537,39.72578859,10/11/2022 19:24,19:24,3,0,1,N PERRY ST & W 6TH AVE FRTG,1,3,0,0,1,1,0,0,30,0,0,0,0,3,4,2,3
,2022-38411,-104.9248504,39.66657198,10/12/2022 6:46,6:46,12,0,0,I-25 & N YALE AVE,1,2,1,0,1,4,0,0,65,0,0,0,0,0,1,3,3
,2022-38412,-104.9739119,39.71833382,10/12/2022 8:17,8:17,12,0,0,N CORONA ST & E SPEER BLVD,1,1,0,0,1,3,0,0,,0,0,0,0,0,4,3,16
,2022-38413,-104.9143799,39.67846279,10/12/2022 16:25,16:25,12,0,0,EVANS AVE & 6400 BLK E ,1,2,0,0,1,3,0,0,30,0,0,0,0,0,4,2,13
,2022-38414,-104.9985132,39.67847805,10/11/2022 9:30,9:30,12,0,0,W EVANS AVE & S PLATTE RIVER DR,1,1,0,0,1,1,0,0,35,0,0,0,0,0,4,2,3
,2022-38420,-104.9734181,39.68999371,10/12/2022 17:18,17:18,12,0,0,I-25 & S DOWNING ST,1,1,3,0,1,4,0,0,55,0,0,0,0,0,1,3,3
,2022-38422,-105.053156,39.73309411,10/11/2022 11:47,11:47,3,0,1,W 10TH AVE & N SHERIDAN BLVD,1,1,0,0,1,1,0,0,30,0,0,0,0,1,4,3,1
,2022-38428,-104.7413643,39.79844244,10/12/2022 7:26,7:26,3,0,1,E 56TH AVE & N NEPAL ST,1,2,0,0,1,1,0,0,25,0,0,0,0,2,4,2,11
,2022-38480,-104.9406208,39.73272026,7/6/2022 17:14,17:14,12,0,0,COLORADO BLVD 1100 BLK N & E 11TH AVE,1,1,0,0,1,4,0,0,30,0,0,0,0,0,2,2,1
,2022-38481,-104.8470297,39.77400525,10/4/2022 17:13,17:13,12,0,1,I-70 & N PEORIA ST,1,1,0,0,1,4,0,0,55,0,0,0,0,2,1,4,7
,2022-38482,-105.0439413,39.78363365,10/12/2022 22:36,22:36,12,0,0,I-70 & N TENNYSON ST,1,3,0,0,1,4,0,1,55,0,0,0,0,0,1,3,13
,2022-38485,-104.9141038,39.69843234,10/13/2022 13:50,13:50,3,0,2,E TENNESSEE AVE & S LOCUST ST,1,1,0,0,1,1,0,0,25,0,0,0,0,2,4,2,13
,2022-38486,-104.9561049,39.76198571,10/13/2022 9:35,9:35,6,0,0,N ELIZABETH ST & E 33RD AVE,1,1,1,0,1,4,0,0,20,0,0,0,0,0,4,2,11
,2022-38489,-104.9967957,39.70642408,10/13/2022 15:35,15:35,12,0,0,S SANTA FE DR & I-25 NB ON RAMP FLYOVER,1,1,0,0,1,1,0,0,45,0,0,0,0,0,2,2,11
,2022-38493,-104.958256,39.72412909,10/13/2022 9:57,9:57,15,0,0,N JOSEPHINE ST & E 5TH AVE,1,1,0,1,1,4,0,0,30,0,0,0,0,0,4,2,16
,2022-38495,-104.9829258,39.69661784,9/27/2022 9:30,9:30,12,0,0,E MISSISSIPPI AVE & S LOGAN ST,1,1,0,0,1,1,0,0,,0,0,0,0,0,4,2,16
,2022-38497,-105.02974,39.69674515,10/13/2022 9:55,9:55,3,0,1,W MISSISSIPPI AVE & S IRVING ST,1,1,0,0,1,1,0,0,25,0,0,0,0,1,4,2,13
,2022-38498,-105.0017782,39.75967152,10/12/2022 23:33,23:33,12,0,0,20TH ST & LITTLE RAVEN ST,1,3,1,0,1,1,0,0,35,0,0,0,0,0,4,2,16
,2022-38500,-105.0252054,39.78561196,10/1/2022 7:30,7:30,3,0,0,W 49TH AVE & N FEDERAL BLVD,1,1,0,0,1,1,0,0,35,0,0,0,0,0,4,2,16
,2022-38502,-104.8830668,39.78572865,10/13/2022 13:23,13:23,3,0,1,N CENTRAL PARK BLVD & E NORTHFIELD BLVD,1,1,0,0,1,1,0,0,35,0,0,0,0,1,4,2,11
,2022-38503,-104.9708717,39.76710706,8/14/2022 21:50,21:50,6,0,0,LAFAYETTE ST 3600 BLK N & E 36TH AVE,1,3,0,0,1,4,0,0,25,0,0,0,0,0,4,2,16
,2022-38505,-104.9081627,39.74378723,10/13/2022 8:25,8:25,3,0,1,N ONEIDA ST & E 17TH AVE,1,1,0,0,1,1,0,0,30,0,0,0,0,2,4,2,11
,2022-38507,-105.0251423,39.75000147,9/5/2022 16:45,16:45,3,0,0,N FEDERAL BLVD & W 22RD AVE,1,1,0,0,1,1,0,0,35,0,0,0,0,0,2,2,13
,2022-38510,-104.9087373,39.65303567,9/9/2022 7:24,7:24,12,0,0,HAMPDEN AVE 6900 BLK E & S ONEIDA WY,1,1,0,0,1,4,0,0,45,0,0,0,0,0,2,2,16
,2022-38513,-104.9339289,39.67912319,10/13/2022 9:43,9:43,12,0,0,I-25 ON RAMP & E EVANS AVE,1,1,1,0,1,8,0,0,45,0,0,0,0,0,1,2,16
,2022-38515,-104.9581485,39.78920266,10/13/2022 11:40,11:40,16,0,0,5160 N YORK ST & nan,1,1,0,0,5,7,0,0,15,0,0,0,0,0,3,2,7
,2022-38516,-105.0151325,39.72566003,10/13/2022 12:05,12:05,12,0,2,I-25 SB OFF RAMP TO WB 6TH AVE & BEGIN 6TH AVE COLLECTOR RAMP,1,1,0,0,1,8,0,0,45,0,0,0,0,1,1,2,16
,2022-38518,-104.8986009,39.74379657,10/8/2022 12:05,12:05,12,0,0,17TH AVE & 7700 BLK E,1,1,3,0,1,1,0,0,30,0,0,0,0,0,4,2,16
,2022-38521,-104.7863635,39.79893396,10/13/2022 13:07,13:07,12,0,0,PENA BLVD & 56TH AVE,1,1,0,0,1,4,0,0,65,0,0,0,0,0,2,2,11
,2022-38522,-105.0343802,39.68450508,10/13/2022 2:34,2:34,6,0,0,S LOWELL BLVD & W COLORADO AVE,1,3,1,0,1,4,0,0,30,0,0,0,0,0,4,2,16
,2022-38531,-104.95342,39.72412697,10/12/2022 13:00,13:00,1,0,0,E 5TH AVE & N FILLMORE ST,1,1,0,0,1,1,0,0,25,0,0,0,0,0,4,2,3
,2022-38532,-104.9228097,39.65307349,10/1/2022 7:30,7:30,12,0,0,HAMPDEN BLVD & 5500 BLK E ,1,1,0,0,1,4,0,0,40,0,0,0,0,0,2,2,13
,2022-38533,-104.9405325,39.75648272,10/13/2022 12:51,12:51,1,0,1,N COLORADO BLVD & E 28TH AVE,1,1,0,0,1,1,0,0,35,0,0,0,0,2,2,2,13
,2022-38534,-104.7387359,39.77510666,10/10/2022 7:50,7:50,6,0,0,E 42ND AVE & N ORLEANS ST,1,1,0,0,1,4,0,0,25,0,0,0,0,0,4,2,11
,2022-38536,-104.9597586,39.76074761,10/13/2022 10:25,10:25,3,0,1,N YORK ST & E 31ST AVE,1,1,0,0,1,1,0,0,30,0,0,0,0,1,4,2,13
,2022-38537,-104.9597572,39.764764,10/13/2022 15:50,15:50,3,0,0,N YORK ST & E BRUCE RANDOLPH AVE,1,1,0,0,1,2,0,0,35,0,0,0,0,0,4,2,11
,2022-38542,-104.7612567,39.78737597,8/25/2022 17:35,17:35,6,0,0,50TH AVE 19600 BLK E & N FLANDERS ST,1,1,0,0,1,3,0,0,45,0,0,0,0,0,4,2,9
,2022-38548,-105.0479007,39.65744195,10/13/2022 10:51,10:51,3,0,0,S WOLFF ST & W DARTMOUTH AVE,1,1,0,0,1,1,0,0,25,0,0,0,0,0,4,2,11
,2022-38551,-105.04003,39.74033684,9/11/2022 1:31,1:31,12,0,0,W COLFAX AVE & N PERRY ST,1,3,0,0,1,4,0,0,30,0,0,0,0,0,2,2,16
,2022-38552,-105.0415866,39.7817545,9/15/2022 9:29,9:29,6,0,0,RALEIGH ST 4600 BLK N  & W 47TH AVE,1,1,0,1,1,4,1,0,25,0,0,0,0,0,4,2,16
,2022-38553,-104.9664012,39.67847995,10/12/2022 14:00,14:00,6,0,0,S WILLIAMS ST & E EVANS AVE,1,1,0,0,1,1,0,0,,0,0,0,0,0,4,2,16
,2022-38554,-104.9742242,39.71892701,10/13/2022 16:20,16:20,10,0,0,E SPEER BLVD & N CORONA ST,1,2,0,0,1,3,0,0,30,0,0,0,0,0,4,2,13
,2022-38555,-104.9764347,39.73211818,9/14/2022 21:14,21:14,14,0,0,EMERSON ST 1000 BLK N  & E 10TH AVE,1,1,0,0,1,4,0,0,20,0,0,0,0,0,4,2,3
,2022-38556,-104.9955217,39.75334522,9/4/2022 2:00,2:00,3,0,0,19TH ST & BLAKE ST,1,3,0,0,1,1,0,0,,0,0,0,0,0,4,2,16
,2022-38557,-104.9899349,39.72904509,9/19/2022 11:19,11:19,2,0,1,W 8TH AVE & N SPEER BLVD,1,1,0,0,1,1,0,0,0,1,0,0,0,1,4,1,16
,2022-38562,-104.978457,39.73042516,8/30/2022 5:00,5:00,6,0,0,N WASHINGTON ST 900 BLOCK  & 9TH AVE,1,1,0,0,1,4,0,0,35,0,0,0,0,0,4,2,16
,2022-38564,-104.9916544,39.73205277,10/12/2022 10:00,10:00,6,0,0,N CHEROKEE ST & E 10TH AVE,1,1,0,0,1,1,0,0,,0,0,0,0,0,4,2,16
,2022-38565,-104.9982554,39.72890533,9/10/2022 14:40,14:40,6,0,0,W 8TH AVE & N SANTA FE DR,11,1,0,0,1,1,0,0,,0,0,0,0,0,4,2,16
,2022-38566,-104.9450336,39.68041287,8/26/2022 15:50,15:50,6,0,0,MONROE ST & 2000 BLK S ,1,1,0,0,1,4,0,0,,0,0,0,0,0,4,2,16
,2022-38567,-105.032493,39.72612487,8/31/2022 11:43,11:43,12,0,1,KNOX CT 500 BLK N & W 6TH AVE S DR,1,1,0,0,1,1,0,0,30,0,0,0,0,2,4,2,16