id,drcog_id,longitude,latitude,crashtime,time,crashtype,numbkilled,numbinjurd,drcoglocat,rdconditin,lightngcon,roadcntgrd,weatherco,location,roaddescrp,schoolzone,constrzone,splimit,bikeinv,pedinv,sctrinv,motoinv,svrty,rdsystem,ttlvehcls,hcf
,2022-38571,-104.8756594,39.65301956,10/13/2022 9:00,9:00,12,0,0,E HAMPDEN AVE & S DAYTON ST,1,1,0,0,1,3,0,0,45,0,0,0,0,0,2,2,7
,2022-38572,-104.9934184,39.75365463,10/12/2022 23:25,23:25,3,0,3,MARKET ST & 20TH ST,1,3,0,0,1,1,0,0,30,0,0,0,0,3,4,2,14
,2022-38573,-104.9671121,39.78013827,10/12/2022 15:14,15:14,12,0,1,I-70 & N BRIGHTON BLVD,1,1,0,0,1,4,0,0,55,0,0,0,0,1,1,2,16
,2022-38576,-105.0251289,39.75529281,8/31/2022 6:00,6:00,12,0,0,FEDERAL BLVD 2600 BLK N & W 26TH AVE,1,2,1,0,1,4,0,0,35,0,0,0,0,0,2,2,1
,2022-38577,-105.02482,39.77290854,9/26/2022 8:35,8:35,12,0,1,FEDERAL BLVD & 4100 BLOCK N ,1,1,1,0,1,3,0,0,35,0,0,0,0,1,2,2,3
,2022-38578,-104.9515184,39.68139982,10/13/2022 8:20,8:20,12,0,0,E BUCHTEL BLVD & S ST PAUL ST,1,1,0,0,1,4,0,0,30,0,0,0,0,0,4,2,2
,2022-38580,-104.9899473,39.71658636,10/13/2022 18:12,18:12,14,0,0,W ELLSWORTH AVE & S BANNOCK ST,14,1,3,0,1,1,0,0,25,0,0,0,0,0,4,2,8
,2022-38587,-104.9035107,39.707658,9/20/2022 8:18,8:18,15,0,0,S QUEBEC ST & E ALAMEDA AVE,1,1,0,0,1,4,0,0,30,0,0,0,0,0,4,2,1
,2022-38588,-104.9792441,39.77832947,10/12/2022 9:50,9:50,1,0,0,N WASHINGTON ST & E 45TH AVE,1,1,0,0,1,1,0,0,30,0,0,0,0,0,4,2,3
,2022-38590,-104.994836,39.7742243,10/13/2022 7:57,7:57,3,0,1,W 42ND AVE & N FOX ST,1,1,0,0,1,1,0,0,25,0,0,0,0,1,4,2,13
,2022-38592,-104.9205603,39.7387407,10/13/2022 1:19,1:19,6,0,0,N IVY ST & E 14TH AVE,1,3,0,0,1,4,0,0,30,0,0,0,0,0,4,2,14
,2022-38594,-104.9892132,39.7766275,10/13/2022 6:42,6:42,12,0,0,I-25 & W 44TH AVE,1,1,0,0,1,4,0,0,,0,0,0,0,0,1,3,16
,2022-38595,-105.0154667,39.72536385,10/13/2022 12:20,12:20,15,0,2,6TH AVE WB COLLECTOR RAMP & I-25 OFF RAMPS GORE PT,1,1,1,0,1,14,0,0,55,0,0,0,0,1,2,2,7
,2022-38596,-104.8800296,39.7770355,10/12/2022 12:46,12:46,15,0,0,I-70 & I-270 WB DIR CONNECT,1,1,0,0,1,14,0,0,55,0,0,0,0,0,1,2,16
,2022-38598,-104.8470297,39.77400525,10/13/2022 7:15,7:15,12,0,0,I-70 & N PEORIA ST,1,1,0,0,1,8,0,0,,0,0,0,0,0,1,2,16
,2022-38602,-105.0252313,39.769287,10/13/2022 12:43,12:43,15,0,0,N FEDERAL BLVD & W 38TH AVE,1,1,0,0,1,1,0,0,35,0,0,0,0,0,2,2,10
,2022-38604,-105.0297894,39.68258852,10/13/2022 8:30,8:30,1,0,0,S IRVING ST & W JEWELL AVE,1,1,0,0,1,2,0,0,20,0,0,0,0,0,4,2,11
,2022-38605,-104.91256,39.72533832,10/13/2022 10:10,10:10,1,0,0,N MONACO ST & E 6TH AVE,1,1,0,0,1,1,0,0,30,0,0,0,0,0,4,2,11
,2022-38606,-105.0298409,39.7254226,9/20/2022 15:21,15:21,12,0,0,W 6TH AVE & EB EXIT RAMP GORE PT TO N FEDERAL BLVD,1,1,0,0,1,4,0,0,,0,0,0,0,0,2,2,16
,2022-38610,-104.9024268,39.76737921,9/26/2022 15:56,15:56,12,0,2,E 36TH AVE & N QUEBEC ST,1,1,0,0,1,4,0,0,30,0,0,0,0,3,4,4,3
,2022-38611,-105.0247331,39.72571122,9/23/2022 15:37,15:37,12,0,0,W 6TH AVE WB OFF RAMP & N FEDERAL BLVD,1,1,1,0,1,8,0,0,,0,0,0,0,0,2,2,16
,2022-38612,-104.9499453,39.71466214,10/12/2022 11:00,11:00,10,0,0,E BAYAUD AVE & S STEELE ST,1,1,0,0,1,1,0,0,25,0,0,0,0,0,4,2,3
,2022-38613,-104.9034947,39.71128237,10/12/2022 15:30,15:30,1,0,1,E ALAMEDA AVE & S QUEBEC ST,1,1,0,0,1,1,0,0,35,0,0,0,0,1,4,2,3
,2022-38614,-105.0043198,39.76094363,10/13/2022 15:35,15:35,12,0,0,I-25 & 20TH ST,1,1,0,0,1,4,0,0,55,0,0,0,0,0,1,3,13
,2022-38618,-104.7904781,39.78363779,10/13/2022 14:20,14:20,1,0,0,E GREEN VALLEY RANCH BLVD & PENA BLVD,1,1,0,0,1,1,0,0,35,0,0,0,0,0,4,2,1
,2022-38619,-104.8658148,39.77292319,9/9/2022 22:20,22:20,12,0,0,N HAVANA ST & E 40TH AVE,11,3,0,1,1,1,0,0,,0,0,0,0,0,4,2,16
,2022-38620,-104.9835868,39.74406354,9/17/2022 0:00,0:00,12,0,0,GRANT ST & 1700 BLK N ,1,3,0,0,1,4,0,0,30,0,0,0,0,0,4,2,13
,2022-38621,-104.9636297,39.7350534,8/28/2022 20:55,20:55,6,0,0,E 12TH AVE & N RACE ST,1,3,0,0,1,4,0,0,25,0,0,0,0,0,4,2,1
,2022-38623,-104.9405417,39.75456893,9/2/2022 23:24,23:24,15,0,0,N COLORADO BLVD & E 26TH AVE,1,3,0,0,1,1,0,0,35,0,0,0,0,0,2,2,16
,2022-38625,-105.0133357,39.7255033,9/23/2022 12:05,12:05,15,0,1,W 6TH AVE & I-25,1,1,1,0,1,4,0,0,,0,0,0,1,1,1,2,16
,2022-38626,-104.8256046,39.7802256,10/13/2022 11:35,11:35,3,0,0,E ELK DR & E ANDREWS DR,1,1,0,0,1,1,0,0,25,0,0,0,0,0,4,2,11
,2022-38630,-105.0127078,39.75512692,10/6/2022 21:19,21:19,12,0,0,I-25 & N SPEER BLVD,1,3,0,0,1,4,0,0,55,0,0,0,0,0,1,2,1
,2022-38634,-104.9083407,39.74981912,10/14/2022 13:15,13:15,15,0,0,E 22ND AVE & N ONEIDA ST,1,1,0,0,1,4,0,0,35,0,0,0,0,0,4,2,11
,2022-38635,-104.9497567,39.78010339,10/12/2022 15:55,15:55,12,0,4,I-70 & N STEELE ST,1,1,0,0,1,4,0,0,55,0,0,0,0,1,1,2,16
,2022-38641,-104.9622395,39.7408032,9/28/2022 0:00,0:00,6,0,0,VINE ST & 1500 BLK N,1,4,0,0,1,4,0,0,25,0,0,0,0,0,4,2,13
,2022-38646,-104.9405417,39.75456893,7/2/2022 19:10,19:10,1,0,1,N COLORADO BLVD & E 26TH AVE,1,1,0,0,1,1,0,0,35,0,0,0,1,3,2,2,11
,2022-38648,-104.9402566,39.74007239,10/14/2022 16:00,16:00,15,0,1,E COLFAX AVE & N COLORADO BLVD,1,1,0,0,1,4,0,0,35,0,0,0,0,2,2,3,1
,2022-38649,-104.9597758,39.74756357,10/6/2022 18:15,18:15,15,0,2,YORK ST & 2000 BLK N ,1,1,0,0,1,4,0,0,25,0,0,0,0,1,4,2,1
,2022-38651,-104.8987254,39.65307764,10/13/2022 20:04,20:04,1,0,0,S TAMARAC DR & E HAMPDEN AVE,1,3,0,0,1,1,0,0,35,0,0,0,0,0,2,2,7
,2022-38652,-105.0139159,39.740089,10/14/2022 14:30,14:30,12,0,0,I-25 & E COLFAX AVE,1,1,0,0,1,4,0,0,55,0,0,0,0,0,1,2,13
,2022-38654,-105.0139596,39.74044224,10/13/2022 23:14,23:14,5,0,0,I-25 & AURARIA PKWY EXIT GORE PT,1,3,0,0,3,4,0,0,55,0,0,0,0,0,1,1,1
,2022-38655,-104.9500626,39.74106354,10/13/2022 18:19,18:19,15,0,0,N STEELE ST & E COLFAX AVE,1,2,0,0,1,4,0,0,25,0,0,0,0,0,4,3,11
,2022-38660,-104.9594431,39.68639499,8/12/2022 11:27,11:27,12,0,0,UNIVERSITY BLVD 1600 BLK S  & E IOWA AVE,1,1,0,0,1,2,0,0,35,0,0,0,0,0,4,2,16
,2022-38661,-104.979769,39.75614234,10/7/2022 11:29,11:29,3,0,0,27TH ST & STOUT ST,1,1,0,0,1,1,0,0,25,0,0,0,0,0,4,2,1
,2022-38663,-105.0133487,39.67863426,9/21/2022 20:55,20:55,8,0,0,S VALLEJO ST & W EVANS AVE,1,3,0,0,1,1,0,0,35,0,0,0,0,0,4,2,16
,2022-38668,-104.9535128,39.73837689,9/20/2022 19:56,19:56,6,0,0,E 14TH AVE & N FILLMORE ST (APPROX),1,3,0,0,1,3,0,0,30,0,0,0,0,0,4,4,16
,2022-38669,-104.9929399,39.69666191,7/4/2022 12:30,12:30,15,0,0,S PLATTE RIVER DR & W MISSISSIPPI AVE,1,1,0,0,1,1,0,0,,0,0,0,0,0,2,2,16
,2022-38670,-104.9728865,39.71862083,9/20/2022 0:03,0:03,3,0,1,E SPEER BLVD & N DOWNING ST,1,3,0,0,1,1,0,0,35,0,0,0,0,2,4,2,16
,2022-38671,-104.9941926,39.70446841,10/13/2022 23:00,23:00,15,0,2,I-25 & S SANTA FE DR,1,3,0,0,1,4,0,0,55,0,0,0,0,1,1,2,16
,2022-38672,-105.0126877,39.75536708,9/10/2022 19:04,19:04,12,0,0,I-25 & N SPEER BLVD,11,2,3,1,1,4,0,0,55,0,0,0,0,0,1,3,13
,2022-38673,-104.9823273,39.74010057,9/30/2022 16:00,16:00,6,0,0,LOGAN ST & 1500 BLK ,1,1,0,0,1,4,0,0,,0,0,0,0,0,4,2,16
,2022-38674,-105.0106389,39.74650712,8/23/2022 23:34,23:34,16,0,0,1000 CHOPPER CIR & nan,1,3,0,0,5,7,0,0,,0,0,0,0,0,3,2,16
,2022-38678,-105.0349988,39.76954309,10/13/2022 21:25,21:25,3,0,0,W 38TH AVE & N LOWELL BLVD,1,3,0,0,1,9,0,0,35,0,0,0,0,0,4,2,11
,2022-38679,-104.9844731,39.73204295,10/3/2022 7:30,7:30,6,0,0,SHERMAN ST & 1000 BLK N ,1,1,3,0,1,4,0,0,25,0,0,0,0,0,4,2,16
,2022-38680,-104.9033076,39.75852349,10/14/2022 7:25,7:25,15,0,0,N QUEBEC ST & E 29TH AVE,1,2,0,0,1,4,0,0,30,0,0,0,0,0,4,2,11
,2022-38681,-104.9292679,39.66416735,9/29/2022 16:29,16:29,6,0,0,E CORNELL AVE & S ELM ST,1,1,0,0,1,1,0,0,,0,0,0,0,0,4,2,16
,2022-38682,-105.0227077,39.70932153,10/14/2022 11:20,11:20,3,0,0,W DAKOTA AVE & S DECATUR ST,1,1,0,0,1,1,0,0,25,0,0,0,0,0,4,2,13
,2022-38683,-104.9986095,39.72863102,10/8/2022 16:43,16:43,12,0,1,N SANTA FE DR & W 8TH AVE,1,1,0,0,1,4,0,0,30,0,0,0,0,1,4,2,13
,2022-38684,-104.8016291,39.77824441,10/8/2022 0:00,,16,0,0,4699 N KITTREDGE STREET & nan,1,1,0,0,5,7,0,0,,0,0,0,0,0,3,3,16
,2022-38685,-104.9978614,39.72570011,10/14/2022 10:31,10:31,15,0,0,W 6TH AVE & N SANTA FE DR (APPROX),1,1,0,0,1,3,0,0,45,0,0,0,0,0,1,2,13
,2022-38687,-105.0034827,39.74765075,9/23/2022 23:45,23:45,12,0,2,AURARIA PKWY & 1200 BLK ,1,3,0,0,1,4,0,0,35,0,0,0,1,3,4,2,14
,2022-38689,-105.0297288,39.69500036,10/14/2022 12:53,12:53,6,0,0,S IRVING ST & W ARIZONA AVE,1,1,0,0,1,4,0,0,30,0,0,0,0,0,4,2,3
,2022-38691,-104.771881,39.83409285,10/14/2022 15:52,15:52,12,0,0,N TOWER RD & PENA BLVD,1,1,0,0,1,4,0,0,45,0,0,0,0,0,4,2,13
,2022-38695,-105.0494741,39.71819824,10/14/2022 16:49,16:49,12,0,2,W 1ST AVE & N XAVIER ST,1,1,0,0,1,3,0,0,30,0,0,0,0,1,4,3,11
,2022-38705,-104.9421843,39.73675607,10/13/2022 14:01,14:01,10,0,0,E 13TH AVE & N COLORADO BLVD,1,1,0,0,1,9,0,0,30,0,0,0,0,0,2,2,13
,2022-38706,-104.969724,39.77198321,10/14/2022 19:53,19:53,11,0,0,40TH ST & WALNUT ST,1,3,0,0,1,1,0,0,25,0,1,0,0,0,4,1,13
,2022-38707,-104.9497567,39.78010339,10/13/2022 22:53,22:53,12,0,0,I-70 ON RAMP FROM N STEELE ST & I-70 WB ENT GORE PT,1,3,0,0,1,8,0,0,65,0,0,0,0,0,1,2,7
,2022-38708,-105.0402217,39.69676155,10/13/2022 17:52,17:52,3,0,1,S PERRY ST & W MISSISSIPPI AVE,1,1,2,0,1,1,0,0,25,0,0,0,0,2,4,4,9
,2022-38710,-104.9891611,39.78003347,10/9/2022 0:27,0:27,12,0,0,I-25 & I-70,1,3,0,0,1,4,0,0,55,0,0,0,0,0,1,2,13
,2022-38711,-105.0158349,39.76139353,10/12/2022 13:40,13:40,12,0,0,ZUNI ST & 3100 BLK N ,1,1,0,0,1,3,0,0,35,0,0,0,0,0,4,2,16
,2022-38713,-104.9919873,39.74130953,10/1/2022 0:30,0:30,3,0,0,14TH ST & TREMONT PL,1,3,0,0,1,1,0,0,25,0,0,0,0,0,4,2,14
,2022-38714,-105.0498065,39.74035373,9/24/2022 17:41,17:41,1,0,1,W COLFAX AVE & N XAVIER ST,1,1,0,0,1,1,0,0,35,0,0,0,1,3,2,2,1
,2022-38715,-104.8632958,39.78627793,9/26/2022 12:50,12:50,15,0,0,N IRONTON ST & E 49TH AVE,1,1,0,0,1,4,0,0,25,0,0,0,0,0,4,2,1
,2022-38717,-104.9933517,39.67833674,10/13/2022 8:57,8:57,10,0,0,W EVANS AVE & SB EXIT RAMP TO S SANTA FE DR,1,1,0,0,1,1,0,0,30,0,0,0,0,0,4,2,16
,2022-38718,-104.9775789,39.7581595,10/3/2022 16:45,16:45,6,0,0,29TH ST & 800 BLK ,1,1,0,0,1,4,0,0,25,0,0,0,0,0,4,2,1
,2022-38719,-104.7899231,39.7728293,7/30/2022 0:27,0:27,1,1,4,E 40TH AVE & PENA BLVD INBOUND RAMPS,1,3,0,0,1,1,0,0,40,0,0,0,0,4,4,2,1
,2022-38720,-104.9114961,39.69055097,9/28/2022 16:25,16:25,15,0,0,CHERRY CREEK N DR & 6300 BLK E ,1,1,0,0,1,4,0,0,,0,0,0,0,0,4,2,16
,2022-38721,-105.0086929,39.75878504,10/4/2022 11:08,11:08,3,0,0,KENSING CT & CENTRAL ST,1,1,0,0,1,1,0,0,25,0,0,0,0,0,4,2,16
,2022-38725,-104.8470297,39.77400525,10/14/2022 7:05,7:05,15,0,0,I-70 & EB OFF RAMP GORE PT TO N PEORIA ST,1,3,0,0,1,8,0,0,,0,0,0,0,0,1,3,16
,2022-38726,-104.9868299,39.69479597,9/26/2022 9:58,9:58,6,0,0,ARIZONA AVE & 10 BLK E ,1,1,0,0,1,9,0,0,25,0,0,0,0,0,4,2,16
,2022-38730,-104.9863513,39.70752633,9/26/2022 16:42,16:42,3,0,3,E VIRGINIA AVE & S LINCOLN ST,1,1,0,0,1,1,0,0,25,0,0,0,0,3,4,2,13
,2022-38734,-104.9027525,39.76119728,10/14/2022 7:47,7:47,3,0,0,N QUEBEC ST & E MLK BLVD,1,1,0,0,1,1,0,0,30,0,0,0,0,0,4,2,11
,2022-38735,-104.965216,39.68028492,10/14/2022 8:55,8:55,3,0,0,S HIGH ST & E ASBURY AVE,1,1,0,0,1,1,0,0,30,0,0,0,0,0,4,2,11
,2022-38738,-105.0152044,39.72025757,5/16/2022 6:25,6:25,3,0,0,W 2ND AVE & N YUMA ST,1,1,0,1,1,1,0,0,25,0,0,0,0,0,4,2,16
,2022-38740,-104.9483703,39.74014854,9/17/2022 0:14,0:14,3,0,1,E COLFAX AVE & N ADAMS ST,1,3,0,0,1,1,0,0,35,0,0,0,0,2,2,2,1
,2022-38741,-104.8311418,39.78279571,10/12/2022 1:00,1:00,6,0,0,BLACKHAWK WAY & 4835 BLK N ,1,3,0,0,1,4,0,0,25,0,0,0,0,0,4,2,1
,2022-38743,-104.9953043,39.73765354,10/7/2022 16:20,16:20,6,0,0,FOX ST & 1300 BLK N ,1,1,0,0,1,4,0,0,35,0,0,0,0,0,4,2,16
,2022-38748,-104.9405044,39.78002872,10/13/2022 17:15,17:15,15,0,0,I-70 & N COLORADO BLVD,1,1,0,0,1,4,0,0,55,0,0,0,0,0,1,2,13
,2022-38750,-104.973339,39.74696404,10/14/2022 9:45,9:45,3,0,0,E 20TH AVE & N DOWNING ST,1,1,0,0,1,1,0,0,30,0,0,0,0,0,4,2,11
,2022-38751,-104.9864688,39.7482416,10/14/2022 10:15,10:15,3,0,0,WELTON ST & 20TH ST,1,1,0,0,1,1,0,0,30,0,0,0,0,0,4,2,13
,2022-38755,-105.0413999,39.69857564,10/8/2022 16:48,16:48,6,0,0,TENNESSEE AVE & 4100 BLK W ,1,3,0,0,1,2,0,0,,0,0,0,0,0,4,2,16
,2022-38756,-104.9128742,39.6676319,9/30/2022 16:22,16:22,1,0,5,S MONACO ST & E YALE AVE,11,2,0,1,1,1,0,0,35,0,0,0,0,3,4,2,16
,2022-38761,-104.9810842,39.74327186,10/9/2022 20:53,20:53,3,0,0,E 17TH AVE & N PENNSYLVANNIA ST,1,3,0,0,1,1,0,0,25,0,0,0,0,0,4,2,3
,2022-38762,-104.7454328,39.769257,9/27/2022 19:30,19:30,1,0,0,E 38TH AVE & N LISBON ST,1,4,0,0,1,1,0,0,30,0,0,0,0,0,4,2,16
,2022-38763,-104.9833233,39.74003921,10/13/2022 17:24,17:24,12,0,0,E COLFAX AVE & N GRANT ST,1,1,0,0,1,3,0,0,35,0,0,0,0,0,2,3,11
,2022-38775,-104.9940642,39.73093532,10/15/2022 2:32,2:32,5,0,1,N ELATI ST & W 9TH AVE,1,3,0,0,4,3,0,0,35,0,0,0,0,1,4,1,8
,2022-38779,-105.0047562,39.76115807,10/15/2022 10:38,10:38,12,0,0,I-25 & 20TH ST,1,1,0,0,1,4,0,0,55,0,0,0,0,0,1,4,3
,2022-38781,-104.9845299,39.7416759,10/2/2022 14:50,14:50,12,0,0,16TH AVE & 200 BLK E ,1,1,0,0,1,4,0,0,25,0,0,0,0,0,4,2,14
,2022-38783,-105.0321672,39.73531041,10/15/2022 0:22,0:22,5,0,0,N KNOX CT & W 12TH AVE,1,3,0,0,6,4,0,0,30,0,0,0,0,0,4,1,8
,2022-38784,-105.0134491,39.72565651,10/9/2022 1:53,1:53,12,0,0,I-25 & W 6TH AVE,1,3,1,0,1,4,0,0,55,0,0,0,0,0,1,4,13
,2022-38785,-105.0360952,39.71336353,10/9/2022 21:53,21:53,6,0,1,CEDAR AVE & 3700 BLK W ,1,4,0,0,1,4,0,0,25,0,0,0,0,2,4,2,16
,2022-38792,-105.0251334,39.75847416,10/14/2022 23:01,23:01,1,0,0,N FEDERAL BLVD & W 29TH AVE,1,3,0,0,1,1,0,0,35,0,0,0,0,0,2,2,6
,2022-38800,-104.8987254,39.65307719,10/14/2022 19:00,19:00,1,0,0,E HAMPDEN AVE & S TAMARAC ST,1,3,0,0,1,1,0,0,35,0,0,0,0,0,2,2,7
,2022-38804,-105.0532112,39.69045301,10/11/2022 11:53,11:53,11,0,1,SHERIDAN BLVD & 1400 BLK S ,1,1,0,0,1,2,0,0,0,0,1,0,0,2,2,1,16
,2022-38816,-105.0017713,39.76564204,10/7/2022 21:30,21:30,6,0,0,N LIPAN ST & W 35TH AVE,1,4,0,0,1,4,0,0,30,0,0,0,0,0,4,6,16
,2022-38818,-104.9650241,39.76073855,10/7/2022 4:19,4:19,6,0,0,E 31ST AVE & N HIGH ST,1,3,0,0,3,4,0,0,30,0,0,0,0,0,4,2,16
,2022-38820,-104.8905461,39.7855348,10/14/2022 19:48,19:48,2,0,0,N VERBENA ST & E NORTHFIELD BLVD,1,3,0,0,1,1,0,0,0,1,0,0,0,0,4,1,16
,2022-38823,-104.7721267,39.78176276,10/14/2022 18:48,18:48,12,0,1,N TOWER RD & E 47TH AVE,1,3,0,0,1,3,0,0,40,0,0,0,0,2,4,2,1
,2022-38825,-104.940493,39.78002816,10/14/2022 1:14,1:14,12,0,1,I-70 & N COLORADO BLVD,1,3,0,0,1,4,0,0,65,0,0,0,0,2,1,3,16
,2022-38827,-105.0133487,39.72550245,10/15/2022 16:45,16:45,15,0,0,I-25 & W 6TH AVE,1,1,0,0,1,4,0,0,,0,0,0,0,0,1,2,7
,2022-38829,-105.0131182,39.72551753,10/15/2022 9:41,9:41,12,0,0,I-25 & ENT GORE PT FROM W 6TH AVE ,1,1,0,0,1,4,0,0,55,0,0,0,0,0,1,3,7
,2022-38833,-104.9024446,39.7673793,10/15/2022 13:41,13:41,12,0,0,E 36TH AVE & N QUEBEC ST,1,1,0,0,1,3,0,0,25,0,0,0,0,0,4,2,14
,2022-38843,-105.0254432,39.75847593,10/11/2022 17:09,17:09,2,0,1,29TH AVE & 3000 BLK W,1,1,0,0,1,9,0,0,30,1,0,0,0,2,4,1,8
,2022-38849,-105.013898,39.73985419,10/15/2022 0:30,0:30,15,0,0,I-25 & W COLFAX AVE,1,3,0,0,1,4,0,0,55,0,0,0,0,0,1,2,16
,2022-38854,-104.8955712,39.71702315,10/14/2022 15:55,15:55,10,0,1,E FAIRMONT DR & E LOWRY BLVD,1,1,0,0,1,6,0,0,25,0,0,0,0,2,4,3,8
,2022-38856,-104.8720703,39.78299777,10/10/2022 18:04,18:04,16,0,0,4700 N FLORENCE ST & E 47TH AVE,1,1,3,0,5,7,0,0,,0,0,0,0,0,3,2,16
,2022-38857,-105.0442616,39.68949583,10/14/2022 20:51,20:51,1,0,2,W FLORIDA AVE & S TENNYSON ST,1,3,0,0,1,1,0,0,30,0,0,0,0,2,1,2,1
,2022-38861,-104.9943241,39.74869107,10/8/2022 2:00,2:00,12,0,0,17TH ST & ARAPAHOE ST,1,3,0,0,1,4,0,0,30,0,0,0,0,0,4,2,16
,2022-38866,-104.9789825,39.77998877,10/15/2022 12:57,12:57,1,0,0,N WASHINGTON ST & I-70 EB RAMPS,1,1,3,0,1,1,0,0,35,0,0,0,0,0,1,2,16
,2022-38870,-105.0847597,39.63240763,10/12/2022 20:29,20:29,12,0,0,S WADSWORTH WAY & W TUFTS AVE,1,3,0,0,1,1,0,0,45,0,0,0,0,0,2,2,16
,2022-38876,-104.9034947,39.71128237,10/11/2022 14:45,14:45,1,0,1,E ALAMEDA AVE & S QUEBEC ST,1,1,0,0,1,1,0,0,30,0,0,0,0,1,4,2,3
,2022-38905,-105.0529743,39.78363811,10/12/2022 18:15,18:15,9,0,1,I-70 & N SHERIDAN BLVD,1,4,0,0,1,4,0,0,55,0,0,0,1,2,1,1,16
,2022-38906,-105.0324643,39.71497205,10/12/2022 9:38,9:38,15,0,0,S KNOX CT & W BAYAUD AVE,1,1,0,0,1,1,0,0,30,0,0,0,0,0,4,2,16
,2022-38953,-104.9874683,39.69301926,9/2/2022 14:58,14:58,11,0,0,E LOUISIANA AVE & S BROADWAY ST,1,1,0,0,1,5,0,0,30,0,1,0,0,0,4,1,16
,2022-38960,-105.0143989,39.76928336,8/19/2022 22:54,22:54,6,0,0,N WYANDOT ST & 3800 BLK,1,3,0,0,1,4,0,0,25,0,0,0,0,0,4,2,16
,2022-38964,-105.052051,39.71232363,7/13/2022 7:12,7:12,6,0,0,ZENOBIA ST 200 BLOCK S & W ALAMEDA AVE,1,1,1,0,1,4,0,0,25,0,0,0,0,0,4,2,2
,2022-38968,-105.0005921,39.77050883,10/16/2022 16:14,16:14,3,0,0,N KALAMATH ST & W 39TH AVE,1,1,0,0,1,1,0,0,25,0,0,0,0,0,4,2,13
,2022-38969,-105.0080528,39.75313327,8/3/2022 18:15,18:15,12,0,1,N SPEER BLVD & ELITCH CIR,1,1,0,0,1,1,0,0,,0,0,0,0,2,4,2,16
,2022-38970,-104.9997331,39.71119951,10/14/2022 23:48,23:48,3,0,0,W ALAMEDA AVE & I-25 HWY SB OFF RAMP ,1,3,0,0,1,1,0,0,30,0,0,0,0,0,2,2,7
,2022-38973,-105.0249849,39.72659078,10/12/2022 23:56,23:56,15,0,0,I-25 & W 8TH AVE,1,3,2,0,1,4,0,0,55,0,0,0,0,0,1,2,16
,2022-38976,-105.0043198,39.76094363,10/15/2022 22:29,22:29,12,0,1,I-25 & NB EXIT GORE PT TO 20TH ST,1,3,0,0,1,14,0,0,55,0,0,0,0,2,1,2,13
,2022-38977,-104.9891611,39.78003347,10/16/2022 17:15,17:15,15,0,0,I-25 & NB EXIT GORE PT TO I-70,1,1,0,0,1,14,0,0,50,0,0,0,0,0,1,2,16
,2022-38981,-104.9655166,39.7700554,10/15/2022 0:00,0:00,6,0,0,E 38TH AVE & N WILLIAMS ST,1,3,0,0,1,4,0,0,,0,0,0,0,0,4,4,16
,2022-38984,-105.0347671,39.64959021,10/16/2022 3:30,3:30,12,0,1,W KENYON AVE & S LOWELL BLVD,1,4,0,0,1,4,0,0,35,0,0,0,1,2,4,2,14
,2022-38986,-104.8756594,39.65301956,10/16/2022 14:07,14:07,1,0,1,E HAMPDEN AVE & S DAYTON ST,1,1,0,0,1,1,0,0,45,0,0,0,0,3,2,2,1
,2022-38990,-104.874329,39.77342057,10/16/2022 17:45,17:45,15,0,0,PENA BLVD & E 40TH AVE,1,1,0,0,1,4,0,0,65,0,0,0,0,0,4,2,1
,2022-38998,-105.0116008,39.67865273,9/30/2022 21:12,21:12,11,0,1,EVANS AVE & 2000 BLK W ,11,4,0,1,1,4,0,0,0,0,1,0,0,2,4,1,16
,2022-39004,-104.9465694,39.67660071,10/16/2022 13:22,13:22,3,0,0,E WARREN AVE & S MADISON ST,1,1,0,0,1,1,0,0,30,0,0,0,0,0,4,2,13
,2022-39021,-105.0092774,39.75646087,8/6/2022 21:07,21:07,1,0,1,PLATTE ST & 15TH ST,11,3,0,0,1,1,0,0,25,0,0,0,1,3,4,2,1
,2022-39025,-104.7154898,39.83646684,10/16/2022 7:27,7:27,12,0,0,GUN CLUB RD & E 77TH AVE,1,1,0,0,1,1,0,0,30,0,0,0,0,0,4,2,13
,2022-39029,-105.0141308,39.75564725,10/15/2022 19:36,19:36,5,0,1,N SPEER BLVD & I-25 SB RAMPS,1,3,1,0,2,4,0,0,35,0,0,0,0,3,1,1,7
,2022-39035,-104.6741695,39.8336439,10/13/2022 20:42,20:42,12,0,0,PENA BLVD & N JACKSON GAP ST (APPROX),1,3,0,0,1,4,0,0,45,0,0,0,0,0,4,4,8
,2022-39038,-104.833819,39.77286982,10/16/2022 14:50,14:50,12,0,0,I-70 & MM 282.26,1,1,0,0,1,4,0,0,55,0,0,0,0,0,1,3,13
,2022-39055,-105.0532003,39.69136479,9/8/2022 21:11,21:11,3,0,1,ARKANSAS AVE W & SHERIDAN BLVD S,1,3,0,0,1,1,0,0,40,0,1,0,0,3,2,2,16
,2022-39058,-105.0236136,39.75847406,10/15/2022 12:09,12:09,12,0,0,W 29TH AVE & N ELIOT ST,1,1,0,0,1,1,0,0,25,0,0,0,0,0,4,2,13
,2022-39059,-104.9948375,39.77411445,10/13/2022 10:52,10:52,10,0,0,N FOX ST & W 42ND AVE,1,1,0,0,1,2,0,0,30,0,0,0,0,0,4,2,16