id,drcog_id,longitude,latitude,crashtime,time,crashtype,numbkilled,numbinjurd,drcoglocat,rdconditin,lightngcon,roadcntgrd,weatherco,location,roaddescrp,schoolzone,constrzone,splimit,bikeinv,pedinv,sctrinv,motoinv,svrty,rdsystem,ttlvehcls,hcf
,2022-39061,-104.9775615,39.74746618,10/16/2022 18:38,18:38,3,0,0,N CLARKSON ST & E 20TH AVE,1,3,0,0,1,1,0,0,25,0,0,0,0,0,4,2,11
,2022-39074,-104.9405291,39.68311149,10/14/2022 18:55,18:55,15,0,2,I-25 & NB OFF RAMP GORE PT TO S COLORADO BLVD,1,3,0,0,1,8,0,0,60,0,0,0,0,1,1,2,12
,2022-39077,-104.7043056,39.94719705,10/15/2022 23:05,23:05,5,0,2,DUQUESNE ST/ 138TH AVE & HARVEST MILL RD,1,4,0,0,3,4,0,0,30,0,0,0,0,1,4,1,3
,2022-39078,-104.9734645,39.67134804,10/15/2022 19:00,19:00,3,0,0,S DOWNING ST & E HARVARD AVE,1,2,0,0,1,3,0,0,,0,0,0,0,0,2,2,16
,2022-39080,-104.833819,39.77286982,10/16/2022 15:38,15:38,12,0,0,I-70 & MM 282.27,1,1,0,0,1,4,0,0,55,0,0,0,0,0,1,3,7
,2022-39082,-104.9985747,39.75774928,9/22/2022 23:28,23:28,11,0,1,20TH ST & CHESTNUT PL,1,3,0,0,1,1,0,0,0,0,1,0,0,3,4,1,16
,2022-39083,-104.9741409,39.73686482,8/29/2022 15:46,15:46,11,0,1,E 13TH AVE & N CORONA ST,1,1,0,0,1,3,0,0,,0,1,0,0,3,4,1,16
,2022-39088,-105.0532512,39.72408794,10/16/2022 16:27,16:27,15,0,0,N SHERIDAN BLVD & W 6TH AVE EB RAMPS,1,1,1,0,1,3,0,0,35,0,0,0,0,0,2,3,3
,2022-39092,-104.8657287,39.77562189,10/13/2022 12:49,12:49,12,0,3,I-70 & EB EXIT GORE PT TO N HAVANA ST,1,1,1,0,1,4,0,0,55,0,0,0,0,2,1,2,1
,2022-39094,-105.0305094,39.77486372,9/26/2022 12:50,12:50,6,0,0,42ND AVE & 3300 BLK W ,1,1,0,0,1,4,0,0,30,0,0,0,0,0,4,2,16
,2022-39095,-105.0043198,39.76094363,9/25/2022 2:08,2:08,5,0,0,I-25 & NB RAMP FROM 20TH ST,1,3,0,0,2,8,0,0,35,0,0,0,0,0,1,1,16
,2022-39106,-104.9390982,39.73103256,10/13/2022 22:57,22:57,15,0,1,4136 E 9TH AVE & N ASH ST,1,3,0,0,1,4,0,0,25,0,0,0,0,2,4,3,11
,2022-39111,-104.9605877,39.66850357,10/4/2022 17:30,17:30,2,0,1,YORK ST & 2600 BLK S ,1,1,0,0,1,4,0,0,30,1,0,0,0,1,4,2,16
,2022-39114,-104.9404999,39.76470259,7/8/2022 14:20,14:20,11,0,1,COLORADO BLVD 3600 N  & E MLK BLVD,1,1,0,0,5,2,0,0,35,0,1,0,0,2,2,1,16
,2022-39117,-105.0437373,39.69313138,10/14/2022 16:35,16:35,3,0,0,S TENNYSON ST & W LOUISIANA AVE,1,1,0,0,1,1,0,0,,0,0,0,0,0,4,1,8
,2022-39118,-105.025427,39.72514391,8/7/2022 1:55,1:55,15,1,4,E 6TH AVE EB OFF RAMP & N FEDERAL BLVD,1,3,0,0,1,8,0,0,35,1,1,0,0,4,2,3,13
,2022-39119,-104.9042943,39.65504314,10/6/2022 13:45,13:45,3,0,0,POPLAR ST & 3400 BLK S ,1,1,0,0,1,2,0,0,25,0,0,0,0,0,4,2,16
,2022-39125,-104.9799373,39.72549341,8/2/2022 14:10,14:10,15,0,0,E 6TH AVE & 600 BLK,1,1,0,0,1,4,0,0,35,0,0,0,0,0,4,2,16
,2022-39126,-104.9891611,39.78003347,8/7/2022 21:02,21:02,12,0,0,I-25 & I-70 (APPROX),11,3,0,1,1,4,0,0,,0,0,0,0,0,1,2,16
,2022-39128,-104.8471339,39.79341871,8/17/2022 15:48,15:48,15,0,0,PEORIA ST & E 54TH AVE,1,1,0,0,1,4,0,0,40,0,0,0,0,0,4,2,13
,2022-39135,-104.9810795,39.74487334,10/16/2022 18:52,18:52,5,0,0,N PENNSYLANIA ST & E 18TH AVE,1,3,0,0,2,3,0,0,30,0,0,0,0,0,4,1,8
,2022-39137,-105.0532428,39.77475995,10/1/2022 0:17,0:17,3,0,1,W 43RD AVE & N SHERIDAN BLVD,11,3,0,1,1,1,0,0,25,0,0,0,0,3,2,2,2
,2022-39145,-104.9867449,39.75208302,10/15/2022 12:40,12:40,12,0,0,CHAMPA ST & 22ND ST,1,1,0,0,1,3,0,0,25,0,0,0,0,0,4,2,16
,2022-39150,-105.0532267,39.72953511,10/15/2022 13:45,13:45,14,0,0,N SHERIDAN BLVD & W 8TH AVE,1,1,1,0,6,3,0,0,50,0,0,0,0,0,2,2,16
,2022-39151,-104.9994878,39.74119448,10/15/2022 13:50,13:50,15,0,0,STOUT ST & 14TH ST,1,3,0,0,1,4,0,1,15,0,0,0,0,0,4,2,16
,2022-39152,-105.0251716,39.71123825,10/6/2022 20:53,20:53,15,0,0,W ALAMEDA AVE & S FEDERAL BLVD,1,3,0,0,1,3,0,0,35,0,0,0,0,0,2,2,13
,2022-39156,-104.9592558,39.74002764,10/17/2022 12:34,12:34,12,0,6,E COLFAX AVE & N YORK ST,1,1,0,0,1,4,0,0,35,0,0,0,0,1,2,2,3
,2022-39158,-104.9128116,39.67846224,10/17/2022 16:10,16:10,3,0,0,S MONACO ST & E EVANS AVE,1,1,0,0,1,2,0,0,35,0,0,0,0,0,4,2,13
,2022-39159,-105.0532644,39.67567369,10/17/2022 18:07,18:07,1,0,1,W WARREN AVE & S SHERIDAN BLVD,1,2,0,0,1,1,0,0,40,0,0,0,0,1,2,2,13
,2022-39161,-104.9407535,39.78029584,10/13/2022 18:17,18:17,12,0,0,COLORADO BLVD & E 46TH N AVE,1,2,0,0,1,3,0,0,35,0,0,0,0,0,2,2,13
,2022-39164,-104.6669503,39.85105764,10/17/2022 12:14,12:14,15,0,0,PENA BLVD & 8511 BLK,1,1,0,0,1,4,0,0,10,0,0,0,0,0,4,2,13
,2022-39165,-105.0345969,39.74152628,10/17/2022 11:01,11:01,10,0,0,N LOWELL BLVD & W CONEJOS PL,1,1,0,0,1,1,0,0,25,0,0,0,0,0,4,2,13
,2022-39166,-104.9044014,39.66763221,10/15/2022 12:18,12:18,12,0,0,E YALE AVE & S QUEBEC ST,1,1,0,0,1,4,0,0,35,0,0,0,0,0,4,2,3
,2022-39172,-104.8753015,39.67475217,10/15/2022 10:21,10:21,2,0,1,E ILIFF AVE & S DAYTON WY,1,1,1,0,1,1,0,0,0,1,0,0,0,1,4,1,16
,2022-39177,-104.9405431,39.68548558,10/15/2022 7:53,7:53,12,0,0,S COLORADO BLVD & E MEXICO AVE,1,1,0,0,1,4,0,0,35,0,0,0,0,0,2,2,3
,2022-39178,-104.9962877,39.74471479,10/16/2022 22:22,22:22,12,0,0,CHAMPA ST & 14TH ST,1,3,0,0,1,4,0,0,30,0,0,0,0,0,4,2,13
,2022-39181,-105.0250715,39.69674835,10/17/2022 13:08,13:08,12,0,0,S FEDERAL BLVD & W MISSISSIPPI AVE,1,1,0,1,1,3,0,0,25,0,0,0,0,0,2,4,3
,2022-39182,-104.9034019,39.7773717,10/17/2022 11:30,11:30,12,0,0,N NORTHFIELD QUEBEC ST & I-70 EB RAMPS,1,1,1,0,1,1,0,0,35,0,0,0,0,0,2,2,16
,2022-39187,-104.984274,39.76703845,10/14/2022 10:12,10:12,6,0,0,31ST ST & ARKINS CT,1,1,0,0,1,3,0,1,25,0,0,0,0,0,4,2,14
,2022-39188,-104.8341097,39.77348592,10/12/2022 20:38,20:38,12,0,5,I-70 WB ON RAMP & I-225 NB OFF RAMP,1,3,1,0,1,8,0,0,55,0,0,0,0,3,1,5,11
,2022-39197,-104.9672207,39.74162622,10/17/2022 15:10,15:10,3,0,0,GILPIN ST & E 16TH AVE,1,1,3,0,1,1,0,0,25,0,0,0,0,0,4,2,16
,2022-39198,-105.0127004,39.75514564,10/17/2022 10:35,10:35,12,0,0,I-25 & N SPEER BLVD,1,1,0,0,1,4,0,0,55,0,0,0,0,0,1,2,10
,2022-39201,-104.9917665,39.75792289,10/15/2022 12:00,12:00,10,0,1,PARK AVE W & WAZEE ST,1,1,0,0,1,1,0,0,35,0,0,0,0,2,4,2,13
,2022-39202,-105.0252864,39.7573334,10/17/2022 12:29,12:29,12,0,2,N FEDERAL BLVD & W 28TH AVE,1,1,0,0,1,4,0,0,35,0,0,0,0,1,2,3,13
,2022-39205,-105.0064273,39.78326345,10/17/2022 16:20,16:20,12,0,0,I-70 & N PECOS ST,1,1,0,0,1,4,0,0,55,0,0,0,0,0,1,2,1
,2022-39207,-104.9741158,39.73370042,10/8/2022 16:58,16:58,11,0,1,E 11TH AVE & N CORONA ST,1,1,0,0,1,1,0,0,25,0,1,0,0,3,4,1,7
,2022-39208,-105.025149,39.72933001,10/17/2022 9:00,9:00,12,0,0,W 6TH AVE & N FEDERAL BLVD,1,1,1,0,1,4,0,0,55,0,0,0,0,0,2,3,13
,2022-39209,-105.0437387,39.69857352,7/11/2022 0:16,0:16,5,0,0,S SHERIDAN BLVD & W ARKANSAS AVE,1,3,0,0,3,1,0,0,40,0,0,0,0,0,2,1,1
,2022-39212,-104.9862914,39.71388624,10/17/2022 15:12,15:12,10,0,0,S LINCOLN ST & E MAPLE AVE,1,1,0,0,1,1,0,0,30,0,0,0,0,0,2,2,8
,2022-39213,-105.0232786,39.71109559,10/7/2022 23:20,23:20,5,0,1,ALAMEDA AVE & 2800 BLK W,1,3,1,0,1,4,0,0,30,0,0,0,0,2,4,1,14
,2022-39214,-104.9405607,39.69657743,10/17/2022 0:01,0:01,3,0,0,S COLORADO BLVD & E MISSISSIPPI AVE,1,3,1,0,1,1,0,0,35,0,0,0,0,0,2,2,14
,2022-39216,-105.04801,39.7693635,10/1/2022 18:09,18:09,5,0,0,38TH AVE & 4700 BLK W ,11,2,0,7,3,4,0,0,,0,0,0,0,0,4,1,16
,2022-39219,-105.0093205,39.7220401,10/14/2022 13:09,13:09,12,0,2,I-25 & W 6TH AVE,1,1,1,0,1,4,0,0,55,0,0,0,0,1,1,2,16
,2022-39222,-105.0532113,39.69280823,10/2/2022 19:14,19:14,3,0,0,S SHERIDAN BLVD & W LOUISIANA AVE,1,3,0,0,1,1,0,0,40,0,0,0,0,0,2,2,13
,2022-39223,-105.016999,39.75006688,10/17/2022 14:25,14:25,12,0,0,I-25 & W 23RD AVE EXIT GORE PT,1,1,0,0,1,8,0,0,55,0,0,0,0,0,1,2,8
,2022-39224,-104.9263774,39.778994,10/14/2022 15:08,15:08,12,0,0,I-70 & N DAHLIA ST,1,1,0,0,1,4,0,0,55,0,0,0,0,0,1,2,16
,2022-39225,-105.0347073,39.63859364,10/17/2022 14:44,14:44,3,0,1,W QUINCY AVE & S LOWELL BLVD,1,1,0,0,1,2,0,0,35,0,0,0,0,2,4,2,13
,2022-39226,-104.9069965,39.76839709,10/14/2022 1:30,1:30,6,0,0,N OLIVE ST & E 38TH AVE,1,4,0,0,1,4,0,0,,0,0,0,0,0,4,2,16
,2022-39229,-105.0057419,39.74726894,9/4/2022 22:23,22:23,5,0,4,AURARIA PKWY & 1100 BLK,1,3,0,0,6,4,0,0,30,0,0,0,0,3,4,1,16
,2022-39233,-104.991653,39.74000228,10/6/2022 22:40,22:40,11,0,1,N CHEROKEE ST & W COLFAX AVE,1,3,0,0,1,1,0,0,,0,1,0,0,2,2,1,16
,2022-39236,-104.8470297,39.77400525,10/15/2022 21:25,21:25,12,0,0,I-70 & N PEORIA ST,1,3,0,0,1,4,0,0,,0,0,0,0,0,1,2,16
,2022-39237,-104.8658439,39.79054627,10/17/2022 8:56,8:56,12,0,2,N HAVANA ST & E 51ST AVE,1,1,0,0,1,4,0,0,35,0,0,0,0,1,4,3,8
,2022-39238,-105.0532653,39.67655,10/15/2022 14:08,14:08,15,0,1,S SHERIDAN BLVD & W HARVEY PL,1,1,0,0,1,4,0,0,40,0,0,0,1,1,2,2,13
,2022-39239,-104.9671121,39.78013827,10/14/2022 14:47,14:47,12,0,0,I-70 & N BRIGHTON BLVD,1,1,0,0,1,4,0,0,55,0,0,0,0,0,1,2,13
,2022-39249,-104.9035597,39.77851775,10/15/2022 11:10,11:10,12,0,0,N NORTHFIELD QUEBEC ST & I-70 WB RAMPS,1,1,0,0,1,3,0,0,35,0,0,0,0,0,2,2,16
,2022-39260,-105.0112516,39.72348434,10/15/2022 23:58,23:58,12,0,1,I-25 & 6TH AVE EXIT GORE PT,1,3,0,0,1,4,0,0,55,0,0,0,0,2,1,2,16
,2022-39264,-105.0215424,39.70387939,10/17/2022 16:58,16:58,3,0,0,S DALE CT & W EXPOSITION AVE,1,1,0,0,1,1,0,0,20,0,0,0,0,0,4,2,3
,2022-39265,-105.0293845,39.71109235,10/14/2022 22:51,22:51,11,0,1,W ALAMEDA AVE & S IRVING ST,1,3,0,0,1,4,0,0,0,0,1,0,0,2,2,1,16
,2022-39271,-104.6790069,39.84048097,10/17/2022 9:02,9:02,15,0,0,PENA BLVD & MM 5.25,1,1,0,0,1,4,0,0,65,0,0,0,0,0,2,2,14
,2022-39272,-105.0252313,39.76925953,9/25/2022 16:59,16:59,11,0,1,N FEDERAL BLVD & W 38TH AVE,1,1,0,0,1,1,0,0,0,0,1,0,0,3,2,1,16
,2022-39286,-104.9093823,39.70065417,10/15/2022 10:03,10:03,5,0,1,LEETSDALE DR & S NIAGARA ST,1,1,0,0,3,4,0,0,35,0,0,0,1,2,2,1,16
,2022-39289,-105.048628,39.70005716,8/13/2022 1:10,1:10,11,0,1,MORRISON RD & S WOLFF ST,1,3,0,0,1,4,0,0,,0,1,0,0,3,4,1,16
,2022-39292,-104.9405291,39.68311149,10/13/2022 17:54,17:54,2,0,1,S COLORADO BLVD & I-25 NB ON RAMPS,1,1,0,0,1,1,0,0,0,1,0,0,0,3,2,1,16
,2022-39296,-104.9942224,39.69205601,9/25/2022 21:31,21:31,11,0,1,S SANTA FE DR & S PLATTE RIVER DR E,1,3,0,0,1,4,0,0,0,0,1,0,0,3,2,1,16
,2022-39299,-104.9684179,39.76324642,9/1/2022 15:58,15:58,11,0,1,E 33RD AVE & N FRANKLIN ST,1,1,0,0,1,1,0,0,20,0,1,0,0,3,4,1,6
,2022-39300,-105.0532506,39.68957399,10/11/2022 14:45,14:45,12,0,1,S SHERIDAN BLVD & W FLORIDA AVE,1,1,0,0,1,3,0,0,35,0,0,0,0,1,2,2,3
,2022-39305,-105.0251799,39.78422127,10/14/2022 17:21,17:21,12,0,0,I-70 & N FEDERAL BLVD,1,1,0,0,1,4,0,0,55,0,0,0,0,0,1,2,14
,2022-39313,-104.9278173,39.76922387,10/16/2022 14:01,14:01,3,0,1,E 38TH AVE & N FAIRFAX ST,1,1,0,0,1,2,0,0,25,0,0,0,0,1,4,2,16
,2022-39318,-104.9732088,39.71819625,9/29/2022 21:18,21:18,12,0,5,E SPEER BLVD & N DOWNING ST,1,3,3,0,1,4,0,0,35,0,0,0,0,3,4,5,1
,2022-39321,-104.8916898,39.74022203,10/2/2022 3:50,3:50,11,0,1,E COLFAX AVE & N VALENTIA ST,1,3,0,0,1,1,0,0,45,0,1,0,0,2,2,1,16
,2022-39346,-105.0531965,39.73676942,10/4/2022 12:35,12:35,3,0,0,W 13TH AVE & SHERIDAN BLVD,1,1,0,0,1,1,0,0,30,0,0,0,0,0,4,2,11
,2022-39351,-105.0535655,39.74031531,10/1/2022 14:29,14:29,15,0,0,W COLFAX AVE & N SHERIDAN BLVD,1,1,0,0,1,4,0,0,35,0,0,0,0,0,2,2,16
,2022-39383,-105.0532505,39.68954652,10/14/2022 16:11,16:11,1,0,1,S SHERIDAN BLVD & W FLORIDA AVE,1,1,0,0,1,1,0,0,35,0,0,0,0,2,2,2,14
,2022-39488,-105.0532505,39.68954652,10/6/2022 16:06,16:06,1,0,2,S SHERIDAN BLVD & W FLORIDA AVE,1,1,0,0,1,1,0,0,35,0,0,0,0,1,2,3,1
,2022-39569,-104.9407897,39.66761847,10/18/2022 11:32,11:32,12,0,0,S COLORADO BLVD & E YALE AVE,1,1,0,0,1,3,0,0,35,0,0,0,0,0,2,2,16
,2022-39570,-104.9522653,39.78947012,10/16/2022 18:57,18:57,6,0,0,5151 N MILWAUKEE ST & E 51ST AVE,1,4,0,0,1,4,0,0,,0,0,0,0,0,4,3,16
,2022-39571,-105.001708,39.7636173,10/17/2022 9:34,9:34,12,0,0,I-25 & 20TH ST SB EXIT GORE PT,1,1,0,0,1,4,0,0,55,0,0,0,0,0,1,2,11
,2022-39572,-104.9034358,39.79355015,10/3/2022 7:51,7:51,12,0,0,N QUEBEC ST & E 53RD PL,1,1,0,0,1,4,0,0,,0,0,0,0,0,4,2,16
,2022-39576,-104.9810926,39.74971055,10/18/2022 9:04,9:04,3,0,0,PARK AVE W & TREMONT PL,1,1,0,0,1,1,0,0,35,0,0,0,0,0,4,2,3
,2022-39577,-105.0310607,39.7856172,10/13/2022 14:14,14:14,3,0,0,N JULIAN ST & W 49TH AVE,1,1,0,0,1,1,0,0,,0,0,0,0,0,4,2,16
,2022-39578,-104.9684499,39.74000862,8/6/2022 21:05,21:05,10,0,0,E COLFAX AVE & PARK AVE W,1,3,0,0,1,1,0,0,30,0,0,0,0,0,2,2,16
,2022-39579,-104.8379235,39.78106148,10/11/2022 21:41,21:41,6,0,0,46TH AVE & 12900 BLK E ,1,3,0,0,1,4,0,0,25,0,0,0,0,0,4,3,16
,2022-39580,-105.0299787,39.72629501,10/16/2022 0:09,0:09,6,0,0,W 6TH AVE FRONTAGE RD N & N IRVING ST,1,3,1,0,1,4,0,0,30,0,0,0,0,0,4,2,13
,2022-39581,-104.9405105,39.7728797,10/13/2022 11:45,11:45,15,0,0,N COLORADO BLVD & E 40TH AVE,1,1,0,1,1,4,0,0,40,0,0,0,0,0,2,2,1
,2022-39583,-104.9124099,39.72927899,10/13/2022 19:18,19:18,12,0,1,N MONACO PRKWY & E 8TH AVE,1,3,0,0,1,1,0,0,35,0,0,0,0,2,4,2,13
,2022-39585,-105.0112078,39.770506,10/17/2022 16:40,16:40,10,0,0,N TEJON ST & W 39TH AVE,1,1,0,0,1,1,0,0,30,0,0,0,0,0,4,2,7
,2022-39586,-104.9734863,39.66741028,10/16/2022 18:39,18:39,8,0,0,S DOWNING ST & E YALE AVE,1,4,0,0,1,3,0,0,30,0,0,0,0,0,4,4,11
,2022-39588,-104.8178793,39.7922064,9/1/2022 18:42,18:42,6,0,1,E MAXWELL PL & E PENSACOLA DR,1,1,0,0,1,4,0,0,30,0,0,0,0,3,4,2,1
,2022-39590,-104.9124086,39.76182719,9/2/2022 21:07,21:07,5,0,0,E MLK BLVD & N MONACO ST,1,3,0,0,6,1,0,0,35,0,0,0,0,0,4,1,16
,2022-39592,-104.9734263,39.69113353,10/18/2022 9:31,9:31,1,0,0,S DOWNING ST & E ARKANSAS AVE,1,1,0,0,1,1,0,0,30,0,0,0,0,0,4,2,16
,2022-39595,-104.8987473,39.73424352,10/9/2022 17:37,17:37,10,0,0,SYRACUSE ST & 1100 BLK N ,1,4,0,0,1,4,0,0,30,0,0,0,0,0,4,2,16
,2022-39596,-104.9952998,39.73367479,10/10/2022 13:10,13:10,12,0,0,11TH AVE & 500 BLK W ,1,1,0,0,1,4,0,0,30,0,0,0,0,0,4,2,11
,2022-39600,-105.0025433,39.74751595,8/31/2022 18:44,18:44,12,0,0,N SPEER BLVD & MARKET ST (APPROX),1,3,1,0,1,4,0,0,45,0,0,0,0,0,4,2,1
,2022-39601,-104.9291523,39.67573144,10/2/2022 1:33,1:33,6,0,1,DONALD AVE & 5000 BLK E ,1,4,0,0,1,4,0,0,25,0,0,0,0,1,4,3,16
,2022-39602,-104.9985783,39.72093321,10/8/2022 16:30,16:30,10,0,0,N SANTA FE DR & W 3RD AVE,1,1,0,0,1,1,0,0,30,0,0,0,0,0,4,2,8
,2022-39606,-104.9897202,39.74574048,8/5/2022 12:15,12:15,6,0,0,WELTON ST & 17TH ST,1,1,0,0,1,4,0,0,30,0,0,0,0,0,4,2,16
,2022-39607,-104.9492624,39.73835894,10/13/2022 2:21,2:21,6,0,1,E 14TH AVE & N STEELE ST,1,3,0,0,1,4,0,0,30,0,0,0,0,2,4,4,16
,2022-39608,-105.012906,39.75519984,10/18/2022 13:50,13:50,12,0,0,I-25 & N SPEER BLVD,1,1,0,0,1,4,0,0,55,0,0,0,0,0,1,2,13
,2022-39609,-104.9919397,39.68757244,10/17/2022 14:56,14:56,14,0,0,S SANTA FE DR & W IOWA AVE,1,1,0,0,1,1,0,0,45,0,0,0,0,0,2,2,16
,2022-39611,-105.0127078,39.75512692,10/18/2022 8:24,8:24,12,0,0,I-25 & N SPEER BLVD,1,1,0,0,1,4,0,0,55,0,0,0,0,0,1,3,7
,2022-39612,-104.9873894,39.75638817,10/17/2022 14:28,14:28,3,0,0,24TH ST & N BROADWAY ST,1,1,0,0,1,1,0,0,20,0,0,0,0,0,4,2,14
,2022-39614,-104.8659431,39.7756404,10/17/2022 14:23,14:23,12,0,1,I-70 & N HAVANA ST,1,1,0,0,1,4,0,0,55,0,0,0,0,2,1,4,1
,2022-39615,-104.983619,39.72563055,10/8/2022 8:00,8:00,3,0,1,E 6TH AVE & N GRANT ST,1,1,0,0,1,3,0,0,35,0,0,0,0,3,4,2,1
,2022-39616,-105.0064372,39.78225157,10/17/2022 16:23,16:23,12,0,1,N PECOS ST & W 47TH AVE,1,1,0,0,1,4,0,0,25,0,0,0,0,1,4,2,10
,2022-39618,-104.954614,39.7180343,10/17/2022 14:50,14:50,1,0,0,E 1ST AVE & N DETROIT ST,1,1,0,0,1,1,0,0,30,0,0,0,0,0,4,2,3
,2022-39620,-104.7866443,39.79838717,10/17/2022 13:45,13:45,12,0,0,E 56TH AVE & PENA BLVD,1,1,0,0,1,4,0,0,40,0,0,0,0,0,4,2,16
,2022-39621,-104.9255047,39.66746911,10/18/2022 6:54,6:54,12,0,0,I-25 & E YALE AVE,1,1,0,0,1,4,0,0,65,0,0,0,0,0,1,2,13
,2022-39622,-104.8749468,39.71844855,10/2/2022 16:30,16:30,3,0,0,N YOSEMITE WAY & E 1ST AVE,11,1,0,1,1,6,0,0,,0,0,0,0,0,4,2,16
,2022-39623,-104.87849,39.65302235,10/18/2022 7:49,7:49,12,0,0,E HAMPDEN AVE & 9400 BLK,1,1,0,0,1,4,0,0,45,0,0,0,0,0,2,2,16
,2022-39624,-104.9558589,39.71804181,10/17/2022 17:00,17:00,3,0,0,N CLAYTON ST & E 1ST AVE,1,1,0,0,1,1,0,0,,0,0,0,0,0,4,2,16
,2022-39625,-105.0272207,39.66502649,10/8/2022 19:35,19:35,6,0,0,AMHERST AVE & 3100 BLK W ,1,3,0,0,1,4,0,0,25,0,0,0,0,0,4,3,12
,2022-39626,-104.8660461,39.67078048,10/18/2022 6:38,6:38,1,0,0,S PARKER RD & S HAVANA ST,1,1,0,0,1,1,0,0,40,0,0,0,0,0,2,2,16
,2022-39627,-104.8658282,39.79013459,10/18/2022 11:34,11:34,3,0,0,E 51ST AVE & N HAVANA ST,1,1,0,0,1,1,0,0,30,0,0,0,0,0,4,2,11
,2022-39628,-104.9905766,39.72892843,10/17/2022 12:45,12:45,15,0,0,W 8TH AVE & N SPEER BLVD,1,1,0,0,1,1,0,0,30,0,0,0,0,0,4,2,3
,2022-39634,-104.9597629,39.75822955,10/12/2022 8:40,8:40,12,0,0,N YORK ST & E 29TH AVE,1,1,0,0,1,4,0,0,30,0,0,0,0,0,4,3,3
,2022-39635,-104.7863802,39.80563472,10/16/2022 19:10,19:10,12,0,0,PENA BLVD & E 56TH AVE (APPROX),1,3,0,0,1,4,0,0,65,0,0,0,0,0,4,3,14
,2022-39636,-104.7872827,39.79839279,10/18/2022 15:51,15:51,12,0,0,PENA BLVD & E 56TH AVE EXIT GORE PT,1,1,0,0,1,4,0,0,65,0,0,0,0,0,4,2,7
,2022-39637,-104.9404553,39.78377163,10/18/2022 5:32,5:32,1,0,2,N COLORADO BLVD & E 48TH AVE,1,3,0,0,1,1,0,0,45,0,0,0,0,2,2,2,10
,2022-39641,-104.9828254,39.71086795,10/18/2022 6:24,6:24,6,0,0,S LOGAN ST & E ALAMEDA AVE,1,2,0,0,1,4,0,0,25,0,0,0,0,0,4,2,12
,2022-39642,-105.000591,39.77013807,10/18/2022 7:00,7:00,6,0,0,N KALAMATH ST & W 39TH AVE,1,2,0,0,1,4,0,0,20,0,0,0,0,0,4,2,3
,2022-39643,-104.8245513,39.794779,10/2/2022 6:23,6:23,6,0,0,BILLINGS ST & 5552 BLK N ,1,4,0,0,3,4,0,0,,0,0,0,0,0,4,2,16
,2022-39644,-105.0252126,39.72515353,10/18/2022 7:19,7:19,3,0,0,N FEDERAL BLVD & W 6TH AVE EB RAMPS,1,1,0,0,1,1,0,0,40,0,0,0,0,0,2,3,16
,2022-39645,-104.9985776,39.72253338,10/14/2022 21:26,21:26,3,0,1,W 4TH AVE & N SANTA FE DR,1,3,0,0,1,1,0,0,35,0,0,0,0,1,4,2,14
,2022-39646,-104.9684616,39.74000866,10/17/2022 9:10,9:10,3,0,0,N FRANKLIN ST & E COLFAX AVE,1,1,0,0,1,1,0,0,25,0,0,0,0,0,2,2,3
,2022-39648,-104.7721472,39.77799331,10/17/2022 11:55,11:55,12,0,0,N TOWER RD & E 45TH AVE,1,1,1,0,1,1,0,0,35,0,0,0,0,0,4,2,13
,2022-39649,-104.9919012,39.69659755,10/18/2022 8:25,8:25,1,0,0,W MISSISSIPPI AVE & SB S PLATTE RIVER DR,1,1,0,0,1,1,0,0,35,0,0,0,0,0,2,2,11
,2022-39651,-104.9894919,39.75803898,10/18/2022 14:35,14:35,10,0,0,BLAKE ST & 24TH ST,1,1,0,0,1,1,0,0,30,0,0,0,0,0,4,2,11
,2022-39656,-104.9139521,39.7256335,10/17/2022 13:15,13:15,12,0,0,E 6TH AVE & N LOCUST ST,1,1,0,0,1,3,0,0,30,0,0,0,0,0,4,2,3
,2022-39660,-104.7744732,39.78371353,10/18/2022 12:45,12:45,3,0,0,E GVR BLVD & N YAMPA ST,1,1,0,0,1,1,0,0,35,0,0,0,0,0,4,3,1
,2022-39662,-104.8470297,39.77400525,9/18/2022 5:02,5:02,12,0,2,I-70 & N PEORIA ST,1,3,0,0,1,4,0,0,55,0,0,0,0,3,1,2,1
,2022-39663,-104.9775451,39.74325859,10/17/2022 11:15,11:15,6,0,0,N CLARKSON ST & E 17TH AVE,1,1,0,0,1,1,0,0,,0,0,0,0,0,4,2,16
,2022-39664,-104.9734241,39.68756103,10/17/2022 12:11,12:11,3,0,0,E IOWA AVE & S DOWNING ST,1,1,0,0,1,1,0,0,25,0,0,0,0,0,4,3,11
,2022-39665,-104.9497561,39.78021309,10/18/2022 10:40,10:40,15,0,0,E 46TH AVE & N STEELE ST,1,1,0,0,1,1,0,1,25,0,0,0,0,0,2,2,14
,2022-39666,-104.9034019,39.7773717,10/17/2022 23:38,23:38,1,0,2,N QUEBEC ST & I-70 EB RAMPS,1,3,2,0,1,1,0,0,40,0,0,0,0,2,2,2,14
,2022-39667,-104.9875578,39.70573032,10/18/2022 7:14,7:14,3,0,0,S BROADWAY ST & E CENTER AVE,1,1,0,1,1,1,0,0,30,0,0,0,0,0,4,2,16
,2022-39668,-104.9985726,39.72570691,10/17/2022 10:30,10:30,12,0,0,SANTA FE DR & W 6TH AVE,1,1,0,0,1,1,0,0,35,0,0,0,0,0,4,2,3