id,drcog_id,longitude,latitude,crashtime,time,crashtype,numbkilled,numbinjurd,drcoglocat,rdconditin,lightngcon,roadcntgrd,weatherco,location,roaddescrp,schoolzone,constrzone,splimit,bikeinv,pedinv,sctrinv,motoinv,svrty,rdsystem,ttlvehcls,hcf
,2022-39669,-105.053268,39.67915914,10/17/2022 19:02,19:02,2,0,1,S SHERIDAN BLVD & W EVANS AVE,1,3,0,7,1,1,0,0,0,1,0,0,0,2,2,1,16
,2022-39670,-104.8829579,39.77748216,10/4/2022 7:55,7:55,12,0,0,I-270 & N CENTRAL PARK BLVD,1,1,0,0,1,4,0,0,55,0,0,0,0,0,1,2,1
,2022-39671,-104.9908058,39.75160988,10/18/2022 7:20,7:20,15,0,0,ARAPAHOE ST & 20TH ST,1,1,0,0,1,4,0,0,25,0,0,0,0,0,4,2,16
,2022-39672,-104.9805149,39.76228162,10/17/2022 7:00,7:00,11,0,1,30TH ST & LARIMER ST,1,2,0,0,1,1,0,0,25,0,0,1,0,3,4,1,16
,2022-39674,-104.9775869,39.73203611,10/18/2022 7:59,7:59,6,0,0,N CLARKSON ST & E 10TH AVE,1,1,0,1,1,4,0,0,25,0,0,0,0,0,4,2,16
,2022-39680,-104.8419821,39.77375599,9/30/2022 22:52,22:52,12,0,2,I-70 & N PEORIA ST,11,3,0,1,1,14,0,0,55,0,0,0,0,3,1,3,11
,2022-39682,-105.0532407,39.78354905,9/24/2022 14:37,14:37,12,0,0,I-70 & N SHERIDAN BLVD,1,1,0,0,1,4,0,0,,0,0,0,0,0,1,3,16
,2022-39683,-104.9733241,39.67851249,10/9/2022 22:54,22:54,12,0,1,E EVANS AVE & S DOWNING ST,1,3,0,0,1,3,0,0,35,0,0,0,0,1,4,2,12
,2022-39684,-104.9904598,39.72565918,10/8/2022 22:50,22:50,15,0,0,BANNOCK ST & 200 BLK N,1,3,0,0,1,4,0,0,,0,0,0,0,0,4,2,16
,2022-39689,-104.9882082,39.68758161,7/22/2022 11:16,11:16,15,0,0,W IOWA AVE & S ACOMA ST,1,1,0,0,1,1,0,0,30,0,0,0,0,0,4,2,16
,2022-39693,-104.9523683,39.69281653,10/18/2022 8:19,8:19,3,0,0,S MILWAUKEE ST & E LOUISIANA AVE,1,1,0,0,1,2,0,0,25,0,0,0,0,0,4,2,7
,2022-39696,-104.9791539,39.77935673,10/18/2022 8:39,8:39,12,0,0,I-70 & N WASHINGTON ST,1,1,0,0,1,4,0,0,55,0,0,0,0,0,1,2,1
,2022-39697,-104.9081644,39.74743781,10/17/2022 22:28,22:28,3,0,1,E MONTVIEW BLVD & N ONEIDA ST,1,3,0,0,1,1,0,0,25,0,0,0,0,3,4,2,16
,2022-39704,-105.0096763,39.73689701,10/13/2022 13:27,13:27,11,0,1,W 13TH AVE & N SHOSHONE ST,1,1,0,0,1,4,0,0,0,0,0,1,0,3,4,1,16
,2022-39705,-104.9982527,39.74035395,9/1/2022 18:00,18:00,15,0,0,N SPEER BLVD & W COLFAX AVE (APPROX),1,1,0,0,1,4,0,0,,0,0,0,0,0,2,2,16
,2022-39706,-104.976241,39.74325825,10/2/2022 20:26,20:26,6,0,0,E 17TH AVE & N EMERSON ST,1,3,0,0,1,4,0,0,25,0,0,0,0,0,4,6,16
,2022-39708,-104.9034009,39.77829351,10/12/2022 8:35,8:35,15,0,0,I-70 & N QUEBEC ST,1,1,1,0,1,4,0,0,,0,0,0,0,0,1,3,16
,2022-39711,-104.9892212,39.77555667,8/23/2022 7:30,7:30,12,0,0,I-25 & PARK AVE W,1,1,0,0,1,4,0,0,55,0,0,0,0,0,1,2,16
,2022-39712,-104.9128996,39.70297137,10/17/2022 16:15,16:15,12,0,0,S MONACO ST & LEETSDALE DR,1,1,0,0,1,3,0,0,,0,0,0,0,0,2,2,16
,2022-39713,-105.0250605,39.68949117,10/18/2022 12:26,12:26,3,0,0,S FEDERAL BLVD & W FLORIDA AVE,1,1,0,0,1,2,0,0,40,0,0,0,0,0,2,2,11
,2022-39714,-104.9733351,39.74752906,3/12/2022 12:09,12:09,1,0,1,E 20TH AVE & N DOWNING ST,1,1,0,0,1,1,0,0,30,0,0,0,0,1,4,2,13
,2022-39721,-104.7718799,39.83389899,10/18/2022 13:25,13:25,12,0,0,N TOWER RD & PENA BLVD INBOUND,1,1,1,0,1,4,0,0,45,0,0,0,0,0,4,2,7
,2022-39722,-105.0332013,39.65293736,10/18/2022 15:10,15:10,12,0,0,W HAMPDEN AVE & S LOWELL BLVD,1,1,1,0,1,3,0,0,55,0,0,0,0,0,2,2,3
,2022-39723,-104.9498764,39.69657815,10/18/2022 9:17,9:17,12,0,0,E MISSISSIPPI AVE & S STEELE ST,1,1,0,0,1,3,0,0,25,0,0,0,0,0,4,2,3
,2022-39724,-104.981044,39.73369479,10/15/2022 2:02,2:02,6,0,0,1107 N PENNSYLVANIA ST & E 11TH AVE,1,3,0,0,1,4,0,0,30,0,0,0,0,0,4,6,16
,2022-39733,-104.9034255,39.7766179,10/18/2022 11:56,11:56,12,0,0,I-70 EB SLIP RAMPS & N QUEBEC ST,1,1,0,0,1,1,0,0,45,0,0,0,0,0,2,2,16
,2022-39734,-104.9027525,39.76119728,10/12/2022 12:54,12:54,15,0,0,E MLK BLVD & N QUEBEC ST,1,1,0,0,1,1,0,0,30,0,0,0,0,0,4,2,13
,2022-39745,-104.9124375,39.73511443,10/17/2022 15:00,15:00,3,0,0,N 12TH AVE & N MONACO ST,1,1,0,0,1,1,0,0,30,0,0,0,0,0,4,2,11
,2022-39746,-105.0250817,39.70765614,10/18/2022 9:04,9:04,15,0,0,S FEDERAL BLVD & W VIRGINIA AVE,1,1,0,0,1,3,0,0,35,0,0,0,0,0,2,2,16
,2022-39747,-105.0298057,39.67820074,10/18/2022 7:49,7:49,1,0,1,W EVANS AVE & S IRVING ST,1,1,0,1,1,1,0,0,30,0,0,0,0,2,4,3,11
,2022-39748,-104.9983021,39.71120374,10/18/2022 13:09,13:09,15,0,0,W ALAMEDA AVE & S KALAMATH ST,1,1,0,0,1,3,0,0,35,0,0,0,0,0,2,2,8
,2022-39753,-105.0098326,39.74369194,9/12/2022 15:17,15:17,16,0,0,605 WALNUT STREET & 605 WALNUT STREET,1,1,0,0,5,7,0,0,,0,0,0,1,0,3,2,16
,2022-39791,-104.9123411,39.66763281,10/18/2022 9:22,9:22,15,0,0,E YALE AVE & S MONACO ST,1,1,0,0,1,4,0,0,30,0,0,0,0,0,4,2,16
,2022-39792,-105.0507704,39.64314902,10/18/2022 16:40,16:40,1,0,0,W OXFORD AVE & S YATES WY,1,1,0,0,1,3,0,0,10,0,0,0,0,0,4,2,14
,2022-39793,-104.9899349,39.72904509,10/18/2022 9:15,9:15,10,0,0,W 8TH AVE & SPEER BLVD,1,1,0,0,1,2,0,0,30,0,0,0,0,0,4,2,1
,2022-39794,-105.0381556,39.76946319,10/19/2022 8:40,8:40,1,0,0,N OSCEOLA ST & W 38TH AVE,1,1,0,0,1,1,0,0,25,0,0,0,0,0,4,2,13
,2022-39798,-104.9593278,39.70839354,10/19/2022 15:45,15:45,12,0,0,UNIVERSITY BLVD & 400 BLK S ,1,1,0,0,1,4,0,0,35,0,0,0,0,0,4,2,13
,2022-39804,-105.0064273,39.78326345,10/19/2022 11:12,11:12,3,0,0,I-70 & N PECOS ST,1,1,0,0,1,6,0,0,20,0,0,0,0,0,1,2,13
,2022-39806,-104.9769075,39.71110267,10/19/2022 10:16,10:16,3,0,1,S EMERSON ST & E ALAMEDA AVE,1,1,0,0,1,1,0,0,30,0,0,0,0,1,4,3,16
,2022-39807,-104.9991982,39.70741492,10/19/2022 11:26,11:26,12,0,0,S JASON ST & W VIRGINIA AVE,1,1,0,0,1,1,0,0,30,0,0,0,0,0,4,2,3
,2022-39808,-104.9652324,39.67847017,10/18/2022 11:30,11:30,3,0,0,S HIGH ST & E EVANS AVE,1,1,0,0,1,1,0,0,25,0,0,0,0,0,4,3,3
,2022-39810,-104.8470302,39.77419185,10/19/2022 5:50,5:50,12,0,1,I-70 & N PEORIA ST,1,3,0,0,1,4,0,0,55,0,0,0,0,1,1,2,16
,2022-39811,-104.940629,39.67845463,10/18/2022 19:37,19:37,1,0,0,S COLORADO BLVD & E EVANS AVE,1,3,0,0,1,1,0,0,35,0,0,0,0,0,2,2,6
,2022-39812,-105.0037451,39.76216169,10/19/2022 9:11,9:11,12,0,0,I-25 & 20TH ST,1,1,0,0,1,4,0,0,,0,0,0,1,0,1,2,16
,2022-39814,-105.0079787,39.75279339,10/19/2022 10:10,10:10,12,0,1,SPEER BLVD & ELITCH CIR ,1,1,0,0,1,4,0,0,40,0,0,0,0,1,4,2,13
,2022-39816,-104.7863698,39.80445654,10/19/2022 7:52,7:52,12,0,0,PENA BLVD & E 56TH AVE,1,1,0,0,1,4,0,0,65,0,0,0,0,0,4,2,1
,2022-39817,-104.9933177,39.67845081,10/18/2022 8:57,8:57,12,0,0,W EVANS AVE & S SANTA FE DR,1,1,2,1,1,1,0,0,30,0,0,0,0,0,2,2,3
,2022-39818,-104.9734241,39.68756103,10/17/2022 17:35,17:35,15,0,0,S DOWNING ST & E IOWA AVE,1,1,0,0,1,1,0,0,,0,0,0,0,0,2,2,13
,2022-39819,-104.9223174,39.69420167,10/18/2022 17:00,17:00,12,0,0,S HOLLY ST & E NEBRASKA WY,1,1,0,0,1,3,0,0,25,0,0,0,0,0,4,3,3
,2022-39821,-105.0252202,39.72933009,10/19/2022 19:03,19:03,12,0,0,W 6TH AVE & S FEDERAL BLVD,1,4,1,0,1,14,0,0,55,0,0,0,0,0,2,2,13
,2022-39827,-104.866133,39.66751451,10/18/2022 10:30,10:30,12,0,0,S HAVANA ST & E YALE AVE,1,1,0,0,1,3,0,0,30,0,0,0,0,0,2,2,13
,2022-39836,-104.9891814,39.7801983,10/18/2022 14:43,14:43,12,0,3,I-25 & I-70 (APPROX),1,1,1,0,1,4,0,0,55,0,0,0,0,1,1,2,16
,2022-39837,-105.0180891,39.74761005,10/18/2022 15:25,15:25,12,0,0,I-25 & MM 210.87,1,1,0,0,1,4,0,0,55,0,0,0,0,0,1,2,2
,2022-39838,-104.9406402,39.68009751,10/19/2022 8:37,8:37,3,0,0,S COLORADO BLVD & E COLORADO CENTER DR,1,1,0,0,1,1,0,0,35,0,0,0,0,0,4,2,16
,2022-39842,-104.9129048,39.71311286,10/18/2022 18:00,18:00,11,0,1,S MONACO ST & E CEDAR AVE,1,1,0,0,1,1,0,0,30,0,1,0,0,3,4,1,3
,2022-39843,-104.9952183,39.72891518,10/19/2022 16:54,16:54,3,0,0,N FOX ST & W 8TH AVE,1,1,0,0,1,1,0,0,25,0,0,0,0,0,4,2,16
,2022-39852,-104.9752334,39.72558967,10/19/2022 2:26,2:26,5,0,1,E 6TH AVE & N OGDEN ST,1,3,1,0,3,1,0,0,30,0,0,0,0,2,4,1,8
,2022-39853,-104.9409972,39.72560018,10/19/2022 13:45,13:45,12,0,0,E 6TH AVE & N COLORADO BLVD,1,1,0,0,1,1,0,0,35,0,0,0,0,0,2,2,10
,2022-39854,-104.9373579,39.68352366,10/18/2022 12:45,12:45,3,0,0,UTAH PL & S BELLAIRE ST,1,1,0,0,1,1,0,0,25,0,0,0,0,0,4,2,3
,2022-39855,-105.022704,39.70751442,10/19/2022 7:34,7:34,3,0,0,S DECATUR ST & W VIRGINIA AVE,1,1,0,0,1,1,0,0,25,0,0,0,0,0,4,2,13
,2022-39865,-104.9739119,39.71833382,10/15/2022 2:30,2:30,3,0,1,E SPEER BLVD & N CORONA ST,1,3,0,0,1,1,0,0,35,0,0,0,0,1,4,2,1
,2022-39868,-104.9919397,39.68757244,10/18/2022 14:45,14:45,12,0,0,S SANTA FE DR & W IOWA AVE,1,1,0,0,1,1,0,0,45,0,0,0,0,0,2,3,3
,2022-39870,-104.9986034,39.72756362,10/19/2022 14:29,14:29,3,0,0,SANTA FE DR & W 7TH AVE,1,1,0,0,1,2,0,0,30,0,0,0,0,0,4,2,13
,2022-39872,-105.0047562,39.76115807,10/18/2022 15:41,15:41,15,0,0,I-25 & 20TH ST,1,1,1,0,1,4,0,0,55,0,0,0,0,0,1,2,13
,2022-39878,-105.0251559,39.74033417,10/19/2022 15:13,15:13,12,0,0,W COLFAX AVE & N FEDERAL BLVD,1,1,0,0,1,1,0,0,35,0,0,0,0,0,2,2,13
,2022-39879,-105.0000094,39.73050175,10/19/2022 17:15,17:15,3,0,0,W 9TH AVE & N KALAMATH ST,1,1,0,0,1,9,0,0,25,0,0,0,0,0,4,2,13
,2022-39881,-104.979894,39.74246366,10/8/2022 12:30,12:30,6,0,0,PEARL ST & 1600 BLK N ,1,1,0,0,1,4,0,0,,0,0,0,0,0,4,2,16
,2022-39886,-105.0213684,39.75846083,10/19/2022 6:00,6:00,3,0,0,N SPEER BLVD & W 29TH AVE,1,3,1,0,1,1,0,0,35,0,0,0,0,0,4,2,1
,2022-39890,-105.0001485,39.72570812,10/19/2022 13:09,13:09,12,0,0,W 6TH AVE & N KALAMATH ST,1,1,0,0,1,4,0,0,30,0,0,0,0,0,4,2,13
,2022-39891,-104.9694617,39.72908632,10/19/2022 9:26,9:26,10,0,1,E 8TH AVE & N HUMBOLDT ST,1,1,0,0,1,1,0,0,30,0,0,0,0,1,4,2,11
,2022-39892,-105.0043198,39.76094363,10/19/2022 17:17,17:17,12,0,0,I-25 & 20TH ST,1,1,0,0,1,4,0,0,55,0,0,0,0,0,1,2,8
,2022-39893,-104.940627,39.72736528,10/19/2022 18:35,18:35,1,0,0,COLORADO BLVD & E 7TH AVE,1,3,0,0,1,1,0,0,35,0,0,0,0,0,2,2,13
,2022-39894,-104.9933177,39.67845081,10/19/2022 7:48,7:48,1,0,0,W EVANS AVE & S SANTA FE DR,1,1,3,0,1,1,0,0,35,0,0,0,0,0,4,2,11
,2022-39936,-104.9991195,39.71120695,11/7/2022 7:09,7:09,12,0,0,I-25 & W ALAMEDA AVE,1,1,1,0,1,4,0,0,55,0,0,0,0,0,1,2,11
,2022-39941,-104.9586916,39.73839078,11/6/2022 11:20,11:20,3,0,1,N JOSEPHINE ST & E 14TH AVE,1,1,0,0,1,1,0,0,30,0,0,0,0,1,4,2,13
,2022-39960,-105.0532885,39.71556878,10/23/2022 21:27,21:27,8,0,1,S SHERIDAN BLVD & W BAYAUD AVE,7,3,0,2,6,4,0,0,30,0,0,0,0,3,4,2,7
,2022-39961,-105.0064521,39.76983714,11/5/2022 18:37,18:37,15,0,0,N PECOS ST & W 38TH AVE,1,3,0,0,1,3,0,0,30,0,0,0,0,0,4,2,13
,2022-39968,-105.0165222,39.7513218,11/6/2022 17:28,17:28,12,0,0,I-25 & W 23RD AVE,1,3,0,0,1,4,0,0,55,0,0,0,0,0,1,3,13
,2022-39969,-104.9663931,39.68029862,11/6/2022 11:34,11:34,6,0,0,S WILLIAMS ST & E ASBURY AVE,1,1,0,1,1,4,0,0,25,0,0,0,0,0,4,2,16
,2022-39971,-104.7554458,39.78285235,11/7/2022 7:57,7:57,1,0,2,N HIMALAYA RD & E GREEN VALLEY RANCH BLVD,1,1,0,0,1,1,0,0,35,0,0,0,0,3,4,2,11
,2022-39973,-104.884647,39.74008333,10/15/2022 21:51,21:51,1,0,1,E COLFAX AVE & N YOSEMITE ST,1,3,0,0,1,1,0,0,30,0,0,0,0,2,2,2,16
,2022-39980,-104.931658,39.7800138,11/2/2022 5:00,5:00,12,0,1,I-70 & COLORADO BLVD,1,3,0,0,1,4,0,0,,0,0,0,0,1,1,2,16
,2022-39985,-105.0089851,39.72176867,11/4/2022 16:30,16:30,12,0,1,I-25 & W 6TH AVE,1,1,0,0,1,4,0,0,55,0,0,0,0,1,1,3,16
,2022-39986,-104.9891643,39.77938956,11/7/2022 7:21,7:21,12,0,0,I-25 & I-70 ,1,1,1,0,1,4,0,0,55,0,0,0,0,0,1,2,3
,2022-39994,-104.9067175,39.63415775,11/7/2022 7:55,7:55,15,0,0,I-25 & I-225,1,1,0,0,1,4,0,0,65,0,0,0,0,0,1,2,11
,2022-39997,-104.9573415,39.75697412,11/7/2022 15:55,15:55,3,0,0,E 28TH AVE & N COLUMBINE ST,1,1,0,0,1,1,0,0,25,0,0,0,0,0,4,2,13
,2022-39999,-104.9861232,39.7352747,11/6/2022 7:24,7:24,3,0,1,E 12TH AVE & N LINCOLN ST,1,1,0,0,1,1,0,1,25,0,0,0,0,1,4,2,2
,2022-40007,-105.0047562,39.76115807,11/6/2022 19:59,19:59,12,0,0,I-25 & N SPEER BLVD,1,3,0,0,1,4,0,0,55,0,0,0,0,0,1,2,13
,2022-40017,-104.9733832,39.74377948,11/7/2022 17:15,17:15,11,0,0,PARK AVE & N DOWNING ST,1,3,0,0,1,1,0,0,35,0,1,0,0,0,4,1,16
,2022-40020,-104.9861337,39.73045093,11/6/2022 12:45,12:45,3,0,0,E 9TH AVE & LINCOLN ST,1,1,0,0,1,9,0,0,15,0,0,0,0,0,4,2,11
,2022-40021,-104.9823271,39.74003028,11/7/2022 7:15,7:15,12,0,0,E COLFAX AVE & N LOGAN ST,1,1,0,0,1,1,0,0,30,0,0,0,0,0,2,2,1
,2022-40026,-104.9634642,39.74317462,11/5/2022 13:15,13:15,12,0,0,N RACE ST & E 17TH AVE,1,1,0,0,1,4,0,0,25,0,0,0,0,0,4,2,13
,2022-40029,-104.7894756,39.78364184,11/7/2022 7:30,7:30,12,0,1,E GVR BLVD & PENA BLVD,1,1,0,0,1,3,0,0,35,0,0,0,0,1,4,2,13
,2022-40031,-104.7406538,39.7741223,10/15/2022 10:43,10:43,6,0,0,4174 N NETHERLAND ST & N NEPAL ST,1,1,0,0,1,4,0,0,25,0,0,0,0,0,4,2,16
,2022-40033,-105.0349619,39.66768139,11/6/2022 17:59,17:59,3,0,0,S LOWELL BLVD & W YALE AVE,1,3,0,0,1,1,0,0,35,0,0,0,0,0,4,2,1
,2022-40047,-104.987404,39.72909482,11/5/2022 8:33,8:33,3,0,1,E 8TH AVE & N BROADWAY ST,1,1,1,0,1,1,0,0,30,0,0,0,0,2,4,2,14
,2022-40048,-104.7720774,39.81461813,11/7/2022 17:38,17:38,3,0,0,N TOWER RD & E 65TH AVE,1,3,0,0,1,1,0,0,40,0,0,0,0,0,4,2,13
,2022-40049,-104.8095963,39.7983194,10/23/2022 1:30,1:30,15,0,0,E 56TH AVE & N CHAMBERS RD,1,3,0,0,1,1,0,0,40,0,0,0,0,0,4,3,1
,2022-40051,-104.974078,39.72557766,11/3/2022 17:45,17:45,3,0,1,E 6TH AVE & N CORONA ST,7,3,0,2,1,1,0,0,30,0,0,0,0,2,4,2,16
,2022-40052,-104.9665494,39.7384032,11/5/2022 10:20,10:20,15,0,1,E 14TH AVE & N WILLIAMS ST,1,1,0,0,1,4,0,0,35,0,0,0,0,1,4,2,11
,2022-40055,-104.9775875,39.73284349,10/18/2022 7:59,7:59,6,0,0,N CLARKSON ST & 1000 BLK,1,1,0,1,1,4,0,0,25,0,0,0,0,0,4,2,6
,2022-40058,-105.0358879,39.68945159,11/7/2022 17:53,17:53,12,0,1,W FLORIDA AVE & S MEADE ST,1,3,0,0,1,4,0,0,30,0,0,0,0,2,4,2,14
,2022-40060,-105.0437373,39.69313138,11/6/2022 1:49,1:49,6,0,0,S TENNYSON ST & W LOUISIANA AVE,1,3,0,1,1,4,0,0,25,0,0,0,0,0,4,3,16
,2022-40063,-104.9948574,39.76588826,11/6/2022 22:14,22:14,12,0,0,PARK AVE W & N GLOBEVILLE RD,1,3,0,0,1,4,0,0,35,0,0,0,0,0,4,2,3
,2022-40064,-104.8712903,39.65305848,11/7/2022 9:30,9:30,12,0,0,E HAMPDEN AVE & S FLORENCE ST,1,1,0,0,1,4,0,0,45,0,0,0,0,0,4,2,3
,2022-40065,-104.9406224,39.71156102,10/1/2022 20:00,20:00,12,0,0,E ALAMEDA AVE & S COLORADO BLVD,11,3,0,0,1,3,0,0,35,0,0,0,0,0,2,2,16
,2022-40112,-104.9025676,39.76808186,11/6/2022 0:00,0:00,11,0,1,QUEBEC ST & E 36TH AVE,1,3,1,0,1,4,0,0,45,0,1,0,0,3,4,1,11
,2022-40130,-104.9919397,39.68757244,11/6/2022 11:23,11:23,12,0,0,S SANTA FE DR & W IOWA AVE,1,1,0,0,1,1,0,0,30,0,0,0,0,0,4,2,3
,2022-40132,-105.0238598,39.7038898,11/6/2022 15:27,15:27,3,0,0,S ELIOT ST & W EXPOSITION AVE,1,1,0,0,1,1,0,0,25,0,0,0,0,0,4,2,11
,2022-40142,-105.0585874,39.72572258,10/28/2022 8:18,8:18,12,0,0,W 6TH AVE & SHERIDAN BLVD,1,1,0,0,1,14,0,0,65,0,0,0,0,0,4,2,3
,2022-40186,-105.0532099,39.74032371,10/17/2022 8:43,8:43,12,0,0,N SHERIDAN BLVD & W COLFAX AVE,1,1,0,0,1,4,0,0,35,0,0,0,0,0,2,2,3
,2022-40201,-105.05321,39.74026878,10/26/2022 12:10,12:10,11,0,1,SHERIDAN BLVD N & COLFAX AVE W,1,1,0,0,1,4,0,0,0,0,1,0,0,3,2,1,16
,2022-40202,-105.0532578,39.71133201,10/26/2022 8:05,8:05,12,0,0,S SHERIDAN BLVD & W ALAMEDA AVE,1,3,0,0,1,3,0,0,,0,0,0,0,0,4,2,16
,2022-40219,-105.1079031,39.62422083,10/22/2022 13:45,13:45,3,0,0,W BELLEVIEW AVE & S JELLISON WAY,1,1,0,0,1,2,0,0,45,0,0,0,0,0,4,2,16
,2022-40256,-105.0583205,39.72561284,10/26/2022 13:14,13:14,12,0,1,W 6TH AVE & SHERIDAN BLVD,1,1,0,0,1,4,0,0,65,0,0,0,0,1,4,3,16
,2022-40362,-105.0532447,39.72732494,8/14/2022 16:17,16:17,12,0,0,W 6TH AVE WB OFF RAMP & N SHERIDAN BLVD,1,1,1,0,1,8,0,0,,0,0,0,0,0,2,2,16
,2022-40364,-104.99889,39.71119349,10/19/2022 9:09,9:09,12,0,1,I-25 & W ALAMEDA AVE,1,1,0,0,1,4,0,0,55,0,1,0,1,2,1,3,1
,2022-40365,-104.7905126,39.7808917,9/26/2022 14:17,14:17,15,0,0,PENA BLVD & GREEN VALLEY RANCH BLVD,1,1,0,0,1,4,0,0,55,0,0,0,0,0,4,2,16
,2022-40367,-105.0251483,39.72931358,11/7/2022 8:00,8:00,12,0,0,W 8TH AVE & N FEDERAL BLVD,1,1,0,0,1,1,0,0,,0,0,0,0,0,4,2,16
,2022-40370,-104.9827792,39.7129467,11/8/2022 12:33,12:33,3,0,0,S LOGAN ST & E CEDAR AVE,1,1,0,0,1,1,0,0,30,0,0,0,0,0,4,2,13
,2022-40371,-104.8417024,39.78058134,11/7/2022 15:00,15:00,3,0,0,N TULSA CT & E ALBROOK DR,1,1,0,6,1,1,0,0,25,0,0,0,0,0,4,2,13
,2022-40372,-104.977249,39.74000036,11/6/2022 16:35,16:35,3,0,0,E COLFAX AVE & CLARKSON ST,1,1,0,0,1,2,0,0,30,0,0,0,0,0,2,2,11
,2022-40374,-104.9038699,39.76746035,10/30/2022 1:13,1:13,16,0,0,7260 E 36TH AVE & nan,1,3,0,0,5,7,0,0,,0,0,0,0,1,3,1,1
,2022-40375,-104.923447,39.74034128,11/8/2022 9:30,9:30,6,0,0,N HUDSON ST & E COLFAX AVE,1,1,0,0,1,4,0,0,25,0,0,0,0,0,4,2,13
,2022-40376,-104.9934184,39.75365463,11/6/2022 1:49,1:49,5,0,0,20TH ST & MARKET ST,1,3,0,0,1,1,0,0,25,0,0,0,0,0,4,1,14
,2022-40377,-104.9791463,39.7797555,11/8/2022 2:48,2:48,15,0,0,I-70 & EB RAMP SPLIT BEGIN RAMP TO NB I-25,1,3,0,0,1,4,0,1,55,0,0,0,0,0,4,2,13
,2022-40379,-105.0139596,39.74044224,11/8/2022 10:52,10:52,15,0,0,I-25 NB OFF RAMP & W COLFAX AVE,1,1,0,0,1,8,0,0,45,0,0,0,0,0,1,2,13
,2022-40381,-104.8904802,39.76731953,11/7/2022 15:07,15:07,12,0,0,CENTRAL PARK BLVD & 3600 BLK N ,1,1,0,0,1,4,0,0,30,0,0,0,0,0,4,2,13
,2022-40382,-105.0252937,39.77478391,11/8/2022 14:23,14:23,12,0,0,FEDERAL BLVD & W 42ND AVE,1,1,1,0,1,3,0,0,35,0,0,0,0,0,2,2,1
,2022-40383,-104.9971163,39.71114243,11/8/2022 12:50,12:50,12,0,0,S SANTA FE DR & W ALAMEDA AVE,1,1,0,0,1,1,0,0,35,0,0,0,0,0,2,2,11
,2022-40384,-104.9130998,39.67303773,11/8/2022 15:54,15:54,6,0,0,WESLEY AVE & S MONACO ST,1,1,0,0,1,2,0,0,10,0,0,0,0,0,4,2,11
,2022-40385,-104.9124307,39.73863156,11/7/2022 13:05,13:05,15,0,0,E 14TH AVE & N MONACO ST,1,1,0,0,1,1,0,0,30,0,0,0,0,0,4,2,3
,2022-40386,-104.9429096,39.72911047,11/8/2022 13:31,13:31,10,0,2,E 8TH AVE & JACKSON ST,1,1,0,0,1,1,0,0,30,0,0,0,0,1,4,2,3
,2022-40387,-104.8987252,39.6530775,11/8/2022 7:37,7:37,12,0,0,E HAMPDEN AVE & S TAMARAC ST,1,1,1,0,1,4,0,0,,0,0,0,0,0,2,2,16
,2022-40390,-104.9916525,39.7352589,11/8/2022 16:25,16:25,3,0,1,W 12TH AVE & N CHEROKEE ST,1,1,0,0,1,1,0,0,30,0,0,0,0,1,4,2,11
,2022-40391,-105.0064272,39.78325678,11/1/2022 17:31,17:31,15,0,0,N PECOS ST & I-70,1,2,0,0,1,6,0,0,35,0,0,0,0,0,4,2,14
,2022-40394,-104.8473169,39.77110182,11/7/2022 11:40,11:40,12,0,0,N PEORIA ST & E 39TH AVE,1,1,0,6,1,1,0,0,35,0,0,0,0,0,4,2,3
,2022-40401,-104.9027525,39.76119728,11/7/2022 9:05,9:05,3,0,0,N QUEBEC ST & E MLK BLVD,1,1,0,0,1,1,0,0,35,0,0,0,0,0,4,2,14
,2022-40410,-104.8662955,39.66027415,11/7/2022 11:52,11:52,10,0,1,E DARTMOUTH AVE & S HAVANA ST,1,1,0,0,1,1,0,0,45,0,0,0,0,1,4,2,16
,2022-40411,-104.9257464,39.66757678,11/8/2022 9:10,9:10,15,0,0,I-25 & E YALE AVE SB EXIT,1,1,0,0,1,4,0,0,55,0,0,0,0,0,1,2,16
,2022-40415,-104.9910461,39.75549023,11/8/2022 11:00,11:00,3,0,0,22ND ST & MARKET ST,1,1,0,0,1,1,0,0,30,0,0,0,0,0,4,2,13
,2022-40416,-105.0065933,39.78864332,11/8/2022 15:25,15:25,6,0,0,W 51ST AVE & PECOS ST,1,1,0,0,1,4,0,0,30,0,0,0,0,0,4,3,16
,2022-40417,-105.0291468,39.74027844,11/7/2022 11:09,11:09,15,0,0,W COLFAX AVE & N IRVING ST,1,1,0,0,1,4,0,0,35,0,0,0,0,0,2,2,13
,2022-40419,-104.9687264,39.68770235,11/7/2022 18:45,18:45,15,0,0,S FRANKLIN ST &  I-25,1,1,0,5,1,1,0,0,,0,0,0,0,0,4,2,16
,2022-40422,-104.9919397,39.68757245,11/7/2022 17:30,17:30,15,0,0,W IOWA AVE & S SANTA FE DR,1,1,0,0,1,1,0,0,25,0,0,0,0,0,4,2,3
,2022-40423,-104.987404,39.72909482,11/7/2022 13:45,13:45,10,0,0,E 8TH AVE & N BROADWAY ST,1,1,0,0,1,1,0,0,30,0,0,0,0,0,4,2,11
,2022-40424,-104.9787091,39.75159426,11/7/2022 11:40,11:40,3,0,0,25TH ST & TREMONT PL,1,1,0,0,1,1,0,0,25,0,0,0,0,0,4,2,16