id,drcog_id,longitude,latitude,crashtime,time,crashtype,numbkilled,numbinjurd,drcoglocat,rdconditin,lightngcon,roadcntgrd,weatherco,location,roaddescrp,schoolzone,constrzone,splimit,bikeinv,pedinv,sctrinv,motoinv,svrty,rdsystem,ttlvehcls,hcf
,2022-40425,-104.9232466,39.67847438,11/7/2022 7:55,7:55,1,0,0,E EVANS AVE & S HUDSON ST,1,1,0,0,1,1,0,0,35,0,0,0,0,0,4,2,7
,2022-40426,-104.9597771,39.74161837,11/4/2022 16:05,16:05,14,0,0,N YORK ST & E 16TH AVE,1,1,0,0,1,1,0,0,30,0,0,0,0,0,4,2,8
,2022-40427,-105.0047562,39.76115807,11/8/2022 10:11,10:11,5,0,0,I-25 & 20TH ST,1,1,0,0,6,4,0,0,55,0,0,0,0,0,1,2,2
,2022-40428,-104.9952183,39.72891518,11/8/2022 16:22,16:22,11,0,1,W 8TH AVE & N FOX ST,1,1,0,0,1,1,0,0,0,0,1,0,0,2,4,1,16
,2022-40431,-105.0052302,39.7393035,11/7/2022 11:10,11:10,6,0,0,OSAGE ST & W COLFAX AVE,1,1,0,0,1,2,0,0,30,0,0,0,0,0,4,2,16
,2022-40432,-104.7721487,39.7947134,11/8/2022 16:00,16:00,15,0,0,N TOWER RD & E 54TH AVE,1,1,0,0,1,4,0,0,45,0,0,0,0,0,4,2,16
,2022-40434,-105.0131182,39.72551753,11/8/2022 8:26,8:26,12,0,0,I-25 & W 6TH AVE,1,1,1,0,1,4,0,0,55,0,0,0,0,0,1,2,1
,2022-40435,-104.7904771,39.78366524,11/8/2022 8:20,8:20,12,0,0,WB PENA BLVD  & GREEN VALLEY RANCH BLVD,1,1,1,0,1,3,0,0,45,0,0,0,0,0,4,2,1
,2022-40436,-105.0297975,39.7008236,11/7/2022 22:30,22:30,6,0,0,IRVING ST & 869 BLK S ,1,4,0,0,1,4,0,0,30,0,0,0,0,0,4,2,16
,2022-40440,-104.9591429,39.68492067,11/8/2022 11:09,11:09,9,0,0,I-25 & N UNIVERSITY BLVD,1,1,0,0,1,4,0,0,65,0,0,0,0,0,1,2,16
,2022-40445,-104.7532989,39.79846528,11/8/2022 1:27,1:27,3,0,3,E 56TH AVE & N IRELAND ST,1,3,1,0,1,1,0,0,45,0,0,0,0,2,4,2,1
,2022-40448,-104.9810777,39.74685355,11/7/2022 12:37,12:37,3,0,0,PENNSYLVANIA ST & 1800 BLK N ,1,1,0,0,1,2,0,0,15,0,0,0,0,0,4,2,11
,2022-40450,-104.9129217,39.65302477,11/7/2022 18:45,18:45,3,0,0,S MONACO ST & E HAMPDEN AVE,1,3,0,0,1,1,0,0,35,0,0,0,0,0,2,2,14
,2022-40451,-104.9257464,39.66757678,11/7/2022 17:36,17:36,12,0,0,I-25 & E YALE AVE,1,3,1,0,1,4,0,0,65,0,0,0,0,0,1,2,1
,2022-40458,-104.9834673,39.70570427,11/5/2022 10:12,10:12,6,0,0,E CENTER AVE & S LOGAN ST,1,2,0,0,1,4,0,0,25,0,0,0,0,0,4,2,16
,2022-40459,-105.0532424,39.69688921,11/8/2022 7:54,7:54,12,0,1,S SHERIDAN BLVD & W MISSISSIPPI AVE,1,1,0,0,1,3,0,0,35,0,0,0,0,1,2,2,3
,2022-40463,-105.0345796,39.7830393,11/8/2022 15:13,15:13,12,0,0,I-70 WB OFF RAMP & N LOWELL BLVD,1,1,1,0,1,1,0,0,25,0,0,0,0,0,1,2,11
,2022-40464,-104.9895612,39.78010359,11/8/2022 6:30,6:30,15,0,0,I-25 & MM 214,1,3,0,0,1,4,0,0,65,0,0,0,0,0,1,2,16
,2022-40465,-105.0140696,39.74093006,11/8/2022 10:57,10:57,12,0,0,I-25 & W COLFAX AVE,1,1,0,0,1,4,0,0,55,0,0,0,0,0,1,3,16
,2022-40470,-105.0346139,39.75851943,11/7/2022 12:57,12:57,3,0,0,W 29TH AVE & N LOWELL BLVD,1,1,0,0,1,1,0,0,30,0,0,0,0,0,4,2,1
,2022-40473,-104.8817536,39.79469689,10/31/2022 15:04,15:04,6,0,0,E 53RD AVE & N BEELER ST,1,1,0,0,1,4,0,0,20,0,0,0,0,0,4,2,10
,2022-40477,-104.9684206,39.77837922,11/8/2022 15:30,15:30,1,0,2,E 44TH ST & N BRIGHTON BLVD,1,1,0,0,1,1,0,0,35,0,0,0,0,2,4,2,7
,2022-40479,-104.8695622,39.71035567,11/8/2022 11:28,11:28,3,0,2,E ALAMEDA AVE & S GALENA ST,1,1,0,0,1,2,0,0,40,0,0,0,0,1,4,2,11
,2022-40480,-104.921736,39.65311143,11/8/2022 18:57,18:57,12,0,0,E HAMPDEN AVE & S IVANHOE ST,1,3,1,0,1,1,0,0,45,0,0,0,0,0,2,3,13
,2022-40481,-104.8916064,39.72285797,11/7/2022 11:43,11:43,12,0,1,N UINTA WY & E 1ST AVE,1,1,0,0,1,1,0,0,25,0,0,0,0,2,4,2,3
,2022-40482,-105.0158351,39.76202623,11/8/2022 13:52,13:52,11,0,1,W 32ND AVE & N ZUNI ST,1,1,0,0,1,1,0,0,25,0,1,0,0,2,4,1,11
,2022-40483,-104.965978,39.74453563,11/8/2022 11:00,11:00,5,0,0,WILLIAMS ST & E 18TH AVE,1,1,0,0,1,4,0,0,30,0,0,0,0,0,4,1,13
,2022-40487,-105.0250847,39.7004053,11/8/2022 18:31,18:31,1,0,0,S FEDERAL BLVD & W KENTUCKY AVE,1,3,0,0,1,1,0,0,40,0,0,0,0,0,2,2,13
,2022-40533,-105.0252335,39.77035814,11/9/2022 17:00,17:00,12,0,1,FEDERAL BLVD & W DENVER PL,1,3,0,0,1,4,0,0,35,0,0,0,0,1,2,2,16
,2022-40534,-105.0432542,39.71119507,11/9/2022 12:50,12:50,12,0,0,W ALAMEDA AVE & S STUART ST,1,1,1,0,1,3,0,0,35,0,0,0,0,0,2,2,3
,2022-40535,-105.0393087,39.74395446,11/9/2022 7:35,7:35,3,0,0,W 17TH AVE & N PERRY ST,1,1,0,0,1,1,0,0,,0,0,0,0,0,4,2,16
,2022-40536,-104.987575,39.71115786,11/8/2022 23:32,23:32,3,0,1,W ALAMEDA AVE & S BROADWAY ST,1,3,0,0,1,1,0,0,30,0,0,0,0,2,4,2,1
,2022-40537,-104.9217362,39.65312096,11/8/2022 18:57,18:57,3,0,1,S IVANHOE WAY & E HAMPDEN AVE,1,3,0,0,1,1,0,0,25,0,0,0,0,1,2,2,13
,2022-40538,-104.9983839,39.71119216,11/9/2022 7:06,7:06,15,0,0,W ALAMEDA AVE & S KALAMATH ST,1,1,0,0,1,1,0,0,35,0,0,0,0,0,4,2,11
,2022-40539,-104.99889,39.71119349,11/8/2022 22:41,22:41,15,0,0,I-25 & W ALAMEDA AVE,1,3,0,0,1,4,0,0,55,0,0,0,0,0,1,2,16
,2022-40540,-105.0028211,39.73989035,11/9/2022 13:31,13:31,3,0,0,N MARIPOSA ST & W COLFAX AVE,1,1,0,0,1,2,0,0,30,0,0,0,0,0,4,2,1
,2022-40541,-104.986247,39.71656133,11/8/2022 10:30,10:30,12,0,0,LINCOLN ST & E ELLSWORTH AVE,1,1,0,0,1,4,0,0,30,0,0,0,0,0,4,2,3
,2022-40542,-105.0001762,39.72892467,11/9/2022 16:14,16:14,12,0,0,N KALAMATH ST & W 8TH AVE,1,1,0,0,1,1,0,0,40,0,0,0,0,0,4,2,3
,2022-40543,-105.0205316,39.75482785,11/9/2022 11:00,11:00,3,0,0,N CLAY ST & W 26TH AVE,1,1,0,0,1,1,0,0,25,0,0,0,0,0,4,3,11
,2022-40544,-104.9508283,39.67841354,11/9/2022 8:30,8:30,3,0,0,E EVANS AVE & S ST PAUL ST,1,1,0,0,1,1,0,0,,0,0,0,0,0,4,2,16
,2022-40545,-105.0205257,39.75127551,11/6/2022 16:00,16:00,6,0,0,N CLAY ST & W 23RD AVE,1,2,0,0,1,4,0,0,,0,0,0,0,0,4,2,16
,2022-40547,-104.9899349,39.72904509,11/8/2022 9:15,9:15,15,0,0,N SPEER BLVD & W 8TH AVE,1,1,0,0,1,1,0,0,35,0,0,0,0,0,4,2,3
,2022-40552,-105.0532224,39.74398083,10/31/2022 9:33,9:33,1,0,1,N SHERIDAN BLVD & W 17TH AVE,1,1,0,0,1,1,0,0,35,0,0,0,0,1,2,2,13
,2022-40560,-104.9499146,39.76182375,11/9/2022 17:35,17:35,1,0,0,E MARTIN LUTHER KING JR BLVD & N STEELE ST,1,3,0,0,1,1,0,0,35,0,0,0,0,0,4,2,16
,2022-40562,-104.8937112,39.63546326,11/8/2022 12:30,12:30,3,0,0,S TAMARAC ST & I-225 SB RAMPS,1,1,0,0,1,1,0,0,35,0,0,0,0,0,1,2,3
,2022-40563,-104.8378898,39.79465446,11/9/2022 8:24,8:24,12,0,0,5500 BLK N TULSA WAY & N UVALDA ST,1,1,0,0,1,4,0,0,,0,0,0,0,0,4,2,16
,2022-40569,-104.8268087,39.78131607,11/9/2022 7:40,7:40,3,0,1,E ANDREWS DR & N DILLON ST,1,1,0,0,1,1,0,0,25,0,0,0,0,1,4,2,11
,2022-40572,-104.8470454,39.77483638,11/9/2022 14:57,14:57,10,0,0,I-70 & N PEORIA ST,1,1,0,0,1,1,0,0,35,0,0,0,0,0,4,2,13
,2022-40586,-105.0066112,39.75132255,11/9/2022 8:25,8:25,12,0,0,SPEER BLVD & 1800 BLK N ,1,1,0,1,1,4,0,0,35,0,0,0,0,0,4,2,16
,2022-40588,-104.940455,39.78379361,11/9/2022 17:10,17:10,12,0,0,COLORADO BLVD & E 48TH AVE,1,3,0,0,1,1,0,0,35,0,0,0,0,0,2,2,13
,2022-40589,-104.9733273,39.75937088,11/6/2022 2:35,2:35,5,0,0,DOWNING ST & E 30TH AVE,1,3,0,0,3,4,0,0,30,0,0,0,0,0,4,1,16
,2022-40597,-104.8417024,39.78058134,11/9/2022 15:53,15:53,1,0,0,E ALBROOK DR & N TULSA CT,1,1,0,0,1,1,0,0,20,0,0,0,0,0,4,2,13
,2022-40601,-105.0532479,39.79106417,11/9/2022 9:35,9:35,10,0,0,W 52ND AVE & N SHERIDAN BLVD,1,1,0,0,1,1,0,0,35,0,0,0,0,0,2,2,13
,2022-40606,-105.043954,39.79013752,11/9/2022 7:48,7:48,12,0,0,N TENNYSON ST & W 52ND AVE,1,1,1,0,1,4,0,0,25,0,0,0,0,0,4,2,1
,2022-40608,-104.9875981,39.70933647,11/9/2022 18:00,18:00,3,0,0,E DAKOTA AVE & S BROADWAY,1,3,0,0,1,1,0,0,20,0,0,0,0,0,4,2,1
,2022-40609,-104.9840144,39.71114573,11/9/2022 17:48,17:48,3,0,2,E ALAMEDA AVE & S GRANT ST,1,3,0,0,1,1,0,0,30,0,0,0,0,2,4,2,16
,2022-40610,-104.8263956,39.77661074,11/9/2022 7:55,7:55,3,0,0,N DEL RIO CT & E 44TH AVE,1,1,0,0,1,1,0,0,25,0,0,0,0,0,4,2,16
,2022-40611,-104.9919397,39.68757244,11/8/2022 18:30,18:30,1,0,0,S SANTA FE DR & W IOWA AVE,1,1,0,0,1,1,0,0,45,0,0,0,0,0,2,2,3
,2022-40612,-104.9449651,39.7178196,11/9/2022 7:59,7:59,3,0,0,N MONROE ST & E 1ST AVE,1,1,0,0,1,1,0,0,30,0,0,0,0,0,4,2,11
,2022-40613,-105.033896,39.76213473,11/9/2022 13:20,13:20,12,0,2,W 32ND AVE & N LOWELL BLVD,1,1,1,0,1,4,0,0,30,0,0,0,0,1,4,2,16
,2022-40614,-104.922252,39.69590154,11/8/2022 15:15,15:15,15,0,0,S HOLLY ST & E CHERRY CREEK S DR,1,1,0,0,1,1,0,0,30,0,0,0,0,0,4,2,3
,2022-40615,-104.9709073,39.74483527,11/8/2022 17:10,17:10,2,0,0,E 18TH AVE & N LAFAYETTE ST,1,2,0,0,1,1,0,0,35,1,0,0,0,0,4,1,16
,2022-40616,-105.0814301,39.66283924,11/9/2022 7:14,7:14,4,0,0,S WADSWORTH BLVD & W DARTMOUTH AVE,1,1,0,0,1,4,0,0,40,0,0,0,0,0,2,1,13
,2022-40617,-105.0113771,39.70046904,11/8/2022 15:20,15:20,6,0,0,S TEJON ST & W KENTUCKY AVE,1,1,0,0,1,4,0,0,25,0,0,0,0,0,4,2,16
,2022-40618,-104.9257464,39.66757678,11/8/2022 18:00,18:00,12,0,0,I-25 & E YALE AVE SB EXIT,1,1,0,0,1,4,0,0,65,0,0,0,0,0,1,2,3
,2022-40619,-104.9265094,39.7080717,11/9/2022 14:00,14:00,15,0,0,LEETSDALE DR & S FOREST ST,1,1,0,0,1,4,0,0,35,0,0,0,0,0,2,2,11
,2022-40624,-105.024869,39.7251246,11/9/2022 6:00,6:00,10,0,0,N FEDERAL BLVD & W 6TH AVE EB ON RAMP,1,3,0,0,1,1,0,0,35,0,0,0,0,0,2,2,8
,2022-40625,-104.9405469,39.69046466,11/9/2022 16:20,16:20,12,0,1,S COLORADO BLVD & E FLORIDA AVE,1,1,0,0,1,4,0,0,35,0,0,0,0,1,2,2,1
,2022-40627,-105.0532699,39.71499883,11/9/2022 9:01,9:01,12,0,0,W BAYAUD AVE & S SHERIDAN BLVD,1,1,0,0,1,3,0,0,25,0,0,0,0,0,4,2,13
,2022-40631,-104.8934108,39.63486742,11/10/2022 14:46,14:46,3,0,0,S TAMARAC ST & I-225 NB RAMPS,1,1,0,0,1,1,0,0,35,0,0,0,0,0,1,2,13
,2022-40633,-104.9018271,39.77153517,11/9/2022 16:08,16:08,15,0,0,E SMITH RD & QUEBEC ST,1,3,0,0,1,4,0,0,30,0,0,0,0,0,4,2,16
,2022-40634,-104.987575,39.71115786,11/10/2022 2:17,2:17,3,0,1,S BROADWAY ST & W ALAMEDA AVE,1,3,0,0,1,1,0,0,,0,0,0,0,1,4,2,16
,2022-40635,-104.9862298,39.72254599,11/8/2022 13:00,13:00,15,0,0,N LINCOLN ST & E 4TH AVE,1,1,0,0,1,1,0,0,30,0,0,0,0,0,4,2,3
,2022-40637,-105.0264008,39.71102484,11/8/2022 20:15,20:15,12,0,0,S GROVE ST & W ALAMEDA AVE,1,3,0,0,1,3,0,0,25,0,0,0,0,0,4,2,16
,2022-40638,-104.9804954,39.68216356,11/8/2022 11:00,11:00,14,0,0,E JEWELL AVE & S PEARL ST,1,1,0,0,6,1,0,0,25,0,0,0,0,0,4,2,1
,2022-40642,-104.9791463,39.7797555,11/10/2022 10:03,10:03,15,0,0,I-70 & N WASHINGTON ST,1,1,0,0,1,1,0,0,35,0,0,0,0,0,1,2,13
,2022-40643,-105.0016885,39.76928218,11/9/2022 7:53,7:53,11,0,1,W 38TH AVE & N LIPAN ST,1,1,0,0,1,12,0,0,35,0,1,0,0,2,4,1,16
,2022-40646,-104.98743,39.72661693,11/8/2022 22:02,22:02,15,0,0,N BROADWAY ST & N SPEER BLVD,1,3,0,0,1,1,0,0,30,0,0,0,0,0,4,2,13
,2022-40648,-104.941376,39.69656849,11/9/2022 11:47,11:47,3,0,0,E MISSISSIPPI AVE & S COLORADO BLVD,1,1,0,0,1,9,0,0,30,0,0,0,0,0,4,2,11
,2022-40649,-105.0227249,39.75482808,11/10/2022 2:30,2:30,6,0,0,W 26TH AVE & N ELIOT ST,1,3,0,0,1,4,0,0,30,0,0,0,0,0,4,3,14
,2022-40650,-104.9593934,39.67842579,11/9/2022 16:00,16:00,12,0,0,S UNIVERSITY BLVD & E EVANS AVE,1,1,0,0,1,1,0,0,30,0,0,0,0,0,4,2,3
,2022-40653,-105.0533804,39.78351369,11/8/2022 9:56,9:56,15,0,1,I-70 & N SHERIDAN BLVD,1,1,0,0,1,4,0,0,55,0,0,0,0,1,1,2,10
,2022-40657,-104.9787741,39.72562394,11/9/2022 15:51,15:51,3,0,2,E 6TH AVE & N WASHINGTON ST,1,1,0,0,1,1,0,0,30,0,0,0,0,1,4,2,1
,2022-40660,-104.991653,39.74000228,11/9/2022 11:00,11:00,12,0,0,N CHEROKEE ST & W COLFAX AVE,1,1,0,0,1,1,0,0,25,0,0,0,0,0,4,2,13
,2022-40665,-104.903111,39.69567038,11/9/2022 22:20,22:20,12,0,1,QUEBEC ST & 1050 BLK S ,1,3,0,0,1,1,0,0,30,0,0,0,0,2,4,2,16
,2022-40674,-105.0160179,39.72958031,11/10/2022 17:55,17:55,1,0,1,N ZUNI ST & W 8TH AVE,1,2,0,0,1,1,0,0,35,0,0,0,0,2,1,2,13
,2022-40679,-104.7701749,39.7732522,11/9/2022 13:10,13:10,3,0,0,N ANDES CT & E 42ND AVE,1,1,0,0,1,1,0,0,25,0,0,0,0,0,4,2,1
,2022-40681,-104.9986032,39.72752242,11/10/2022 10:02,10:02,10,0,0,SANTE FE DR & W 7TH AVE,1,1,0,0,1,1,0,0,30,0,0,0,0,0,4,2,13
,2022-40682,-105.011028,39.67868355,11/10/2022 13:19,13:19,6,0,0,TEJON ST & 1900 BLK S ,1,1,0,0,1,4,0,0,25,0,0,0,0,0,4,2,13
,2022-40684,-104.978739,39.74326731,11/9/2022 15:00,15:00,3,0,2,N WASHINGTON ST & E 17TH AVE,1,1,0,0,1,1,0,0,35,0,0,0,0,1,4,2,16
,2022-40687,-105.0139596,39.74044224,11/9/2022 9:40,9:40,12,0,0,I-25 & W COLFAX AVE,1,1,1,0,1,4,0,0,55,0,0,0,0,0,1,2,1
,2022-40694,-104.996208,39.75014479,11/10/2022 12:45,12:45,5,0,0,17TH ST & LARIMER ST,1,1,0,0,1,1,0,0,35,0,0,0,0,0,4,1,11
,2022-40696,-104.8641762,39.77548778,11/9/2022 21:24,21:24,12,0,0,I-70 WB OFF RAMP & N HAVANA ST,1,3,0,0,1,4,0,0,25,0,0,0,0,0,4,2,13
,2022-40697,-104.9826005,39.72260797,11/9/2022 21:39,21:39,3,0,0,E SPEER BLVD & N LOGAN ST,1,3,0,0,1,1,0,0,30,0,0,0,0,0,4,2,13
,2022-40698,-104.983048,39.73203862,11/9/2022 14:15,14:15,12,0,0,E 10TH AVE & N GRANT STREET,1,1,0,0,1,4,0,0,35,0,0,0,0,0,4,2,16
,2022-40699,-104.8966024,39.77820476,11/10/2022 8:10,8:10,12,0,0,I-270 & EB DIRECT CONNECT TO I-70,1,1,1,0,1,4,0,0,55,0,0,0,0,0,1,2,16
,2022-40700,-104.9299933,39.67406268,11/10/2022 8:05,8:05,15,0,0,I-25 & E EVANS AVE,1,1,0,0,1,4,0,0,60,0,0,0,0,0,1,3,11
,2022-40705,-105.0238984,39.6967364,11/10/2022 8:45,8:45,15,0,0,W MISSISSIPPI AVE & S FEDERAL BLVD,1,1,0,0,1,1,0,0,35,0,0,0,0,0,4,2,16
,2022-40708,-104.9875017,39.71657574,11/9/2022 15:15,15:15,11,0,1,E ELLSWORTH AVE & N BROADWAY ST,1,1,0,0,1,1,0,0,25,0,0,1,0,1,4,1,11
,2022-40712,-104.8927183,39.63883737,11/10/2022 15:04,15:04,1,0,2,S TAMARAC DR & E QUINCY AVE,1,1,0,0,1,1,0,0,35,0,0,0,0,1,4,2,11
,2022-40715,-104.9874355,39.72563832,11/10/2022 9:38,9:38,10,0,0,N BROADWAY ST & W 6TH AVE,1,1,0,0,1,1,0,0,30,0,0,0,0,0,4,2,16
,2022-40716,-105.0043198,39.76094363,11/9/2022 17:18,17:18,12,0,0,I-25 & 20TH ST,1,1,0,0,1,4,0,0,55,0,0,0,0,0,1,3,13
,2022-40717,-104.9601706,39.72560765,11/9/2022 17:40,17:40,15,0,0,N YORK ST & E 6TH AVE,1,3,1,0,1,1,0,0,30,0,0,0,0,0,4,2,13
,2022-40718,-104.9429096,39.72773731,11/7/2022 13:00,13:00,6,0,0,JACKSON ST & E 8TH AVE,1,1,0,1,1,4,0,0,,0,0,0,0,0,4,2,16
,2022-40720,-105.0133487,39.72550245,11/9/2022 14:52,14:52,12,0,1,I-25 & W 6TH AVE,1,1,1,0,1,4,0,0,55,0,0,0,1,2,1,2,13
,2022-40723,-104.9840894,39.7501314,11/10/2022 12:25,12:25,3,0,0,22ND ST & WELTON ST,1,1,0,0,1,1,0,0,30,0,0,0,0,0,4,2,11
,2022-40727,-104.9835849,39.7448679,11/9/2022 10:10,10:10,3,0,0,E 18TH AVE & N GRANT ST,1,1,0,0,1,1,0,0,,0,0,0,0,0,4,2,16
,2022-40729,-104.8470302,39.77419185,11/9/2022 15:35,15:35,12,0,0,I-70 & N PEORIA ST,1,2,0,0,1,4,0,0,55,0,0,0,0,0,1,3,16
,2022-40731,-104.9933177,39.67845081,11/9/2022 12:30,12:30,10,0,0,W EVANS AVE & S SANTA FE DR,1,1,0,0,1,1,0,0,35,0,0,0,0,0,4,2,13
,2022-40732,-105.0345714,39.78724011,11/10/2022 12:00,12:00,15,0,0,LOWELL BLVD & W 50TH AVE,1,1,0,0,1,4,0,0,30,0,0,0,0,0,4,2,13
,2022-40742,-105.0131386,39.72551619,11/9/2022 10:55,10:55,15,0,0,W 6TH AVE & I-25,1,1,0,0,1,4,0,0,45,0,0,0,0,0,1,2,13
,2022-40747,-104.9913823,39.75388778,11/9/2022 6:30,6:30,3,0,0,LARIMER ST & 21ST ST,1,1,0,0,1,1,0,0,25,0,0,0,0,0,4,2,14
,2022-40748,-105.0252313,39.76925953,11/10/2022 18:00,18:00,1,0,0,W 38TH AVE & N FEDERAL BLVD,1,3,0,0,1,1,0,0,35,0,0,0,0,0,2,2,1
,2022-40749,-105.0421665,39.66593413,11/10/2022 16:55,16:55,15,0,0,RALEIGH ST & 2764 BLK S ,1,2,1,0,1,4,0,0,25,0,0,0,0,0,4,2,16
,2022-40750,-104.7607976,39.76920204,11/9/2022 18:18,18:18,3,0,0,E 38TH AVE & N ENSENADA ST,1,3,0,0,1,1,0,0,35,0,0,0,0,0,4,2,13
,2022-40751,-104.9948191,39.76770161,11/10/2022 9:47,9:47,15,0,0,PARK AVE W & N FOX ST,1,1,0,0,1,3,0,0,30,0,0,0,0,0,4,2,11
,2022-40752,-104.7761243,39.83205925,11/10/2022 9:45,9:45,9,0,0,E-470 & PENA BLVD,1,1,0,0,1,8,0,0,45,0,0,0,0,0,4,1,1
,2022-40753,-104.9128116,39.67846224,11/9/2022 7:50,7:50,12,0,0,E EVANS AVE & S MONACO ST,1,1,0,0,1,1,0,0,35,0,0,0,0,0,4,2,16
,2022-40754,-105.0169949,39.78734504,11/9/2022 18:00,18:00,6,0,0,ALCOTT ST & W 50TH AVE,1,3,0,0,1,4,0,0,25,0,0,0,0,0,4,2,16
,2022-40760,-104.986247,39.71656133,11/9/2022 14:30,14:30,12,0,0,N LINCOLN ST & E ELLSWORTH AVE,1,1,0,0,1,1,0,0,,0,0,0,0,0,4,2,16
,2022-40763,-104.8827688,39.77727111,11/9/2022 14:06,14:06,15,0,0,I-70 & N CENTRAL PARK BLVD,1,1,0,0,1,4,0,0,55,0,0,0,0,0,1,2,13
,2022-40764,-104.9616059,39.69840022,11/10/2022 13:29,13:29,6,0,0,E TENNESSEE AVE & S GAYLORD ST,1,1,0,0,1,3,0,0,25,0,0,0,0,0,4,2,13
,2022-40765,-105.0272483,39.75482725,11/10/2022 20:20,20:20,6,0,0,W 26TH AVE & N HAZEL CT,1,4,0,0,1,4,0,0,30,0,0,0,0,0,4,2,10
,2022-40769,-105.0346093,39.74893307,11/9/2022 20:30,20:30,15,0,0,N LOWELL BLVD & W 21ST AVE,1,3,0,0,1,4,0,0,25,0,0,0,0,0,4,3,2
,2022-40773,-104.9861273,39.73629849,11/10/2022 6:04,6:04,15,0,0,LINCOLN ST & E 13TH AVE,1,3,0,0,1,4,0,0,30,0,0,0,0,0,4,3,1
,2022-40774,-104.9919658,39.73172793,11/9/2022 9:30,9:30,15,0,0,N SPEER BLVD & N CHEROKEE ST,1,1,0,0,1,1,0,0,35,0,0,0,0,0,4,2,3
,2022-40775,-105.0166481,39.75114635,11/10/2022 7:55,7:55,12,0,0,I-25 & W 23RD AVE,1,1,0,0,1,4,0,0,55,0,0,0,0,0,1,2,7
,2022-40777,-104.9439645,39.73833307,11/9/2022 14:50,14:50,3,0,1,E 14TH AVE & N GARFIELD ST,1,1,0,0,1,1,0,0,25,0,0,0,0,1,4,2,16
,2022-40778,-104.8765912,39.7765596,11/9/2022 22:58,22:58,12,0,2,I-70 & N CENTRAL PARK BLVD,1,3,0,0,1,4,0,0,55,0,0,0,0,1,1,3,16
,2022-40779,-105.0252189,39.76202227,11/9/2022 12:12,12:12,1,0,2,W 32ND AVE & N FEDERAL BLVD,1,1,0,0,1,1,0,0,30,0,0,0,0,2,4,2,13
,2022-40780,-104.99889,39.71119349,11/9/2022 12:29,12:29,15,0,0,I-25 & W ALAMEDA AVE,1,1,0,0,1,4,0,0,55,0,0,0,0,0,1,2,16
,2022-40781,-104.9729971,39.73987592,11/10/2022 14:15,14:15,6,0,0,DOWNING ST & E COLFAX AVE,1,1,0,0,1,4,0,0,25,0,0,0,0,0,4,2,7
,2022-40786,-104.9769075,39.71110267,11/11/2022 14:09,14:09,3,0,1,E ALAMEDA AVE & S EMERSON ST,1,1,0,0,1,1,0,0,30,0,0,0,0,2,4,2,13
,2022-40789,-105.0531999,39.65335624,11/11/2022 15:51,15:51,12,0,1,W HAMPDEN AVE WB OFF SLIP & S SHERIDAN BLVD,1,1,0,0,1,8,0,0,30,0,0,0,0,2,2,2,11
,2022-40796,-104.7718785,39.83341565,11/11/2022 17:46,17:46,1,0,0,N TOWER BLVD & PENA BLVD,1,3,0,0,1,1,0,0,40,0,0,0,0,0,4,2,13
,2022-40801,-104.7155396,39.83201434,11/8/2022 20:20,20:20,15,0,0,75TH AVE & GUN CLUB RD,1,3,0,0,1,3,0,0,25,0,0,0,0,0,4,2,3
,2022-40818,-104.9406123,39.74007431,11/11/2022 0:45,0:45,12,0,1,E COLFAX AVE & N COLORADO BLVD,1,3,0,0,1,1,0,0,30,0,0,0,0,1,2,2,3
,2022-40833,-104.9935438,39.75355722,11/11/2022 22:55,22:55,15,0,1,MARKET ST & 20TH ST,1,3,0,7,1,4,0,0,25,0,0,0,0,1,4,2,16
,2022-40841,-105.0105013,39.72289619,11/12/2022 12:26,12:26,12,0,0,I-25 & MM 209.00,1,1,0,0,1,4,0,0,55,0,0,0,0,0,1,2,3
,2022-40842,-104.9874447,39.75831902,11/11/2022 23:25,23:25,1,0,0,N BROADWAY ST & WALNUT ST,1,3,0,7,1,1,0,0,35,0,0,0,0,0,4,2,16
,2022-40850,-105.0226605,39.71115586,11/12/2022 19:38,19:38,1,0,1,2760 W ALAMEDA AVE & S DECATUR ST,1,3,0,0,1,2,0,0,35,0,0,0,0,2,2,2,16
,2022-40851,-105.0532825,39.71311252,11/12/2022 16:58,16:58,1,0,0,S SHERIDAN BLVD & W CEDAR AVE,1,4,0,0,1,1,0,0,,0,0,0,0,0,2,2,16
,2022-40853,-104.9558589,39.71804181,11/11/2022 23:37,23:37,1,0,1,E 1ST AVE & N CLAYTON LN,1,3,0,0,1,1,0,0,35,0,0,0,0,1,4,2,11
,2022-40854,-105.0149349,39.75346875,11/11/2022 19:10,19:10,15,0,0,I-25 & N SPEER BLVD NB EXIT GORE PT,1,3,0,0,1,4,0,0,55,0,0,0,0,0,1,2,3
,2022-40867,-105.0026475,39.74762721,11/12/2022 16:30,16:30,1,0,0,N SPEER BLVD & AURARIA PKWY,1,1,0,0,1,1,0,0,35,0,0,0,0,0,4,2,14
,2022-40868,-104.6744732,39.84303435,11/11/2022 22:56,22:56,15,0,0,PENA BLVD & TO TERMINAL W/E SPLIT PT,1,3,0,0,1,4,0,0,65,0,0,0,0,0,4,2,8
,2022-40869,-105.0162044,39.74357999,11/12/2022 11:42,11:42,12,0,0,I-25 & W 17TH AVE,1,1,0,0,1,4,0,0,55,0,0,0,0,0,1,5,13