id,drcog_id,longitude,latitude,crashtime,time,crashtype,numbkilled,numbinjurd,drcoglocat,rdconditin,lightngcon,roadcntgrd,weatherco,location,roaddescrp,schoolzone,constrzone,splimit,bikeinv,pedinv,sctrinv,motoinv,svrty,rdsystem,ttlvehcls,hcf
,2022-40882,-105.052134,39.76933442,11/11/2022 22:56,22:56,12,0,0,W 38TH AVE & N SHERIDAN BLVD,1,3,0,0,1,1,0,0,35,0,0,0,0,0,4,2,3
,2022-40884,-104.9874955,39.68979548,11/12/2022 15:52,15:52,6,0,0,S BROADWAY ST & W ARKANSAS AVE,1,1,0,0,1,4,0,0,35,0,0,0,0,0,4,3,14
,2022-40888,-104.8940342,39.74005539,11/2/2022 13:40,13:40,6,0,0,ULSTER ST & E COLFAX AVE,1,1,0,4,1,3,0,0,30,0,0,0,0,0,4,2,16
,2022-40889,-105.0252105,39.74333353,11/8/2022 14:42,14:42,10,0,0,FEDERAL BLVD & W 16TH AVE,1,1,0,0,1,2,0,0,35,0,0,0,0,0,2,2,16
,2022-40897,-105.0381016,39.78519034,11/11/2022 18:28,18:28,6,0,0,OSCEOLA ST & 4869 BLK N ,1,4,0,0,1,4,0,0,15,0,0,0,0,0,4,2,14
,2022-40903,-105.0127078,39.75512692,11/11/2022 19:03,19:03,12,0,0,I-25 & N SPEER BLVD,1,3,0,0,1,4,0,0,55,0,0,0,0,0,1,2,10
,2022-40905,-104.9374413,39.65303357,11/7/2022 15:15,15:15,12,0,0,E HAMPDEN AVE & S BELLAIRE ST,1,1,0,0,1,1,0,0,35,0,0,0,0,0,2,4,3
,2022-40906,-105.0052344,39.74020438,11/8/2022 12:52,12:52,11,0,1,7TH ST & W COLFAX AVE,1,1,0,0,1,1,0,0,30,0,1,0,0,2,2,1,13
,2022-40952,-104.8975558,39.73826353,10/22/2022 22:00,22:00,6,0,0,SPRUCE ST & 1364 BLK N ,1,3,0,7,1,4,0,0,25,0,0,0,0,0,4,2,16
,2022-41014,-104.9968281,39.6966834,11/13/2022 2:53,2:53,14,0,1,W MISSISSIPPI AVE & S HURON ST,1,3,0,0,1,3,0,0,35,0,0,0,0,2,4,2,16
,2022-41015,-105.0028211,39.73989035,11/9/2022 8:40,8:40,3,0,1,MARIPOSA ST & W COLFAX AVE,1,1,0,0,1,2,0,0,30,0,0,0,0,2,4,2,14
,2022-41019,-104.9870242,39.75051827,11/12/2022 23:01,23:01,3,0,0,21ST ST & STOUT ST,1,3,0,0,1,1,0,0,25,0,0,0,0,0,4,3,14
,2022-41022,-104.9405417,39.75456893,11/12/2022 11:55,11:55,1,0,0,N COLORADO BLVD & E 26TH AVE,1,1,0,0,1,1,0,0,35,0,0,0,0,0,2,3,13
,2022-41025,-105.0252124,39.74272354,11/12/2022 21:37,21:37,1,0,1,N FEDERAL BLVD & W 16TH AVE,1,3,0,0,1,1,0,0,35,0,0,0,1,3,2,2,16
,2022-41027,-105.0158685,39.7692827,11/13/2022 0:15,0:15,1,0,0,N ZUNI ST & W 38TH AVE,1,3,0,0,1,3,0,0,25,0,0,0,0,0,4,2,14
,2022-41034,-105.0092774,39.75646087,8/6/2022 21:07,21:07,1,0,1,15TH ST & PLATTE ST,11,3,0,0,1,1,0,0,25,0,0,0,1,3,4,2,1
,2022-41043,-105.0513112,39.65229371,9/5/2022 0:25,0:25,5,1,0,W HAMPDEN AVE EB ON RAMP & S SHERIDAN BLVD,1,3,0,0,3,8,0,0,35,0,0,0,1,4,2,1,16
,2022-41044,-104.9861323,39.74000583,11/11/2022 14:01,14:01,3,0,0,N LINCOLN ST & E COLFAX AVE,1,1,0,0,1,1,0,0,25,0,0,0,0,0,2,2,16
,2022-41046,-104.9848456,39.7448621,11/13/2022 17:05,17:05,3,0,0,N SHERMAN ST & E 18TH AVE,1,3,0,0,1,1,0,0,35,0,0,0,0,0,4,2,16
,2022-41058,-104.9139501,39.73676747,11/12/2022 15:55,15:55,15,0,0,E 13TH AVE & N LOCUST ST (APPROX),1,1,0,0,1,3,0,0,35,0,0,0,0,0,4,2,16
,2022-41059,-104.982827,39.68486359,11/13/2022 2:11,2:11,6,0,0,S LOGAN ST & 1700 BLK,1,3,0,0,1,4,0,0,30,0,0,0,0,0,4,3,2
,2022-41061,-105.0533804,39.78351369,11/12/2022 23:25,23:25,12,0,1,I-70 & N SHERIDAN BLVD,1,3,0,0,1,4,0,0,55,0,0,0,0,1,1,2,16
,2022-41067,-104.9128742,39.6676319,11/13/2022 9:04,9:04,3,0,1,E YALE AVE & S MONACO ST,1,1,0,0,1,1,0,0,35,0,0,0,0,2,4,2,16
,2022-41069,-104.9367471,39.67845252,3/24/2022 16:02,16:02,12,0,0,E EVANS AVE & S BIRCH ST,1,1,0,0,1,4,0,0,35,0,0,0,0,0,4,2,14
,2022-41070,-104.874487,39.65301839,11/9/2022 17:44,17:44,12,0,0,E HAMPDEN AVE & S DAYTON ST,1,3,0,0,1,3,0,0,45,0,0,0,0,0,2,2,16
,2022-41074,-104.9827791,39.69933349,11/12/2022 19:07,19:07,6,0,0,S LOGAN ST & 900 BLK,14,5,3,7,1,4,0,0,35,0,0,0,0,0,4,2,3
,2022-41080,-104.9182536,39.73676484,11/13/2022 10:22,10:22,10,0,0,E 13TH AVE & N JASMINE ST,1,1,0,0,1,3,0,0,35,0,0,0,0,0,4,2,7
,2022-41092,-104.8869944,39.74288352,11/12/2022 2:54,2:54,6,0,0,N XANTHIA ST & 1600 BLK ,1,3,0,0,1,4,0,0,25,0,0,0,0,0,4,3,14
,2022-41097,-104.8427011,39.77363924,11/13/2022 2:49,2:49,12,0,0,I-70 & N PEORIA ST EB ON RAMP MERGE PT,1,3,1,0,1,4,0,0,55,0,0,0,0,0,1,2,14
,2022-41121,-105.0085609,39.75814999,11/10/2022 2:11,2:11,12,0,0,I-25 & SB ENT GORE PT FROM 20TH ST,1,3,0,0,1,4,0,0,55,0,0,0,0,0,2,2,16
,2022-41122,-104.9034586,39.73987298,11/11/2022 7:32,7:32,12,0,1,N QUEBEC ST & E COLFAX AVE,1,1,0,0,1,4,0,0,30,0,0,0,0,2,4,3,13
,2022-41123,-105.0354544,39.73848026,11/8/2022 19:38,19:38,6,0,1,W 14TH AVE & N MEADE ST,1,4,0,0,1,4,0,0,25,0,0,0,0,1,4,2,16
,2022-41126,-104.9405105,39.77287971,11/11/2022 12:30,12:30,11,0,1,E 40TH AVE & N COLORADO BLVD,1,1,0,0,1,1,0,0,35,0,1,0,0,2,4,1,11
,2022-41127,-105.0052346,39.74014355,11/11/2022 10:15,10:15,1,0,1,N OSAGE ST & W COLFAX AVE,1,1,0,0,1,1,0,0,35,0,0,0,0,2,2,2,13
,2022-41128,-104.847213,39.77108651,11/12/2022 14:36,14:36,11,0,1,E 39TH AVE & N PEORIA WY,1,1,0,0,1,4,0,0,25,0,1,0,0,2,4,1,13
,2022-41156,-104.9487169,39.77036042,11/11/2022 15:00,15:00,6,0,0,ADAMS ST & E 39TH AVE,1,1,0,0,1,4,0,0,,0,0,0,0,0,4,2,16
,2022-41157,-104.8753406,39.72013432,11/12/2022 9:45,9:45,3,0,1,E 3RD AVE & N DAYTON ST,1,1,0,0,1,1,0,0,25,0,0,0,0,1,4,2,11
,2022-41159,-104.8682705,39.70718782,11/11/2022 11:25,11:25,1,0,0,S GALENA WAY & E VIRGINIA AVE,1,1,0,0,1,1,0,0,25,0,0,0,0,0,4,2,16
,2022-41160,-105.0571383,39.65294628,11/14/2022 7:07,7:07,3,0,0,S DEPEW ST & W HAMPDEN AVE FRTG RD,1,1,0,0,1,1,0,0,25,0,0,0,0,0,4,2,11
,2022-41162,-105.0532719,39.72161356,11/14/2022 6:55,6:55,12,0,0,N SHERIDAN BLVD & 400 BLK,1,1,1,0,1,3,0,0,35,0,0,0,0,0,2,2,3
,2022-41168,-104.9317115,39.76184035,11/12/2022 15:29,15:29,3,0,0,E MLK BLVD & N DAHLIA ST,1,1,0,0,1,1,0,0,35,0,0,0,0,0,4,2,13
,2022-41170,-105.0351183,39.72576092,11/12/2022 11:02,11:02,15,0,0,W 6TH AVE & N LOWELL BLVD,1,1,0,0,1,4,0,0,55,0,0,0,0,0,2,2,1
,2022-41171,-104.9403004,39.77288248,11/14/2022 18:41,18:41,12,0,0,INBOUND PENA BLVD & E 40TH AVE,1,3,0,0,1,4,0,0,65,0,0,0,0,0,2,2,13
,2022-41172,-104.9483773,39.73689409,11/9/2022 22:00,22:00,6,0,0,ADAMS ST & E 13TH AVE,1,5,0,7,1,4,0,0,,0,0,0,0,0,4,2,16
,2022-41173,-104.9420659,39.76445934,11/11/2022 22:30,22:30,6,0,0,E BRUCE RANDOLPH AVE & HARRISON ST,1,3,0,0,1,4,0,0,,0,0,0,0,0,4,2,16
,2022-41175,-104.97342,39.68877199,11/13/2022 11:05,11:05,12,0,0,S DOWNING ST & E BUCHTEL BLVD,1,1,0,0,1,3,0,0,30,0,0,0,0,0,4,2,1
,2022-41177,-104.7827051,39.77929668,11/14/2022 18:10,18:10,12,0,0,E 45TH AVE & N TELLURIDE CT,1,3,0,0,1,1,0,0,25,0,0,0,0,0,4,2,10
,2022-41178,-104.9874168,39.74488639,11/14/2022 8:40,8:40,3,0,0,N BROADWAY ST & E 18TH AVE,1,1,0,0,1,1,0,0,35,0,0,0,0,0,4,2,16
,2022-41180,-104.874329,39.77342057,11/12/2022 14:00,14:00,15,0,0,PENA BLVD & E 40TH AVE,1,1,1,0,1,8,0,0,50,0,0,0,0,0,4,2,13
,2022-41183,-104.9833181,39.74486788,11/12/2022 13:05,13:05,15,0,0,E 18TH AVE & N GRANT ST,1,1,0,0,1,4,0,0,30,0,0,0,0,0,4,2,11
,2022-41184,-104.9222793,39.77871872,11/11/2022 11:20,11:20,3,0,0,N HOLLY ST & E STAPLETON N DR,1,1,0,0,1,1,0,0,35,0,0,0,0,0,4,2,11
,2022-41186,-104.835481,39.79248435,11/10/2022 8:20,8:20,15,0,0,E ELMENDORF PL & N UVALDA ST,1,1,0,0,1,4,0,0,25,0,0,0,0,0,4,2,3
,2022-41188,-104.9792232,39.71019351,11/13/2022 21:25,21:25,6,0,1,S WASHINGTON ST & 300 BLK,1,3,0,0,1,4,0,0,25,0,0,0,0,2,4,4,12
,2022-41193,-105.0236036,39.76321471,11/11/2022 12:46,12:46,3,0,0,W 33RD AVE & N ELIOT ST,1,1,0,0,1,1,0,0,,0,0,0,0,0,4,2,16
,2022-41195,-105.0321503,39.65327601,11/12/2022 8:50,8:50,3,0,0,W HAMPDEN AVE & S KNOX CT,1,1,0,0,1,1,0,0,25,0,0,0,0,0,4,2,11
,2022-41196,-104.9687324,39.74323811,11/13/2022 14:05,14:05,15,0,0,E 17TH AVE & N FRANKLIN ST,1,1,0,0,1,4,0,0,30,0,0,0,0,0,4,3,11
,2022-41198,-104.9406143,39.73828662,11/11/2022 11:45,11:45,12,0,0,N COLORADO BLVD & E 14TH AVE,1,1,0,0,1,1,0,0,40,0,0,0,0,0,2,2,16
,2022-41199,-104.8762536,39.78256693,11/14/2022 16:04,16:04,3,0,1,E NORTHFIELD BLVD & N DALLAS ST,1,1,0,0,1,1,0,0,40,0,0,0,0,2,4,2,10
,2022-41200,-104.9791463,39.7797555,11/11/2022 11:35,11:35,3,0,0,N WASHINGTON ST & I-70 WB OFF RAMP,1,1,0,0,1,1,0,1,25,0,0,0,0,0,4,2,16
,2022-41202,-104.9316645,39.66161603,11/13/2022 23:31,23:31,6,0,0,3086 S DAHLIA ST & E DARTMOUTH AVE,1,3,0,0,1,4,0,0,25,0,0,0,0,0,4,2,14
,2022-41203,-105.0381534,39.76250417,11/12/2022 12:18,12:18,14,0,0,N OSCEOLA ST & W 32ND AVE,1,1,0,0,1,4,0,0,25,0,0,0,0,0,4,2,13
,2022-41204,-105.0250715,39.69674835,11/11/2022 7:50,7:50,1,0,1,S FEDERAL BLVD & W MISSISSIPPI AVE,1,1,0,0,1,1,0,0,40,0,0,0,0,1,2,2,16
,2022-41206,-104.994598,39.74333581,11/12/2022 14:50,14:50,3,0,0,14TH ST & CALIFORNIA ST,1,1,0,0,1,1,0,0,30,0,0,0,0,0,4,2,13
,2022-41207,-104.8461853,39.77958964,11/11/2022 10:56,10:56,10,0,0,E 46TH AVE & N PEORIA ST,1,1,0,0,1,2,0,0,35,0,0,0,0,0,4,2,16
,2022-41208,-105.0137523,39.74042337,11/10/2022 16:30,16:30,12,0,0,W COLFAX AVE & WB ON RAMP FROM AURARIA PKWY,1,1,0,0,1,4,0,0,40,0,0,0,0,0,2,2,11
,2022-41212,-104.9697114,39.74091857,11/13/2022 14:57,14:57,3,0,0,N HUMBOLDT ST & PARK AVE,1,1,0,0,1,1,0,0,25,0,0,0,1,0,4,2,11
,2022-41213,-104.9447976,39.7401403,11/10/2022 14:05,14:05,15,0,0,E COLFAX AVE & N STEELE ST,1,1,0,0,1,4,0,0,30,0,0,0,0,0,2,2,16
,2022-41214,-104.9774514,39.74484753,11/12/2022 11:05,11:05,15,0,0,E 18TH AVE & N CLARKSON ST,1,1,0,0,1,4,0,0,35,0,0,0,0,0,4,2,14
,2022-41216,-104.9404143,39.68367215,11/11/2022 9:19,9:19,1,0,0,S COLORADO BLVD & I-25 NB RAMPS,1,1,0,0,1,1,0,0,35,0,0,0,0,0,2,2,16
,2022-41228,-105.0251411,39.66503878,11/13/2022 9:22,9:22,12,0,0,S FEDERAL BLVD & W AMHERST AVE,1,1,0,0,1,3,0,0,40,0,0,0,0,0,2,2,3
,2022-41229,-104.9257814,39.73829473,11/13/2022 1:07,1:07,11,0,1,E 14TH AVE & N GLENCOE ST,1,3,0,0,1,1,0,0,0,0,0,1,0,2,4,1,16
,2022-41334,-104.9905417,39.77828091,11/15/2022 18:14,18:14,12,0,2,I-70 EB OFF RAMP & I-25 SB RAMP CONNECTION,1,3,1,0,1,8,0,0,45,0,0,0,0,2,1,2,10
,2022-41336,-104.8469999,39.78238809,11/15/2022 7:50,7:50,15,0,0,E ALBROOK DR & 12100 BLK,4,1,0,2,1,4,0,0,25,0,0,0,0,0,4,2,3
,2022-41341,-104.882959,39.77713978,11/15/2022 8:00,8:00,15,0,0,I-70 EB RAMP & N CENTRAL PARK BLVD,11,1,1,0,1,8,0,0,55,0,0,0,0,0,1,2,13
,2022-41347,-105.0416344,39.73549986,11/14/2022 18:55,18:55,6,0,0,N RALEIGH ST & 1235 BLK,1,3,1,0,1,4,0,0,25,0,0,0,0,0,4,2,16
,2022-41349,-104.9034576,39.74007895,11/15/2022 18:05,18:05,1,0,0,E COLFAX AVE & N QUEBEC ST,1,3,0,0,1,1,0,0,35,0,0,0,0,0,2,2,16
,2022-41355,-105.0531453,39.72539592,11/15/2022 7:04,7:04,12,0,0,N SHERIDAN BLVD & W 6TH AVE EB RAMPS,4,1,1,2,1,1,0,0,35,0,0,0,0,0,2,2,16
,2022-41356,-104.9899608,39.67579357,11/15/2022 5:25,5:25,6,0,0,S BANNOCK ST & 2200 BLK,14,5,0,7,1,4,0,0,25,0,0,0,0,0,4,3,16
,2022-41357,-104.9406187,39.73455326,11/15/2022 6:43,6:43,12,0,0,N COLORADO BLVD & E 12TH AVE,4,2,0,2,1,3,1,0,30,0,0,0,0,0,2,4,1
,2022-41358,-104.9660946,39.74323303,11/14/2022 15:05,15:05,12,0,0,E 17TH AVE & N WILLIAMS ST,1,1,0,0,1,3,0,0,30,0,0,0,0,0,4,2,11
,2022-41360,-104.9497571,39.78003339,11/14/2022 9:21,9:21,3,0,0,E 46TH N AVE & VASQUEZ BLVD,1,1,0,0,1,1,0,0,35,0,0,0,0,0,2,2,16
,2022-41364,-105.053268,39.67917561,11/15/2022 3:40,3:40,12,0,0,S SHERIDAN BLVD & W EVANS AVE,9,3,3,2,1,1,0,0,35,0,0,0,0,0,2,2,16
,2022-41365,-104.9875569,39.72094377,11/15/2022 12:05,12:05,12,0,0,W 3RD AVE & N BROADWAY ST,4,1,0,0,1,3,0,0,30,0,0,0,0,0,4,3,13
,2022-41366,-104.9222934,39.77844359,11/10/2022 15:56,15:56,12,0,0,I-70 & N DAHLIA ST,1,2,0,0,1,4,0,0,55,0,0,0,0,0,1,3,16
,2022-41367,-105.0532407,39.78354905,11/15/2022 18:57,18:57,5,0,0,I-70 & N SHERIDAN BLVD,11,4,0,0,2,4,0,0,55,0,0,0,0,0,1,3,10
,2022-41368,-104.9915098,39.77009949,11/14/2022 17:29,17:29,12,0,0,I-25 & MM 213.00,1,3,1,0,1,4,0,0,55,0,0,0,0,0,1,2,3
,2022-41369,-105.0191025,39.68950607,11/15/2022 8:57,8:57,5,0,1,2608 W FLORIDA AVE & S CARLAN CT,4,1,1,2,3,4,0,0,35,0,0,0,0,1,4,1,16
,2022-41371,-104.9670454,39.77989217,11/10/2022 15:10,15:10,12,0,0,I-70 & N BRIGHTON BLVD,1,1,0,0,1,4,0,0,55,0,0,0,0,0,1,2,3
,2022-41380,-104.9175587,39.74708,11/14/2022 20:25,20:25,6,0,0,E MONTVIEW BLVD & 6100 BLK,1,3,0,0,3,4,0,0,35,0,0,0,0,0,4,2,2
,2022-41383,-104.8883783,39.74008662,11/15/2022 7:56,7:56,8,0,1,E COLFAX AVE & N WILLOW ST,4,1,0,2,6,4,0,0,35,0,0,0,0,2,2,2,1
,2022-41386,-105.0462797,39.72552859,11/14/2022 14:18,14:18,3,0,0,N VRAIN ST & W 6TH AVE N DR,1,1,0,0,1,1,0,0,25,0,0,0,0,0,4,2,11
,2022-41391,-104.9874237,39.72694305,11/14/2022 15:56,15:56,12,0,0,N BROADWAY ST & N SPEER BLVD,1,1,0,0,1,3,0,0,35,0,0,0,0,0,4,2,3
,2022-41394,-105.0127004,39.75514564,11/11/2022 14:48,14:48,12,0,0,I-25 & N SPEER BLVD,1,2,0,0,1,4,0,0,55,0,0,0,0,0,1,2,11
,2022-41396,-105.0163271,39.74369715,11/11/2022 13:33,13:33,15,0,0,I-25 & W 17TH AVE,1,1,0,0,1,4,0,0,55,0,0,0,0,0,1,2,13
,2022-41397,-104.8430493,39.78134187,11/14/2022 16:45,16:45,3,0,0,E ALBROOK DR & E 46TH AVE,1,1,0,0,1,2,0,0,25,0,0,0,0,0,4,2,11
,2022-41399,-104.7725248,39.83326512,11/15/2022 7:20,7:20,15,0,0,PENA BLVD INBOUND & 7500 BLK,4,1,0,2,1,4,0,0,65,0,0,0,0,0,4,2,1
,2022-41405,-104.8070099,39.78381087,11/15/2022 16:50,16:50,3,0,0,E GVR BLVD & 15300 BLK,1,2,0,0,1,2,0,0,35,0,0,0,0,0,4,2,11
,2022-41408,-104.9406284,39.72174356,11/10/2022 11:50,11:50,14,0,2,COLORADO BLVD & 366 BLK N,1,1,0,0,6,4,0,0,35,0,0,0,0,1,2,2,10
,2022-41413,-105.05329,39.71499755,11/15/2022 11:14,11:14,12,0,0,S SHERIDAN BLVD & W BAYAUD AVE,1,1,0,0,1,4,0,0,35,0,0,0,0,0,2,2,3
,2022-41414,-105.0345232,39.66385995,11/15/2022 7:23,7:23,12,0,0,S LOWELL BLVD & W AMHERST AVE (APPROX),4,1,1,0,1,4,0,0,25,0,0,0,0,0,4,2,3
,2022-41416,-105.0532867,39.71415347,11/15/2022 4:00,4:00,14,0,0,S SHERIDAN BLVD & 100 BLK S,9,3,0,2,6,4,0,0,35,0,0,0,0,0,2,2,13
,2022-41417,-104.9915098,39.77009949,11/14/2022 17:29,17:29,12,0,0,I-25 & MM 213.00,1,3,1,0,1,4,0,0,55,0,0,0,0,0,1,2,16
,2022-41419,-104.9128116,39.67846224,11/14/2022 7:00,7:00,15,0,0,S MONACO ST & E EVANS AVE,1,2,0,0,1,1,0,0,35,0,0,0,0,0,4,2,16
,2022-41420,-105.0052346,39.74014355,11/15/2022 9:35,9:35,1,0,0,W COLFAX AVE & N OSAGE ST,11,1,0,0,1,1,0,0,30,0,0,0,0,0,2,3,13
,2022-41421,-105.0141494,39.74044681,11/15/2022 5:00,5:00,5,0,0,I-25 & SB ON RAMP FROM W COLFAX AVE GORE PT,4,3,0,0,3,4,0,0,55,0,0,0,0,0,1,1,16
,2022-41427,-104.9980145,39.74002359,11/13/2022 23:47,23:47,3,0,0,W COLFAX AVE & N SPEER BLVD,1,3,0,0,1,1,0,0,35,0,0,0,0,0,2,2,7
,2022-41432,-104.9965605,39.70666643,11/11/2022 14:20,14:20,12,0,0,I-25 & S SANTA FE DR (APPROX),1,1,1,0,1,4,0,0,55,0,0,0,0,0,1,2,3
,2022-41433,-104.9407784,39.72922499,11/14/2022 12:30,12:30,15,0,0,N COLORADO BLVD & E 6TH AVE,1,1,1,0,1,4,0,1,25,0,0,0,0,0,2,2,16
,2022-41435,-104.9891814,39.7801983,11/15/2022 13:54,13:54,15,0,0,I-25 & I-70,1,1,0,0,1,4,0,0,45,0,0,0,0,0,1,2,13
,2022-41543,-105.0148299,39.72932162,11/12/2022 12:42,12:42,12,0,0,I-25 & W 8TH AVE,1,1,1,0,1,4,0,0,55,0,0,0,0,0,1,2,8
,2022-41544,-104.9923983,39.71118394,11/14/2022 16:10,16:10,11,0,0,W ALAMEDA AVE & S CHEROKEE ST,1,1,0,0,1,1,0,0,30,1,0,0,0,0,4,1,11
,2022-41547,-105.0299306,39.75848642,11/12/2022 14:46,14:46,11,0,1,N IRVING ST & W 29TH AVE,1,1,1,0,1,1,0,0,25,0,0,1,0,2,4,1,13
,2022-41559,-105.0280999,39.73293311,11/14/2022 14:29,14:29,6,0,0,W 10TH AVE & 3100 BLK,1,1,0,0,1,4,0,0,30,0,0,0,0,0,4,2,16
,2022-41588,-104.9885223,39.72564788,11/15/2022 20:50,20:50,12,0,0,W 6TH AVE & N ACOMA ST,1,3,0,0,1,4,0,0,35,0,0,0,0,0,4,2,1
,2022-41589,-104.9929149,39.74000573,11/15/2022 11:55,11:55,12,0,1,W COLFAX AVE & N DELAWARE ST,11,1,0,0,1,1,0,0,30,0,0,0,0,1,2,2,13
,2022-41590,-104.9066786,39.62705354,11/16/2022 10:18,10:18,12,0,0,S NEWPORT ST & E LAYTON AVE,1,1,0,0,1,3,0,0,30,0,0,0,0,0,4,2,3
,2022-41591,-104.9403385,39.68306724,11/15/2022 15:41,15:41,12,0,0,I-25 & S COLORADO BLVD (APPROX),1,1,0,0,1,4,0,0,55,0,0,0,0,0,1,2,10
,2022-41593,-104.9764504,39.73686927,11/15/2022 12:30,12:30,3,0,0,N EMERSON ST & E 13TH AVE,11,1,0,0,1,1,0,0,25,0,0,0,0,0,4,2,11
,2022-41598,-104.9747629,39.7461603,11/16/2022 9:13,9:13,3,0,0,E 19TH AVE & N OGDEN ST,1,1,0,0,1,1,0,0,25,0,0,0,0,0,4,2,11
,2022-41599,-105.0186998,39.75733373,11/16/2022 11:40,11:40,15,0,0,N SPEER BLVD & 2800 BLK,1,1,1,0,1,4,0,0,35,0,0,0,0,0,4,2,3
,2022-41601,-104.9733911,39.6999564,11/16/2022 16:53,16:53,12,0,0,S DOWNING ST & E KENTUCKY AVE (APPROX),1,2,0,0,1,4,0,0,30,0,0,0,0,0,4,2,13
,2022-41602,-105.0252199,39.75847401,11/16/2022 9:18,9:18,12,0,0,N FEDERAL BLVD & 2900 BLK,1,1,3,0,1,4,0,0,35,0,0,0,0,0,2,3,16
,2022-41606,-104.9792524,39.69434358,11/16/2022 9:04,9:04,12,0,0,I-25 & S WASHINGTON ST,1,1,0,0,1,4,0,0,60,0,0,0,0,0,1,2,13
,2022-41607,-104.8991223,39.61983667,11/15/2022 16:29,16:29,15,0,0,I-25 & MM 199.10,1,1,0,0,1,4,0,0,55,0,0,0,0,0,1,2,10
,2022-41609,-104.8114229,39.77503889,11/15/2022 8:00,8:00,3,0,0,E ANDREWS DR & N FULLERTON CT,7,1,0,2,1,1,0,0,25,0,0,0,0,0,4,3,14
,2022-41615,-104.7697803,39.79830058,11/16/2022 17:50,17:50,1,0,0,E 56TH AVE & N ARGONNE ST,1,3,0,0,1,1,0,0,35,0,0,0,0,0,4,2,11
,2022-41619,-104.9597685,39.75196421,11/15/2022 16:26,16:26,15,0,0,N YORK ST & E 24TH AVE,1,3,3,7,1,1,0,0,35,0,0,0,0,0,4,2,13
,2022-41620,-104.9745909,39.71834096,11/15/2022 9:33,9:33,12,0,0,E 1ST AVE & N CORONA ST,4,1,0,2,1,3,0,0,25,0,0,0,0,0,4,2,16
,2022-41621,-104.8508966,39.78238281,11/16/2022 17:39,17:39,15,0,0,E 47TH AVE & N PARIS ST,1,2,0,0,1,3,0,0,35,0,0,0,0,0,4,2,16
,2022-41622,-104.7721146,39.78369349,11/16/2022 18:09,18:09,1,0,1,E GVR BLVD & N TOWER RD (APPROX),1,4,0,0,1,4,0,0,35,0,0,0,0,1,4,2,11
,2022-41623,-104.8988959,39.72074283,11/15/2022 18:44,18:44,10,0,0,E 1ST PL & N RAMPART WY,1,3,0,0,1,1,0,0,25,0,0,0,0,0,4,2,13
,2022-41624,-104.8657626,39.77369082,11/16/2022 7:53,7:53,12,0,0,N HAVANA ST & 4000 BLK,1,1,0,0,1,3,0,0,40,0,0,0,0,0,4,2,11
,2022-41625,-104.8928194,39.63930933,11/16/2022 18:29,18:29,3,0,0,E PRINCETON AVE & S TAMARAC DR,1,3,0,0,1,1,0,0,30,0,0,0,0,0,4,2,13
,2022-41628,-104.8660059,39.70570248,11/15/2022 22:10,22:10,3,0,0,S GALENA WY & S HAVANA ST,1,3,0,0,1,1,0,0,35,0,0,0,0,0,2,2,13
,2022-41630,-104.9093626,39.65303338,11/16/2022 8:40,8:40,15,0,0,HAMPDEN AVE & S ONEIDA WY,1,1,0,0,1,3,0,0,40,0,0,0,0,0,2,2,16
,2022-41631,-104.8591063,39.75745629,11/16/2022 14:24,14:24,12,0,0,E MLK BLVD & N KINGSTON ST,1,1,0,0,1,1,0,0,35,0,0,0,0,0,4,2,14
,2022-41637,-104.9927191,39.74744493,11/16/2022 2:49,2:49,3,0,0,17TH ST & CHAMPA ST,1,3,0,7,1,1,0,0,,0,0,0,0,0,4,2,16
,2022-41638,-105.0146831,39.75368873,11/16/2022 18:38,18:38,12,0,0,I-25 & N SPEER BLVD NB EXIT GORE PT,1,3,0,0,1,4,0,0,55,0,0,0,0,0,1,2,3
,2022-41640,-104.8937874,39.6356719,11/16/2022 7:08,7:08,12,0,0,I-225 WB OFF RAMP & S TAMARAC ST,1,1,0,0,1,8,0,0,35,0,0,0,0,0,1,2,16
,2022-41641,-105.0227791,39.7202645,11/15/2022 11:58,11:58,3,0,1,W 2ND AVE & N DECATUR ST,1,1,0,0,1,1,0,0,25,0,0,0,0,1,4,2,11
,2022-41643,-104.9036253,39.71123883,11/15/2022 16:54,16:54,12,0,1,E ALAMEDA AVE & S QUEBEC ST,1,1,0,0,1,3,0,0,40,0,0,0,0,1,4,2,13
,2022-41644,-104.9965605,39.70666643,11/15/2022 15:25,15:25,15,0,0,S SANTA FE DR & I-25 NB ENT MERGE PT,1,1,1,0,1,14,0,0,45,0,0,0,0,0,1,2,13
,2022-41647,-105.0139596,39.74044224,11/15/2022 17:16,17:16,12,0,0,I-25 & W COLFAX AVE,1,1,0,0,1,4,0,0,55,0,0,0,0,0,1,3,13
,2022-41648,-104.998806,39.74271838,11/15/2022 13:07,13:07,15,0,0,CHAMPA ST & 1200 BLK,4,1,1,0,1,4,0,0,25,0,0,0,0,0,4,2,13
,2022-41650,-104.9827651,39.69787254,11/15/2022 7:42,7:42,12,0,0,S LOGAN ST & E BUCHTEL BLVD,4,1,0,2,1,3,0,0,30,0,0,0,0,0,4,2,16