id,drcog_id,longitude,latitude,crashtime,time,crashtype,numbkilled,numbinjurd,drcoglocat,rdconditin,lightngcon,roadcntgrd,weatherco,location,roaddescrp,schoolzone,constrzone,splimit,bikeinv,pedinv,sctrinv,motoinv,svrty,rdsystem,ttlvehcls,hcf
,2022-42024,-104.7744732,39.78371353,10/10/2022 15:40,15:40,12,0,0,E GVR BLVD & N YAMPA ST,1,1,0,0,1,4,0,0,35,0,0,0,0,0,4,2,16
,2022-42028,-104.9799108,39.7400086,10/27/2022 17:45,17:45,15,0,0,E COLFAX AVE & N PEARL ST,1,1,0,0,1,4,0,0,,0,0,0,0,0,4,2,16
,2022-42031,-104.9921018,39.69613798,10/26/2022 21:00,21:00,5,0,0,S SANTA FE DR & W MISSISSIPPI AVE,1,4,0,0,1,4,0,0,40,0,0,0,1,0,2,2,16
,2022-42032,-105.0250197,39.68227101,10/27/2022 18:20,18:20,1,0,1,S FEDERAL BLVD & W JEWELL AVE,1,3,0,0,1,1,0,0,35,0,0,0,0,2,2,2,16
,2022-42033,-104.99889,39.71119349,10/22/2022 19:42,19:42,15,0,1,I-25 & W ALAMEDA AVE,1,2,0,0,1,4,0,0,,0,0,0,0,2,1,2,16
,2022-42035,-104.9835833,39.73228264,11/16/2022 0:50,0:50,6,0,0,N GRANT ST & 1000 BLK,1,3,0,0,1,4,0,0,30,0,0,0,0,0,4,3,1
,2022-42039,-104.890466,39.76299755,11/18/2022 17:20,17:20,12,0,0,N CENTRAL PARK BLVD & 3200 BLK ,2,3,0,0,1,4,0,0,35,0,0,0,0,0,4,2,3
,2022-42040,-104.9243696,39.66763254,11/18/2022 16:00,16:00,12,0,2,E YALE AVE & I-25,1,1,1,0,1,3,0,0,35,0,0,0,0,1,1,3,3
,2022-42043,-105.0532394,39.75847368,11/15/2022 21:50,21:50,1,0,1,N SHERIDAN BLVD & W 29TH AVE,1,3,0,0,1,1,0,0,35,0,0,0,1,3,2,2,16
,2022-42044,-105.0324403,39.70855897,10/21/2022 6:24,6:24,6,0,0,S KNOX CT & W ALASKA PL,1,1,0,1,1,4,0,0,25,0,0,0,0,0,4,2,16
,2022-42045,-104.9306254,39.74558789,11/17/2022 8:25,8:25,12,0,0,N EUDORA ST & 1900 BLK,4,1,0,2,1,4,0,0,25,0,0,0,0,0,4,2,13
,2022-42046,-104.9631499,39.66193689,11/19/2022 17:17,17:17,6,0,0,E COLUMBIA PL & 2100 BLK ,4,4,0,0,1,4,0,0,,0,0,0,0,0,4,2,16
,2022-42047,-104.9934184,39.75365463,11/19/2022 0:23,0:23,1,0,0,20TH ST & MARKET ST,1,3,0,0,1,1,0,0,30,0,0,0,0,0,4,2,13
,2022-42048,-104.7626952,39.79843458,11/18/2022 5:17,5:17,3,0,0,E 56TH AVE & N DUNKIRK ST,9,2,0,7,1,1,0,0,40,0,0,0,0,0,4,2,16
,2022-42055,-104.9293194,39.71118775,11/17/2022 9:13,9:13,12,0,1,E ALAMEDA AVE & S ELM ST,4,1,0,0,1,1,0,0,35,0,0,0,0,1,4,3,16
,2022-42056,-104.8753015,39.67475217,11/18/2022 9:43,9:43,12,0,0,E ILIFF AVE & S DAYTON WY,4,1,0,0,1,3,0,0,35,0,0,0,0,0,4,2,16
,2022-42057,-104.7863763,39.79841226,11/18/2022 8:20,8:20,15,0,0,PENA BLVD & E 56TH AVE,7,1,2,0,1,4,0,0,65,0,0,0,0,0,4,2,7
,2022-42064,-104.8471118,39.77054049,10/19/2022 8:04,8:04,16,0,0,3895 N PEORIA ST & nan,1,1,0,0,5,7,0,0,,0,0,0,0,0,3,2,3
,2022-42066,-105.0346065,39.78994456,11/17/2022 12:00,12:00,6,0,0,5137 N LOWELL BLVD & 5100 BLK,9,1,1,2,1,4,0,0,35,0,0,0,0,0,4,2,16
,2022-42067,-104.8905513,39.74008521,11/15/2022 7:20,7:20,3,0,0,E COLFAX AVE & N VERBENA ST,4,1,0,2,1,1,0,0,35,0,0,0,0,0,2,2,16
,2022-42068,-104.8443962,39.77378858,10/2/2022 20:04,20:04,12,0,0,I-70 & N PEORIA ST,1,2,3,0,1,4,0,0,65,0,0,0,0,0,1,3,16
,2022-42069,-104.940493,39.78002816,10/21/2022 14:20,14:20,15,0,0,I-70 & EB EXIT TO COLORADO BLVD,1,1,0,0,1,13,0,0,65,0,0,0,0,0,1,2,16
,2022-42070,-105.0158352,39.75840389,11/18/2022 12:20,12:20,3,0,0,W 29TH AVE & N ZUNI ST,14,1,0,0,1,1,0,0,30,0,0,0,0,0,4,2,13
,2022-42071,-104.8931855,39.63340553,11/18/2022 14:52,14:52,3,0,1,S DTC BLVD & E TUFTS AVE,1,1,0,0,1,1,0,0,40,0,0,0,0,1,2,2,1
,2022-42072,-105.0299615,39.71121547,11/18/2022 12:40,12:40,15,0,0,W ALAMEDA AVE & S IRVING ST,8,1,0,7,1,1,0,0,,0,0,0,0,0,2,1,16
,2022-42074,-104.8642084,39.75950548,10/19/2022 14:20,14:20,10,0,0,N HAVANA ST & E MLK BLVD,1,1,0,0,1,1,0,0,30,0,0,0,0,0,4,2,16
,2022-42078,-105.0253338,39.71815959,10/3/2022 12:25,12:25,12,0,0,W 1ST AVE & N FEDERAL BLVD,1,1,0,0,1,1,0,0,30,0,0,0,0,0,2,2,16
,2022-42079,-104.9537199,39.68490092,11/2/2022 20:27,20:27,5,0,1,I-25 & S UNIVERSITY BLVD WB EXIT,1,3,1,0,1,4,0,0,,0,0,0,1,3,1,2,16
,2022-42081,-105.0394598,39.72825655,10/18/2022 12:15,12:15,3,0,0,W 8TH AVE & N PERRY ST,1,1,0,0,1,1,0,0,25,0,0,0,0,0,4,2,1
,2022-42085,-104.9590272,39.72911397,10/5/2022 20:08,20:08,3,0,2,E 8TH AVE & N JOSEPHINE ST,1,3,0,0,1,3,0,0,30,0,0,0,0,2,4,2,16
,2022-42086,-104.9928798,39.75705677,10/21/2022 8:17,8:17,15,0,0,22ND ST & WAZEE ST,1,1,0,1,1,4,0,0,25,0,0,0,0,0,4,2,16
,2022-42090,-105.0001921,39.72732012,11/19/2022 0:09,0:09,12,0,0,W 7TH AVE & N KALAMATH ST,1,3,0,0,1,3,1,0,30,0,0,0,0,0,4,2,16
,2022-42095,-104.973414,39.69297155,11/19/2022 8:28,8:28,3,0,0,S DOWNING ST & E LOUISIANA AVE,4,1,0,0,1,1,0,0,30,0,0,0,0,0,4,4,16
,2022-42096,-104.9153404,39.65315785,11/19/2022 15:20,15:20,15,0,0,E HAMPDEN AVE & S LOCUST ST,1,1,0,0,1,3,0,0,40,0,0,0,0,0,2,2,16
,2022-42104,-105.0251799,39.78422127,11/19/2022 11:14,11:14,1,0,0,N FEDERAL BLVD & I-70 EB RAMPS,1,1,0,0,1,1,0,0,35,0,0,0,0,0,2,2,7
,2022-42105,-104.9231921,39.66406575,11/18/2022 15:10,15:10,12,0,0,I-25 & E YALE AVE NB OFF RAMP MERGE PT,1,1,0,0,1,4,0,0,65,0,0,0,0,0,1,2,14
,2022-42109,-104.9029117,39.66590692,11/18/2022 13:52,13:52,15,0,0,S QUEBEC ST & 2800 BLK,4,1,0,0,1,4,0,0,35,0,0,0,0,0,4,2,16
,2022-42110,-105.0131182,39.72551753,11/19/2022 12:43,12:43,12,0,0,I-25 & W 6TH AVE,1,1,0,0,1,4,0,0,60,0,0,0,0,0,1,2,16
,2022-42112,-105.0000592,39.74004799,11/19/2022 15:13,15:13,12,0,0,W COLFAX AVE & N KALAMATH ST,1,1,0,0,1,1,0,0,30,0,0,0,0,0,2,2,3
,2022-42113,-104.9862613,39.72564692,11/19/2022 14:26,14:26,3,0,1,E 6TH AVE & E SPEER BLVD,12,1,0,0,1,1,0,0,25,0,0,0,0,2,4,2,3
,2022-42115,-104.9827792,39.7129467,11/19/2022 12:48,12:48,3,0,0,E CEDAR AVE & S LOGAN ST,1,1,0,0,1,1,0,0,35,0,0,0,0,0,4,2,11
,2022-42116,-105.0064252,39.78313348,11/19/2022 18:53,18:53,12,0,0,I-70 & N PECOS ST,1,3,0,0,1,4,0,0,55,0,0,0,0,0,1,2,13
,2022-42117,-104.9496138,39.74379152,11/19/2022 0:07,0:07,6,0,0,E 17TH AVE & 3200 BLK,7,3,0,0,1,4,0,0,35,0,0,0,0,0,4,3,16
,2022-42118,-104.9874155,39.7272758,11/18/2022 23:56,23:56,3,0,1,N SPEER BLVD & S BROADWAY ST,1,3,0,7,1,1,0,0,35,0,0,0,0,1,4,2,16
,2022-42126,-105.0467782,39.7013606,11/19/2022 11:43,11:43,6,0,0,W MORRISON RD & 4400 BLK,1,1,0,0,1,4,0,0,30,0,0,0,0,0,4,2,16
,2022-42128,-104.8881595,39.69658342,11/18/2022 15:57,15:57,3,0,0,E MISSISSIPPI AVE & S WILLOW ST,2,1,0,0,1,1,0,0,45,0,0,0,0,0,4,2,11
,2022-42129,-104.9182339,39.65307809,11/19/2022 2:20,2:20,5,0,1,I-25 & E HAMPDEN AVE NB EXIT GORE PT,1,3,0,0,3,14,0,0,65,0,0,0,0,3,1,1,16
,2022-42142,-104.9223065,39.76561263,11/14/2022 14:58,14:58,3,0,0,E 35TH AVE & N HOLLY ST,1,1,0,0,1,1,0,0,25,0,0,0,0,0,4,3,16
,2022-42169,-105.0250817,39.70765614,11/14/2022 10:16,10:16,10,0,0,W VIRGINIA AVE & S FEDERAL BLVD,1,1,0,0,1,1,0,0,35,0,0,0,0,0,2,2,11
,2022-42191,-105.0510457,39.71138215,11/14/2022 15:30,15:30,3,0,1,S YATES ST & W ALAMEDA AVE,1,1,1,0,1,1,0,0,25,0,0,0,0,1,2,2,8
,2022-42229,-104.8903903,39.75615128,11/20/2022 20:05,20:05,3,0,0,E 28TH AVE & N CENTRAL PARK BLVD,1,3,0,0,1,1,0,0,35,0,0,0,0,0,4,2,11
,2022-42230,-105.0532399,39.75929853,11/20/2022 4:07,4:07,5,0,0,N SHERIDAN BLVD & 2900 BLK,1,3,1,0,2,4,0,0,35,0,0,0,0,0,2,1,2
,2022-42231,-104.7863802,39.80563472,11/20/2022 12:50,12:50,12,0,0,PENA BLVD & E 56TH AVE,1,1,0,0,1,4,0,0,65,0,0,0,0,0,4,3,3
,2022-42239,-104.8900899,39.71230353,11/16/2022 18:18,18:18,1,0,1,8501 E ALAMEDA AVE & 8500 BLK,1,4,0,0,1,1,0,0,40,0,0,0,0,1,4,2,13
,2022-42245,-104.8657424,39.77582352,11/20/2022 1:52,1:52,12,0,0,I-70 & N HAVANA ST,1,3,0,0,1,4,0,0,55,0,0,0,0,0,1,2,3
,2022-42247,-104.9794328,39.75772137,11/16/2022 18:00,18:00,6,0,0,CHAMPA ST & 2800 BLK,9,3,0,2,1,4,0,0,,0,0,0,0,0,4,2,16
,2022-42250,-105.0139596,39.74044224,11/13/2022 18:10,18:10,15,0,0,I-25 & W COLFAX AVE,1,1,0,0,1,4,0,0,,0,0,0,0,0,1,2,16
,2022-42253,-105.0131182,39.72551753,11/19/2022 17:20,17:20,12,0,2,I-25 & W 6TH AVE,1,3,0,0,1,4,0,0,60,0,0,0,0,2,1,2,16
,2022-42254,-104.9206546,39.65846172,11/19/2022 9:54,9:54,15,0,0,I-25 & MM 202.00,1,1,0,0,1,4,0,0,65,0,0,0,0,0,1,2,7
,2022-42255,-104.9339699,39.67844568,11/7/2022 18:30,18:30,12,0,0,I-25 & MM 203,1,3,1,0,1,4,0,0,60,0,0,0,0,0,1,2,1
,2022-42256,-104.9405607,39.69657743,11/20/2022 15:51,15:51,1,0,0,S COLORADO BLVD & E MISSISSIPPI AVE,1,1,1,0,1,1,0,0,35,0,0,0,0,0,2,2,16
,2022-42262,-104.9862613,39.72564692,11/19/2022 21:35,21:35,10,0,0,N LINCOLN ST & E SPEER BLVD,1,3,1,0,1,1,0,0,30,0,0,0,0,0,4,2,8
,2022-42264,-104.8354517,39.79470248,11/20/2022 8:03,8:03,5,0,0,N UVALDA ST & E MAXWELL PL,1,4,0,0,1,1,0,0,,0,0,0,0,0,4,1,16
,2022-42265,-104.903493,39.77193397,11/20/2022 3:06,3:06,5,0,0,N QUEBEC ST & E SMITH RD,1,3,0,0,2,14,0,0,40,0,0,0,0,0,4,2,11
,2022-42267,-104.8987479,39.73870572,11/20/2022 13:59,13:59,10,0,0,E 14TH AVE & N SYRACUSE ST,1,1,0,0,1,1,0,0,30,0,0,0,0,0,4,2,9
,2022-42269,-105.0001695,39.73049355,11/20/2022 0:06,0:06,15,0,0,N KALAMATH ST & 800 BLK,2,3,0,0,1,4,0,0,30,0,0,0,0,0,4,2,14
,2022-42278,-104.9891407,39.75291307,10/11/2022 22:40,22:40,5,0,1,LAWRENCE ST/ARAPAHOE ST ALLEY & 21ST ST ,1,3,0,0,1,9,0,0,0,0,1,0,0,3,4,1,16
,2022-42281,-104.898733,39.65427539,10/11/2022 19:05,19:05,11,0,1,E GIRARD AVE & S TAMARAC DR,1,3,0,0,1,1,0,0,30,0,1,0,0,2,4,1,16
,2022-42283,-105.0911482,39.61439968,10/10/2022 22:37,22:37,11,0,1,S WADSWORTH BLVD & W LONG DR,1,3,0,0,1,1,0,0,0,0,1,0,0,3,2,1,16
,2022-42290,-104.958792,39.74010156,11/17/2022 20:32,20:32,11,0,1,E COLFAX AVE & N JOSEPHINE ST,4,3,0,2,1,1,0,0,0,0,1,0,0,3,2,1,16
,2022-42291,-105.02504,39.67528799,11/18/2022 23:22,23:22,1,0,1,S FEDERAL BLVD & W ILIFF AVE,2,3,0,0,6,1,0,0,35,0,0,0,0,1,2,2,16
,2022-42293,-104.9918825,39.69666007,11/12/2022 17:49,17:49,15,0,1,W MISSISSIPPI AVE & S SANTA FE,1,3,0,7,1,1,0,0,,0,0,0,0,1,2,2,16
,2022-42299,-105.0273913,39.68586741,9/25/2022 1:45,1:45,11,0,1,W MEXICO AVE & S HAZEL CT,1,3,0,0,1,1,0,0,,0,1,0,0,3,4,1,16
,2022-42301,-104.771881,39.83409285,11/15/2022 5:41,5:41,9,0,0,PENA BLVD & N TOWER RD WB EXIT RAMP,5,3,1,2,3,8,0,0,65,0,0,0,0,0,4,1,16
,2022-42302,-104.968426,39.74000851,11/15/2022 15:44,15:44,12,0,0,E COLFAX AVE & N FRANKLIN ST,1,1,0,0,1,3,0,0,30,0,0,0,0,0,2,2,13
,2022-42315,-105.0000592,39.74004799,11/19/2022 14:54,14:54,3,0,0,W COLFAX AVE & N KALAMATH ST,1,1,0,0,1,1,0,0,35,0,0,0,0,0,2,2,3
,2022-42316,-105.0174223,39.76927294,9/14/2022 20:18,20:18,11,1,0,N ALCOTT ST & W 38TH AVE,1,4,0,0,1,1,0,0,0,0,1,0,0,4,4,1,16
,2022-42318,-104.8335162,39.77284386,11/19/2022 1:18,1:18,12,0,0,I-70 & ON RAMP TO SB I-225 MERGE PT,5,3,1,0,1,14,0,0,55,0,0,0,0,0,1,2,16
,2022-42319,-104.995148,39.75499351,11/7/2022 15:30,15:30,11,0,1,20TH ST & WAZEE ST,1,1,1,0,1,3,0,0,30,0,0,1,0,2,4,1,16
,2022-42320,-104.8822337,39.77722508,5/13/2022 9:51,9:51,12,1,0,I-70 & MM 280.10,1,1,0,0,1,4,0,0,55,0,0,0,1,4,1,5,7
,2022-42365,-105.0001473,39.74247416,10/25/2022 13:56,13:56,5,0,0,SAINT FRANCIS WAY & 11TH ST,1,1,0,0,2,4,0,0,15,0,0,0,0,0,4,1,3
,2022-42425,-104.8371583,39.78954097,11/21/2022 18:07,18:07,6,0,0,5042 N UPTON CT & E 51ST AVE,1,4,0,0,1,4,0,0,25,0,0,0,0,0,4,2,3
,2022-42428,-104.8657287,39.77562189,11/21/2022 5:30,5:30,12,0,0,I-70 & MM 280.50,1,3,0,0,1,4,0,0,65,0,0,0,0,0,1,3,16
,2022-42429,-105.0092774,39.75646087,11/20/2022 21:45,21:45,3,0,0,PLATTE ST & 15TH ST,1,3,1,0,1,1,0,0,30,0,0,0,0,0,4,2,11
,2022-42430,-104.9874975,39.71835879,11/19/2022 8:13,8:13,3,0,0,E 1ST AVE & N BROADWAY ST,1,1,0,0,1,1,0,0,25,0,0,0,0,0,4,2,3
,2022-42431,-105.0131182,39.72551753,11/20/2022 18:47,18:47,12,0,1,I-25 & W 6TH AVE,1,3,0,0,1,4,0,0,60,0,0,0,0,3,1,3,16
,2022-42433,-105.0532481,39.79100924,11/20/2022 19:20,19:20,12,0,0,N SHERIDAN BLVD & W 52ND AVE,1,3,0,0,1,3,0,0,35,0,0,0,0,0,2,2,13
,2022-42434,-104.9369701,39.66347041,11/20/2022 22:00,22:00,6,0,0,E CORNELL AVE & S BIRCH ST,8,3,0,0,1,4,0,0,,0,0,0,0,0,4,2,16
,2022-42436,-104.850667,39.78622276,11/20/2022 10:40,10:40,3,0,0,N OAKLAND ST & E 49TH AVE,11,1,0,0,1,1,0,0,25,0,0,0,0,0,4,2,12
,2022-42444,-104.915888,39.77819069,11/21/2022 6:28,6:28,15,0,0,I-70 & N LEYDEN ST,1,1,0,7,1,13,0,0,,0,0,0,0,0,1,2,16
,2022-42447,-104.9428481,39.76919621,11/19/2022 10:37,10:37,3,0,0,E 38TH AVE & N JACKSON ST,7,1,0,0,1,1,0,0,30,0,0,0,0,0,4,2,10
,2022-42448,-104.9124372,39.74252907,11/16/2022 9:03,9:03,12,0,0,N MONACO ST & BATAVIA PL,1,1,0,0,1,3,0,0,,0,0,0,0,0,4,2,16
,2022-42462,-104.9993979,39.74886974,11/19/2022 12:40,12:40,12,0,0,15TH ST & MARKET ST,11,1,0,0,1,4,0,0,30,0,0,0,0,0,4,2,13
,2022-42463,-104.8220786,39.78702405,11/17/2022 12:00,12:00,6,0,0,E 51ST AVE & N DILLON ST,4,1,0,2,1,4,1,0,20,0,0,0,0,0,4,3,16
,2022-42464,-105.0191682,39.75240512,11/18/2022 11:10,11:10,5,0,0,N BRYANT ST & W 24TH AVE,7,1,0,0,3,1,0,0,25,0,0,0,0,0,4,1,13
,2022-42468,-105.0568499,39.64557678,11/20/2022 17:59,17:59,8,0,1,W MANSFIELD AVE & 5500 BLK,4,3,0,0,1,4,0,0,25,0,0,0,0,2,4,2,7
,2022-42469,-104.8470104,39.78238809,11/20/2022 18:43,18:43,3,0,0,E ALBROOK DR & N PEORIA ST,1,3,0,0,1,1,0,0,45,0,0,0,0,0,4,2,16
,2022-42470,-105.0205381,39.7580395,11/20/2022 13:00,13:00,3,0,3,N CLAY ST & N SPEER BLVD,1,1,1,0,1,1,0,0,25,0,0,0,0,1,4,2,11
,2022-42471,-104.9153404,39.65315785,11/18/2022 7:35,7:35,3,0,0,E HAMPDEN AVE & S LOCUST ST,14,1,0,0,1,1,0,0,35,0,0,0,0,0,2,2,7
,2022-42472,-104.9687032,39.71053241,11/18/2022 22:30,22:30,6,0,0,S FRANKLIN ST & E ALAMEDA AVE,11,3,0,0,1,4,0,0,25,0,0,0,0,0,4,3,10
,2022-42475,-104.8468321,39.77398815,10/10/2022 7:41,7:41,12,0,0,I-70 & N PEORIA ST,1,1,0,0,1,4,0,0,55,0,0,0,0,0,1,2,16
,2022-42477,-104.9963233,39.70741437,11/21/2022 9:50,9:50,12,0,0,S SANTA FE DR & I-25 NB ON RAMP GORE PT,1,1,1,0,1,8,0,0,55,0,0,0,0,0,1,2,1
,2022-42479,-104.7721476,39.79253636,11/17/2022 9:50,9:50,12,0,0,N TOWER RD & E ELMENDORF DR,4,1,0,2,1,1,0,0,40,0,0,0,0,0,4,2,16
,2022-42480,-104.9948632,39.76568234,11/16/2022 15:27,15:27,3,0,0,N GLOBEVILLE RD & PARK AVE W,1,3,0,0,1,1,0,0,30,0,0,0,0,0,4,2,16
,2022-42485,-104.9410465,39.78005508,11/18/2022 15:33,15:33,12,0,0,I-70 & N COLORADO BLVD (APPROX),1,1,0,0,1,4,0,0,,0,0,0,0,0,1,2,10
,2022-42487,-104.989767,39.77662502,11/18/2022 12:27,12:27,12,0,0,I-25 SB ON RAMP & I-70 TO I-25 SB RAMP CONNECTION,1,1,1,0,1,8,0,0,55,0,0,0,0,0,1,2,3
,2022-42492,-104.9895612,39.78010359,11/18/2022 14:54,14:54,12,0,0,I-25 & I-70,2,1,0,0,1,4,0,0,55,0,0,0,0,0,1,2,13
,2022-42493,-104.9666295,39.78051261,10/9/2022 0:07,0:07,12,0,0,I-70 WB OFF RAMP & N BRIGHTON BLVD,1,3,0,0,1,8,0,0,,0,0,0,0,0,1,2,16
,2022-42495,-104.9605381,39.68750266,11/18/2022 6:41,6:41,6,0,0,E IOWA AVE & S YORK ST,4,1,0,2,1,1,0,0,25,0,0,0,0,0,4,2,14
,2022-42496,-104.9541651,39.74016167,11/15/2022 14:51,14:51,3,0,0,N DETROIT ST & E COLFAX AVE,1,1,0,0,1,1,0,0,,0,0,0,0,0,2,2,16
,2022-42497,-105.0252852,39.75120929,11/20/2022 18:00,18:00,1,0,0,N FEDERAL BLVD & E 23RD AVE,1,1,0,5,1,1,0,0,25,0,0,0,0,0,2,2,3
,2022-42498,-105.0065875,39.69910219,11/20/2022 10:20,10:20,6,0,0,W KENTUCKY AVE & S QUIVAS ST (APPROX),1,1,0,0,1,4,0,0,25,0,0,0,0,0,4,2,2
,2022-42499,-104.8139796,39.78810442,11/19/2022 1:39,1:39,6,0,0,E 52ND AVE & 14800 BLK,4,4,3,2,1,4,0,0,25,0,0,0,0,0,4,2,1
,2022-42501,-104.9827491,39.67129922,11/17/2022 9:08,9:08,14,0,0,E HARVARD AVE & S LOGAN ST,5,1,0,2,1,1,0,0,25,0,0,0,0,0,4,2,14
,2022-42512,-104.9609953,39.75070352,11/17/2022 7:11,7:11,6,0,0,E 23RD AVE & 200 BLK,14,5,3,7,1,4,0,0,25,0,0,0,0,0,4,3,16
,2022-42516,-104.9873962,39.74907458,11/18/2022 10:10,10:10,12,0,0,N BROADWAY ST & 20TH ST,9,1,0,0,1,3,0,0,35,0,0,0,0,0,4,2,13
,2022-42517,-104.9473784,39.71782791,11/17/2022 11:51,11:51,3,0,0,E 1ST AVE & N COOK ST,4,1,0,0,1,1,0,0,30,0,0,0,0,0,4,3,1
,2022-42518,-104.9257814,39.73829473,11/20/2022 12:50,12:50,3,0,1,N GLENCOE ST & E 14TH AVE,1,1,0,0,1,1,0,0,30,0,0,0,0,1,4,2,11
,2022-42521,-104.982283,39.73370748,11/18/2022 14:10,14:10,10,0,0,N LOGAN ST & E 11TH AVE,7,1,0,0,1,1,0,0,30,0,0,0,0,0,4,3,13
,2022-42523,-104.9593332,39.70186756,11/14/2022 16:05,16:05,12,0,0,S UNIVERSITY BLVD & E OHIO AVE,1,2,0,0,1,4,0,0,,0,0,0,0,0,4,2,16
,2022-42540,-104.8470263,39.77650125,11/19/2022 14:48,14:48,15,0,0,N PEORIA ST & E 44TH AVE,1,1,0,0,1,4,0,0,35,0,0,0,0,0,4,2,13
,2022-42546,-105.0154416,39.7405844,11/21/2022 18:05,18:05,12,0,0,I-25 SB RAMP & W COLFAX AVE,1,3,0,0,1,8,0,0,55,0,0,0,0,0,1,3,13
,2022-42548,-105.0250775,39.71936098,11/20/2022 17:07,17:07,12,0,0,N FEDERAL BLVD & 100 BLK,1,3,0,0,1,4,0,0,35,0,0,0,0,0,2,2,3
,2022-42553,-104.9650208,39.68469292,11/17/2022 17:20,17:20,12,0,1,E BUCHTEL BLVD & S HIGH ST,9,3,0,2,1,3,0,0,30,0,0,0,0,2,4,3,13
,2022-42557,-104.9413493,39.71157117,11/18/2022 10:02,10:02,3,0,0,S HARRISON ST & E ALAMEDA AVE,14,1,0,0,1,1,0,0,30,0,0,0,0,0,4,2,11
,2022-42615,-104.965629,39.77005623,10/15/2022 0:00,0:00,6,0,0,E 38TH AVE & 1800 BLK,1,3,0,0,1,4,0,0,,0,0,0,0,0,4,4,16
,2022-42617,-104.9808253,39.73043386,10/22/2022 14:35,14:35,6,0,1,E 9TH AVE & N PENNSYLVANIA ST,1,1,0,0,1,4,0,0,25,0,0,0,0,2,4,2,2
,2022-42618,-104.9067175,39.63415775,7/20/2022 15:53,15:53,12,0,1,I-225 & NB ON RAMP Y CONNECTION FROM NB I-25,11,1,0,1,1,14,0,0,60,0,0,0,0,2,1,3,7
,2022-42619,-105.0043198,39.76094363,11/2/2022 15:49,15:49,15,0,1,I-25 & 20TH ST,1,1,0,0,1,4,0,0,55,0,0,0,0,2,1,3,13
,2022-42621,-104.9028061,39.77167168,11/20/2022 11:40,11:40,3,0,0,E SMITH RD & N QUEBEC ST,1,1,0,0,1,1,0,0,25,0,0,0,0,0,4,2,11
,2022-42623,-104.9664668,39.7861135,11/17/2022 9:00,9:00,6,0,0,N BRIGHTON BLVD & 4900 BLK,4,1,0,2,1,4,0,0,25,0,0,0,0,0,4,2,14
,2022-42626,-105.0110415,39.68229506,11/21/2022 21:42,21:42,3,0,0,W JEWELL AVE & S TEJON ST,1,3,0,0,1,1,0,0,30,0,0,0,0,0,4,2,1
,2022-42627,-104.8924131,39.63117733,11/21/2022 15:52,15:52,3,0,2,E UNION AVE & S DTC BLVD,1,1,0,0,1,1,0,0,30,0,0,0,0,2,4,4,10
,2022-42628,-104.9652176,39.68010366,11/15/2022 10:17,10:17,12,0,0,S HIGH ST & E ASBURY AVE,7,1,0,0,1,3,0,0,25,0,0,0,0,0,4,2,16
,2022-42633,-104.9541438,39.77640801,11/22/2022 6:15,6:15,6,0,0,4317 N CLAYTON ST & E 43RD AVE,1,3,0,1,1,4,0,0,25,0,0,0,0,0,4,3,16
,2022-42634,-105.0324643,39.71497205,11/22/2022 16:00,16:00,3,0,0,W BAYAUD AVE & S KNOX CT,1,3,0,0,1,1,0,0,30,0,0,0,0,0,4,2,11
,2022-42641,-104.8657544,39.77868612,11/21/2022 11:32,11:32,3,0,0,N HAVANA ST & E 45TH AVE,1,1,0,0,1,1,0,0,30,0,0,0,0,0,4,2,11
,2022-42643,-105.0532447,39.78369116,11/22/2022 8:10,8:10,5,0,0,I-70 & N SHERIDAN BLVD,1,1,0,0,2,4,0,0,55,0,0,0,0,0,1,2,2
,2022-42645,-105.0181899,39.76927237,11/22/2022 9:00,9:00,1,0,0,W 38TH AVE & 2500 BLK,1,1,0,0,1,2,0,0,35,0,0,0,0,0,4,2,11
,2022-42646,-104.8299485,39.77272053,11/22/2022 7:17,7:17,12,0,1,I-225 NB FLYOVER RAMP TO WB I-70 & I-70 (APPROX),1,1,1,0,1,8,0,0,55,0,0,0,0,1,1,2,13
,2022-42647,-105.0252852,39.75120929,11/21/2022 15:45,15:45,12,0,0,N FEDERAL BLVD & W 23RD AVE,1,1,0,0,1,1,0,0,35,0,0,0,0,0,2,2,3
,2022-42648,-104.8423251,39.77360611,11/22/2022 5:44,5:44,12,0,0,I-70 & N PEORIA ST (APPROX),1,2,0,0,1,4,0,0,,0,0,0,0,0,1,2,16
,2022-42649,-104.9775869,39.73203611,11/22/2022 11:05,11:05,3,0,0,N CLARKSON ST & E 10TH AVE,1,1,0,0,1,1,0,0,30,0,0,0,0,0,4,2,13
,2022-42651,-104.8996813,39.78562945,11/21/2022 11:04,11:04,3,0,1,N QUEBEC ST & E NORTHFIELD BLVD,1,1,0,0,1,1,0,0,35,0,0,0,0,1,2,2,16
,2022-42652,-104.8937112,39.63546326,11/22/2022 14:44,14:44,15,0,0,I-225 NB OFF RAMP & S TAMARAC ST,1,1,0,0,1,1,0,0,30,0,0,0,0,0,1,2,8
,2022-42653,-105.0251799,39.78422127,11/22/2022 14:59,14:59,12,0,0,I-70 OFF RAMP & N FEDERAL BLVD,1,1,0,0,1,8,0,0,35,0,0,0,0,0,1,2,13