id,drcog_id,longitude,latitude,crashtime,time,crashtype,numbkilled,numbinjurd,drcoglocat,rdconditin,lightngcon,roadcntgrd,weatherco,location,roaddescrp,schoolzone,constrzone,splimit,bikeinv,pedinv,sctrinv,motoinv,svrty,rdsystem,ttlvehcls,hcf
,2022-42656,-104.8440861,39.79766354,11/21/2022 14:55,14:55,10,0,0,12361 E RANDOLPH PL & E OLMSTED DR,1,1,0,0,1,2,0,0,25,0,0,0,0,0,4,2,1
,2022-42658,-105.0163755,39.75205313,11/22/2022 14:17,14:17,12,0,1,I-25 & W 23RD AVE,1,1,0,0,1,4,0,0,55,0,0,0,0,3,1,4,13
,2022-42659,-104.9593812,39.6748427,11/22/2022 11:09,11:09,3,0,1,S UNIVERSITY BLVD & E ILIFF AVE,1,1,0,0,1,1,0,0,30,0,0,0,0,2,4,2,11
,2022-42660,-104.9787207,39.73688415,11/22/2022 7:24,7:24,3,0,1,N WASHINGTON ST & E 13TH AVE,1,1,0,0,1,1,0,0,30,0,0,0,0,3,4,2,13
,2022-42662,-105.02504,39.67528799,11/21/2022 14:45,14:45,12,0,1,S FEDERAL BLVD & W ILIFF AVE,1,1,0,1,1,3,0,0,35,0,0,0,0,2,2,2,13
,2022-42664,-104.9874999,39.68939358,11/21/2022 13:57,13:57,9,0,1,S BROADWAY ST & 1500 BLK,1,1,0,0,1,4,0,0,30,0,0,0,1,3,4,1,14
,2022-42665,-104.8470099,39.77959793,11/22/2022 11:40,11:40,15,0,1,N PEORIA ST & 4500 BLK,1,1,0,0,1,4,0,0,30,0,0,0,0,1,4,2,11
,2022-42669,-104.9219004,39.66121078,11/22/2022 8:04,8:04,12,0,0,I-25 & MM 202.20,1,1,1,0,1,4,0,0,65,0,0,0,0,0,1,4,3
,2022-42670,-104.8335162,39.77284386,11/22/2022 5:44,5:44,12,0,0,I-70 & I-225 EB OFF RAMP MERGE PT,1,2,0,0,1,14,0,0,55,0,0,0,0,0,1,2,2
,2022-42671,-105.0251303,39.72554639,11/21/2022 10:02,10:02,10,0,0,W 6TH AVE EB OFF RAMP & N FEDERAL BLVD,1,1,1,0,1,1,0,0,30,0,0,0,0,0,2,2,8
,2022-42672,-105.0226605,39.71115433,11/23/2022 14:59,14:59,3,0,2,S DECATUR ST & W ALAMEDA AVE,1,1,1,0,1,1,0,0,25,0,0,0,0,2,2,2,3
,2022-42673,-104.9876228,39.70753565,11/22/2022 14:45,14:45,3,0,0,S BROADWAY ST & E VIRGINIA AVE,1,1,0,0,1,1,0,0,30,0,0,0,0,0,4,2,3
,2022-42674,-104.9967957,39.70642408,11/23/2022 14:05,14:05,15,0,0,S KALAMATH ST & I-25,1,1,0,0,1,4,0,0,35,0,0,0,0,0,2,2,16
,2022-42679,-104.990008,39.71117084,11/23/2022 9:00,9:00,12,0,0,W ALAMEDA AVE & S BANNOCK ST,1,1,0,0,1,3,0,0,35,0,0,0,0,0,4,2,3
,2022-42680,-104.9928232,39.72567231,11/23/2022 6:58,6:58,15,0,0,W 6TH AVE & N DELAWARE ST,1,1,0,0,1,3,0,0,35,0,0,0,0,0,4,2,11
,2022-42683,-104.9405997,39.69657783,11/21/2022 17:32,17:32,3,0,0,S COLORADO BLVD/S HARRISON ST ALLEY & E MISSISSIPPI AVE,1,3,0,0,1,9,0,0,15,0,0,0,0,0,2,2,13
,2022-42684,-104.9129251,39.70749795,11/23/2022 12:30,12:30,1,0,0,S MONACO ST & E VIRGINIA AVE,1,1,0,0,1,1,0,0,30,0,0,0,0,0,4,2,3
,2022-42687,-104.8996299,39.76736493,11/23/2022 15:40,15:40,12,0,1,E 36TH AVE & 7800 BLK ,1,1,0,0,1,2,0,0,35,0,0,0,0,1,4,2,14
,2022-42690,-104.990008,39.71117084,11/23/2022 10:00,10:00,12,0,0,W ALAMEDA AVE & S BANNOCK ST,1,1,0,0,1,3,0,0,35,0,0,0,0,0,4,2,3
,2022-42692,-104.9597974,39.73286354,11/23/2022 19:38,19:38,12,0,0,N YORK ST & 1000 BLK ,1,3,0,0,1,4,0,0,20,0,0,0,0,0,4,3,13
,2022-42693,-105.0047562,39.76115807,11/23/2022 6:45,6:45,12,0,0,I-25 & 20TH ST,1,1,0,0,1,4,0,0,55,0,0,0,0,0,1,2,3
,2022-42694,-104.9828866,39.75106775,11/23/2022 13:20,13:20,3,0,1,PARK AVE W & WELTON ST,1,1,0,0,1,1,0,0,30,0,0,0,0,1,4,2,11
,2022-42695,-104.9128699,39.77800024,11/18/2022 12:40,12:40,12,0,0,N MONACO ST & E STAPLETON S DR,4,1,0,0,1,1,0,0,35,0,0,0,0,0,4,2,7
,2022-42697,-104.8410064,39.78931459,11/22/2022 15:16,15:16,12,0,0,E 51ST AVE & 12900 BLK ,1,1,0,0,1,4,0,0,25,0,0,0,0,0,4,2,16
,2022-42698,-105.0251019,39.79103176,11/23/2022 13:09,13:09,12,0,0,N FEDERAL BLVD & W 52ND AVE,1,1,0,0,1,3,0,0,35,0,0,0,0,0,2,2,13
,2022-42700,-104.8347692,39.77946637,11/22/2022 8:11,8:11,6,0,0,N ATCHISON WY & 4500 BLK,1,1,0,1,1,4,0,0,25,0,0,0,0,0,4,2,16
,2022-42701,-104.959746,39.76815525,11/21/2022 10:40,10:40,3,0,0,N YORK ST & E 37TH AVE,1,1,0,0,1,1,0,0,30,0,0,0,0,0,4,2,3
,2022-42702,-104.9410465,39.78005508,11/22/2022 11:44,11:44,15,0,0,I-70 & N COLORADO BLVD,1,1,0,0,1,4,0,0,55,0,0,0,0,0,1,2,11
,2022-42703,-104.9622604,39.73346427,11/21/2022 9:30,9:30,6,0,0,E 11TH AVE & N VINE ST (APPROX),1,1,0,0,1,4,0,0,,0,0,0,0,0,4,2,16
,2022-42705,-104.8753015,39.67475217,11/21/2022 13:20,13:20,12,0,0,E ILIFF AVE & S DAYTON WY,1,1,0,0,1,3,0,0,30,0,0,0,0,0,4,3,3
,2022-42706,-105.0433877,39.65923986,11/21/2022 20:30,20:30,3,0,0,S RALEIGH ST & W DARTMOUTH AVE,1,3,0,0,1,1,0,0,35,0,0,0,0,0,4,2,14
,2022-42708,-104.9938949,39.76843862,11/22/2022 23:00,23:00,15,0,0,I-25 & OFF RAMP to I-70 GORE PT,1,3,1,0,1,14,0,0,55,0,0,0,0,0,1,2,14
,2022-42709,-104.9908443,39.72254032,11/22/2022 13:30,13:30,3,0,0,W 4TH AVE & N BANNOCK ST,1,1,0,0,1,1,0,0,25,0,0,0,0,0,4,2,11
,2022-42711,-104.9921645,39.75597259,11/22/2022 15:00,15:00,12,0,0,BLAKE ST & 22ND ST,1,1,0,0,1,3,0,0,30,0,0,0,0,0,4,2,11
,2022-42713,-104.9929283,39.75133963,11/21/2022 8:45,8:45,15,0,0,19TH ST & LAWRENCE ST,1,1,0,0,1,1,0,0,25,0,0,0,0,0,4,2,3
,2022-42717,-104.9722132,39.79556588,11/23/2022 15:03,15:03,3,0,1,N MARION ST & E 54TH AVE,1,1,0,0,1,1,0,0,25,0,0,0,0,2,4,2,13
,2022-42719,-104.9126905,39.70284376,11/19/2022 18:40,18:40,12,0,0,LEETSDALE DR & S MONACO ST,1,3,0,0,1,4,0,0,35,0,0,0,0,0,2,2,16
,2022-42722,-104.991204,39.72971262,11/21/2022 12:44,12:44,12,0,1,N SPEER BLVD & N BANNOCK ST,1,1,0,0,1,3,0,0,30,0,0,0,0,1,4,2,8
,2022-42723,-104.9407832,39.74386009,11/21/2022 16:51,16:51,12,0,0,1700 BLK N COLORADO BLVD & E 17TH AVE,1,3,0,0,1,4,0,0,40,0,0,0,0,0,2,2,3
,2022-42724,-104.9918344,39.6968206,11/23/2022 6:26,6:26,15,0,0,S SANTA FE DR & W MISSISSIPPI AVE,1,1,0,0,1,4,0,0,40,0,0,0,0,0,2,2,16
,2022-42727,-104.9594252,39.68278764,11/22/2022 11:31,11:31,15,0,0,E BUCHTEL BLVD & S UNIVERSITY BLVD,4,1,0,0,1,3,0,0,30,0,0,0,0,0,4,2,16
,2022-42730,-104.9404143,39.68367215,11/22/2022 14:54,14:54,3,0,3,S COLORADO BLVD & I-25 NB RAMPS,1,1,1,0,1,1,0,0,35,0,0,0,0,1,2,2,10
,2022-42731,-104.9406856,39.65301487,11/22/2022 12:00,12:00,12,0,0,E HAMPDEN AVE & S COLORADO BLVD,1,1,0,0,1,3,0,0,30,0,0,0,0,0,2,2,13
,2022-42738,-104.9814989,39.72190453,11/23/2022 16:30,16:30,15,0,0,E SPEER BLVD & 600 BLK ,1,2,0,0,1,4,0,0,35,0,0,0,0,0,4,2,13
,2022-42741,-104.9199072,39.70660786,11/21/2022 7:26,7:26,12,0,0,LEETSDALE DR & S JERSEY ST,1,1,0,0,1,1,0,0,35,0,0,0,0,0,2,2,11
,2022-42745,-104.8571967,39.77488463,11/22/2022 16:39,16:39,12,0,1,I-70 & N PEORIA ST,1,3,0,0,1,4,0,0,55,0,0,0,1,2,1,3,1
,2022-42746,-104.9981799,39.74025323,11/23/2022 0:23,0:23,8,0,3,N SPEER BLVD & W COLFAX AVE,1,3,0,0,1,4,0,0,35,0,0,0,0,2,2,2,14
,2022-42752,-104.9593281,39.70751778,11/23/2022 12:55,12:55,12,0,1,S UNIVERSITY BLVD & E VIRGINIA AVE,1,1,0,0,1,3,0,0,35,0,0,0,0,1,4,2,13
,2022-42754,-104.99889,39.71119349,11/22/2022 16:20,16:20,12,0,0,I-25 & W ALAMEDA AVE,1,1,0,0,1,4,0,0,55,0,0,0,0,0,1,2,13
,2022-42756,-104.8827688,39.77727111,11/22/2022 21:35,21:35,15,0,0,I-70 & N CENTRAL PARK BLVD,1,3,0,0,1,4,0,0,,0,0,0,0,0,1,2,16
,2022-42760,-104.6734036,39.82455261,11/22/2022 5:52,5:52,12,0,0,25560 E 71ST AVE & N ROBERTSDALE ST,1,4,0,0,1,4,0,0,40,0,0,0,0,0,4,2,7
,2022-42762,-104.8834424,39.64085317,11/22/2022 9:00,9:00,16,0,0,9059 E OXFORD DR & nan,1,1,1,0,5,7,0,0,,0,0,0,0,0,3,2,16
,2022-42765,-104.9405114,39.76180251,11/22/2022 16:00,16:00,1,0,0,N COLORADO BLVD & E MLK BLVD,1,1,0,5,1,1,0,0,35,0,0,0,0,0,2,2,3
,2022-42766,-104.7863698,39.80445654,11/23/2022 10:56,10:56,12,0,0,PENA BLVD & 5900 BLK,1,1,0,0,1,4,0,0,65,0,0,0,0,0,4,3,1
,2022-42767,-104.9864688,39.7482416,11/23/2022 15:50,15:50,3,0,0,20TH ST & WELTON ST,1,1,0,7,1,1,0,0,35,0,0,0,0,0,4,2,13
,2022-42770,-104.8916908,39.73870344,11/16/2022 13:35,13:35,5,0,0,N VALENTIA ST & E 14TH AVE,1,1,0,0,3,1,0,0,35,0,0,0,0,0,4,1,14
,2022-42773,-104.8877234,39.65308147,11/23/2022 16:00,16:00,3,0,0,S WILLOW ST & E HAMPDEN AVE,1,1,0,0,1,1,0,0,25,0,0,0,0,0,2,2,3
,2022-42778,-104.9062209,39.71803777,11/24/2022 2:30,2:30,6,0,0,N PONTIAC ST & E 1ST AVE,1,3,0,0,1,4,0,0,25,0,0,0,0,0,4,2,8
,2022-42786,-104.9967041,39.68960124,11/24/2022 9:56,9:56,3,0,2,S PLATTE RIVER DR & W FLORIDA AVE,1,1,0,0,1,1,0,0,35,0,0,0,0,2,2,2,3
,2022-42789,-104.9033999,39.72563357,11/19/2022 20:46,20:46,1,0,0,E 6TH AVE & N QUEBEC ST,1,3,0,0,1,1,0,0,30,0,0,0,0,0,4,2,7
,2022-42801,-104.9928232,39.72567231,11/24/2022 14:11,14:11,10,0,0,W 6TH AVE & N DELAWARE ST,1,1,0,0,1,1,0,0,30,0,0,0,0,0,4,2,13
,2022-42803,-104.8828232,39.78094996,11/21/2022 16:00,16:00,1,0,1,N CENTRAL PARK BLVD & E 46TH PL,1,1,0,0,1,1,0,0,40,0,0,0,0,2,4,2,14
,2022-42808,-104.6726896,39.84927906,11/22/2022 10:55,10:55,16,0,0,8400 PENA BLVD & PRIVATE PROPERTY,1,1,0,0,5,7,0,0,15,0,0,0,0,0,3,2,11
,2022-42816,-104.8827688,39.77727111,11/24/2022 2:56,2:56,12,0,0,I-70 & N CENTRAL PARK BLVD (APPROX),1,3,0,0,1,4,0,0,,0,0,0,0,0,1,2,16
,2022-42817,-104.8742488,39.75995147,11/23/2022 20:43,20:43,3,0,0,N EMPORIA ST & E MLK BLVD,1,3,0,0,1,1,0,0,30,0,0,0,0,0,4,2,8
,2022-42828,-104.8470104,39.78238809,11/24/2022 14:57,14:57,15,0,0,E ALBROOK DR & N PEORIA ST,1,1,0,0,1,1,0,0,40,0,0,0,0,0,4,2,7
,2022-42836,-104.9384791,39.71306306,11/23/2022 11:00,11:00,12,0,0,E CEDAR AVE & LEETSDALE DR,1,1,0,0,1,1,0,0,25,0,0,0,0,0,2,2,3
,2022-42839,-104.7721169,39.81276432,11/25/2022 13:07,13:07,15,0,0,E 64TH AVE & N TOWER RD,1,1,0,0,1,1,0,0,45,0,0,0,0,0,4,2,16
,2022-42840,-104.9989037,39.72570713,11/25/2022 17:17,17:17,12,0,1,W 6TH AVE & N KALAMATH ST,1,3,1,0,1,3,0,0,45,0,0,0,0,1,4,5,8
,2022-42850,-104.9824812,39.76008255,11/24/2022 10:18,10:18,6,0,1,28TH ST & 1200 BLK,1,1,0,0,1,4,0,0,25,0,0,0,0,2,4,2,2
,2022-42851,-104.9911157,39.74063766,11/24/2022 15:58,15:58,12,0,1,COURT PL & 14TH ST,1,1,3,0,1,3,0,0,,0,0,0,1,2,4,2,16
,2022-42853,-104.9775218,39.71930119,11/25/2022 8:42,8:42,3,0,2,N EMERSON ST & E SPEER BLVD,1,1,0,0,1,1,0,0,30,0,0,0,0,2,4,2,16
,2022-42854,-104.9729796,39.7323245,11/25/2022 8:57,8:57,6,0,0,N DOWNING ST & E 10TH AVE,1,1,0,1,1,4,0,0,25,0,0,0,0,0,4,2,16
,2022-42856,-105.0131182,39.72551753,11/25/2022 11:03,11:03,12,0,0,I-25 & W 6TH AVE,1,1,1,0,1,4,0,0,55,0,0,0,0,0,1,4,3
,2022-42858,-104.9895612,39.78010359,11/23/2022 13:39,13:39,12,0,0,I-25 & I-70,1,1,1,0,1,4,0,0,55,0,0,0,0,0,1,3,13
,2022-42863,-104.9887895,39.77856515,11/25/2022 17:26,17:26,12,0,1,I-70 EB ON RAMP & SPLIT FROM NB I-25 OFF RAMP,1,3,0,0,1,8,0,0,55,0,0,0,0,2,4,2,13
,2022-42868,-104.954614,39.7180343,11/24/2022 16:28,16:28,3,0,0,E 1ST AVE & N DETROIT ST,1,1,0,0,1,1,0,0,35,0,0,0,0,0,4,2,3
,2022-42869,-104.8940316,39.63632879,11/24/2022 23:41,23:41,3,0,0,S TAMARAC ST & I-225 SB RAMPS,1,3,0,0,1,1,0,0,40,0,0,0,0,0,1,2,13
,2022-42871,-104.9405441,39.68679058,11/25/2022 11:59,11:59,12,0,0,S COLORADO BLVD & W IOWA AVE,1,1,0,0,1,4,0,0,35,0,0,0,0,0,2,2,16
,2022-42888,-105.0160337,39.72532674,11/25/2022 7:28,7:28,12,0,0,W 6TH AVE & I-25 ON RAMP SPLIT,1,1,1,0,1,4,0,0,45,0,0,0,0,0,2,2,13
,2022-42890,-105.012346,39.73690613,11/25/2022 14:48,14:48,3,0,1,W 13TH AVE & N UMATILLA ST,1,1,0,0,1,1,0,0,30,0,0,0,0,1,4,2,13
,2022-42892,-105.0252318,39.76953416,11/25/2022 15:55,15:55,12,0,0,N FEDERAL BLVD & W 38TH AVE,1,1,0,0,1,4,0,0,35,0,0,0,0,0,2,2,14
,2022-42895,-105.0895608,39.63868687,11/25/2022 14:46,14:46,3,0,0,W QUINCY AVE & S BALSAM ST,1,1,0,0,1,2,0,0,45,0,0,0,0,0,4,2,13
,2022-42896,-104.8645346,39.75884024,11/25/2022 15:53,15:53,3,0,0,E 29TH DR & N IOLA ST,1,1,0,0,1,1,0,0,30,0,0,0,0,0,4,2,1
,2022-42901,-104.9874154,39.73385657,11/24/2022 22:56,22:56,10,0,0,N BROADWAY ST & E 11TH AVE,1,3,0,0,1,1,0,0,35,0,0,0,0,0,4,2,11
,2022-42904,-104.8846728,39.73644358,11/22/2022 15:45,15:45,3,0,0,N YOSEMITE ST & 1200 BLK ,1,1,0,0,1,2,0,0,25,0,0,0,0,0,4,2,11
,2022-42906,-105.02503,39.68227092,11/24/2022 12:07,12:07,15,0,0,W JEWELL AVE & W JEWELL AVE,1,1,0,0,1,3,0,0,40,0,0,0,0,0,2,2,13
,2022-42916,-104.9684616,39.74000866,11/25/2022 17:20,17:20,1,0,0,N FRANKLIN ST & E COLFAX AVE,1,1,0,0,1,1,0,0,35,0,0,0,0,0,4,2,8
,2022-42918,-105.0532394,39.75847368,11/25/2022 18:02,18:02,1,0,1,N SHERIDAN BLVD & W 29TH AVE,1,3,0,0,1,1,0,0,40,0,0,0,0,2,4,2,14
,2022-42919,-104.8368842,39.77313253,11/25/2022 16:58,16:58,15,0,0,I-70 & MM 282,1,3,0,0,1,4,0,0,55,0,0,0,0,0,2,2,1
,2022-42922,-104.940544,39.68672742,11/25/2022 12:00,12:00,12,0,0,S COLORADO BLVD & W IOWA AVE,1,1,0,0,1,4,0,0,35,0,0,0,0,0,2,2,16
,2022-42923,-104.9892132,39.7447909,11/24/2022 14:40,14:40,11,0,0,17TH ST & GLENARM PL,1,1,3,0,1,1,0,0,0,0,0,1,0,0,4,2,16
,2022-42933,-105.0324556,39.7112576,11/26/2022 19:26,19:26,12,0,0,W ALAMEDA AVE & S KNOX CT,1,3,0,0,1,1,0,0,,0,0,0,0,0,2,2,16
,2022-42936,-105.0350358,39.70560352,11/24/2022 20:00,20:00,6,0,0,625 S LOWELL BLVD & W CENTER AVE,1,4,0,0,1,4,0,0,25,0,0,0,0,0,4,2,1
,2022-42944,-104.978727,39.73842118,11/16/2022 14:00,14:00,11,0,1,N WASHINGTON ST & E 14TH AVE,1,1,0,0,1,1,0,0,,0,1,0,0,2,4,1,16
,2022-42949,-104.9565352,39.67093547,11/25/2022 23:14,23:14,6,0,0,S COLUMBINE ST & E. HARVARD AVE,1,4,0,0,1,4,0,0,25,0,0,0,0,0,4,2,8
,2022-42950,-104.9790058,39.7798067,11/26/2022 18:55,18:55,12,0,1,N WASHINGTON ST & I-70,1,3,0,0,1,8,0,0,35,0,0,0,0,2,1,3,3
,2022-42952,-105.0053014,39.74008602,11/26/2022 17:13,17:13,15,0,0,W COLFAX AVE & N OSAGE ST,1,3,1,0,1,3,0,0,30,0,0,0,1,0,2,5,16
,2022-42953,-105.0545448,39.7345035,11/26/2022 0:45,0:45,6,0,0,N AMES ST & W 11TH AVE,1,3,0,0,1,2,0,0,25,0,0,0,0,0,4,2,16
,2022-42956,-105.0066112,39.75132255,11/25/2022 22:36,22:36,15,0,0,N SPEER BLVD & 1900 BLK,14,3,3,0,1,4,0,0,40,0,0,0,0,0,4,2,16
,2022-42957,-105.0442605,39.68223808,11/26/2022 12:45,12:45,12,0,0,W JEWELL AVE & S TENNYSON ST,1,1,0,0,1,4,0,0,30,0,0,0,0,0,4,3,11
,2022-42962,-104.6744732,39.84303435,11/26/2022 1:27,1:27,12,0,0,PENA BLVD & TERMINAL E/W SPLIT,1,3,0,0,1,4,0,0,35,0,0,0,0,0,4,2,3
,2022-42966,-104.9928798,39.75705677,11/26/2022 1:53,1:53,8,0,0,22ND ST & WAZEE ST,1,3,0,0,1,1,0,0,35,0,0,0,0,0,4,2,10
,2022-42973,-105.0052828,39.76866351,11/21/2022 11:38,11:38,12,0,0,N OSAGE ST & 3700 BLK,1,1,0,0,1,4,0,0,25,0,0,0,0,0,4,2,16
,2022-42986,-105.0250748,39.69766353,11/21/2022 13:08,13:08,15,0,0,S FEDERAL BLVD & 1000 BLK,1,1,0,0,1,4,0,0,40,0,0,0,0,0,2,2,16
,2022-42987,-104.9719157,39.77030097,11/21/2022 8:44,8:44,2,0,1,N MARION ST & WALNUT ST,1,1,0,0,1,1,0,0,0,1,0,0,0,2,4,1,16
,2022-42993,-104.882959,39.77713978,11/21/2022 8:00,8:00,12,0,0,I-70 & N CENTRAL PARK BLVD,1,1,0,0,1,4,0,0,55,0,0,0,0,0,1,2,16
,2022-43070,-105.0532424,39.69688921,10/9/2022 20:04,20:04,1,0,2,S SHERIDAN BLVD & W MISSISSIPPI AVE,1,3,1,0,1,1,0,0,40,0,0,0,0,3,2,2,16
,2022-43073,-105.0532267,39.72953511,10/16/2022 17:10,17:10,15,0,0,SHERIDAN BLVD & W 8TH AVE,1,3,0,0,1,3,0,0,,0,0,0,0,0,2,2,16
,2022-43111,-105.0532099,39.74032371,10/23/2022 9:22,9:22,12,0,1,S SHERIDAN BLVD & W COLFAX AVE,1,1,0,0,1,3,0,0,40,0,0,0,0,3,2,2,13
,2022-43120,-104.8098793,39.7731883,11/27/2022 17:25,17:25,1,0,1,CHAMBERS RD & E 40TH AVE,1,3,0,0,1,1,0,0,25,0,0,0,0,2,4,3,7
,2022-43126,-105.0141494,39.74044681,11/26/2022 22:43,22:43,12,0,2,W COLFAX AVE & I-25 SB OFF RAMP,1,3,0,0,1,1,0,0,35,0,0,0,0,2,2,2,11
,2022-43127,-104.7155396,39.83201434,11/18/2022 18:58,18:58,15,0,0,E 75TH AVE & GUN CLUB RD,2,3,0,0,1,3,0,0,25,0,0,0,0,0,4,2,10
,2022-43129,-104.6726896,39.84927906,11/24/2022 11:49,11:49,16,0,0,8400 PENA BLVD & **DOOR 413**,1,1,0,0,5,4,0,0,15,0,0,0,0,0,2,2,16
,2022-43158,-104.98098,39.75519201,11/25/2022 19:10,19:10,3,0,0,26TH ST & STOUT ST,1,3,0,0,1,1,0,0,25,0,0,0,0,0,4,2,11
,2022-43179,-104.9407633,39.78004131,11/26/2022 21:42,21:42,12,0,0,N COLORADO BLVD & I-70,1,3,0,0,1,1,0,0,40,0,0,0,0,0,4,2,16
,2022-43189,-104.8097974,39.78375545,11/23/2022 23:29,23:29,1,0,0,N CHAMBERS RD & E GATEWAY AVE,1,3,0,0,1,1,0,0,40,0,0,0,0,0,4,2,11
,2022-43220,-105.0298363,39.67291873,11/27/2022 18:23,18:23,3,0,2,W HARVARD AVE & S IRVING ST,1,3,0,0,1,1,0,0,25,0,0,0,0,2,4,2,11
,2022-43223,-104.9874297,39.72666846,11/27/2022 0:09,0:09,3,0,0,N BROADWAY ST & E SPEER BLVD,1,3,1,0,1,1,0,0,35,0,0,0,0,0,4,2,13
,2022-43242,-105.0532113,39.69280823,11/17/2022 8:13,8:13,3,0,1,W LOUISIANA AVE & S SHERIDAN BLVD,9,1,0,2,1,1,0,0,30,0,0,0,0,1,2,2,11
,2022-43267,-104.9293632,39.68935142,11/27/2022 19:41,19:41,12,0,1,S ELM ST & E FLORIDA AVE,1,3,0,0,1,1,0,0,25,0,0,0,0,1,4,2,10
,2022-43268,-104.9406123,39.74007432,11/26/2022 23:25,23:25,3,0,0,N COLORADO BLVD & E COLFAX AVE,1,3,0,7,1,1,0,0,40,0,0,0,0,0,2,2,7
,2022-43274,-105.0815528,39.6401124,11/16/2022 18:17,18:17,12,0,0,S WADSWORTH WY & W QUINCY AVE,1,3,1,0,1,2,0,0,45,0,0,0,0,0,2,2,11
,2022-43328,-105.0250609,39.69674838,11/8/2022 8:10,8:10,1,0,1,S SHERIDAN BLVD & W MISSISSIPPI AVE,1,1,1,0,1,1,0,0,35,0,0,0,0,1,2,2,11
,2022-43336,-105.0532099,39.74032371,11/13/2022 22:05,22:05,5,0,0,N SHERIDAN BLVD & W COLFAX AVE,1,3,0,0,2,1,0,0,,0,0,0,0,0,2,1,16
,2022-43348,-105.0910975,39.61943055,11/14/2022 13:23,13:23,12,0,0,S WADSWORTH BLVD & W CRESTLINE AVE,1,1,0,0,1,3,0,0,45,0,0,0,0,0,2,3,3
,2022-43368,-105.0532099,39.74032371,11/4/2022 21:35,21:35,12,0,0,N SHERIDAN BLVD & W COLFAX AVE (APPROX),1,3,0,0,1,4,0,0,35,0,0,0,0,0,2,2,14
,2022-43377,-104.9305502,39.6784647,11/27/2022 18:35,18:35,8,0,1,E EVANS AVE & S DAHLIA ST,1,3,0,0,6,4,0,0,35,0,0,0,0,2,4,2,16
,2022-43385,-104.9405105,39.7728797,11/26/2022 23:31,23:31,1,0,0,N COLORADO BLVD & E 40TH AVE,1,4,0,0,1,1,0,0,35,0,0,0,0,0,2,2,10
,2022-43393,-105.0532903,39.65315024,11/27/2022 10:38,10:38,1,0,0,S SHERIDAN BLVD & W HAMPDEN AVE,1,1,1,0,1,1,0,0,40,0,0,0,0,0,2,2,1
,2022-43394,-105.0252395,39.71498118,11/26/2022 15:46,15:46,3,0,0,W BAYAUD AVE & S FEDERAL BLVD,1,1,0,0,1,1,0,0,35,0,0,0,0,0,2,2,13
,2022-43395,-104.8733242,39.75994654,11/26/2022 15:00,15:00,3,0,1,E MLK BLVD & N EMPORIA CT,1,1,0,0,1,1,0,0,25,0,0,0,0,1,4,2,16
,2022-43464,-104.9827227,39.69742292,11/22/2022 18:54,18:54,12,0,1,I-25 & S LOGAN ST (APPROX),1,3,0,0,1,4,0,0,60,0,0,0,0,1,1,3,16
,2022-43466,-105.0531908,39.68229294,11/22/2022 7:31,7:31,11,0,1,W JEWELL AVE & S SHERIDAN BLVD,1,1,0,0,1,1,0,0,40,0,1,0,0,2,2,1,11
,2022-43471,-104.9687266,39.68767356,11/22/2022 17:32,17:32,12,0,2,I-25 & S FRANKLIN ST,1,3,0,0,1,4,0,0,60,0,0,0,0,1,1,3,16
,2022-43477,-104.9228094,39.65311018,9/17/2022 14:38,14:38,12,0,0,E HAMPDEN AVE & S HOLLY ST,1,1,0,0,1,3,0,0,,0,0,0,0,0,2,2,16
,2022-43478,-104.9850138,39.73044636,7/12/2022 17:57,17:57,6,0,0,E 9TH AVE & N SHERMAN ST,1,1,0,0,1,4,0,0,,0,0,0,0,0,4,2,16
,2022-43483,-105.0139326,39.74027393,11/9/2022 10:40,10:40,12,0,0,I-25 & W COLFAX AVE,1,1,0,0,1,4,0,0,,0,0,0,0,0,1,2,16
,2022-43487,-105.00743,39.69672658,11/12/2022 18:43,18:43,12,0,1,W MISSISSIPPI AVE & S RARITAN ST,1,3,0,0,1,4,0,0,30,0,0,0,0,2,2,4,1
,2022-43488,-104.9874384,39.70145449,11/28/2022 9:11,9:11,12,0,0,I-25 & BROADWAY,1,1,1,0,1,4,0,0,55,0,0,0,0,0,1,2,1
,2022-43489,-105.037293,39.72700352,10/14/2022 20:37,20:37,6,0,0,N NEWTON ST & 600 BLK,1,3,0,0,1,4,0,0,25,0,0,0,0,0,4,2,16
,2022-43490,-104.9511299,39.73836366,11/26/2022 12:15,12:15,15,0,0,E 14TH AVE & ST PAUL ST,1,1,0,0,1,4,0,0,30,0,0,0,0,0,4,2,13
,2022-43497,-104.8157195,39.79111898,11/27/2022 15:47,15:47,5,0,0,N DEARBORN ST & E 53RD AVE,1,1,0,0,6,1,0,0,25,0,0,0,0,0,4,1,1
,2022-43498,-105.0391202,39.70308858,11/17/2022 8:30,8:30,3,0,0,S PATTON CT & W WALSH PL,9,1,0,2,1,1,0,0,25,0,0,0,0,0,4,2,16
,2022-43500,-104.9406143,39.73828662,11/28/2022 4:35,4:35,3,0,0,N COLORADO BLVD & E 14TH AVE,1,3,0,0,1,1,0,0,35,0,0,0,0,0,2,2,13