id,drcog_id,longitude,latitude,crashtime,time,crashtype,numbkilled,numbinjurd,drcoglocat,rdconditin,lightngcon,roadcntgrd,weatherco,location,roaddescrp,schoolzone,constrzone,splimit,bikeinv,pedinv,sctrinv,motoinv,svrty,rdsystem,ttlvehcls,hcf
,2022-43502,-104.9027525,39.76119728,11/27/2022 12:35,12:35,3,0,0,E MLK BLVD & N QUEBEC ST,1,1,0,0,1,1,0,0,35,0,0,0,0,0,4,2,13
,2022-43503,-104.9574366,39.73811242,11/5/2022 14:05,14:05,3,0,0,N COLUMBINE ST & E 14TH AVE,1,1,0,0,1,2,0,0,25,0,0,0,0,0,4,2,14
,2022-43505,-105.0035118,39.76158038,11/28/2022 8:24,8:24,12,0,0,I-25 & 20TH ST,1,1,0,0,1,4,0,0,55,0,0,0,0,0,1,3,3
,2022-43508,-105.0299563,39.75120783,11/28/2022 19:59,19:59,3,0,1,W 23RD AVE & N IRVING ST,1,3,0,0,1,1,0,0,30,0,0,0,0,1,4,2,16
,2022-43509,-104.9733419,39.76075905,11/28/2022 7:12,7:12,3,0,1,E 31ST AVE & N DOWNING ST,1,1,0,0,1,1,0,0,35,0,0,0,0,3,4,2,3
,2022-43511,-104.9405044,39.78002872,11/28/2022 12:31,12:31,12,0,0,I-70 & N COLORADO BLVD,1,1,0,0,1,4,0,0,55,0,0,0,0,0,1,2,10
,2022-43512,-104.9857925,39.78103345,11/17/2022 11:10,11:10,6,0,0,N LINCOLN ST & 4600 BLK,11,1,0,2,1,4,0,0,25,0,0,0,0,0,4,2,16
,2022-43514,-105.0245214,39.77022104,10/16/2022 13:06,13:06,6,0,0,2976 W DENVER PL & N FEDERAL BLVD,1,1,0,7,1,4,0,0,,0,0,0,0,0,4,2,16
,2022-43515,-104.9924854,39.69314706,11/26/2022 8:22,8:22,15,0,0,S SANTA FE DR & W LOUISIANA AVE,1,1,0,0,1,13,0,0,45,0,0,0,0,0,2,2,11
,2022-43516,-105.0207814,39.72561296,11/28/2022 9:01,9:01,12,0,0,W 6TH AVE WB OFF RAMP & WB RAMP SPLIT TO FEDERAL BLVD,1,1,1,0,1,8,0,0,55,0,0,0,0,0,2,2,13
,2022-43520,-104.9941273,39.75040833,11/11/2022 12:30,12:30,10,0,0,LAWRENCE ST & 18TH ST,1,1,0,0,1,1,0,0,30,0,0,0,0,0,4,2,16
,2022-43521,-104.9991195,39.71120695,11/27/2022 22:25,22:25,12,0,2,I-25 & W ALAMEDA AVE,1,3,0,0,1,4,0,0,55,0,0,0,0,2,1,3,16
,2022-43522,-104.9899015,39.72413767,11/28/2022 0:33,0:33,6,0,0,W 5TH AVE & N ACOMA ST,1,3,0,0,1,4,0,0,25,0,0,0,0,0,4,2,2
,2022-43525,-104.9130618,39.65113743,11/7/2022 9:30,9:30,12,0,0,S MONACO ST & S NARCISSUS WY,1,1,0,0,1,4,0,0,35,0,0,0,0,0,4,2,1
,2022-43532,-105.0507038,39.68953316,11/15/2022 8:00,8:00,5,0,0,W FLORIDA AVE & S YATES ST,4,1,0,2,3,4,0,0,,0,0,0,0,0,4,2,16
,2022-43536,-104.9933517,39.67833674,11/25/2022 14:09,14:09,3,0,1,S SANTA FE DR NB OFF RAMP & W EVANS AVE,1,1,1,0,1,1,0,0,30,0,0,0,0,3,2,2,1
,2022-43537,-105.0245532,39.72570851,11/27/2022 16:30,16:30,12,0,0,W 6TH AVE WB OFF RAMP & N FEDERAL BLVD,1,1,1,0,1,8,0,0,55,0,0,0,0,0,2,3,16
,2022-43538,-104.990008,39.71117084,11/20/2022 1:37,1:37,12,0,1,W ALAMEDA AVE & S BANNOCK ST,1,3,0,0,1,1,0,0,30,0,0,0,0,2,4,3,16
,2022-43539,-105.0514495,39.69806946,10/14/2022 14:22,14:22,6,0,0,MORRISON RD & W TENNESSEE AVE,1,1,0,0,1,4,0,0,,0,0,0,0,0,4,2,16
,2022-43540,-105.0080273,39.76442353,11/13/2022 23:56,23:56,6,0,0,N QUIVAS ST & 3300 BLK,1,3,0,0,2,4,0,0,25,0,0,0,0,0,4,2,16
,2022-43543,-104.9780461,39.77497085,11/21/2022 22:50,22:50,12,0,0,38TH ST & ARKINS CT,1,3,0,0,1,3,0,0,35,0,0,0,0,0,4,2,16
,2022-43545,-104.9897558,39.7288744,11/28/2022 10:50,10:50,15,0,0,N SPEER BLVD & W 8TH AVE,1,1,0,0,1,4,0,0,35,0,0,0,0,0,4,2,1
,2022-43549,-105.0262135,39.68238574,10/16/2022 15:40,15:40,6,0,0,1899 S GROVE ST & W JEWELL AVE,1,1,0,0,1,4,0,0,25,0,0,0,0,0,4,3,1
,2022-43550,-105.0059491,39.75470838,11/26/2022 15:55,15:55,11,0,0,LITTLE RAVEN ST & BASSETT CIR,1,1,0,0,1,1,0,0,0,0,0,1,0,0,4,2,16
,2022-43557,-104.9857193,39.7569042,11/10/2022 16:19,16:19,15,0,0,25TH ST & LAWRENCE ST,1,2,0,0,1,1,0,0,,0,0,0,0,0,4,2,16
,2022-43560,-104.7863649,39.80360251,11/28/2022 11:02,11:02,12,0,1,PENA BLVD & E 56TH AVE,1,1,0,0,1,4,0,0,65,0,0,0,0,1,2,2,3
,2022-43562,-104.9593288,39.69839718,11/26/2022 9:43,9:43,1,0,2,S UNIVERSITY BLVD & E TENNESSEE AVE,1,1,0,0,1,1,0,0,30,0,0,0,0,1,4,2,8
,2022-43566,-104.7721263,39.78183142,11/27/2022 16:15,16:15,12,0,0,N TOWER RD & E 47TH AVE,1,1,0,0,1,3,0,0,40,0,0,0,0,0,4,2,6
,2022-43567,-104.9764648,39.73865305,11/11/2022 8:00,8:00,6,0,0,N EMERSON ST & 1400 BLK,1,1,0,0,1,4,0,0,25,0,0,0,0,0,4,2,16
,2022-43569,-104.9234662,39.70762996,11/19/2022 14:14,14:14,3,0,0,S HUDSON ST & LEETSDALE DR,1,1,1,0,1,2,0,0,,0,0,0,0,0,4,2,16
,2022-43572,-104.8999642,39.65304349,11/14/2022 7:31,7:31,12,0,0,E HAMPDEN AVE & S TAMARAC DR,1,1,0,0,1,4,0,0,45,0,0,0,0,0,2,4,7
,2022-43573,-104.7532989,39.79846528,11/27/2022 17:20,17:20,3,0,1,N IRELAND ST & E 56TH AVE,1,3,1,0,1,1,0,0,45,0,0,0,0,1,4,2,16
,2022-43578,-104.9931174,39.74311925,11/20/2022 11:58,11:58,6,0,0,WELTON ST & 1400 BLK ,1,1,0,0,1,4,0,0,25,0,0,0,0,0,4,2,16
,2022-43579,-104.882959,39.77713978,11/28/2022 18:00,18:00,12,0,0,I-70 EB OFF RAMP TO CENTRAL PARK BLVD & CENTRAL PARK BLVD,1,3,0,0,1,14,0,0,35,0,0,0,0,0,1,2,3
,2022-43588,-104.9875981,39.70933647,11/27/2022 13:51,13:51,10,0,0,S BROADWAY ST & E DAKOTA AVE,1,1,0,0,1,1,0,0,35,0,0,0,0,0,4,2,11
,2022-43589,-104.99889,39.71119349,11/16/2022 19:32,19:32,12,0,1,I-25 & W ALAMEDA AVE,1,3,3,0,1,4,0,0,60,0,0,0,0,2,1,2,16
,2022-43592,-105.0460129,39.77113774,11/26/2022 13:30,13:30,6,0,0,W 39TH AVE & N VRAIN ST,4,1,0,0,1,4,0,0,25,0,0,0,0,0,4,2,14
,2022-43593,-104.9684616,39.74000866,11/27/2022 13:39,13:39,12,0,0,N FRANKLIN ST & E COLFAX AVE,1,1,0,0,1,1,0,0,30,0,0,0,0,0,4,2,13
,2022-43595,-104.9129358,39.71143198,10/25/2022 8:03,8:03,11,0,1,S MONACO ST & E ALAMEDA AVE,1,1,0,0,1,4,0,0,0,0,1,0,0,3,4,1,16
,2022-43597,-104.9999561,39.73050185,11/19/2022 21:41,21:41,6,0,0,W 9TH AVE & N KALAMATH ST,1,3,0,0,1,4,0,0,25,0,0,0,0,0,4,2,16
,2022-43599,-104.9875107,39.68786005,11/26/2022 11:01,11:01,12,0,2,S BROADWAY ST & E IOWA AVE,1,1,0,0,1,4,0,0,35,0,0,0,0,1,4,2,14
,2022-43600,-105.025149,39.72933,11/28/2022 15:00,15:00,12,0,0,N FEDERAL BLVD & W 6TH AVE,1,1,0,0,1,1,0,0,40,0,0,0,0,0,2,2,13
,2022-43601,-104.8897675,39.62411964,11/26/2022 9:38,9:38,3,0,0,E BELLEVIEW AVE & DTC BLVD,1,1,0,0,1,1,0,0,35,0,0,0,0,0,4,2,16
,2022-43602,-104.9124376,39.73713445,11/26/2022 12:45,12:45,3,0,2,N MONACO ST & E 13TH AVE,1,1,0,0,1,1,0,0,30,0,0,0,0,2,4,2,10
,2022-43603,-105.0252312,39.76316182,11/28/2022 12:18,12:18,12,0,0,N FEDERAL BLVD & W 33RD AVE,1,1,0,0,1,4,0,0,35,0,0,0,0,0,2,2,13
,2022-43606,-104.8846641,39.74746844,11/27/2022 17:49,17:49,3,0,0,N CENTRAL PARK BLVD & E MONTVIEW BLVD,1,3,3,0,1,1,0,0,45,0,0,0,0,0,4,2,16
,2022-43607,-105.0147423,39.75197927,11/25/2022 12:22,12:22,2,0,1,WATER ST & CHILDRENS MUSEUM DR,1,1,0,0,1,1,0,0,30,1,0,0,0,1,4,1,16
,2022-43609,-104.8928647,39.73870146,11/24/2022 3:04,3:04,3,0,0,N UINTA ST & E 14TH AVE,1,3,0,0,1,1,0,0,25,0,0,0,0,0,4,2,16
,2022-43625,-105.0532098,39.74042085,11/19/2022 14:18,14:18,1,0,0,W COLFAX AVE & SHERIDAN BLVD,1,1,0,0,1,1,0,0,,0,0,0,0,0,2,2,16
,2022-43642,-104.949939,39.71625095,11/26/2022 23:47,23:47,3,0,0,N STEELE ST & E ELLSWORTH AVE,1,3,0,0,1,1,0,0,30,0,0,0,0,0,4,2,16
,2022-43646,-105.0093473,39.72902768,11/25/2022 9:54,9:54,5,0,1,W 8TH AVE & 1900 BLK,1,1,0,0,2,4,0,0,30,0,0,0,0,2,4,1,16
,2022-43647,-105.0328535,39.71107287,11/22/2022 13:20,13:20,12,0,0,MORRISON RD & W ALAMEDA AVE,1,1,0,0,1,3,0,0,40,0,0,0,0,0,2,2,16
,2022-43680,-104.9965605,39.70666643,2/5/2022 12:26,12:26,15,0,0,I-25 ON RAMP FROM S SANTA FE DR & I-25 SB ENT GORE PT,1,1,1,1,1,8,0,0,45,0,0,0,0,0,1,2,16
,2022-43683,-104.9339699,39.67844568,10/11/2022 15:06,15:06,15,0,1,I-25 &  SB EXIT GORE PT TO E EVANS AVE,1,1,0,0,1,14,0,0,55,0,0,0,0,2,1,2,1
,2022-43686,-105.050357,39.73309338,11/29/2022 15:47,15:47,3,0,0,N XAVIER ST & W 10TH AVE,1,1,0,0,1,1,0,0,25,0,0,0,0,0,4,2,11
,2022-43687,-104.9904291,39.74012102,11/29/2022 17:05,17:05,15,0,2,14TH ST & W COLFAX AVE,9,2,0,0,1,4,0,0,35,0,0,0,0,2,4,2,8
,2022-43688,-104.9129533,39.6729826,11/29/2022 7:27,7:27,5,0,1,S MONACO ST & E WESLEY AVE,14,1,0,0,6,3,0,0,35,0,0,0,0,1,4,1,14
,2022-43689,-104.9339699,39.67844568,11/28/2022 17:00,17:00,12,0,0,I-25 & SB RAMP OFF TO E EVANS AVE,1,2,0,0,1,4,0,0,65,0,0,0,0,0,1,2,3
,2022-43690,-104.9601531,39.72552637,11/28/2022 13:23,13:23,15,0,0,N YORK ST & E 6TH AVE,1,1,0,0,1,1,0,0,25,0,0,0,0,0,4,2,8
,2022-43691,-104.9828535,39.67128332,11/28/2022 15:30,15:30,1,0,3,S LOGAN ST & E HARVARD AVE,1,1,0,0,1,1,0,0,30,0,0,0,0,1,4,2,3
,2022-43692,-104.74222,39.83373416,10/30/2022 15:10,15:10,15,0,0,PENA BLVD INBOUND & 21300 BLK,1,1,0,0,1,4,0,0,65,0,0,0,0,0,4,2,1
,2022-43693,-104.9826005,39.72260797,11/28/2022 10:00,10:00,10,0,0,E SPEER BLVD & N LOGAN ST,1,1,0,0,1,1,0,0,30,0,0,0,0,0,4,2,13
,2022-43694,-104.9740544,39.71888625,11/28/2022 23:41,23:41,1,0,0,E SPEER BLVD & N CORONA ST,1,3,0,0,1,1,0,0,30,0,0,0,0,0,4,2,3
,2022-43695,-104.9403385,39.68306724,11/29/2022 11:35,11:35,5,0,2,I-25 & S COLORADO BLVD,8,1,0,0,6,4,0,0,60,0,0,0,0,2,1,1,10
,2022-43696,-104.9656053,39.78112756,11/26/2022 19:00,19:00,6,0,0,WILLIAMS ST & E 47TH AVE,1,4,0,0,1,4,0,0,20,0,0,0,0,0,4,3,3
,2022-43698,-104.9861154,39.74300557,11/1/2022 8:00,8:00,12,0,1,N LINCOLN ST & E 17TH AVE,1,1,0,0,1,4,0,0,30,0,0,0,0,2,4,2,3
,2022-43699,-104.781693,39.78362353,11/27/2022 4:25,4:25,15,0,0,E GVR BLVD & N TELLURIDE ST,1,3,0,0,1,4,0,0,,0,0,0,0,0,4,3,16
,2022-43701,-105.0394701,39.72935328,10/24/2022 16:45,16:45,12,0,0,N PERRY ST & W 8TH AVE,1,1,1,0,1,4,0,0,25,0,0,0,0,0,4,2,16
,2022-43702,-104.885195,39.63284338,11/28/2022 7:54,7:54,3,0,1,S YOSEMITE ST & E UNION AVE,1,1,0,0,1,2,0,0,30,0,0,0,0,2,4,2,7
,2022-43703,-104.9548755,39.75712509,11/28/2022 8:46,8:46,15,0,0,N CLAYTON ST & E 28TH AVE,1,1,0,0,1,4,0,0,25,0,0,0,0,0,4,3,7
,2022-43704,-104.8848309,39.65075401,11/28/2022 10:54,10:54,15,0,0,S YOSEMITE ST & E JEFFERSON AVE,1,1,0,0,1,4,0,0,35,0,0,0,0,0,4,2,3
,2022-43706,-105.0150499,39.72932217,11/10/2022 22:00,22:00,5,0,0,I-25 &  SB OFF RAMP GORE PT TO W 8TH AVE,1,3,0,0,6,8,0,0,15,0,0,0,0,0,1,1,16
,2022-43708,-104.8044128,39.7874748,11/28/2022 7:45,7:45,15,0,0,N JASPER ST & E 48TH PL,1,1,0,0,1,4,0,0,25,0,0,0,0,0,4,2,16
,2022-43709,-104.8801637,39.65412311,8/13/2022 18:00,18:00,6,0,0,E GIRARD AVE & 9300 BLK,1,1,0,7,1,4,0,0,,0,0,0,0,0,4,2,16
,2022-43710,-104.9498038,39.71872532,10/28/2022 10:45,10:45,6,0,0,N STEELE ST & E 2ND AVE,1,1,0,0,1,4,0,0,25,0,0,0,0,0,4,2,16
,2022-43712,-104.7883637,39.79138689,11/29/2022 16:18,16:18,12,0,0,PENA BLVD & 5200 BLK ,1,3,0,0,1,4,0,0,65,0,0,0,0,0,4,2,1
,2022-43713,-104.9965082,39.69668145,11/29/2022 11:51,11:51,3,0,1,W MISSISSIPPI AVE & S HURON ST,14,1,1,0,1,2,0,0,35,0,0,0,0,1,4,2,11
,2022-43714,-105.0330727,39.76948776,11/28/2022 14:35,14:35,3,0,0,N KING ST & W 38TH AVE,1,1,0,0,1,1,0,0,25,0,0,0,0,0,4,2,11
,2022-43715,-104.9823166,39.73843634,11/29/2022 12:37,12:37,3,0,0,N LOGAN ST & E 14TH AVE,11,1,0,0,1,1,0,0,30,0,0,0,0,0,4,2,10
,2022-43716,-104.9025399,39.76770927,11/28/2022 10:35,10:35,5,0,1,N QUEBEC ST & E 36TH AVE,1,1,0,0,6,4,0,0,45,0,0,0,0,1,4,1,16
,2022-43717,-104.9216371,39.70204352,11/7/2022 1:30,1:30,5,0,0,792 S HOLLY ST & E EXPOSITION AVE,1,3,0,0,2,4,0,0,35,0,0,0,0,0,4,2,16
,2022-43718,-104.9610166,39.73997411,11/28/2022 17:55,17:55,12,0,0,E COLFAX AVE & N GAYLORD ST,1,3,0,0,1,1,0,0,35,0,0,0,0,0,2,3,13
,2022-43720,-104.9143712,39.6395424,10/30/2022 4:30,4:30,5,0,0,E HAPPY CANYON RD & E QUINCY AVE,1,3,0,0,2,4,0,0,,0,0,0,0,0,4,1,16
,2022-43722,-105.0194928,39.69313037,11/5/2022 12:35,12:35,6,0,0,W LOUISIANA AVE & S CANOSA CT,1,1,0,0,1,4,0,0,30,0,0,0,0,0,4,2,16
,2022-43726,-104.9873901,39.74000829,11/29/2022 12:38,12:38,1,0,1,E COLFAX AVE & BROADWAY,11,1,0,0,1,1,0,0,30,0,0,0,0,1,2,2,13
,2022-43727,-104.9572855,39.74017839,10/28/2022 8:20,8:20,12,0,0,E COLFAX AVE & COLUMBINE ST,1,1,0,0,1,1,0,0,30,0,0,0,0,0,2,3,1
,2022-43729,-104.9929323,39.73831334,11/29/2022 1:28,1:28,6,0,2,DELAWARE ST & W 14TH AVE,9,3,0,2,1,4,0,0,30,0,0,0,0,2,4,2,1
,2022-43730,-104.9907595,39.72566251,11/28/2022 0:30,0:30,5,0,1,W 6TH AVE & N KALAMATH ST,1,3,0,0,3,4,0,0,55,0,0,0,0,1,2,1,16
,2022-43731,-105.0346166,39.76047822,11/29/2022 18:15,18:15,6,0,0,LOWELL BLVD & W 30TH AVE,1,4,1,0,1,4,0,0,25,0,0,0,0,0,4,2,13
,2022-43734,-104.8708044,39.67475846,11/28/2022 16:20,16:20,3,0,0,S PARKER RD & E ILIFF AVE,1,2,0,0,1,1,0,0,40,0,0,0,0,0,2,3,13
,2022-43736,-104.9405065,39.68310625,11/3/2022 7:19,7:19,12,0,1,I-25 & S COLORADO BLVD,14,5,3,7,1,4,0,0,,0,0,0,0,1,1,4,16
,2022-43737,-104.9238122,39.66759878,11/28/2022 18:30,18:30,1,0,0,E YALE AVE & S HUDSON ST,1,2,0,0,1,1,0,0,30,0,0,0,0,0,4,3,3
,2022-43738,-104.9124086,39.76182719,11/29/2022 6:25,6:25,1,0,0,E MLK BLVD & N MONACO ST,4,3,0,2,1,1,0,0,35,0,0,0,0,0,4,2,11
,2022-43739,-105.0200417,39.70570799,11/5/2022 20:14,20:14,6,0,0,635 S CLAY ST & W EXPOSITION AVE,1,1,0,0,1,4,0,0,25,0,0,0,0,0,4,2,16
,2022-43743,-104.9405461,39.68932218,11/28/2022 19:20,19:20,15,0,0,S COLORADO BLVD & E FLORIDA AVE,1,2,0,0,1,1,0,0,35,0,0,0,0,0,2,2,3
,2022-43744,-104.9634688,39.73998555,11/28/2022 18:16,18:16,15,0,0,E COLFAX AVE & N RACE ST,1,3,3,0,1,4,0,0,35,0,0,0,0,0,1,2,16
,2022-43745,-104.9594472,39.68472353,11/7/2022 0:10,0:10,6,0,0,I-25 & S UNIVERSITY BLVD,1,3,0,6,3,4,0,0,60,0,0,0,0,0,1,2,13
,2022-43747,-105.0139326,39.74027393,11/4/2022 21:45,21:45,15,0,1,I-25 & W COLFAX AVE,1,3,0,0,1,4,0,0,55,0,0,0,0,1,1,2,16
,2022-43749,-104.9873432,39.75970628,10/28/2022 16:00,16:00,6,0,0,2601 BLAKE ST & 26TH ST,1,1,0,0,1,4,0,0,25,0,0,0,0,0,4,2,16
,2022-43750,-104.9858989,39.73044997,10/18/2022 17:15,17:15,14,0,0,E 9TH AVE & 000 BLK,1,1,0,0,1,4,0,0,25,0,0,0,0,0,4,2,16
,2022-43751,-104.7721288,39.78590051,11/28/2022 15:48,15:48,1,0,0,N TOWER RD & E 49TH AVE,1,2,0,0,1,1,0,0,30,0,0,0,0,0,4,2,8
,2022-43754,-104.9874297,39.72666846,11/28/2022 21:06,21:06,3,0,2,N BROADWAY ST & E SPEER BLVD,1,3,1,0,1,1,0,0,30,0,0,0,0,1,4,2,1
,2022-43757,-104.9072457,39.6999366,11/26/2022 15:10,15:10,12,0,0,LEETSDALE DR & S  ONEIDA ST,1,3,0,0,1,4,0,0,35,0,0,0,0,0,2,2,13
,2022-43763,-104.9229871,39.65310997,10/19/2022 23:23,23:23,15,0,0,E HAMPDEN AVE & S HOLLY ST,1,3,1,0,1,4,0,0,,0,0,0,0,0,2,2,16
,2022-43766,-104.8950052,39.77886137,11/29/2022 6:45,6:45,8,0,1,E 45TH AVE & N TRENTON ST,9,2,3,2,6,1,0,0,30,0,0,0,0,1,4,2,13
,2022-43768,-105.0180792,39.66049918,11/29/2022 10:30,10:30,3,0,0,S BRYANT ST & W DARTMOUTH AVE,4,1,1,0,1,1,0,0,25,0,0,0,0,0,4,2,13
,2022-43775,-104.940629,39.67845463,11/28/2022 13:30,13:30,12,0,0,S COLORADO BLVD & E EVANS AVE,1,1,0,0,1,1,0,0,35,0,0,0,0,0,2,3,3
,2022-43776,-104.9594472,39.68472353,11/29/2022 10:42,10:42,15,0,0,I-25 & S UNIVERSITY BLVD,9,1,0,2,1,4,0,0,35,0,0,0,0,0,1,2,13
,2022-43777,-104.9339378,39.71118271,11/29/2022 13:20,13:20,10,0,0,E ALAMEDA AVE & S CHERRY ST,11,1,1,0,1,1,0,0,30,0,0,0,0,0,4,2,3
,2022-43778,-104.9825213,39.67856613,10/21/2022 21:29,21:29,6,0,0,S LOGAN ST & 2100 BLK,1,3,0,0,1,4,0,0,25,0,0,0,0,0,4,2,16
,2022-43780,-104.9725674,39.72374159,11/4/2022 10:57,10:57,6,0,0,E 5TH AVE & N DOWNING ST,11,1,0,0,1,4,0,0,25,0,0,0,0,0,4,2,11
,2022-43781,-105.0453644,39.70040568,11/29/2022 8:12,8:12,3,0,0,S UTICA ST & W KENTUCKY AVE,4,1,1,2,1,1,0,0,25,0,0,0,0,0,4,3,16
,2022-43782,-104.9415807,39.69475764,10/20/2022 17:47,17:47,4,0,0,S HARRISON ST & 1200 BLK,1,1,0,0,2,4,0,0,25,0,0,0,0,0,4,2,14
,2022-43784,-104.8789796,39.70804338,11/9/2022 23:00,23:00,12,0,1,E ALAMEDA AVE & S CLINTON ST,1,3,0,0,1,1,0,0,35,0,0,0,0,1,4,4,16
,2022-43785,-104.8846537,39.74468351,11/8/2022 15:00,15:00,12,0,0,N YOSEMITE ST & 1700 BLK,1,1,0,0,1,4,0,0,25,0,0,0,0,0,4,2,16
,2022-43786,-104.97904,39.77889605,10/23/2022 15:48,15:48,15,0,1,N WASHINGTON ST & 4500 BLK,1,1,0,0,1,3,0,0,30,0,0,0,0,1,4,3,13
,2022-43788,-105.0306298,39.69491825,11/2/2022 4:36,4:36,6,0,0,S JULIAN ST & 1200 BLK,1,3,0,1,1,4,0,0,25,0,0,0,0,0,4,2,3
,2022-43791,-104.781693,39.78362353,11/8/2022 13:23,13:23,3,0,1,E GVR BLVD & N TELLURIDE ST,1,1,0,0,1,1,0,0,35,0,0,0,0,1,4,2,1
,2022-43849,-104.9966795,39.73845644,11/1/2022 8:20,8:20,15,0,0,W 14TH AVE & 700 BLK,1,1,0,0,1,4,0,0,25,0,0,0,0,0,4,2,11
,2022-43852,-105.044006,39.75850026,11/30/2022 12:02,12:02,1,0,0,N TENNYSON ST & W 29TH AVE,1,1,0,0,1,1,0,0,30,0,0,0,0,0,4,2,13
,2022-43854,-104.9792418,39.69842939,11/30/2022 16:00,16:00,3,0,3,E TENNESSEE AVE & S WASHINGTON ST,1,1,0,0,1,1,0,0,25,0,0,0,0,1,4,2,13
,2022-43856,-105.0102046,39.75716768,11/30/2022 17:30,17:30,15,0,0,I-25 & 15TH ST,1,3,0,0,1,4,0,0,60,0,0,0,0,0,1,2,13
,2022-43857,-105.0043198,39.76094363,11/30/2022 17:57,17:57,12,0,1,I-25 NB ON RAMP & 20TH ST,1,4,1,0,1,8,0,0,45,0,0,0,0,1,1,2,11
,2022-43858,-104.9597771,39.73838925,11/30/2022 10:46,10:46,10,0,0,N YORK ST & E 14TH AVE,1,1,0,0,1,1,0,0,30,0,0,0,0,0,4,2,8
,2022-43859,-104.9624297,39.71111575,11/30/2022 17:54,17:54,12,0,0,E ALAMEDA AVE & S VINE ST,1,3,0,0,1,3,0,0,30,0,0,0,0,0,4,3,3
,2022-43860,-104.8952628,39.62932934,11/29/2022 14:00,14:00,3,0,0,S ULSTER ST & E UNION AVE,7,1,0,2,1,1,0,0,25,0,0,0,0,0,4,2,3
,2022-43861,-104.9580553,39.72098036,10/27/2022 10:30,10:30,12,0,0,E 3RD AVE & N JOSEPHINE ST,11,1,0,1,1,3,0,0,30,0,0,0,0,0,4,2,16
,2022-43862,-104.9710317,39.68829971,11/30/2022 7:51,7:51,12,0,0,I-25 SB ON RAMP & S DOWNING ST,1,1,1,0,1,8,0,0,25,0,0,0,0,0,1,2,11
,2022-43864,-105.0263631,39.71108601,11/30/2022 7:48,7:48,12,0,0,W ALAMEDA AVE & S GROVE ST,1,1,0,0,1,4,0,0,35,0,0,0,0,0,2,2,3
,2022-43866,-104.9404297,39.76445636,11/30/2022 15:47,15:47,3,0,0,BRUCE RANDOLPH BLVD & N COLORADO BLVD,1,2,0,0,1,1,0,0,30,0,0,0,0,0,4,3,13
,2022-43867,-105.0251796,39.78438167,11/30/2022 13:52,13:52,3,0,0,N FEDERAL BLVD & I-70 WB RAMPS ON/OFF,1,1,0,0,1,1,0,0,35,0,0,0,0,0,2,2,13
,2022-43868,-104.995273,39.74007392,11/30/2022 13:35,13:35,2,0,1,GLENARM PL & W COLFAX AVE,1,1,0,0,1,1,0,0,35,1,0,0,0,1,4,1,11
,2022-43870,-104.978118,39.77503175,11/30/2022 8:15,8:15,12,0,0,38TH ST & ARKINS CT,1,1,0,1,1,3,0,0,30,0,0,0,0,0,4,2,1
,2022-43874,-104.8977413,39.73286901,11/29/2022 13:00,13:00,5,0,0,E 11TH AVE & N SYRACUSE CT,4,1,1,0,3,1,0,0,25,0,0,0,0,0,4,1,14
,2022-43875,-105.0171266,39.75000988,7/21/2022 5:15,5:15,5,0,1,I-25 & W 23RD AVE,1,4,0,0,2,4,0,0,55,0,0,0,1,3,1,1,16
,2022-43877,-105.0251112,39.66771796,11/29/2022 19:00,19:00,12,0,0,S FEDERAL BLVD & W YALE AVE,1,3,0,0,1,4,0,0,40,0,0,0,0,0,2,3,14
,2022-43881,-104.9826128,39.72093066,11/29/2022 11:00,11:00,3,0,0,E 3RD AVE & N LOGAN ST,4,1,0,2,1,1,0,0,25,0,0,0,0,0,4,2,13
,2022-43883,-104.8472001,39.77402,11/30/2022 8:04,8:04,15,0,0,I-70 & N PEORIA ST,1,1,0,0,1,4,0,0,55,0,0,0,0,0,1,2,7
,2022-43884,-104.9861272,39.73629025,11/30/2022 10:35,10:35,12,0,0,LINCOLN ST & E 13TH AVE,1,1,1,0,1,4,0,0,30,0,0,0,0,0,4,3,3
,2022-43885,-104.8470297,39.77400525,11/28/2022 14:50,14:50,12,0,0,I-70 EB OFF RAMP SLIP & N PEORIA ST,1,1,0,0,1,8,0,0,25,0,0,0,0,0,4,2,16
,2022-43886,-105.0203655,39.67967116,11/25/2022 14:49,14:49,3,0,0,EVANS AVE & 2727 BLK W ,1,1,0,0,1,2,0,0,,0,0,0,0,0,4,2,13
,2022-43887,-104.9597468,39.76577309,11/29/2022 17:40,17:40,12,0,0,N YORK ST & E 35TH AVE,2,3,0,0,1,3,0,0,30,0,0,0,0,0,4,2,16
,2022-43888,-104.9739119,39.71833382,11/29/2022 13:00,13:00,15,0,0,E SPEER BLVD & N CORONA ST,4,1,0,2,1,1,0,0,30,0,0,0,0,0,4,2,3
,2022-43891,-104.9122963,39.67846158,11/29/2022 18:30,18:30,8,0,2,E EVANS AVE & S MONACO ST,1,3,0,0,6,2,0,0,35,0,0,0,0,1,4,3,12
,2022-43892,-104.912981,39.65848325,11/30/2022 7:28,7:28,12,0,0,S MONACO PKWY & E EASTMAN AVE,1,1,0,0,1,4,0,0,35,0,0,0,0,0,4,2,16