id,drcog_id,longitude,latitude,crashtime,time,crashtype,numbkilled,numbinjurd,drcoglocat,rdconditin,lightngcon,roadcntgrd,weatherco,location,roaddescrp,schoolzone,constrzone,splimit,bikeinv,pedinv,sctrinv,motoinv,svrty,rdsystem,ttlvehcls,hcf
,2022-43894,-104.93334,39.77982929,11/30/2022 13:57,13:57,12,0,0,E STAPLETON S DR & N DAHLIA ST,1,1,0,0,1,4,0,0,35,0,0,0,0,0,4,2,3
,2022-43895,-104.9732901,39.71820141,11/30/2022 12:30,12:30,3,0,0,E SPEER BLVD & N DOWNING ST,1,1,0,0,1,1,0,0,30,0,0,0,0,0,4,2,13
,2022-43900,-105.0165222,39.7513218,11/30/2022 14:02,14:02,12,0,0,I-25 & W 23RD AVE,1,1,0,0,1,4,0,0,55,0,0,0,0,0,1,3,8
,2022-43901,-104.9593934,39.67842579,11/30/2022 18:48,18:48,15,0,0,S UNIVERSITY BLVD & E EVANS AVE,1,3,0,0,1,1,0,0,30,0,0,0,0,0,4,2,13
,2022-43902,-104.9067175,39.63415775,11/30/2022 9:30,9:30,15,0,0,I-25 & I-225 NB FLYOVER,1,1,0,0,1,4,0,0,,0,0,0,0,0,1,3,16
,2022-43908,-104.9021484,39.75802594,11/25/2022 11:50,11:50,6,0,0,E 29TH AVE & N QUEBEC ST,1,1,0,0,1,4,0,0,25,0,0,0,0,0,4,2,16
,2022-43911,-104.9619021,39.74162399,11/30/2022 14:15,14:15,6,0,0,E 16TH AVE & N GAYLORD ST,1,1,0,7,1,4,0,0,35,0,0,0,0,0,4,2,11
,2022-43912,-104.9129217,39.65302476,11/30/2022 14:49,14:49,11,0,1,E HAMPDEN AVE & S MONACO ST,1,1,3,0,1,1,0,0,40,0,1,0,0,2,4,1,16
,2022-43915,-104.9860835,39.72564753,11/4/2022 12:47,12:47,11,0,1,E 6TH AVE & S LINCOLN ST,1,1,0,0,1,4,0,0,,0,1,0,0,2,4,1,16
,2022-43917,-105.0531965,39.78356375,11/29/2022 23:08,23:08,5,0,1,I-70 & N SHERIDAN BLVD,4,3,0,0,6,4,0,0,55,0,0,0,0,1,1,1,14
,2022-43922,-104.9026042,39.76539692,11/30/2022 12:42,12:42,12,0,0,N QUEBEC ST & E 35TH AVE,1,1,0,0,1,1,0,0,40,0,0,0,0,0,4,2,8
,2022-43925,-104.7904699,39.78363776,11/30/2022 8:15,8:15,12,0,0,E GVR BLVD & PENA BLVD NB RAMPS ON/OFF,1,1,0,0,1,4,0,0,40,0,0,0,0,0,4,3,16
,2022-43932,-104.9795944,39.74850862,11/30/2022 8:40,8:40,12,0,0,PARK AVE W & CLEVELAND PL,1,1,0,0,1,4,0,0,30,0,0,0,0,0,4,2,11
,2022-43935,-104.9656108,39.78285354,11/14/2022 20:20,20:20,6,0,0,N WILLIAMS ST & 4700 BLK,1,3,0,0,1,4,0,0,25,0,0,0,0,0,4,3,16
,2022-43940,-104.8522944,39.77585943,11/10/2022 11:30,11:30,16,0,1,E 45TH AVE & 11200 BLK,1,1,0,0,5,7,1,0,,0,1,0,0,2,3,1,16
,2022-43944,-104.9984493,39.75784661,10/20/2022 16:30,16:30,15,0,0,CHESTNUT PL & 20TH ST,1,1,0,0,1,4,0,0,25,0,0,0,0,0,4,3,1
,2022-43945,-105.0532217,39.73277762,9/16/2022 10:50,10:50,12,0,0,N SHERIDAN BLVD & W 10TH AVE,1,1,0,0,1,4,0,0,35,0,0,0,0,0,2,3,16
,2022-43947,-104.8836888,39.69657667,11/30/2022 11:53,11:53,12,0,1,E MISSISSIPPI AVE & S ALTON ST,1,1,0,0,1,4,0,0,35,0,0,0,0,1,4,2,3
,2022-43952,-104.9873869,39.70141073,11/27/2022 3:07,3:07,6,0,1,I-25 & MM 207,1,3,0,0,3,4,0,0,55,0,0,0,0,3,1,2,16
,2022-43953,-104.9139606,39.73966586,11/25/2022 17:25,17:25,6,0,0,N LOCUST ST & E COLFAX AVE,1,4,0,0,1,4,0,0,25,0,0,0,0,0,4,3,16
,2022-43956,-104.9033892,39.79649932,11/30/2022 17:00,17:00,12,0,0,N QUEBEC ST & E 56TH AVE,1,3,0,0,1,1,0,0,40,0,0,0,0,0,4,3,3
,2022-43964,-105.0439997,39.76124721,11/30/2022 18:10,18:10,8,0,0,N TENNYSON ST & W 31ST AVE,1,3,1,0,6,4,0,0,25,0,0,0,0,0,4,3,3
,2022-43967,-104.8921785,39.72575314,11/29/2022 0:25,0:25,5,0,0,N UINTA WAY & E 6TH AVE,1,3,0,0,3,6,0,0,30,0,0,0,0,0,4,2,16
,2022-43968,-104.9811019,39.74001929,11/30/2022 11:09,11:09,1,0,0,N PENNSYLVANIA ST & E COLFAX AVE,1,1,0,0,1,1,0,0,25,0,0,0,0,0,4,2,16
,2022-43969,-104.9003294,39.63300243,11/29/2022 17:45,17:45,5,0,2,S ULSTER ST & E TECHNOLOGY WAY,4,2,0,0,1,3,0,0,25,0,0,0,0,1,4,1,3
,2022-43971,-104.7696521,39.81866302,11/29/2022 10:00,10:00,5,0,0,ARGONNE ST & E HIGH POINT BLVD,4,1,0,2,1,4,0,0,30,0,0,0,0,0,4,2,1
,2022-43972,-104.9597779,39.73866388,11/29/2022 1:45,1:45,15,0,0,YORK ST & 14TH AVE,9,3,0,2,1,4,0,0,30,0,0,0,0,0,4,2,16
,2022-43975,-104.8843698,39.80418987,11/30/2022 7:20,7:20,12,0,0,N CENTRAL PARK BLVD & E 59TH PL,1,1,0,0,1,4,0,0,30,0,0,0,0,0,4,2,13
,2022-43977,-104.9986902,39.73686729,11/28/2022 14:55,14:55,8,0,0,N SANTA FE DR & W 13TH AVE,1,1,0,0,1,1,0,0,25,0,0,0,0,0,4,2,16
,2022-43979,-105.0000592,39.74004799,11/29/2022 22:11,22:11,3,0,0,N KALAMATH ST & W COLFAX AVE,2,3,0,0,1,1,0,0,30,0,0,0,0,0,4,2,16
,2022-43980,-104.9775368,39.74484773,11/29/2022 23:04,23:04,12,0,0,N CLARKSON ST & E 18TH AVE,2,3,0,0,1,1,0,0,30,0,0,0,0,0,4,2,16
,2022-43982,-104.807931,39.77317678,11/30/2022 12:20,12:20,3,0,1,E 40TH AVE & E ANDREWS DR,1,1,0,0,1,1,0,0,25,0,0,0,0,1,4,2,11
,2022-43986,-104.9185139,39.65305196,11/29/2022 9:33,9:33,15,0,0,I-25 & E HAMPDEN AVE,11,1,0,2,1,4,0,0,55,0,0,0,0,0,1,3,1
,2022-44001,-105.0203599,39.69674193,12/1/2022 16:07,16:07,10,0,0,W MISSISSIPPI AVE & S CLAY ST,1,1,0,0,1,1,0,0,,0,0,0,0,0,4,2,16
,2022-44004,-104.9971764,39.7111943,12/1/2022 4:44,4:44,12,0,0,W ALAMEDA AVE & S SANTA FE DR,1,3,0,0,1,3,0,0,30,0,0,0,0,0,2,2,14
,2022-44008,-104.8657287,39.77562189,12/1/2022 18:08,18:08,12,0,1,I-70 & MM 280,1,3,2,0,1,4,0,0,55,0,0,0,0,1,1,2,14
,2022-44009,-105.0203666,39.682296,12/1/2022 7:28,7:28,3,0,0,W JEWELL AVE & S CLAY ST,1,1,0,1,1,1,0,0,25,0,0,0,0,0,4,2,16
,2022-44010,-104.9928246,39.72578215,12/1/2022 11:05,11:05,6,0,0,N DELAWARE ST & W 6TH AVE,1,1,0,0,1,4,0,0,30,0,0,0,0,0,4,2,13
,2022-44014,-105.0532447,39.78369116,12/1/2022 3:00,3:00,5,0,1,I-70 & WB EXIT TO SHERIDAN BLVD,4,3,0,0,6,4,0,0,55,0,0,0,0,2,1,1,7
,2022-44015,-104.9775615,39.74746618,11/30/2022 10:55,10:55,3,0,0,N CLARKSON ST & E 20TH AVE,1,1,0,0,1,1,0,0,25,0,0,0,0,0,4,2,11
,2022-44017,-104.8987605,39.74021883,12/1/2022 6:49,6:49,1,0,0,E COLFAX AVE & N SYRACUSE ST,1,1,0,0,1,1,0,0,35,0,0,0,0,0,2,3,13
,2022-44018,-104.9903111,39.74932293,11/30/2022 8:45,8:45,12,0,0,CHAMPA ST & 19TH ST,1,1,0,0,1,1,0,0,25,0,0,0,0,0,4,3,3
,2022-44019,-104.9928259,39.72587827,12/1/2022 15:04,15:04,3,0,0,DELAWARE ST & W 6TH AVE,1,1,0,0,1,2,0,0,25,0,0,0,0,0,4,2,13
,2022-44020,-104.9593309,39.70112335,11/14/2022 16:05,16:05,12,0,0,S UNIVERSITY BLVD & 800 BLK,1,2,0,0,1,4,0,0,,0,0,0,0,0,4,2,16
,2022-44021,-104.9899349,39.72904509,12/1/2022 13:30,13:30,3,0,2,N SPEER BLVD & W 8TH AVE,1,1,0,0,1,1,0,0,35,0,0,0,0,1,4,2,13
,2022-44022,-104.9951002,39.76791766,12/1/2022 12:09,12:09,12,0,0,I-25 & PARK AVE W,1,1,0,0,1,14,0,0,55,0,0,0,0,0,1,2,13
,2022-44023,-104.8468324,39.78238812,11/1/2022 15:41,15:41,12,0,0,E ALBROOK DR & N PEORIA ST,1,1,0,0,1,3,0,0,25,0,0,0,0,0,4,2,7
,2022-44024,-104.8703461,39.67433862,12/1/2022 7:12,7:12,12,0,0,S PARKER RD & E ILIFF AVE,1,1,0,0,1,3,0,0,,0,0,0,0,0,2,3,16
,2022-44025,-104.9733832,39.74377948,12/1/2022 9:12,9:12,3,0,0,N DOWNING ST & PARK AVE,1,1,0,0,1,1,0,0,30,0,0,0,0,0,4,2,16
,2022-44026,-105.0324576,39.71228353,12/2/2022 14:44,14:44,12,0,0,227 S KNOX CT & W CEDAR AVE,1,1,0,0,1,4,0,0,30,0,0,0,0,0,4,2,14
,2022-44028,-105.01448,39.75840277,12/1/2022 17:05,17:05,3,0,1,W 29TH AVE & N WYANDOT ST,1,3,0,0,1,1,0,0,25,0,0,0,0,1,4,2,11
,2022-44033,-105.0532641,39.710298,12/1/2022 11:28,11:28,15,0,0,S SHERIDAN BLVD & W NEVADA PL,1,1,1,0,1,1,0,0,35,0,0,0,0,0,2,2,11
,2022-44039,-104.9261132,39.72924661,12/2/2022 12:56,12:56,12,0,0,E 8TH AVE & N GLENCOE ST,1,1,0,0,1,1,0,0,30,0,0,0,0,0,4,2,13
,2022-44043,-104.7721169,39.81276432,12/1/2022 12:32,12:32,3,0,1,E 64TH AVE & N TOWER RD,1,1,0,0,1,1,0,0,25,0,0,0,0,1,4,2,13
,2022-44044,-104.9798793,39.73667232,11/30/2022 17:52,17:52,6,0,0,PEARL ST & E 13TH AVE,1,1,0,0,1,4,0,0,,0,0,0,0,0,4,2,16
,2022-44045,-104.9139493,39.72927486,11/30/2022 16:00,16:00,3,0,0,E 8TH AVE & N LOCUST ST,1,2,0,0,1,1,0,0,25,0,0,0,0,0,4,2,13
,2022-44046,-104.9389116,39.78046672,11/30/2022 21:01,21:01,12,0,0,I-70 WB OFF RAMP & COLORADO BLVD,1,3,1,0,1,8,0,1,55,0,0,0,0,0,1,2,1
,2022-44047,-104.9269117,39.73649473,12/1/2022 8:45,8:45,3,0,0,N FOREST ST & E 13TH AVE,1,1,0,0,1,1,0,0,25,0,0,0,0,0,4,2,11
,2022-44049,-104.9382372,39.72922871,11/30/2022 10:20,10:20,12,0,0,E 8TH AVE & N ASH ST,1,1,0,0,1,3,0,0,25,0,0,0,0,0,4,2,3
,2022-44050,-104.9786468,39.74167094,10/18/2022 15:11,15:11,2,0,0,E 16TH AVE & N WASHINGTON ST,1,1,0,0,1,2,0,0,25,1,0,0,0,0,4,1,16
,2022-44051,-105.0153186,39.73075101,11/30/2022 18:45,18:45,12,0,0,I-25 & RAMPS AT ZUNI/W 8TH AVE,1,1,0,0,1,4,0,0,,0,0,0,0,0,1,2,16
,2022-44052,-104.9015939,39.69784953,12/1/2022 12:22,12:22,1,0,1,S PARKER RD & S QUEBEC ST,1,1,0,0,1,2,0,0,35,0,0,0,0,1,2,2,8
,2022-44055,-105.0594125,39.66169605,12/1/2022 18:04,18:04,5,0,1,W BATES AVE & S HOBART WAY,1,3,0,0,2,3,0,0,25,0,0,0,0,2,4,1,1
,2022-44057,-104.9330515,39.67619473,12/2/2022 14:40,14:40,6,0,0,S DEXTER ST & E WARREN AVE,1,1,0,0,1,4,0,0,25,0,0,0,0,0,4,2,14
,2022-44058,-104.9307361,39.7382932,12/2/2022 13:30,13:30,12,0,0,E 14TH AVE & N EUDORA ST,1,1,0,0,1,4,0,0,30,0,0,0,0,0,4,2,13
,2022-44062,-104.9337605,39.67845081,12/2/2022 20:22,20:22,5,0,0,I-25 & E EVANS AVE ON RAMP MERGE PT,1,3,3,0,3,4,0,0,60,0,0,0,0,0,1,1,1
,2022-44065,-104.9818584,39.71293565,12/2/2022 12:08,12:08,6,0,0,E CEDAR AVE & N LOGAN ST,1,1,0,0,1,4,0,0,25,0,0,0,0,0,4,2,11
,2022-44070,-105.0127078,39.75512692,12/2/2022 14:53,14:53,15,0,0,I-25 & NB ON RAMP ENT MERGE PT FROM N SPEER BLVD,1,1,0,0,1,14,0,0,55,0,0,0,0,0,1,2,13
,2022-44074,-105.0251716,39.71123825,12/2/2022 10:23,10:23,3,0,1,W ALAMEDA AVE & S FEDERAL BLVD,1,1,0,0,1,1,0,0,35,0,0,0,0,1,2,2,3
,2022-44077,-104.67306,39.84181725,12/1/2022 5:17,5:17,15,0,0,PENA BLVD & 8000 BLK,1,3,0,0,1,4,0,0,35,0,0,0,0,0,4,2,8
,2022-44083,-105.0258113,39.76059877,12/1/2022 18:30,18:30,10,0,1,SPEER BLVD & FEDERAL BLVD,1,3,1,0,1,2,0,0,30,0,0,0,0,2,4,2,13
,2022-44085,-104.9182339,39.65307809,12/1/2022 6:48,6:48,12,0,1,I-25 & E HAMPDEN AVE,1,1,0,0,1,8,0,0,30,0,0,0,0,1,1,2,16
,2022-44089,-105.0029984,39.7516197,12/1/2022 3:25,3:25,3,0,0,15TH ST & WEWATTA ST,1,3,0,0,1,3,0,0,30,0,0,0,0,0,4,2,3
,2022-44090,-104.9789964,39.77943422,11/30/2022 16:04,16:04,12,0,0,I-70 & N WASHINGTON ST,1,1,1,0,1,4,0,0,55,0,0,0,0,0,1,2,10
,2022-44094,-105.0156713,39.75620021,12/1/2022 18:20,18:20,12,0,0,N SPEER BLVD & N ZUNI ST,1,3,0,0,1,4,0,0,35,0,0,0,0,0,4,3,1
,2022-44097,-105.0130163,39.72542371,12/1/2022 17:15,17:15,12,0,0,I-25 & W 6TH AVE,1,3,0,0,1,4,0,0,55,0,0,0,0,0,1,2,13
,2022-44104,-104.9953078,39.73685763,11/30/2022 17:20,17:20,15,0,0,N FOX ST & W 13TH AVE,1,1,0,0,1,1,0,0,35,0,0,0,0,0,4,2,1
,2022-44117,-104.9222932,39.77871971,12/1/2022 22:36,22:36,15,0,0,N HOLLY ST & E 45TH S DR,1,3,0,0,1,4,0,0,35,0,0,0,0,0,4,2,1
,2022-44124,-105.0251409,39.78005398,12/1/2022 10:01,10:01,12,0,0,FEDERAL BLVD & W 46TH AVE,1,1,0,0,1,4,0,0,35,0,0,0,0,0,2,2,16
,2022-44125,-104.9405607,39.69657743,11/30/2022 21:09,21:09,3,0,0,S COLORADO BLVD & E MISSISSIPPI AVE,1,3,0,0,1,1,0,0,35,0,0,0,0,0,4,2,11
,2022-44127,-104.8488819,39.78238128,12/2/2022 12:13,12:13,3,0,0,N PARIS ST & E 47TH AVE,1,1,0,0,1,1,0,0,25,0,0,0,0,0,4,2,11
,2022-44128,-105.0113817,39.72407507,12/2/2022 6:25,6:25,12,0,1,I-25 NB OFF RAMP & MERGE PT SPLIT TO WB W 6TH AVE,1,1,1,0,1,8,0,0,55,0,0,0,0,1,1,3,16
,2022-44130,-104.983619,39.72563055,11/30/2022 23:21,23:21,3,0,1,E 6TH AVE & N GRANT ST,1,3,0,0,1,1,0,0,30,0,0,0,0,2,4,2,13
,2022-44133,-104.9874099,39.75267299,11/30/2022 11:00,11:00,10,0,0,N BROADWAY ST & 22ND AVE,1,1,0,0,1,1,0,0,25,0,0,0,0,0,4,2,8
,2022-44134,-104.9182339,39.65307809,12/1/2022 8:42,8:42,12,0,0,I-25 & E HAMPDEN AVE,1,1,0,0,1,4,0,0,65,0,0,0,0,0,1,2,16
,2022-44136,-104.9929388,39.73685739,11/30/2022 20:46,20:46,3,0,1,N DELAWARE ST & W 13TH AVE,1,3,0,0,1,1,0,0,25,0,0,0,0,1,4,2,11
,2022-44144,-104.989767,39.77662502,12/2/2022 7:50,7:50,12,0,0,I-70 OFF RAMP & TO SB I-25 RAMP MERGE PT,1,1,1,0,1,8,0,0,55,0,0,0,0,0,1,2,11
,2022-44146,-104.796665,39.78887587,12/2/2022 10:37,10:37,15,0,0,N MEMPHIS ST & E 53RD AVE (APPROX),1,1,0,0,1,4,0,0,30,0,0,0,0,0,4,2,3
,2022-44149,-104.9647699,39.73999159,12/1/2022 7:00,7:00,12,0,0,E COLFAX AVE & N HIGH ST,1,1,0,0,1,3,0,0,30,0,0,0,0,0,2,3,16
,2022-44150,-104.9400729,39.78302201,11/30/2022 8:11,8:11,10,0,0,E STAPLETON DR S & N HOLLY ST,1,1,0,0,1,1,0,0,30,0,0,0,0,0,4,2,13
,2022-44151,-104.9985776,39.72253338,12/1/2022 8:48,8:48,3,0,0,W 4TH AVE & N SANTA FE DR,1,1,0,0,1,1,0,0,25,0,0,0,0,0,4,3,16
,2022-44152,-104.9954145,39.7681485,12/1/2022 15:55,15:55,12,0,1,I-25 & PARK AVE W,1,1,1,0,1,4,0,0,55,0,0,0,1,3,1,2,1
,2022-44153,-104.8099046,39.77659512,12/2/2022 8:29,8:29,12,0,1,N CHAMBERS RD & E 46TH AVE,1,1,0,0,1,1,0,0,40,0,0,0,0,2,4,2,3
,2022-44156,-104.9949315,39.76798309,12/2/2022 15:38,15:38,5,0,2,I-25 & PARK AVE W,1,1,1,0,1,13,0,0,55,0,0,0,0,1,1,3,14
,2022-44160,-104.8642084,39.75950548,12/2/2022 5:30,5:30,3,0,1,E MLK BLVD & N HAVANA ST,1,3,0,0,1,1,0,0,30,0,0,0,0,1,4,2,11
,2022-44161,-105.0345727,39.78344353,12/2/2022 12:22,12:22,3,0,1,I-70 & N LOWELL BLVD,1,1,0,0,1,1,0,0,30,0,0,0,0,1,1,2,13
,2022-44163,-104.9900073,39.71122141,12/2/2022 9:14,9:14,3,0,0,S BANNOCK ST & W ALAMEDA AVE,1,1,3,0,1,1,0,0,30,0,0,0,0,0,4,2,16
,2022-44165,-105.0043198,39.76094363,12/2/2022 15:04,15:04,15,0,0,I-25 & 20TH ST,1,1,0,0,1,4,0,0,,0,0,0,0,0,1,3,16
,2022-44175,-105.0326977,39.71112669,12/2/2022 17:43,17:43,12,0,0,W ALAMEDA AVE & W MORRISON RD,1,3,0,0,1,4,0,0,35,0,0,0,0,0,2,3,13
,2022-44178,-104.9597556,39.76136354,12/2/2022 17:08,17:08,12,0,0,N YORK ST & 3100 BLK,1,3,0,0,1,3,0,0,30,0,0,0,0,0,4,2,13
,2022-44179,-105.0071584,39.78867069,11/8/2022 15:52,15:52,6,0,0,W 51ST AVE & 1700 BLK,1,1,0,0,1,4,0,0,25,0,0,0,0,0,4,2,14
,2022-44180,-104.8905205,39.76001325,12/3/2022 4:55,4:55,3,0,0,N CENTRAL PARK BLVD SB & E MLK BLVD WB,1,3,0,0,1,1,0,0,30,0,0,0,0,0,4,2,14
,2022-44181,-105.0532806,39.71843149,12/3/2022 5:50,5:50,1,0,2,N SHERIDAN BLVD & W 1ST AVE,1,3,0,0,1,1,0,0,40,0,0,0,0,1,2,2,13
,2022-44182,-105.0020582,39.74867248,12/2/2022 21:00,21:00,8,0,0,14TH ST & BLAKE ST,1,3,3,0,6,1,0,0,30,0,0,0,0,0,4,2,12
,2022-44185,-105.0817222,39.62848308,11/4/2022 23:03,23:03,6,0,0,S WADSWORTH BLVD & 4800 BLK,1,3,0,0,1,4,0,0,30,0,0,0,0,0,4,2,16
,2022-44189,-104.9560469,39.76693559,11/30/2022 13:40,13:40,8,0,1,E 36TH AVE & N ELIZABETH ST,1,1,0,0,6,4,0,0,25,0,0,0,0,1,4,2,13
,2022-44190,-105.0009403,39.76306887,12/3/2022 10:00,10:00,6,0,0,ROCKMONT DR & 3500 BLK,1,1,0,0,1,4,0,0,30,0,0,0,0,0,4,2,3
,2022-44191,-105.0530749,39.6505127,12/3/2022 9:51,9:51,3,0,0,W KENYON AVE & S SHERIDAN BLVD,1,1,0,0,1,1,0,0,30,0,0,0,0,0,2,2,10
,2022-44193,-104.9916509,39.73455352,10/25/2022 0:25,0:25,6,0,0,N CHEROKEE ST & 1100 BLK,1,3,0,0,1,2,0,0,25,0,0,0,0,0,4,2,13
,2022-44196,-104.8827688,39.77727111,12/2/2022 14:48,14:48,12,0,1,I-70 & N CENTRAL PARK BLVD,1,3,0,0,1,4,0,0,65,0,0,0,0,2,1,3,13
,2022-44197,-104.8891299,39.65410354,5/24/2022 12:30,12:30,16,0,0,8525 E HAMPDEN AVE & 8500 BLK,1,1,3,0,5,7,0,0,,0,0,0,0,0,3,2,16
,2022-44200,-104.9922899,39.73686143,11/2/2022 9:50,9:50,16,0,0,1331 CHEROKEE ST & 1300 BLK,1,1,0,0,5,7,0,0,,0,0,0,0,0,3,1,13
,2022-44201,-105.0007526,39.7142557,12/3/2022 16:20,16:20,12,0,1,I-25 & W ALAMEDA AVE ON RAMP GORE PT,1,3,0,0,1,4,0,0,65,0,0,0,1,2,1,2,7
,2022-44202,-104.9597851,39.73998323,9/19/2022 13:57,13:57,3,0,0,N YORK ST & E COLFAX AVE,1,1,0,0,1,1,0,0,25,0,0,0,0,0,2,2,11
,2022-44210,-104.8165521,39.79494566,12/3/2022 14:04,14:04,6,0,0,N EAGLE ST & E MAXWELL PL,1,1,1,0,1,4,0,0,25,0,0,0,0,0,4,2,1
,2022-44212,-105.0911086,39.61833205,12/2/2022 19:51,19:51,1,0,1,S WADSWORTH BLVD & W CRESTLINE AVE,1,3,0,0,1,1,0,0,55,0,0,0,0,2,2,2,3
,2022-44213,-105.0251716,39.71123825,10/25/2022 18:14,18:14,1,0,0,W ALAMEDA AVE & S FEDERAL BLVD,1,1,0,0,1,1,0,0,35,0,0,0,0,0,2,2,13
,2022-44221,-104.9989128,39.71123181,12/3/2022 14:00,14:00,12,0,0,I-25 & E ALAMEDA AVE (APPROX),1,1,0,0,1,4,0,0,55,0,0,0,0,0,1,2,13
,2022-44222,-104.9778905,39.77485074,12/3/2022 0:04,0:04,6,0,0,38TH ST & WYNKOOP ST,1,3,0,0,1,4,0,0,,0,0,0,0,0,4,2,16
,2022-44223,-104.7721473,39.77793839,12/3/2022 13:59,13:59,12,0,0,N TOWER RD & E 45TH AVE,1,1,0,0,1,4,0,0,40,0,0,0,0,0,4,2,7
,2022-44241,-104.9067175,39.63415775,11/29/2022 11:22,11:22,5,0,1,I-25 & I-225 DIR CONNECT TO NB I-225,12,1,0,1,6,4,0,0,65,0,0,0,0,1,1,2,16
,2022-44242,-104.9734181,39.68999371,11/4/2022 15:55,15:55,15,0,0,I-25 & S DOWNING ST,1,1,0,0,1,4,0,0,60,0,0,0,0,0,1,2,16
,2022-44250,-104.9913667,39.74447074,11/29/2022 15:02,15:02,11,0,0,WELTON ST & 16TH ST,1,1,0,0,1,1,0,0,30,0,1,0,0,0,4,1,13
,2022-44295,-104.7979599,39.78378637,12/3/2022 13:50,13:50,1,0,0,N MEMPHIS ST & E GVR BLVD,1,1,0,0,1,1,0,0,25,0,0,0,0,0,4,2,1
,2022-44299,-104.973414,39.69297155,12/3/2022 20:31,20:31,3,0,0,E LOUISIANA AVE & S DOWNING ST,1,3,0,0,1,1,0,0,30,0,0,0,0,0,4,3,1
,2022-44300,-104.9823329,39.74193673,10/28/2022 13:05,13:05,6,0,0,N LOGAN ST & 16TH ST,1,1,0,0,1,4,0,0,25,0,0,0,0,0,4,2,13
,2022-44306,-104.8387591,39.77329317,9/29/2022 8:41,8:41,12,0,1,I-70 & MM 282.00 (APPROX),1,1,0,0,1,4,0,0,55,0,0,0,0,1,1,2,1
,2022-44311,-104.99889,39.71119349,11/30/2022 17:26,17:26,15,0,0,I-25 & W ALAMEDA AVE,1,3,0,0,1,4,0,0,55,0,0,0,0,0,1,2,13
,2022-44319,-105.0117363,39.76202508,10/30/2022 21:12,21:12,15,0,0,W 32ND AVE & N TEJON ST,1,3,0,0,1,4,0,0,35,0,0,0,0,0,4,2,6
,2022-44327,-104.9561241,39.7557242,12/3/2022 13:32,13:32,1,0,0,E 27TH AVE & N ELIZABETH ST,1,1,0,7,1,3,0,0,25,0,0,0,0,0,4,2,11
,2022-44329,-104.9269731,39.70815614,11/29/2022 18:13,18:13,11,0,1,LEETSDALE DR & S FOREST ST,3,3,3,0,1,1,0,0,35,0,1,0,0,2,4,1,13
,2022-44340,-104.9222696,39.67923649,10/28/2022 8:40,8:40,10,0,0,S HOLLY ST & E PACIFIC PL,1,1,0,1,1,1,0,0,,0,0,0,0,0,4,2,16
,2022-44342,-105.0532664,39.7099171,12/3/2022 19:17,19:17,12,0,1,300 BLK S SHERIDAN BLVD & W DAKOTA AVE,1,4,0,0,1,4,0,0,35,0,0,0,0,2,2,2,14
,2022-44343,-105.0337901,39.73657236,12/4/2022 16:25,16:25,6,0,0,3550 W 13TH AVE & ****,1,1,0,0,5,7,0,0,,0,0,0,0,0,3,2,16
,2022-44344,-104.9406686,39.65301356,11/30/2022 17:25,17:25,12,0,0,S COLORADO BLVD SB OFF SLIP RAMP & E HAMPDEN AVE,2,3,0,0,1,3,0,0,,0,0,0,0,0,2,2,16
,2022-44350,-104.9980145,39.74002359,12/1/2022 19:49,19:49,2,0,1,N SPEER BLVD & W COLFAX AVE,1,3,0,0,1,1,0,0,0,1,0,0,0,2,4,1,16
,2022-44357,-104.9944796,39.75449126,10/26/2022 16:00,16:00,12,0,0,20TH ST & 1500 BLK ,1,1,0,0,1,3,0,0,30,0,0,0,0,0,4,2,3
,2022-44358,-104.970625,39.67850099,12/3/2022 13:20,13:20,12,0,0,E EVANS AVE & S FRANKLIN ST,1,1,0,0,1,3,0,0,30,0,0,0,0,0,4,3,3
,2022-44360,-105.0253024,39.76926004,12/3/2022 0:54,0:54,12,0,0,W 38TH AVE & N FEDERAL BLVD,1,3,0,0,1,1,0,0,35,0,0,0,0,0,2,2,14
,2022-44362,-104.9590272,39.72911397,12/4/2022 13:41,13:41,3,0,2,E 8TH AVE & N JOSEPHINE ST,1,1,0,0,1,1,0,0,30,0,0,0,0,2,4,2,13
,2022-44363,-104.7155396,39.83201434,12/3/2022 11:41,11:41,15,0,0,E 75TH AVE & N GUN CLUB RD,1,1,1,0,1,1,0,0,45,0,0,0,0,0,4,2,13
,2022-44365,-105.000181,39.72690827,12/4/2022 3:31,3:31,15,0,0,N KALAMATH ST & W 7TH AVE (APPROX),1,3,0,0,1,4,0,0,25,0,0,0,0,0,4,2,3
,2022-44371,-104.8980178,39.68933744,11/30/2022 19:14,19:14,6,0,0,E FLORIDA AVE & S SYRACUSE ST,4,4,0,0,1,4,0,0,,0,0,0,0,0,4,2,16
,2022-44376,-104.9405996,39.75104031,12/1/2022 6:39,6:39,11,0,1,N COLORADO BLVD & E 23RD AVE,1,3,0,0,1,1,0,0,35,0,1,0,0,1,2,1,11
,2022-44377,-104.7990928,39.77282541,12/3/2022 22:00,22:00,12,0,1,E 40TH AVE & N MEMPHIS CT,1,3,0,0,1,1,0,0,40,0,0,0,0,2,4,2,16
,2022-44383,-104.8657292,39.78227352,12/4/2022 18:07,18:07,3,0,0,E 47TH AVE & N HAVANA ST,1,3,0,0,1,1,0,0,40,0,0,0,0,0,4,2,12
,2022-44386,-104.9337605,39.67845081,12/1/2022 6:52,6:52,12,0,0,I-25 & E EVANS AVE,1,1,0,0,1,4,0,0,65,0,0,0,0,0,1,2,16