id,drcog_id,longitude,latitude,crashtime,time,crashtype,numbkilled,numbinjurd,drcoglocat,rdconditin,lightngcon,roadcntgrd,weatherco,location,roaddescrp,schoolzone,constrzone,splimit,bikeinv,pedinv,sctrinv,motoinv,svrty,rdsystem,ttlvehcls,hcf
,2022-44395,-104.9960037,39.70901147,12/4/2022 14:30,14:30,15,0,0,S SANTA FE DR & 400 BLK,1,1,0,0,1,1,0,0,35,0,0,0,0,0,1,2,16
,2022-44396,-104.9920576,39.68939091,11/8/2022 19:30,19:30,12,0,0,S SANTA FE DR & W FLORIDA AVE,1,2,0,0,1,1,0,0,,0,0,0,0,0,2,2,16
,2022-44399,-104.9761503,39.74388309,12/2/2022 19:15,19:15,8,0,0,N EMERSON ST & E 18TH AVE,1,3,0,0,6,4,0,0,25,0,0,0,0,0,4,3,16
,2022-44400,-104.8097976,39.78374358,12/4/2022 14:18,14:18,1,0,5,N CHAMBERS RD & E GVR BLVD,1,1,0,0,1,1,0,0,40,0,0,0,0,2,4,2,14
,2022-44401,-104.9891814,39.7801983,12/1/2022 9:55,9:55,15,0,0,I-25 & I-70,1,1,0,1,1,4,0,0,55,0,0,0,0,0,1,3,16
,2022-44402,-104.9670454,39.77989217,12/5/2022 9:52,9:52,12,0,0,I-70 & N BRIGHTON BLVD (APPROX),1,1,0,0,1,4,0,0,55,0,0,0,0,0,1,3,12
,2022-44403,-104.9823023,39.73688658,12/3/2022 11:50,11:50,3,0,1,E 13TH AVE & N LOGAN ST,1,1,0,0,1,1,0,0,30,0,0,0,0,1,4,2,13
,2022-44405,-104.8828637,39.77343868,12/5/2022 8:47,8:47,3,0,1,N CENTRAL PARK BLVD & E 40TH AVE (APPROX),1,1,0,0,1,2,0,0,35,0,0,0,0,1,4,2,11
,2022-44406,-104.9874163,39.74221694,12/3/2022 12:35,12:35,12,0,1,N BROADWAY ST & CLEVELAND PL,1,1,0,0,1,1,0,0,35,0,0,0,0,1,4,2,13
,2022-44407,-104.7907918,39.78363899,12/5/2022 12:59,12:59,3,0,0,PENA BLVD INBOUND OFF RAMP & E GVR BLVD,1,1,0,0,1,1,0,0,45,0,0,0,0,0,4,2,11
,2022-44408,-104.9719031,39.77031065,11/20/2022 0:52,0:52,12,0,0,WALNUT ST & N MARION ST,1,1,0,0,1,3,0,0,25,0,0,0,0,0,4,2,16
,2022-44409,-104.9622199,39.74322148,12/5/2022 7:45,7:45,6,0,1,E 17TH AVE & 2100 BLK,1,1,0,0,1,4,0,0,30,0,0,0,0,2,4,2,3
,2022-44410,-104.9803811,39.67856677,12/5/2022 16:12,16:12,12,0,0,E EVANS AVE & S PEARL ST,1,3,0,0,1,3,0,0,35,0,0,0,0,0,4,2,13
,2022-44411,-104.9835898,39.74167587,12/4/2022 12:05,12:05,3,0,2,N GRANT ST & E 16TH AVE,1,1,0,0,1,1,0,0,30,0,0,0,0,1,4,2,8
,2022-44412,-105.0047562,39.76115807,12/5/2022 9:30,9:30,12,0,0,I-25 & 20TH ST,1,1,0,0,1,4,0,0,55,0,0,0,0,0,1,2,13
,2022-44413,-104.9872955,39.75439353,12/4/2022 9:46,9:46,12,0,0,PARK AVE W & ARAPAHOE ST,1,1,0,0,1,3,0,0,30,0,0,0,0,0,4,2,3
,2022-44415,-104.953134,39.78017888,12/2/2022 14:05,14:05,12,0,1,I-70 & N FILLMORE ST,1,1,0,0,1,4,0,0,55,0,0,0,0,1,1,2,13
,2022-44416,-104.8924095,39.65307982,11/29/2022 15:00,15:00,5,0,0,HAMPDEN AVE & 8405 BLK E ,7,1,0,2,3,4,0,0,,0,0,0,0,0,2,1,16
,2022-44417,-105.0442615,39.68946837,11/20/2022 13:40,13:40,12,0,0,S TENNYSON ST & W FLORIDA AVE,1,1,1,0,1,3,0,0,35,0,0,0,0,0,4,2,16
,2022-44418,-104.9128591,39.71620248,12/5/2022 17:22,17:22,12,0,0,N MONACO ST & E LOWRY BLVD,1,3,0,0,1,3,0,0,35,0,0,0,0,0,4,3,14
,2022-44423,-104.8433034,39.78385978,12/4/2022 9:14,9:14,16,0,0,12555 E ALBROOK DR & nan,1,1,0,1,5,7,0,0,,0,0,0,0,0,3,2,16
,2022-44424,-104.911881,39.67485402,11/29/2022 22:06,22:06,6,0,0,E ILIFF AVE & S MONACO ST,1,3,0,0,1,4,0,0,25,0,0,0,0,0,4,2,11
,2022-44425,-104.9129217,39.65302477,12/5/2022 17:18,17:18,3,0,0,S MONACO ST & E HAMPDEN AVE,1,3,0,0,1,1,0,0,40,0,0,0,0,0,2,2,13
,2022-44430,-104.8449581,39.77625248,12/5/2022 8:05,8:05,10,0,0,N QUENTIN ST & E 44TH AVE,1,1,0,0,1,2,0,0,25,0,0,0,0,0,4,2,8
,2022-44433,-104.9901674,39.7548055,12/4/2022 2:34,2:34,6,0,0,22ND ST & 1300 BLK,1,3,0,1,1,4,0,0,25,0,0,0,0,0,4,2,16
,2022-44436,-105.0144724,39.75369891,12/4/2022 9:49,9:49,12,0,0,I-25 NB OFF RAMP & N SPEER BLVD NB EXIT GORE PT,1,1,1,0,1,8,0,0,30,0,0,0,0,0,1,3,13
,2022-44438,-104.8881793,39.73870463,12/5/2022 17:02,17:02,3,0,1,N WILLOW ST & E 14TH AVE,1,3,0,0,1,1,0,0,20,0,0,0,0,2,4,2,1
,2022-44439,-104.9775548,39.72561165,12/4/2022 17:20,17:20,3,0,0,E 6TH AVE & N CLARKSON ST,1,3,0,0,1,1,0,0,20,0,0,0,0,0,4,2,3
,2022-44440,-104.9035401,39.69928633,10/7/2022 11:03,11:03,15,0,0,S QUEBEC ST & LEETSDALE DR,1,1,1,0,1,4,0,0,35,0,0,0,0,0,4,2,3
,2022-44441,-105.0251112,39.66771796,10/23/2022 19:01,19:01,15,0,1,2692 S FEDERAL BLVD & W YALE AVE,1,3,0,0,1,4,0,0,35,0,0,0,0,1,2,2,16
,2022-44442,-104.995148,39.75499351,12/4/2022 14:40,14:40,3,0,1,20TH ST & WAZEE ST,1,1,1,0,1,1,0,0,30,0,0,0,1,1,4,2,14
,2022-44445,-104.7370295,39.78179145,12/5/2022 6:20,6:20,1,0,2,E GVR BLVD & N ORLEANS ST,1,4,0,0,1,1,0,0,30,0,0,0,0,2,4,3,16
,2022-44446,-105.0090973,39.72185949,12/5/2022 10:01,10:01,12,0,0,I-25 & NB EXIT GORE PT TO W 6TH AVE,1,1,1,0,1,14,0,0,55,0,0,0,0,0,1,3,13
,2022-44448,-105.0441889,39.72552681,12/5/2022 20:46,20:46,15,0,0,W 6TH AVE & N SHERIDAN BLVD,1,3,0,0,1,4,0,0,65,0,0,0,0,0,2,2,13
,2022-44449,-105.0347403,39.78336731,12/5/2022 10:49,10:49,15,0,0,I-70 & N LOWELL BLVD,1,1,1,0,1,4,0,0,,0,0,0,0,0,1,2,16
,2022-44453,-104.9881006,39.75507699,12/4/2022 20:08,20:08,3,0,0,PARK AVE W & LAWRENCE ST,1,3,0,0,1,3,0,0,30,0,0,0,0,0,4,2,11
,2022-44455,-105.0158409,39.78612716,11/14/2022 12:00,12:00,6,0,0,4930 N ZUNI ST & W 49TH AVE,1,1,0,0,1,2,0,0,30,0,0,0,0,0,4,2,13
,2022-44456,-104.8454762,39.78210061,12/5/2022 6:05,6:05,11,0,1,E ALBROOK DR & 12100 BLK,1,3,0,1,1,4,0,0,25,0,1,0,0,1,4,1,16
,2022-44458,-105.0914181,39.61440478,12/5/2022 8:26,8:26,1,0,3,S WADSWORTH BLVD & W CROSS DR,1,1,0,0,1,1,0,0,40,0,0,0,0,2,2,2,3
,2022-44460,-104.9257768,39.765602,11/29/2022 7:12,7:12,3,0,0,E 35TH AVE & N GLENCOE ST,4,1,0,2,1,1,0,0,25,0,0,0,0,0,4,2,14
,2022-44461,-105.0249824,39.72501398,12/4/2022 22:11,22:11,12,0,0,N FEDERAL BLVD & 6TH AVE EB ON RAMP,1,3,0,0,1,1,0,0,35,0,0,0,0,0,2,3,14
,2022-44464,-104.8659694,39.7089767,11/28/2022 14:05,14:05,6,0,0,S HAVANA ST & E DAKOTA AVE,1,1,0,0,6,4,0,0,40,0,0,0,0,0,2,2,1
,2022-44465,-104.8472001,39.77402,12/5/2022 8:47,8:47,12,0,0,I-70 & N PEORIA ST,1,1,0,0,1,4,0,0,55,0,0,0,0,0,1,2,13
,2022-44468,-104.692935,39.83346184,12/4/2022 23:22,23:22,5,0,0,PENA BLVD & JACKSON GAP ST,1,3,1,0,3,1,0,0,35,0,0,0,0,0,4,1,14
,2022-44469,-105.0345727,39.78344353,12/5/2022 10:18,10:18,5,0,0,I-70 & N LOWELL BLVD,1,1,1,0,2,4,0,0,55,0,0,0,0,0,1,2,13
,2022-44470,-105.0134491,39.72565651,11/25/2022 7:20,7:20,6,0,0,W 6TH AVE EB COLLECTOR RAMP TO I-25 & BRYANT ST,1,5,1,7,1,8,0,0,,0,0,0,0,0,2,2,7
,2022-44473,-104.9500511,39.74379356,11/26/2022 15:00,15:00,1,0,0,E 17TH AVE & N STEELE ST,1,1,0,0,1,1,0,0,30,0,0,0,0,0,4,2,13
,2022-44474,-104.7903659,39.78500768,11/27/2022 20:50,20:50,12,0,0,PENA BLVD & GREEN VALLEY RANCH BLVD,1,3,0,0,1,4,0,0,65,0,0,0,0,0,4,2,16
,2022-44475,-104.9717572,39.73687643,11/1/2022 19:30,19:30,6,0,0,N MARION ST/N DOWNING ST ALLEY & 1300 BLK,1,4,0,0,1,9,0,0,10,0,0,0,0,0,4,2,16
,2022-44476,-104.9003493,39.63297968,11/27/2022 18:56,18:56,14,0,0,E TECHNOLOGY WAY & S ULSTER ST,1,3,0,0,1,6,0,0,25,0,0,0,0,0,4,2,16
,2022-44477,-104.9561042,39.76446352,12/4/2022 12:15,12:15,6,0,0,E BRUCE RANDOLPH AVE & 2600 BLK,1,1,0,0,1,4,0,0,30,0,0,0,0,0,4,3,14
,2022-44481,-104.8632822,39.78227549,12/5/2022 8:20,8:20,3,0,0,N IRONTON ST & E 47TH AVE,1,1,0,0,1,1,0,1,30,0,0,0,0,0,4,2,13
,2022-44482,-104.978288,39.78896538,12/2/2022 11:16,11:16,15,0,0,N WASHINGTON ST & E 51ST AVE,1,1,0,0,1,1,0,0,35,0,0,0,0,0,4,2,16
,2022-44485,-104.9731775,39.74000742,12/2/2022 17:15,17:15,15,0,0,E COLFAX AVE & N DOWNING ST,1,3,0,0,1,4,0,0,35,0,0,0,0,0,2,2,13
,2022-44486,-104.9684616,39.74000867,12/2/2022 15:35,15:35,3,0,0,E COLFAX AVE & N FRANKLIN ST,1,1,0,0,1,1,0,0,35,0,0,0,0,0,4,2,13
,2022-44487,-104.9842992,39.76705782,11/16/2022 12:10,12:10,3,0,0,31ST ST & ARKINS CT,1,1,0,0,1,1,0,0,25,0,0,0,0,0,4,2,16
,2022-44491,-105.021733,39.73119985,12/4/2022 16:55,16:55,5,0,0,N DECATUR ST & W 9TH AVE,1,2,0,0,1,3,0,0,25,0,0,0,0,0,4,1,8
,2022-44492,-104.9671002,39.77966138,12/5/2022 8:34,8:34,1,0,0,N BRIGHTON BLVD & I-70 EB RAMPS,1,1,0,0,1,1,0,1,35,0,0,0,0,0,2,2,13
,2022-44493,-104.9026284,39.66174543,11/13/2022 5:18,5:18,5,0,0,S QUEBEC ST & W DARTMOUTH AVE,1,3,0,0,6,4,0,0,35,0,0,0,0,0,4,1,16
,2022-44494,-105.0128292,39.75532997,12/3/2022 14:04,14:04,12,0,2,I-25 & N SPEER BLVD,1,1,0,0,1,4,0,0,55,0,0,0,1,3,1,2,1
,2022-44495,-104.9895508,39.78026028,12/5/2022 11:10,11:10,15,0,0,I-70 WB OFF RAMP & I-25 SB RAMP CONNECTION,1,1,1,0,1,8,0,0,45,0,0,0,0,0,1,2,3
,2022-44496,-104.9732337,39.76451237,11/12/2022 6:30,6:30,5,0,0,E BRUCE RANDOLPH AVE & N DOWNING ST,1,2,0,0,3,1,0,0,25,0,0,0,0,0,4,1,16
,2022-44497,-105.0043198,39.76094363,12/5/2022 17:48,17:48,12,0,0,I-25 & 20TH ST,1,3,0,0,1,4,0,0,55,0,0,0,0,0,1,3,1
,2022-44499,-104.9406143,39.73828662,11/27/2022 1:27,1:27,3,0,0,N COLORADO BLVD & E 14TH AVE,1,3,0,0,1,1,0,0,30,0,0,0,0,0,4,3,16
,2022-44500,-105.0333899,39.74034205,11/26/2022 21:25,21:25,3,0,1,W COLFAX AVE & N KING ST,1,3,0,0,1,2,0,0,,0,0,0,0,2,2,2,16
,2022-44502,-104.9797352,39.74934527,12/5/2022 8:46,8:46,16,0,0,305 PARK AVE W & nan,1,3,0,1,5,7,0,0,,0,0,0,0,0,3,2,16
,2022-44505,-105.0814213,39.66773287,12/5/2022 11:51,11:51,12,0,0,S WADSWORTH BLVD & W YALE AVE,1,1,0,0,1,3,0,0,40,0,0,0,0,0,2,2,3
,2022-44506,-104.9730083,39.73687654,12/4/2022 12:19,12:19,10,0,0,N DOWNING ST & E 13TH AVE,1,1,0,0,1,1,0,0,30,0,0,0,0,0,4,2,8
,2022-44507,-105.0252329,39.76331358,12/5/2022 7:30,7:30,12,0,1,N FEDERAL BLVD & W HIGHLAND PARK PL,1,1,0,0,1,3,0,0,35,0,0,0,0,1,2,4,1
,2022-44524,-104.9408883,39.68009485,12/2/2022 17:06,17:06,12,0,0,S COLORADO BLVD & E BUCHTEL BLVD,1,3,3,0,1,1,0,0,40,0,0,0,0,0,4,2,13
,2022-44528,-104.6929573,39.83185362,12/2/2022 23:42,23:42,12,0,0,E 75TH AVE & JACKSON GAP ST,1,3,0,0,1,3,0,0,35,0,0,0,0,0,4,2,1
,2022-44532,-105.0251716,39.71123825,10/25/2022 19:21,19:21,1,0,0,S FEDERAL BLVD & W ALAMEDA AVE,1,3,0,0,1,1,0,0,35,0,0,0,0,0,2,2,14
,2022-44542,-104.9973249,39.75844192,12/2/2022 6:20,6:20,11,0,1,W 29TH AVE & N HURON ST,1,4,0,0,1,4,0,0,0,0,1,0,0,1,4,1,16
,2022-44545,-104.7865222,39.79729204,12/4/2022 18:00,18:00,12,0,0,PENA BLVD & 56TH AVE (APPROX),1,3,0,0,1,4,0,0,65,0,0,0,0,0,4,2,16
,2022-44584,-105.0158746,39.77287486,12/5/2022 15:05,15:05,6,0,0,N ZUNI ST & W 41ST AVE,1,1,0,0,1,3,0,0,,0,0,0,0,0,4,2,16
,2022-44591,-104.9264412,39.65310588,12/5/2022 8:29,8:29,12,0,0,E HAMPDEN AVE & S GLENCOE ST,1,1,1,0,1,3,0,0,35,0,0,0,0,0,2,2,3
,2022-44593,-105.034643,39.76954783,12/6/2022 18:39,18:39,12,0,0,3545 W 38TH AVE & N LOWELL BLVD,1,3,0,7,1,4,0,0,,0,0,0,0,0,4,2,16
,2022-44594,-104.9552599,39.71939866,12/6/2022 17:15,17:15,12,0,0,E 2ND AVE & N CLAYTON ST,1,3,0,0,1,1,0,0,25,0,0,0,0,0,4,2,13
,2022-44595,-105.0081018,39.75739251,12/6/2022 13:27,13:27,11,0,1,PLATTE ST & 16TH ST,1,1,0,0,1,1,0,0,30,0,1,0,0,3,4,1,11
,2022-44596,-104.8827892,39.77711852,11/30/2022 17:49,17:49,12,0,0,I-70 & N CENTRAL PARK BLVD,1,3,0,0,1,4,0,0,55,0,0,0,0,0,1,2,13
,2022-44597,-105.0492589,39.71135867,12/6/2022 18:14,18:14,12,0,0,W ALAMEDA AVE & 4800 BLK,1,3,0,0,1,4,0,0,35,0,0,0,0,0,2,2,6
,2022-44602,-104.8844478,39.79828959,12/5/2022 16:20,16:20,3,0,0,E 56TH AVE & N CENTRAL PARK BLVD,1,1,1,0,1,2,0,0,40,0,0,0,0,0,4,2,11
,2022-44603,-105.0236036,39.76321471,12/6/2022 8:50,8:50,3,0,0,N ELIOT ST & W 33RD AVE,1,1,0,0,1,1,0,0,25,0,0,0,0,0,4,2,1
,2022-44605,-105.0001921,39.72732012,12/6/2022 13:18,13:18,3,0,0,N KALAMATH ST & W 7TH AVE,1,1,0,0,1,1,0,0,30,0,0,0,0,0,4,2,16
,2022-44606,-105.0532641,39.67534413,12/6/2022 15:42,15:42,5,0,0,2310 S SHERIDAN BLVD & W WARREN AVE,1,1,1,0,3,4,0,0,40,0,0,0,0,0,2,2,11
,2022-44607,-104.8928951,39.71131933,12/6/2022 7:39,7:39,12,0,1,E ALAMEDA AVE & 8500 BLK,1,1,0,0,1,4,0,0,40,0,0,0,0,1,4,2,11
,2022-44608,-104.9406299,39.72434427,12/6/2022 15:23,15:23,3,0,0,N COLORADO BLVD & E 5TH AVE,1,1,1,0,1,1,0,0,35,0,0,0,0,0,2,2,14
,2022-44610,-104.9222934,39.77844359,12/5/2022 17:21,17:21,12,0,0,I-70 & N HOLLY ST,1,3,1,0,1,4,0,0,55,0,0,0,0,0,1,2,8
,2022-44611,-104.8742497,39.75984163,12/5/2022 16:30,16:30,6,0,0,N EMPORIA ST & E MLK BLVD,1,3,0,0,1,3,0,0,20,0,0,0,0,0,4,2,16
,2022-44614,-104.8470268,39.77666603,12/5/2022 13:00,13:00,1,0,0,N PEORIA ST & E 44TH AVE,1,1,0,0,1,2,0,0,35,0,0,0,0,0,4,2,11
,2022-44615,-104.9985768,39.72413112,12/6/2022 13:34,13:34,3,0,0,W 5TH AVE & N SANTA FE DR,1,1,0,0,1,1,0,0,25,0,0,0,0,0,4,2,12
,2022-44625,-104.9850815,39.69479113,12/5/2022 14:00,14:00,6,0,0,S SHERMAN ST & E ARIZONA AVE,1,1,0,0,1,1,0,0,,0,0,0,0,0,4,2,16
,2022-44635,-104.9317115,39.76184035,11/19/2022 9:21,9:21,12,0,0,E MLK BLVD & N DAHLIA ST,1,1,0,0,1,3,0,0,35,0,0,0,0,0,4,3,16
,2022-44636,-105.0001485,39.72570812,10/11/2022 8:52,8:52,11,0,1,N KALAMATH ST & W 6TH AVE,1,1,0,0,1,1,0,0,35,0,1,0,0,3,4,1,14
,2022-44637,-104.9804195,39.78185163,7/30/2022 10:20,10:20,15,0,0,E 47TH AVE & N WASHINGTON ST,1,1,3,0,6,4,0,0,35,0,0,0,0,0,4,2,1
,2022-44641,-105.0532447,39.78369116,12/6/2022 10:08,10:08,12,0,0,I-70 & N SHERIDAN BLVD,1,1,0,0,1,4,0,0,55,0,0,0,0,0,1,2,10
,2022-44643,-105.0531386,39.65480208,12/6/2022 7:50,7:50,12,0,0,S SHERIDAN BLVD & 3100 BLK,1,1,0,0,1,3,0,0,40,0,0,0,0,0,2,2,11
,2022-44644,-105.0672882,39.66266131,12/6/2022 12:58,12:58,6,0,0,2866 S LAMAR ST & W BATES AVE,1,1,0,0,1,4,0,0,25,0,0,0,0,0,4,2,3
,2022-44646,-104.9964481,39.74001536,12/5/2022 17:00,17:00,1,0,0,W COLFAX AVE & N GALAPAGO ST,1,1,0,5,1,1,0,0,30,0,0,0,0,0,2,2,1
,2022-44648,-105.0510457,39.71138215,12/6/2022 18:14,18:14,15,0,1,W ALAMEDA AVE & S YATES ST,1,3,0,0,1,1,0,0,35,0,0,0,0,1,2,2,13
,2022-44653,-104.9792409,39.71291531,12/5/2022 16:00,16:00,6,0,0,E CEDAR AVE & S WASHINGTON ST,1,1,0,0,1,1,0,0,25,0,0,0,0,0,4,2,3
,2022-44654,-104.9293194,39.71118775,11/17/2022 9:13,9:13,3,0,1,S ELM ST & E ALAMEDA AVE,4,1,0,0,1,1,0,0,35,0,0,0,0,1,4,2,16
,2022-44655,-105.0250858,39.70577353,12/6/2022 8:34,8:34,15,0,0,FEDERAL BLVD & 500 BLK S,1,1,0,0,1,4,0,0,35,0,0,0,0,0,2,2,13
,2022-44656,-105.0156956,39.67868382,12/5/2022 9:30,9:30,12,0,0,W EVANS AVE & S ZUNI ST,1,1,0,0,1,3,0,0,,0,0,0,0,0,4,3,16
,2022-44657,-104.8173968,39.77832697,12/5/2022 17:15,17:15,2,0,0,N EUGENE WY & 46TH AVE,1,2,0,0,1,1,0,0,25,1,0,0,0,0,4,1,16
,2022-44662,-104.77202,39.81824702,12/5/2022 18:00,18:00,1,0,0,N TOWER RD & E 67TH AVE,1,3,0,0,1,1,0,0,40,0,0,0,0,0,4,2,2
,2022-44664,-104.8473682,39.76963143,12/5/2022 2:11,2:11,5,0,0,N PEORIA ST & E 38TH AVE,1,3,0,0,6,3,0,0,35,0,0,0,0,0,4,1,14
,2022-44667,-104.8937273,39.65448452,10/28/2022 8:30,8:30,15,0,0,E GIRARD AVE & S ULSTER ST,1,1,0,0,1,3,0,0,25,0,0,0,0,0,4,3,3
,2022-44669,-104.8827732,39.774374,12/6/2022 6:10,6:10,12,0,0,N CENTRAL PARK BLVD & 4000 BLK,1,2,0,0,1,3,0,0,40,0,0,0,0,0,4,2,11
,2022-44672,-104.9754257,39.77296274,12/5/2022 11:15,11:15,3,0,0,N BRIGHTON BLVD & 38TH ST,1,1,0,0,1,1,0,0,30,0,0,0,0,0,4,2,11
,2022-44675,-105.0169146,39.71117354,12/6/2022 5:40,5:40,3,0,0,S ALCOTT ST & W ALAMEDA AVE,1,2,0,0,1,1,0,0,25,0,0,0,0,0,2,2,11
,2022-44677,-104.9986423,39.73155034,12/5/2022 9:07,9:07,15,0,1,N SANTA FE DR & W 10TH AVE,1,1,0,0,1,4,0,0,25,0,0,0,0,2,4,2,1
,2022-44678,-104.9405458,39.68291817,12/5/2022 17:15,17:15,12,0,1,I-25 & S COLORADO BLVD (APPROX),1,3,1,0,1,4,0,0,60,0,0,0,0,1,1,3,13
,2022-44679,-104.9315418,39.73648792,12/6/2022 8:36,8:36,10,0,0,E 13TH AVE & N DAHLIA ST,1,1,0,0,1,1,0,0,30,0,0,0,0,0,4,2,8
,2022-44680,-104.8848747,39.65102864,11/2/2022 17:06,17:06,12,0,0,E JEFFERSON AVE & S YOSEMITE ST,1,1,0,0,1,3,0,0,30,0,0,0,0,0,4,2,16
,2022-44686,-104.9697793,39.7797642,12/6/2022 18:23,18:23,12,0,0,I-70 & WB ENT GORE PT FROM N BRIGHTON BLVD,1,3,1,0,1,14,0,0,65,0,0,0,0,0,1,2,16
,2022-44688,-104.9828866,39.75106775,12/5/2022 16:18,16:18,3,0,3,PARK AVE W & WELTON ST,1,2,0,0,1,1,0,0,30,0,0,0,0,3,4,3,13
,2022-44693,-104.9124339,39.74377164,12/5/2022 8:41,8:41,3,0,0,E 17TH AVE & N MONACO ST,1,1,0,0,1,1,0,0,30,0,0,0,0,0,4,2,10
,2022-44695,-104.9875608,39.70581269,12/6/2022 6:56,6:56,6,0,0,S BROADWAY ST & E CENTER AVE,1,2,0,0,1,3,0,1,35,0,0,0,0,0,4,2,2
,2022-44696,-104.7721171,39.7983921,10/31/2022 6:05,6:05,3,0,2,E 56TH AVE & N TOWER RD,1,2,0,0,1,1,0,0,40,0,0,0,0,3,4,2,16
,2022-44697,-105.0252106,39.78746439,12/5/2022 22:02,22:02,1,0,0,W REGIS BLVD & N FEDERAL BLVD,1,3,0,0,1,1,0,0,30,0,0,0,0,0,2,2,7
,2022-44699,-104.952545,39.78018227,12/6/2022 9:02,9:02,15,0,0,I-70 & WB ON RAMP MERGE PT FROM N VASQUEZ AVE,1,1,0,0,1,14,0,0,,0,0,0,0,0,1,2,1
,2022-44701,-104.9104233,39.76182258,12/1/2022 16:25,16:25,12,0,0,E MLK BLVD & N NIAGARA ST,1,2,0,0,1,4,0,0,35,0,0,0,0,0,4,2,3
,2022-44703,-104.8904752,39.76521769,12/5/2022 11:30,11:30,12,0,0,N CENTRAL PARK BLVD & E 35TH AVE,1,1,0,0,1,4,0,0,30,0,0,0,0,0,4,2,16
,2022-44713,-105.0266347,39.71338685,12/6/2022 15:00,15:00,6,0,0,3101 W CEDAR AVE & S GROVE ST,1,1,0,0,1,4,0,0,25,0,0,0,0,0,4,2,11
,2022-44716,-104.9965605,39.70666643,10/23/2022 6:01,6:01,5,0,2,I-25 & S SANTA FE DR (APPROX),1,4,1,0,2,4,0,0,55,0,0,0,0,3,1,3,16
,2022-44721,-104.987569,39.67927472,12/6/2022 14:16,14:16,12,0,0,S BROADWAY ST & W EVANS AVE,1,1,0,0,1,3,0,0,35,0,0,0,0,0,4,2,16
,2022-44735,-104.9968955,39.7384608,12/6/2022 19:22,19:22,3,0,0,W 14TH AVE & SPEER BLVD NB,1,3,0,0,1,1,0,0,35,0,0,0,0,0,4,2,13
,2022-44802,-104.836122,39.79479151,10/16/2022 0:23,0:23,6,0,0,5543 N TULSA WY & N UVALDA ST,1,3,0,0,1,4,0,0,30,0,0,0,0,0,4,4,12
,2022-44804,-105.0518986,39.74029859,10/20/2022 13:06,13:06,15,0,0,5000 BLK W COLFAX AVE & N ZENOBIA ST,1,1,0,0,1,4,0,0,35,0,0,0,0,0,2,2,16
,2022-44806,-104.9791279,39.72047432,12/7/2022 13:23,13:23,3,0,0,E SPEER BLVD NB & N WASHINGTON ST,1,1,0,0,1,1,0,0,35,0,0,0,0,0,4,2,3
,2022-44809,-104.7688004,39.77988027,11/29/2022 8:43,8:43,6,0,0,N ANDES WAY & E 46TH PL,4,1,0,2,1,3,0,0,15,0,0,0,0,0,4,2,7
,2022-44814,-104.9875841,39.67128793,12/6/2022 13:30,13:30,12,0,0,S BROADWAY ST & E HARVARD AVE,1,1,0,0,1,3,0,0,30,0,0,0,0,0,4,3,3
,2022-44815,-105.0038982,39.71118406,12/7/2022 9:04,9:04,14,0,0,S NAVAJO ST & W ALAMEDA AVE,1,1,0,0,1,1,0,0,25,0,0,0,0,0,2,2,11
,2022-44818,-104.9413252,39.74376008,12/7/2022 7:52,7:52,1,0,1,E 17TH AVE & N COLORADO BLVD,1,1,0,0,1,1,0,0,30,0,0,0,0,2,2,2,11
,2022-44819,-104.9887042,39.7559588,12/7/2022 1:04,1:04,5,0,1,LARIMER ST & PARK AVE W,1,3,0,0,2,4,0,0,30,0,0,0,0,2,4,1,16
,2022-44822,-104.9842992,39.76705782,12/7/2022 7:57,7:57,3,0,0,ARKINS CT & 31ST ST,1,1,0,0,1,1,0,0,30,0,0,0,0,0,4,2,11
,2022-44824,-104.940493,39.78002816,11/30/2022 9:23,9:23,15,0,0,N COLORADO BLVD & I-70 EB ON RAMP,1,1,0,0,1,3,0,0,45,0,0,0,0,0,2,2,16
,2022-44827,-105.0532627,39.67402576,12/6/2022 18:57,18:57,12,0,0,S SHERIDAN BLVD & W HARVARD AVE (APPROX),1,3,0,0,1,4,0,0,35,0,0,0,0,0,2,2,13
,2022-44828,-105.0252229,39.74757771,12/7/2022 15:33,15:33,15,0,0,N FEDERAL BLVD & W 20TH AVE,1,1,0,0,1,1,0,0,35,0,0,0,0,0,2,2,16
,2022-44830,-104.9405114,39.7618025,12/6/2022 21:01,21:01,1,0,0,E MLK BLVD & N COLORADO BLVD,1,3,0,0,1,1,0,0,35,0,0,0,0,0,2,2,14
,2022-44835,-104.9449743,39.711492,12/6/2022 17:00,17:00,3,0,0,S MONROE ST & E ALAMEDA AVE,1,1,0,5,1,1,0,0,25,0,0,0,0,0,4,2,3
,2022-44836,-104.9736824,39.77961342,12/7/2022 11:25,11:25,12,0,0,I-70 & WASHINGTON ST EXIT GORE PT,1,1,0,0,1,4,0,0,55,0,0,0,0,0,1,3,7
,2022-44840,-104.9261925,39.65310618,12/6/2022 15:30,15:30,12,0,0,E HAMPDEN AVE & S GLENCOE ST,1,1,0,0,1,3,0,0,35,0,0,0,0,0,2,2,3
,2022-44845,-104.9791463,39.7797555,12/7/2022 17:44,17:44,12,0,0,I-70 & N WASHINGTON ST (APPROX),1,1,0,0,1,4,0,0,55,0,0,0,0,0,1,2,16