id,drcog_id,longitude,latitude,crashtime,time,crashtype,numbkilled,numbinjurd,drcoglocat,rdconditin,lightngcon,roadcntgrd,weatherco,location,roaddescrp,schoolzone,constrzone,splimit,bikeinv,pedinv,sctrinv,motoinv,svrty,rdsystem,ttlvehcls,hcf
,2022-44851,-104.9261925,39.65310618,12/6/2022 14:45,14:45,12,0,1,E HAMPDEN AVE & S GLENCOE ST,1,1,0,0,1,1,0,0,35,0,0,0,0,2,2,3,3
,2022-44853,-104.8831423,39.77621731,12/6/2022 8:57,8:57,12,0,0,I-270/I-70 EB OFF RAMP & N CENTRAL PARK BLVD,1,1,1,0,1,8,0,0,35,0,0,0,0,0,1,2,12
,2022-44854,-104.9889753,39.77795958,12/7/2022 5:23,5:23,15,0,0,I-25 & NB OFF RAMP TO EB I-70 SPLIT,1,3,0,0,1,8,0,0,45,0,0,0,0,0,1,2,1
,2022-44857,-104.876107,39.79042063,12/7/2022 17:15,17:15,3,0,1,E PRAIRIE MEADOW DR & N DALLAS ST,1,3,0,0,1,1,0,0,30,0,0,0,0,1,4,2,13
,2022-44864,-104.9617198,39.67841074,12/7/2022 14:47,14:47,12,0,0,E EVANS AVE & 2100 BLK,1,1,0,0,1,4,0,1,35,0,0,0,0,0,4,3,16
,2022-44873,-104.9805149,39.76228162,12/7/2022 16:26,16:26,3,0,0,30TH ST & LARIMER ST,1,2,1,0,1,1,0,0,25,0,0,0,0,0,4,2,7
,2022-44876,-104.9694401,39.72557353,12/7/2022 7:43,7:43,6,0,0,E 6TH AVE & 1400 BLK,1,1,0,1,1,4,0,0,30,0,0,0,0,0,4,2,16
,2022-44877,-105.0252039,39.78602392,12/7/2022 17:38,17:38,15,0,0,N FEDERAL BLVD & W 49TH AVE,1,3,0,0,1,4,0,0,,0,0,0,0,0,2,2,16
,2022-44884,-104.9979714,39.75146902,12/7/2022 9:00,9:00,12,0,0,BLAKE ST & 17TH ST,1,1,0,0,1,3,0,0,25,0,0,0,0,0,4,2,3
,2022-44886,-104.9402638,39.68351993,12/7/2022 17:08,17:08,15,0,0,I-25 NB OFF RAMP & S COLORADO BLVD,1,3,1,0,1,8,0,0,40,0,0,0,0,0,1,2,13
,2022-44889,-104.833819,39.77286982,12/7/2022 17:15,17:15,12,0,1,I-70 & I-225 SB OFF RAMP MERGE PT,1,3,0,0,1,4,0,0,55,0,0,0,0,1,1,4,11
,2022-44890,-105.0268428,39.75966352,12/6/2022 23:26,23:26,6,0,0,N GROVE ST & 2900 BLK,1,3,0,0,1,4,0,0,25,0,0,0,0,0,4,2,10
,2022-44897,-104.9696788,39.74001338,12/6/2022 16:44,16:44,3,0,1,E COLFAX AVE & N HUMBOLDT ST,1,3,0,0,1,1,0,0,40,0,0,0,0,2,2,2,1
,2022-44898,-104.8940164,39.74008287,11/29/2022 15:55,15:55,15,0,1,E COLFAX AVE & N ULSTER ST,11,1,0,0,1,1,0,0,,0,0,0,0,2,2,2,16
,2022-44905,-104.9729354,39.72907354,12/6/2022 15:44,15:44,3,0,0,N DOWNING ST/N MARION ST ALLEY & E 8TH AVE,1,2,0,0,1,1,0,0,15,0,0,0,0,0,4,2,8
,2022-44907,-104.715473,39.83796272,12/7/2022 10:53,10:53,5,0,1,GUN CLUB RD & 78TH AVE,1,1,0,0,4,1,0,0,25,0,0,0,0,2,4,1,16
,2022-44908,-104.9989174,39.7402176,12/7/2022 9:52,9:52,12,0,1,N SPEER BLVD & W COLFAX AVE,1,1,0,0,1,4,0,0,35,0,0,0,0,1,2,3,13
,2022-44909,-104.9080947,39.67845635,12/7/2022 10:08,10:08,1,0,0,E EVANS AVE & S ONEIDA ST,1,1,0,0,1,1,0,0,35,0,0,0,0,0,4,2,13
,2022-44910,-104.9684242,39.76061166,12/6/2022 1:26,1:26,6,0,0,N FRANKLIN ST & E 31ST AVE,1,3,0,0,1,4,0,0,30,0,0,0,0,0,4,2,1
,2022-44911,-104.9782782,39.79025355,12/7/2022 8:14,8:14,12,0,1,N WASHINGTON ST & 5100 BLK,1,1,0,0,1,4,0,0,35,0,0,0,0,1,4,3,13
,2022-44912,-104.9934184,39.75365463,12/6/2022 21:40,21:40,12,0,0,1946 MARKET ST & 20TH ST,1,3,0,0,1,4,0,0,30,0,0,0,0,0,4,2,13
,2022-44919,-104.9508283,39.67841354,11/18/2022 9:47,9:47,15,0,0,E EVANS AVE & S ST PAUL ST,5,1,3,0,1,1,0,0,30,0,0,0,0,0,4,3,16
,2022-44920,-105.01821,39.72931409,12/7/2022 14:19,14:19,15,0,0,W 8TH AVE & 2400 BLK,1,1,0,0,1,4,0,0,35,0,0,0,0,0,2,2,13
,2022-44923,-105.0158892,39.72932427,12/6/2022 7:37,7:37,1,0,0,1105 N ZUNI ST & W 8TH AVE,1,1,0,0,1,2,0,0,,0,0,0,0,0,4,2,16
,2022-44925,-105.0158088,39.7307938,12/6/2022 23:10,23:10,5,0,1,I-25 OFF RAMP TO 8TH AVE & ZUNI ST,1,3,0,0,2,8,0,0,55,0,0,0,0,2,1,1,16
,2022-44926,-105.0166481,39.75114635,12/6/2022 8:00,8:00,15,0,0,I-25 & 23RD AVE,1,1,0,0,1,4,0,0,65,0,0,0,0,0,1,2,3
,2022-44927,-104.7904699,39.78363776,12/7/2022 8:52,8:52,3,0,0,E GVR BLVD & PENA BLVD,1,1,0,0,1,1,0,0,25,0,0,0,0,0,4,2,16
,2022-44934,-105.0251799,39.78422127,12/6/2022 21:15,21:15,1,0,0,N FEDERAL BLVD & I-70 EB RAMPS,1,3,0,0,1,1,0,0,35,0,0,0,0,0,2,2,10
,2022-44936,-104.9129466,39.67228906,12/6/2022 17:45,17:45,12,0,0,S MONACO ST & E DICKENSON PL,1,1,0,5,1,3,0,0,30,0,0,0,0,0,4,3,3
,2022-44937,-105.0049533,39.75008687,12/5/2022 11:38,11:38,11,0,1,N SPEER BLVD & CHOPPER CIR,1,1,0,0,1,1,0,0,35,0,0,1,0,1,4,1,13
,2022-44940,-104.9967957,39.70642408,12/6/2022 12:30,12:30,15,0,0,I-25 & S SANTA FE DR,1,1,0,0,1,4,0,0,65,0,0,0,0,0,1,2,11
,2022-44941,-105.1098919,39.63195229,12/7/2022 17:33,17:33,6,0,0,S KIPLING ST & S KIPLING CIR,1,3,0,0,1,1,0,0,40,0,0,0,0,0,2,2,1
,2022-44942,-104.904659,39.66763428,12/7/2022 8:26,8:26,12,0,1,E YALE AVE & S ONEIDA ST,1,1,1,0,1,4,0,0,30,0,0,0,0,1,4,3,16
,2022-44950,-104.8470104,39.78238809,12/7/2022 8:25,8:25,11,0,1,E 47TH AVE & N PEORIA ST,1,1,0,0,1,1,0,0,25,0,1,0,0,2,4,1,16
,2022-44952,-104.9873935,39.73685019,11/20/2022 7:36,7:36,12,0,0,E 13TH AVE & N BROADWAY ST,1,1,0,1,1,3,0,0,30,0,0,0,0,0,4,2,16
,2022-44955,-105.0092089,39.72194979,12/5/2022 10:01,10:01,12,0,0,I-25 & 6TH AVE NB EXIT GORE PT,1,1,1,0,1,14,0,0,55,0,0,0,0,0,1,2,16
,2022-44956,-104.9707899,39.76576087,11/17/2022 8:51,8:51,12,0,0,W 35TH AVE & 1400 BLK,9,1,1,2,1,4,0,0,25,0,0,0,0,0,4,3,16
,2022-44959,-104.9897843,39.74706645,12/3/2022 19:30,19:30,11,0,1,CALIFORNIA ST & 18TH ST,1,2,0,0,1,1,0,0,0,0,0,1,0,1,4,1,16
,2022-44960,-104.8097976,39.78374358,12/7/2022 18:40,18:40,12,0,0,N CHAMBERS RD & E GVR BLVD,1,3,0,0,1,3,0,0,35,0,0,0,0,0,4,2,7
,2022-44961,-104.8685019,39.79902025,12/7/2022 17:44,17:44,1,0,1,E 56TH AVE & N GALENA ST,1,3,0,0,1,1,0,0,45,0,0,0,0,1,4,2,1
,2022-44978,-105.0086681,39.74392799,11/10/2022 17:31,17:31,12,0,0,WALNUT ST & 7TH ST,1,3,0,0,1,1,0,0,35,0,0,0,0,0,4,2,13
,2022-45016,-104.9891814,39.7801983,12/8/2022 17:55,17:55,12,0,0,I-70 & I-25,1,3,0,0,1,4,0,0,60,0,0,0,0,0,1,2,13
,2022-45018,-104.9035132,39.70209354,12/8/2022 8:06,8:06,12,0,1,825 S QUEBEC ST & LEETSDALE DR,1,1,0,0,1,4,0,0,35,0,0,0,0,1,4,2,16
,2022-45019,-104.9862383,39.71835466,12/8/2022 13:35,13:35,15,0,0,E 1ST AVE & N LINCOLN ST,1,1,0,0,1,3,0,0,30,0,0,0,0,0,4,2,13
,2022-45020,-104.9406224,39.71156102,12/8/2022 7:43,7:43,2,0,0,E ALAMEDA AVE & S COLORADO BLVD,1,1,0,0,1,1,0,0,0,1,0,0,0,0,2,1,16
,2022-45022,-104.903401,39.77822316,12/2/2022 19:29,19:29,15,0,0,QUEBEC ST & I-70,1,3,3,0,1,3,0,0,45,0,0,0,0,0,2,2,16
,2022-45024,-105.014974,39.73492485,12/8/2022 10:07,10:07,5,0,1,I-25 & W COLFAX AVE NB OFF RAMP GORE PT,1,1,1,0,2,14,0,0,55,0,0,0,0,2,1,1,1
,2022-45025,-105.0118472,39.75506056,12/5/2022 17:33,17:33,12,0,0,N SPEER BLVD & I-25,1,2,0,0,1,14,0,0,30,0,0,0,0,0,1,2,3
,2022-45026,-105.0047562,39.76115807,12/8/2022 18:27,18:27,12,0,0,I-25 & 20TH ST,1,3,3,0,1,4,0,0,55,0,0,0,0,0,1,2,1
,2022-45027,-104.9546275,39.72104688,12/8/2022 12:36,12:36,3,0,0,N DETROIT ST & E 3RD ST,1,1,0,0,1,1,0,0,25,0,0,0,0,0,4,2,13
,2022-45029,-104.9203077,39.71119739,12/6/2022 6:57,6:57,15,0,1,E ALAMEDA AVE & S JERSEY ST,1,1,0,0,1,3,0,0,35,0,0,0,0,1,4,2,16
,2022-45030,-104.9246094,39.73921353,12/8/2022 13:25,13:25,6,0,1,N GRAPE ST & 1400 BLK,1,1,0,0,1,4,0,0,35,0,0,0,0,1,4,4,12
,2022-45031,-104.965166,39.71111542,12/7/2022 17:35,17:35,12,0,0,E ALAMEDA AVE & S HIGH ST,1,1,0,0,1,3,0,0,30,0,0,0,0,0,4,2,12
,2022-45032,-104.9967957,39.70642408,12/8/2022 8:07,8:07,5,0,1,I-25 & S SANTA FE,1,1,1,0,3,4,0,0,55,0,0,0,0,1,1,1,11
,2022-45035,-104.9787358,39.74167128,11/20/2022 23:16,23:16,3,0,2,E 16TH AVE & N WASHINGTON ST,1,3,0,0,1,1,0,0,30,0,0,0,0,2,4,2,1
,2022-45037,-104.9823271,39.74003028,11/20/2022 23:14,23:14,1,0,1,E COLFAX AVE & N LOGAN ST,1,3,0,0,1,1,0,0,30,0,0,0,0,2,2,2,13
,2022-45038,-105.0141494,39.74044681,11/5/2022 2:14,2:14,5,0,0,I-25 SB ON RAMP & W COLFAX AVE,1,3,1,0,3,8,0,0,30,0,0,0,0,0,1,1,16
,2022-45042,-104.9941176,39.73764355,12/8/2022 9:41,9:41,6,0,0,N ELATI ST & 1300 BLK,1,1,0,1,1,4,0,0,25,0,0,0,0,0,4,2,16
,2022-45043,-104.9986095,39.72863102,10/8/2022 16:43,16:43,12,0,1,SANTA FE DR & W 8TH AVE,1,1,0,0,1,3,0,0,30,0,0,0,0,1,2,2,13
,2022-45050,-104.9593168,39.71742336,12/8/2022 7:53,7:53,12,0,1,N UNIVERSITY BLVD & E 1ST AVE,1,1,0,0,1,4,0,0,35,0,0,0,0,1,4,2,16
,2022-45051,-105.0517941,39.72541611,12/7/2022 14:31,14:31,12,0,0,W 6TH AVE & N SHERIDAN BLVD (APPROX),1,1,0,0,1,4,0,0,55,0,0,0,0,0,2,2,13
,2022-45053,-104.7788864,39.83061992,11/11/2022 14:58,14:58,12,0,0,PENA BLVD & 7500 BLK,1,1,0,0,1,4,0,0,65,0,0,0,0,0,4,2,1
,2022-45060,-104.9449743,39.711492,12/8/2022 17:13,17:13,3,0,0,S MONROE ST & E ALAMEDA AVE,1,3,0,0,1,1,0,0,25,0,0,0,0,0,4,2,11
,2022-45061,-104.9500291,39.69476517,12/7/2022 11:10,11:10,3,0,2,E ARIZONA AVE & S STEELE ST,1,1,0,0,1,1,0,0,25,0,0,0,0,1,4,2,16
,2022-45063,-105.0251716,39.71123825,12/8/2022 8:48,8:48,12,0,1,S FEDERAL BLVD & W ALAMEDA AVE,1,1,1,0,1,3,0,0,40,0,0,0,0,1,2,3,3
,2022-45067,-104.8800296,39.7770355,12/8/2022 6:59,6:59,15,0,0,I-70 & DIRECT CONNECT RAMP MERGE PT TO I-270,1,1,0,0,1,14,0,0,55,0,0,0,0,0,1,2,7
,2022-45069,-104.9407883,39.74193339,12/8/2022 12:14,12:14,10,0,1,N COLORADO BLVD & E 16TH AVE,1,1,0,0,1,3,0,0,35,0,0,0,0,2,2,2,11
,2022-45074,-104.8931848,39.7133661,12/8/2022 9:07,9:07,1,0,1,E FAIRMOUNT DR & E CEDAR PL,1,1,0,0,1,1,0,0,35,0,0,0,0,1,4,2,11
,2022-45075,-104.9597801,39.74243351,12/8/2022 7:59,7:59,15,0,0,N YORK ST & 1600 BLK,1,1,0,0,1,3,0,0,30,0,0,0,0,0,4,2,1
,2022-45076,-104.9709051,39.7432406,12/8/2022 9:15,9:15,15,0,0,E 17TH AVE & N LAFAYETTE ST,1,1,0,0,1,1,0,0,30,0,0,0,0,0,4,2,8
,2022-45077,-104.9067402,39.71119822,12/8/2022 16:10,16:10,15,0,0,E ALAMEDA AVE & S OLIVE WY,1,2,0,0,1,4,0,0,35,0,0,0,0,0,4,2,13
,2022-45080,-104.9796899,39.71832107,12/8/2022 8:33,8:33,3,0,0,N PEARL ST/N WASHINGTON ST ALLEY & E 1ST AVE,1,1,0,0,1,1,0,0,25,0,0,0,0,0,4,2,11
,2022-45086,-105.0064226,39.78545131,12/8/2022 15:36,15:36,1,0,0,N PECOS ST & W DIXIE PL,1,1,0,0,1,1,0,0,30,0,0,0,0,0,4,2,13
,2022-45087,-104.989791,39.78373179,12/8/2022 7:49,7:49,12,0,0,I-25 SB EXIT RAMP TO I-70 & I-70 RAMP SPLIT,1,1,0,0,1,8,0,0,45,0,0,0,0,0,1,4,1
,2022-45088,-105.0063779,39.76805484,12/8/2022 19:30,19:30,6,0,0,1623 W 37TH AVE & N PECOS ST,1,3,0,0,1,4,0,0,,0,0,0,0,0,4,2,16
,2022-45089,-104.9021513,39.78137667,12/8/2022 7:47,7:47,12,0,0,N QUEBEC ST & N SAND CREEK RD,1,1,0,0,1,1,0,0,35,0,0,0,0,0,2,2,3
,2022-45092,-105.0227052,39.70806368,11/4/2022 21:41,21:41,6,0,0,S DECATUR ST & W VIRGINIA AVE,1,4,0,0,1,4,0,0,25,0,0,0,0,0,4,2,16
,2022-45094,-104.9904381,39.74383982,10/15/2022 1:49,1:49,5,0,0,GLENARM PL & 16TH ST,1,3,0,0,1,3,0,0,20,0,0,0,0,0,4,1,11
,2022-45097,-104.903422,39.77822311,12/8/2022 17:43,17:43,12,0,0,I-70 & QUEBEC ST (APPROX),1,3,0,0,1,13,0,0,55,0,0,0,0,0,1,2,13
,2022-45099,-105.0911224,39.6169589,12/9/2022 14:25,14:25,12,0,1,S WADSWORTH BLVD & W CRESTLINE AVE (APPROX),1,1,0,0,1,4,0,0,,0,0,0,0,1,2,2,16
,2022-45100,-104.9473743,39.71940566,12/9/2022 19:37,19:37,3,0,0,E 2ND AVE & N COOK ST,1,3,0,0,1,1,0,0,25,0,0,0,0,0,4,2,16
,2022-45101,-104.8658148,39.77291353,12/9/2022 8:01,8:01,3,0,0,E 40TH AVE & 9900 BLK,1,1,0,0,1,2,0,0,35,0,0,0,0,0,4,2,11
,2022-45102,-104.6726871,39.84964693,12/9/2022 15:16,15:16,6,0,0,8400 BLK PENA BLVD & DOOR 611,1,1,0,0,5,4,0,0,15,0,1,0,0,0,2,2,11
,2022-45104,-105.0062798,39.68946487,12/9/2022 12:27,12:27,15,0,0,W FLORIDA AVE & 1600 BLK,1,1,0,0,1,4,0,0,30,0,0,0,0,0,4,2,14
,2022-45105,-105.0090973,39.72185949,12/9/2022 10:29,10:29,12,0,0,I-25 & NB EXIT GORE PT TO W 6TH AVE,1,1,1,0,1,14,0,0,55,0,0,0,0,0,1,2,13
,2022-45107,-104.9991195,39.71120695,12/9/2022 22:20,22:20,12,0,0,I-25 & W ALAMEDA AVE (APPROX),1,3,0,0,1,4,0,0,55,0,0,0,0,0,1,2,16
,2022-45108,-104.9863905,39.70947361,12/8/2022 17:45,17:45,15,0,0,S LINCOLN ST & 300 BLK,1,3,1,0,1,4,0,0,,0,0,0,0,0,4,2,16
,2022-45109,-104.9105722,39.76176763,12/9/2022 8:25,8:25,3,0,0,N NIAGARA ST & E MLK BLVD,1,1,0,0,1,1,0,0,25,0,0,0,0,0,4,2,13
,2022-45110,-104.9994024,39.74226835,12/9/2022 2:26,2:26,12,0,1,CHAMPA ST & N SPEER BLVD,1,3,0,0,1,3,0,0,35,0,0,0,0,2,4,3,16
,2022-45111,-105.0252313,39.76925953,12/9/2022 10:49,10:49,3,0,0,W 38TH AVE & N FEDERAL BLVD,1,1,0,0,1,1,0,0,35,0,0,0,0,0,2,2,13
,2022-45113,-104.9184326,39.67845717,12/9/2022 12:49,12:49,12,0,0,E EVANS AVE & S JASMINE ST,1,1,0,0,1,4,0,0,35,0,0,0,0,0,4,2,3
,2022-45118,-104.7721169,39.81276432,12/9/2022 7:55,7:55,1,0,1,E 64TH AVE & N TOWER RD,1,1,0,0,1,1,0,0,45,0,0,0,0,2,4,2,13
,2022-45125,-104.8942605,39.63535601,12/9/2022 14:00,14:00,12,0,1,I-225 & N TAMARAC ST,1,1,0,0,1,4,0,0,55,0,0,0,0,1,1,3,13
,2022-45130,-105.0156927,39.6823391,12/9/2022 6:30,6:30,3,0,0,S ZUNI ST & W JEWELL AVE,1,4,0,0,1,1,0,0,25,0,0,0,0,0,4,2,11
,2022-45131,-105.0261589,39.71816007,12/9/2022 1:59,1:59,6,0,1,W 1ST AVE & N GROVE ST,1,3,0,0,1,4,0,0,30,0,0,0,0,2,4,3,12
,2022-45132,-105.0252599,39.75000122,12/9/2022 14:08,14:08,12,0,0,N FEDERAL BLVD & 2100 BLK,1,1,0,0,1,4,0,0,30,0,0,0,0,0,2,3,13
,2022-45133,-104.9769392,39.69147542,12/9/2022 15:50,15:50,3,0,2,S EMERSON ST & E BUCHTEL BLVD,1,1,0,0,1,1,0,0,30,0,0,0,0,1,4,2,11
,2022-45139,-104.9730191,39.73840124,10/31/2022 13:00,13:00,15,0,0,E 14TH AVE & DOWNING ST,1,1,0,0,1,1,0,0,30,0,0,0,0,0,4,2,12
,2022-45141,-104.8102377,39.77165086,12/9/2022 15:53,15:53,12,0,0,I-70 WB ON RAMP & N CHAMBERS RD,1,1,1,0,1,8,0,0,55,0,0,0,0,0,1,2,3
,2022-45143,-104.9949588,39.76832199,12/8/2022 23:53,23:53,5,0,1,I-25 & PARK AVE W,1,3,0,0,2,4,0,0,55,0,0,0,0,1,1,1,2
,2022-45145,-105.0263379,39.71843452,12/8/2022 19:55,19:55,6,0,2,N GROVE ST & W 1ST AVE,1,3,0,0,1,4,0,0,25,0,1,0,0,2,4,2,14
,2022-45146,-104.9874355,39.72563832,12/8/2022 16:10,16:10,10,0,0,N BROADWAY ST & W 6TH AVE,1,1,0,0,1,1,0,0,30,0,0,0,0,0,4,2,8
,2022-45147,-105.032475,39.72509121,12/9/2022 7:39,7:39,12,0,0,W 6TH AVE S DR & N KNOX CT,1,1,1,0,1,1,0,0,55,0,0,0,0,0,2,2,16
,2022-45148,-104.8471382,39.79424259,12/9/2022 10:09,10:09,1,0,0,N PEORIA ST & E 54TH AVE,1,1,0,0,1,1,0,0,40,0,0,0,0,0,4,2,3
,2022-45153,-105.0042556,39.74814493,12/8/2022 17:00,17:00,15,0,0,AURARIA PKWY & 12TH ST,1,3,0,0,1,1,0,0,35,0,0,0,0,0,4,2,11
,2022-45156,-104.9090961,39.65303403,12/8/2022 17:32,17:32,1,0,1,E HAMPDEN AVE & S ONEIDA WY,1,3,0,0,1,1,0,0,40,0,0,0,0,2,2,2,7
,2022-45158,-104.8987475,39.73727355,12/9/2022 8:55,8:55,10,0,0,E 13TH AVE & N SYRACUSE ST,1,1,0,0,1,1,0,0,30,0,0,0,0,0,4,2,8
,2022-45159,-105.0332261,39.68221853,12/9/2022 13:50,13:50,3,0,1,S KING WY & W JEWELL AVE,1,1,0,0,1,1,0,0,25,0,0,0,0,1,4,2,11
,2022-45161,-105.0298057,39.67820074,12/9/2022 9:41,9:41,3,0,0,W EVANS AVE & S IRVING ST,1,1,0,0,1,1,0,0,30,0,0,0,0,0,4,2,16
,2022-45163,-104.9829928,39.75768341,12/8/2022 19:00,19:00,6,0,0,ARAPAHOE ST & 2600 BLK,1,1,0,0,1,4,0,0,35,0,0,0,0,0,4,2,11
,2022-45164,-104.847103,39.77338824,11/20/2022 17:00,17:00,15,0,1,I-70 EB OFF RAMP & N PEORIA ST,1,3,0,0,1,1,0,0,35,0,0,0,0,2,1,2,16
,2022-45165,-104.9033997,39.75597585,11/27/2022 23:27,23:27,1,0,0,N QUEBEC ST & E 28TH AVE,1,3,0,0,1,1,0,0,35,0,0,0,0,0,4,2,16
,2022-45166,-105.0239616,39.78733704,11/28/2022 8:03,8:03,6,0,0,N ELIOT ST & 50TH AVE,1,1,0,0,1,4,0,0,25,0,0,0,0,0,4,2,3
,2022-45167,-104.8829592,39.77728842,11/20/2022 8:37,8:37,6,0,0,I-70 & N CENTRAL PARK BLVD,1,1,0,0,1,4,0,0,55,0,0,0,0,0,1,2,14
,2022-45168,-104.9405996,39.75104031,11/30/2022 15:07,15:07,3,0,2,N COLORADO BLVD & E 23RD AVE,1,2,0,0,1,1,0,0,35,0,0,0,0,3,4,2,10
,2022-45170,-104.9874029,39.73045372,12/10/2022 2:28,2:28,12,0,1,N BROADWAY ST & E 9TH AVE,1,3,0,0,1,3,0,0,45,0,0,0,0,1,4,2,14
,2022-45171,-104.9955015,39.74396782,12/9/2022 20:23,20:23,6,0,0,STOUT ST & 14TH ST,1,3,0,0,1,4,0,0,25,0,0,0,0,0,4,3,14
,2022-45173,-104.9750769,39.74000415,12/1/2022 19:12,19:12,10,0,0,E COLFAX AVE & N OGDEN ST (NORTH),1,3,0,0,1,2,0,0,35,0,0,0,0,0,4,2,16
,2022-45174,-105.032475,39.72509121,12/10/2022 1:53,1:53,5,0,1,W 6TH AVE & S KNOX CT,1,4,0,0,2,4,0,0,55,0,0,0,0,1,2,1,13
,2022-45175,-104.8470302,39.77419185,12/10/2022 18:21,18:21,12,0,3,I-70 & N PEORIA ST,1,3,0,0,1,4,0,0,55,0,0,0,0,2,1,3,13
,2022-45176,-104.8660988,39.77583621,12/9/2022 15:00,15:00,15,0,5,I-70 & WB ON LOOP RAMP MERGE PT FROM N HAVANA ST,1,1,0,0,1,14,0,0,55,0,0,0,0,3,1,3,11
,2022-45177,-104.9823387,39.74326351,12/9/2022 20:51,20:51,6,0,1,E 17TH AVE & 400 BLK,1,3,0,0,1,4,0,0,40,0,0,0,0,1,4,3,14
,2022-45178,-104.9150524,39.73721815,11/5/2022 16:50,16:50,6,0,0,N LEYDEN ST & E 13TH AVE,1,1,0,6,1,4,0,0,25,0,0,0,0,0,4,2,10
,2022-45179,-105.0486781,39.73667433,11/17/2022 19:48,19:48,15,0,0,N WOLFF ST & W 13TH AVE,4,3,0,2,1,4,0,0,25,0,0,0,0,0,4,2,16
,2022-45180,-104.9377269,39.69295531,11/28/2022 0:15,0:15,6,0,0,E LOUISIANA AVE & S BELLAIRE ST,1,3,0,0,1,4,0,0,25,0,0,0,0,0,4,3,16
,2022-45181,-105.0250605,39.68949117,11/18/2022 20:48,20:48,3,0,0,W FLORIDA AVE & S FEDERAL BLVD,4,3,0,2,1,1,0,0,35,0,0,0,0,0,2,2,1
,2022-45182,-104.7396847,39.78252045,11/19/2022 23:42,23:42,6,0,0,21270 E 48TH PL & E 48TH DR,4,3,0,0,2,4,0,0,,0,0,0,0,0,4,2,16
,2022-45183,-104.9293194,39.71118775,11/6/2022 22:13,22:13,3,0,0,E ALAMEDA AVE & S ELM ST,1,3,0,0,1,1,0,0,,0,0,0,0,0,4,1,16
,2022-45184,-104.9777803,39.76576523,11/2/2022 17:36,17:36,1,0,0,WALNUT ST & 33RD ST,1,2,0,0,1,1,0,0,30,0,0,0,0,0,4,2,13
,2022-45185,-105.0238499,39.70569691,10/9/2022 17:00,17:00,6,0,0,W CENTER AVE & 2900 BLK,1,3,0,0,1,4,0,0,,0,0,0,0,0,4,2,16
,2022-45186,-105.0052827,39.76382349,6/13/2022 19:00,19:00,6,0,0,N OSAGE ST & 3300 BLK,14,5,0,7,1,4,0,0,25,0,0,0,0,0,4,2,16
,2022-45187,-105.0166215,39.73970211,10/29/2022 1:00,1:00,11,0,1,AURARIA PKWY RAMP & W COLFAX AVE,1,4,0,0,1,3,0,0,40,0,0,1,0,2,2,1,16
,2022-45189,-104.677112,39.84278039,12/9/2022 22:30,22:30,4,0,0,PENA BLVD & 8000 BLK ,1,3,2,0,1,4,0,0,45,0,0,0,0,0,4,1,13
,2022-45190,-105.0111915,39.76281401,11/27/2022 23:51,23:51,6,0,0,TEJON ST & W 33RD AVE,1,3,0,0,3,4,0,0,35,0,0,0,0,0,4,2,1
,2022-45191,-104.9128742,39.6676319,12/10/2022 12:10,12:10,1,0,2,S MONACO ST & E YALE AVE,1,1,0,0,1,1,0,0,35,0,0,0,0,2,4,3,10
,2022-45192,-104.7504265,39.77248211,11/30/2022 15:03,15:03,6,0,0,N JEBEL ST & E 41ST AVE,1,1,0,0,1,1,0,0,20,0,0,0,0,0,4,2,16
,2022-45193,-104.8991986,39.75471669,11/9/2022 17:32,17:32,12,0,0,E 26TH AVE & N SYRACUSE ST,1,2,0,0,1,3,0,0,25,0,0,0,0,0,4,2,16
,2022-45194,-105.0477595,39.71123619,11/6/2022 1:03,1:03,6,0,0,W ALAMEDA AVE & 4700 BLK,1,3,1,0,1,4,0,0,30,0,0,0,0,0,2,2,13
,2022-45195,-105.0165222,39.7513218,11/12/2022 1:54,1:54,12,0,0,I-25 & W 23RD AVE NB ON RAMP MERGE PT,1,3,0,0,1,14,0,0,55,0,0,0,0,0,1,2,16
,2022-45196,-105.0250361,39.69311413,11/7/2022 12:20,12:20,12,0,0,W LOUISIANA AVE & S FEDERAL BLVD,1,1,0,0,1,1,0,0,25,0,0,0,0,0,2,2,16
,2022-45197,-104.8987252,39.6530775,12/10/2022 9:00,9:00,1,0,1,E HAMDPEN AVE & S TAMARAC ST,1,1,0,7,1,1,0,0,45,0,0,0,0,1,2,2,16
,2022-45198,-104.9729353,39.72907893,12/1/2022 9:23,9:23,3,0,0,E 8TH AVE & N DOWNING ST,1,1,0,0,1,1,0,0,30,0,0,0,0,0,4,2,16
,2022-45199,-104.9900073,39.71122141,12/1/2022 17:40,17:40,3,0,0,S BANNOCK ST & W ALAMEDA AVE,1,3,0,0,1,1,0,0,30,0,0,0,0,0,4,2,13
,2022-45200,-105.0052346,39.74014355,11/11/2022 22:55,22:55,12,0,0,W COLFAX AVE & N OSAGE ST,1,3,0,0,1,3,0,0,40,0,0,0,0,0,2,2,16
,2022-45201,-104.9861176,39.74488352,12/3/2022 16:00,16:00,15,0,0,N OSAGE ST & W COLFAX AVE,1,1,0,0,1,3,0,0,,0,0,0,0,0,4,2,16
,2022-45202,-105.0150499,39.72932217,10/6/2022 16:27,16:27,5,0,0,I-25 & W 8TH AVE,1,1,0,0,1,4,0,0,55,0,0,0,0,0,1,3,16
,2022-45203,-105.0061689,39.77178573,11/21/2022 14:37,14:37,6,0,0,N PECOS ST & 4000 BLK,1,1,0,0,1,4,0,0,30,0,0,0,0,0,4,2,13