id,drcog_id,longitude,latitude,crashtime,time,crashtype,numbkilled,numbinjurd,drcoglocat,rdconditin,lightngcon,roadcntgrd,weatherco,location,roaddescrp,schoolzone,constrzone,splimit,bikeinv,pedinv,sctrinv,motoinv,svrty,rdsystem,ttlvehcls,hcf
,2022-45204,-104.99889,39.71119349,11/9/2022 13:41,13:41,15,0,0,I-25 & W ALAMEDA AVE,1,1,0,0,1,4,0,0,55,0,0,0,0,0,1,2,16
,2022-45205,-104.9790128,39.77975203,12/7/2022 15:24,15:24,15,0,0,N WASHINGTON ST & I-70 (APPROX),1,1,0,0,1,4,0,0,,0,0,0,0,0,4,2,13
,2022-45209,-104.9035372,39.69941814,10/19/2022 12:50,12:50,3,0,0,S QUEBEC ST & LEETSDALE DR,1,1,1,0,1,2,0,0,30,0,0,0,0,0,2,2,13
,2022-45210,-105.0015626,39.74003693,10/27/2022 15:49,15:49,12,0,3,W COLFAX AVE & N LIPAN ST,1,1,0,0,1,1,0,0,35,0,0,0,0,1,2,3,16
,2022-45211,-105.034625,39.64958912,11/16/2022 16:15,16:15,10,0,0,S LOWELL BLVD & W KENYON AVE,1,2,0,0,1,1,0,0,,0,0,0,0,0,4,2,16
,2022-45212,-105.0532113,39.69280549,10/23/2022 1:24,1:24,12,0,2,S SHERIDAN BLVD & W LOUISIANA AVE,1,3,1,0,1,3,0,0,35,0,0,0,0,1,2,2,16
,2022-45213,-104.9836191,39.73684363,11/21/2022 8:00,8:00,12,0,0,13TH AVE & N GRANT ST,1,1,0,0,1,1,0,1,,0,0,0,0,0,4,2,16
,2022-45216,-104.9826005,39.72260797,11/19/2022 0:41,0:41,3,0,1,E SPEER BLVD & N LOGAN ST,1,3,0,0,1,1,0,0,35,0,0,0,0,2,4,3,14
,2022-45219,-105.0532486,39.79087192,12/10/2022 19:30,19:30,12,0,1,N SHERIDAN BLVD & W 52ND AVE,1,3,1,0,1,4,0,0,35,0,0,0,0,1,2,3,14
,2022-45221,-104.9575994,39.66758699,12/4/2022 16:16,16:16,6,0,0,E YALE AVE & 2400 BLK,1,2,0,0,1,4,0,0,30,0,0,0,0,0,4,2,16
,2022-45222,-104.9593795,39.66758361,11/16/2022 20:00,20:00,12,0,0,S UNIVERSITY BLVD & E YALE AVE,1,3,0,0,1,3,0,0,35,0,0,0,0,0,4,2,10
,2022-45223,-104.7720374,39.81734165,10/13/2022 18:09,18:09,16,0,0,6651 N TOWER RD & nan,1,3,0,0,5,7,0,0,,0,0,0,0,0,3,2,16
,2022-45224,-104.986269,39.71476019,11/23/2022 22:29,22:29,15,0,0,N LINCOLN ST & E BAYAUD AVE,1,3,0,0,1,1,0,0,35,0,0,0,0,0,4,2,13
,2022-45227,-105.0131182,39.72551753,12/10/2022 10:15,10:15,12,0,3,I-25 & NB EXIT GORE PT TO W 6TH AVE,1,1,0,0,1,14,0,0,55,0,0,0,0,2,1,3,1
,2022-45231,-104.9035084,39.69566164,11/14/2022 15:40,15:40,11,0,1,S QUEBEC ST & E MISSISSIPPI AVE,1,1,0,0,1,3,0,0,25,0,1,0,0,3,4,1,11
,2022-45232,-104.8657424,39.77582352,10/21/2022 12:20,12:20,15,0,0,I-70 & N HAVANA ST (APPROX),1,1,0,0,1,4,0,0,55,0,0,0,0,0,1,2,14
,2022-45233,-105.0270717,39.75362274,11/26/2022 11:40,11:40,15,0,0,W 25TH AVE & N GROVE ST,1,1,0,0,1,4,0,0,,0,0,0,0,0,4,2,16
,2022-45234,-105.0463418,39.74061028,11/24/2022 22:34,22:34,10,0,0,1515 N VRAIN ST & W COLFAX AVE,1,3,0,0,1,2,0,0,,0,0,0,0,0,2,2,16
,2022-45235,-104.9951927,39.72568661,11/11/2022 16:33,16:33,12,0,3,W 6TH AVE & N FOX ST,1,1,0,0,1,1,0,0,30,0,0,0,0,2,4,2,13
,2022-45237,-104.9356147,39.76392251,12/4/2022 23:57,23:57,6,0,0,3361 N BIRCH ST & E BRUCE RANDOLPH AVE,1,4,0,7,2,4,0,0,,0,0,0,0,0,4,4,16
,2022-45238,-104.9659413,39.75448601,11/7/2022 15:37,15:37,12,0,0,E 26TH AVE & N WILLIAMS ST,1,1,0,0,1,3,0,0,25,0,0,0,0,0,4,2,16
,2022-45239,-104.9960116,39.70904279,11/17/2022 15:13,15:13,12,0,1,S SANTA FE & W ALAMEDA AVE,11,1,0,2,1,4,0,0,45,0,0,0,0,1,2,2,16
,2022-45240,-104.9729107,39.72195344,11/8/2022 10:21,10:21,3,0,0,E 4TH AVE & N DOWNING ST,1,1,0,1,3,1,0,0,25,0,0,0,0,0,4,2,16
,2022-45241,-104.9951002,39.76791766,11/19/2022 17:36,17:36,12,0,0,I-25 & PARK AVE W,2,3,0,0,1,14,0,0,55,0,0,0,0,0,1,2,16
,2022-45244,-104.9035643,39.7400798,12/10/2022 12:15,12:15,12,0,0,E COLFAX AVE & N QUEBEC ST (APPROX),1,1,0,0,1,4,0,0,30,0,0,0,0,0,2,2,3
,2022-45245,-104.9407508,39.78052539,12/10/2022 1:25,1:25,3,0,0,N COLORADO BLVD & I-70 WB RAMPS,1,3,0,0,1,1,0,0,35,0,0,0,0,0,2,3,11
,2022-45246,-105.0077099,39.69579046,11/2/2022 1:50,1:50,6,0,0,W MOSIER PL & 1700 BLK,1,3,0,0,1,4,0,0,25,0,0,0,0,0,4,2,3
,2022-45248,-104.7863523,39.80011453,10/28/2022 19:13,19:13,12,0,0,PENA BLVD & 5600 BLK,1,3,0,0,1,4,0,0,65,0,0,0,0,0,4,2,8
,2022-45251,-104.9919397,39.68757244,11/15/2022 7:42,7:42,3,0,0,S SANTA FE DR & W IOWA AVE,4,1,0,7,1,1,0,0,55,0,0,0,0,0,2,2,16
,2022-45252,-104.9828866,39.75106775,11/10/2022 21:54,21:54,3,0,0,PARK AVE W & WELTON ST,1,3,0,0,1,1,0,0,30,0,0,0,0,0,4,2,13
,2022-45253,-104.9597771,39.73840298,12/10/2022 7:55,7:55,10,0,1,N YORK ST & E 14TH AVE,1,1,0,0,1,1,0,0,35,0,0,0,0,1,4,2,14
,2022-45257,-104.9980649,39.75633472,10/23/2022 2:14,2:14,5,0,0,WEWATTA ST & 1900 BLK,1,3,0,0,2,4,0,0,30,0,0,0,0,0,4,1,16
,2022-45258,-104.9868588,39.75875572,10/27/2022 1:53,1:53,6,0,0,2528 WALNUT ST & 26TH ST,1,3,0,0,1,4,0,0,25,0,0,0,0,0,4,1,3
,2022-45259,-104.993017,39.74025203,11/2/2022 17:40,17:40,12,0,0,13TH ST & W COLFAX AVE,1,3,3,0,1,3,0,0,25,0,0,0,0,0,2,2,16
,2022-45260,-105.0128359,39.75504904,12/10/2022 11:32,11:32,12,0,0,I-25 & N SPEER BLVD,1,1,0,0,1,4,0,0,55,0,0,0,0,0,1,2,13
,2022-45261,-104.9034478,39.74744189,12/10/2022 4:50,4:50,3,0,1,N QUEBEC ST & E MONTVIEW BLVD,1,3,0,0,1,1,0,0,30,0,0,0,0,1,4,2,16
,2022-45262,-105.0385067,39.70802958,12/10/2022 5:16,5:16,6,0,0,W VIRGINIA AVE & S OSCEOLA ST,1,4,0,0,1,4,0,0,30,0,0,0,0,0,4,2,1
,2022-45263,-104.8828405,39.7735146,12/10/2022 11:36,11:36,5,0,1,N CENTRAL PARK BLVD & 3800 BLK,1,1,1,0,3,4,0,0,40,0,0,0,0,1,4,2,1
,2022-45264,-104.9792448,39.77837066,12/10/2022 9:28,9:28,15,0,1,N WASHINGTON ST & E 45TH AVE,1,1,0,0,1,3,0,0,35,0,0,0,0,2,4,2,11
,2022-45268,-104.8496308,39.75488143,11/21/2022 17:27,17:27,6,0,2,E MLK BLVD & 11800 BLK,1,3,0,0,3,4,0,0,35,0,0,0,0,3,4,2,10
,2022-45269,-104.7400565,39.77699291,11/9/2022 22:00,22:00,6,0,0,N NETHERLAND ST & 4300 BLK,1,1,0,7,1,4,0,0,,0,0,0,0,0,4,2,16
,2022-45270,-105.0239702,39.75482878,11/27/2022 0:22,0:22,6,0,0,W 26TH AVE & N ELIOT ST,1,3,0,0,1,4,0,0,25,0,0,0,0,0,4,3,16
,2022-45272,-104.9923983,39.71118394,11/26/2022 14:44,14:44,11,0,1,S CHEROKEE ST & W ALAMEDA AVE,1,1,0,0,1,1,0,0,30,0,1,0,0,3,4,1,16
,2022-45280,-104.995148,39.75499351,10/29/2022 0:00,0:00,15,0,0,20TH ST & WAZEE ST,1,3,1,0,1,1,0,0,,0,0,0,0,0,4,2,16
,2022-45281,-104.989406,39.74033503,11/18/2022 2:38,2:38,5,0,0,W COLFAX AVE & BANNOCK,9,3,0,2,3,4,0,0,35,0,0,0,0,0,2,1,1
,2022-45282,-104.9365513,39.71139492,11/15/2022 17:22,17:22,15,0,0,LEETSDALE DR & E ALAMEDA AVE,1,3,0,0,1,3,0,0,35,0,0,0,0,0,2,2,16
,2022-45283,-104.9902617,39.67844439,10/21/2022 14:10,14:10,12,0,0,W EVANS AVE & 100 BLK,1,1,0,0,1,4,0,0,30,0,0,0,0,0,4,2,13
,2022-45284,-105.0532779,39.71941355,11/27/2022 17:54,17:54,14,0,0,SHERIDAN BLVD & W 2ND AVE,1,4,1,0,6,4,0,0,35,0,0,0,0,0,2,3,13
,2022-45286,-104.9567054,39.72636353,11/27/2022 9:00,9:00,15,0,0,N ELIZABETH ST & E 7TH AVE,1,1,0,0,1,4,0,0,,0,0,0,0,0,4,2,16
,2022-45287,-104.9127805,39.71841876,11/29/2022 18:30,18:30,12,0,0,N MONACO ST & E 1ST AVE,1,3,0,0,1,3,0,0,35,0,0,0,0,0,4,2,16
,2022-45288,-104.8367844,39.78310503,11/17/2022 22:15,22:15,6,0,0,E ELK PL & N TITAN CT,9,3,0,7,1,4,0,0,20,0,0,0,0,0,4,2,16
,2022-45289,-104.8097836,39.78580353,11/11/2022 15:45,15:45,15,0,0,N CHAMBERS RD & 5050 BLK,1,1,0,0,2,4,0,0,30,0,0,0,0,0,4,2,16
,2022-45290,-104.9659033,39.73999685,11/18/2022 17:30,17:30,8,0,0,N WILLIAMS ST & 1500 BLK,9,1,0,0,1,4,0,0,,0,0,0,0,0,4,2,16
,2022-45291,-104.8470217,39.77959805,11/18/2022 15:57,15:57,3,0,0,E 46TH AVE & N PEORIA ST,1,1,0,0,1,1,0,0,35,0,0,0,0,0,4,2,16
,2022-45292,-105.0014002,39.74881313,11/17/2022 8:55,8:55,3,0,0,BLAKE ST & 14TH ST,9,1,0,2,1,1,0,0,,0,0,0,0,0,4,2,16
,2022-45293,-104.9497935,39.77834572,11/13/2022 2:20,2:20,6,0,0,4330 N STEELE ST & E 44TH ST,1,3,0,0,1,4,0,0,30,0,0,0,0,0,4,2,16
,2022-45294,-105.0532352,39.74756351,11/21/2022 2:23,2:23,5,0,0,W 20TH AVE & N SHERIDAN BLVD,1,3,0,0,4,3,0,0,30,0,0,0,0,0,2,1,13
,2022-45295,-104.9406424,39.73669967,11/19/2022 15:13,15:13,12,0,0,E 13TH AVE & N COLORADO BLVD,1,1,0,0,1,3,0,0,,0,0,0,0,0,4,2,16
,2022-45296,-105.0325974,39.76212691,11/8/2022 19:30,19:30,12,0,0,W 32ND AVE & 3400 BLK,1,3,0,0,1,4,0,0,30,0,0,0,0,0,4,2,10
,2022-45297,-104.9854763,39.75305224,8/12/2022 22:48,22:48,2,0,1,CHAMPA ST & PARK AVE W,1,3,3,0,1,1,0,0,30,1,0,0,0,3,4,1,16
,2022-45299,-105.0180702,39.70462374,11/21/2022 17:47,17:47,6,0,1,S BRYANT ST & 660 BLK,1,3,0,0,1,4,0,0,25,0,0,0,0,2,4,2,16
,2022-45302,-105.0017731,39.74675814,10/9/2022 2:10,2:10,5,0,0,N SPEER BLVD & LARIMER ST,1,3,0,0,3,4,0,0,35,0,0,0,0,0,4,1,1
,2022-45303,-104.9875749,39.71116361,11/18/2022 21:04,21:04,15,0,0,S BROADWAY ST & W NEVADA PL,2,3,0,0,1,4,0,0,35,0,0,0,0,0,4,2,16
,2022-45304,-104.9466306,39.7114492,11/9/2022 18:41,18:41,12,0,0,E CHERRY CREEK N DR & E ALAMEDA AVE,1,3,0,0,1,3,0,0,,0,0,0,0,0,4,2,16
,2022-45306,-105.0043198,39.76094363,11/18/2022 14:29,14:29,3,0,0,20TH ST & I-25 NB RAMPS,1,1,2,0,1,1,0,0,,0,0,0,0,0,1,2,16
,2022-45308,-104.9733275,39.75971413,11/16/2022 17:42,17:42,6,0,0,3033 N DOWNING ST & CALIFORNIA ST,1,3,0,0,1,4,0,0,,0,0,0,0,0,4,2,16
,2022-45310,-105.0250605,39.68949117,11/28/2022 1:23,1:23,3,0,0,S FEDERAL BLVD & W FLORIDA AVE,1,3,0,0,1,1,0,0,40,0,0,0,0,0,2,2,1
,2022-45312,-104.9850466,39.71359965,11/30/2022 23:38,23:38,6,0,0,S SHERMAN ST & MAPLE AVE,1,4,0,0,1,4,0,0,,0,0,0,0,0,4,10,1
,2022-45331,-104.9258909,39.68245373,12/5/2022 12:49,12:49,6,0,0,1874 S GLENCOE ST & E JEWELL AVE,1,1,0,0,1,4,0,0,25,0,0,0,0,0,4,3,16
,2022-45354,-105.0251682,39.73289847,12/5/2022 15:15,15:15,11,0,1,W 10TH AVE & N FEDERAL BLVD,1,1,0,0,1,1,0,0,0,0,1,0,0,3,2,1,16
,2022-45398,-105.0518363,39.7842967,12/6/2022 20:45,20:45,5,0,1,I-70 & N SHERIDAN BLVD,1,3,0,0,2,4,0,0,50,0,0,0,0,3,1,1,16
,2022-45403,-104.9412115,39.78006311,12/6/2022 8:56,8:56,12,0,0,I-70 & N COLORADO BLVD,1,1,1,0,1,4,0,0,55,0,0,0,0,0,1,2,16
,2022-45409,-105.0532609,39.67225648,12/6/2022 18:47,18:47,1,0,0,S SHERIDAN BLVD & W LAKERIDGE RD,1,3,0,0,1,1,0,0,40,0,0,0,0,0,2,2,11
,2022-45413,-105.0130163,39.72542371,12/5/2022 17:30,17:30,12,0,0,I-25 & 6TH AVE (APPROX),1,4,0,0,1,4,0,0,55,0,0,0,0,0,1,2,16
,2022-45447,-104.8916544,39.74008448,12/6/2022 21:35,21:35,11,0,1,E COLFAX AVE & N VALENTIA ST,1,3,0,0,1,3,0,0,0,0,1,0,0,3,2,1,16
,2022-45458,-104.9151561,39.76745325,12/5/2022 0:30,0:30,6,0,0,N LEYDEN ST & 3600 BLK,1,4,0,0,1,4,0,0,30,0,0,0,0,0,4,2,3
,2022-45461,-104.9687069,39.69659128,12/5/2022 11:30,11:30,16,0,0,S FRANKLIN ST & E MISSISSIPPI AVE,1,1,0,0,5,7,0,0,,0,0,0,0,0,3,2,3
,2022-45466,-105.0064273,39.78326345,10/7/2022 14:25,14:25,3,0,0,I-70 & N PECOS ST,1,1,0,0,1,6,0,0,25,0,0,0,0,0,1,2,10
,2022-45467,-104.9540924,39.78729429,11/17/2022 9:45,9:45,6,0,0,N CLAYTON ST & E 50TH AVE,9,1,0,2,1,4,0,0,,0,0,0,0,0,4,2,16
,2022-45469,-104.975275,39.7336905,12/2/2022 16:00,16:00,3,0,0,N OGDEN ST & E 11TH AVE,1,3,0,0,1,1,0,0,25,0,0,0,0,0,4,2,13
,2022-45471,-105.02504,39.67528799,12/10/2022 17:18,17:18,3,0,0,S FEDERAL BLVD & W ILIFF AVE,1,2,0,0,1,1,0,0,40,0,0,0,0,0,2,2,1
,2022-45473,-104.9746219,39.83813018,12/10/2022 5:45,5:45,16,0,0,29292 E 78TH AVENUE & E 78TH AVENUE,1,1,0,0,5,7,0,0,,0,0,0,0,0,3,2,16
,2022-45475,-105.0283797,39.74259581,12/8/2022 22:10,22:10,6,0,0,1586 N HOOKER ST & W 16TH AVE,1,3,0,0,1,4,0,0,35,0,0,0,0,0,4,2,16
,2022-45476,-104.882959,39.77713978,12/11/2022 2:28,2:28,15,0,1,I-70 & N CENTRAL PARK BLVD,1,3,3,0,1,4,0,0,55,0,0,0,0,2,1,2,16
,2022-45480,-105.0283904,39.75121566,12/11/2022 17:47,17:47,3,0,1,N HOOKER ST & W 23RD AVE,1,3,0,0,1,1,0,0,30,0,0,0,0,2,4,2,13
,2022-45482,-104.7568291,39.78706975,12/11/2022 15:39,15:39,2,0,1,N HIMALAYA WY & 4900 BLK,1,1,0,0,1,7,0,0,,1,0,0,0,1,4,1,11
,2022-45483,-104.9825804,39.74327188,12/2/2022 12:20,12:20,2,0,1,N LOGAN ST & E 17TH AVE,1,1,0,0,1,2,0,0,0,1,0,0,0,1,4,1,16
,2022-45486,-104.9976246,39.75308518,12/10/2022 16:20,16:20,11,0,1,18TH ST & WAZEE ST,1,1,0,0,1,1,0,0,30,0,1,0,0,2,4,1,3
,2022-45492,-105.0122746,39.7244691,11/28/2022 20:15,20:15,15,0,0,I-25 & W 6TH AVE,1,3,0,0,1,4,0,0,,0,0,0,0,0,1,2,16
,2022-45502,-104.9733677,39.75531499,11/27/2022 13:35,13:35,11,0,1,N DOWNING ST & TREMONT PL,1,1,0,0,1,1,0,0,35,0,1,0,0,1,4,1,11
,2022-45518,-104.9775559,39.74180405,11/5/2022 17:30,17:30,6,0,0,N CLARKSON ST & E 16TH AVE,1,1,0,0,1,4,0,0,30,0,0,0,0,0,4,2,13
,2022-45521,-105.0384952,39.71454757,12/2/2022 2:00,2:00,6,0,0,S OSCEOLA ST & W BAYAUD AVE,1,3,0,0,1,4,0,0,25,0,0,0,0,0,4,3,16
,2022-45524,-105.0532254,39.69464659,11/20/2022 10:00,10:00,2,0,1,S SHERIDAN BLVD & W ARIZONA AVE,1,1,0,0,1,4,0,0,0,1,0,0,0,3,2,1,16
,2022-45530,-104.9827699,39.71294659,12/5/2022 21:00,21:00,14,0,0,S LOGAN ST/S PENNSYLVANIA ST ALLEY & E CEDAR AVE,1,3,0,0,1,1,0,0,25,0,0,0,0,0,4,2,3
,2022-45531,-104.8470297,39.77400525,11/2/2022 14:30,14:30,15,0,1,I-70 & HAVANA ST,1,1,0,0,1,4,0,0,,0,0,0,0,1,1,2,16
,2022-45532,-104.9928245,39.72252353,12/7/2022 12:15,12:15,6,0,0,N DELAWARE ST & 400 BLK,1,1,0,0,1,4,0,0,,0,0,0,0,0,4,2,16
,2022-45533,-104.9488399,39.74014961,12/10/2022 21:46,21:46,6,0,0,E COLFAX AVE & 3200 BLK,1,3,0,0,1,4,0,0,35,0,0,0,0,0,2,4,14
,2022-45534,-105.02504,39.67528799,12/9/2022 0:20,0:20,12,0,0,S FEDERAL BLVD & W ILIFF AVE,1,3,0,0,1,4,0,0,45,0,0,0,0,0,2,2,16
,2022-45543,-104.9861341,39.74167888,12/7/2022 8:54,8:54,11,0,1,E 16TH AVE & N LINCOLN ST,1,1,0,0,1,1,0,0,25,0,0,1,0,1,4,1,11
,2022-45545,-105.0158409,39.78612716,11/14/2022 12:00,12:00,6,0,0,N ZUNI ST & W 49TH AVE,1,1,0,0,1,2,0,0,30,0,0,0,0,0,4,2,13
,2022-45553,-104.901144,39.74007773,12/10/2022 11:39,11:39,12,0,0,E COLFAX AVE & N ROSLYN ST,1,1,0,0,1,4,0,0,30,0,0,0,0,0,2,3,13
,2022-45554,-104.9128822,39.77728354,12/7/2022 12:25,12:25,15,0,0,N MONACO ST & 4300 BLK,1,1,0,0,1,4,0,0,30,0,0,0,0,0,4,2,11
,2022-45556,-104.9927013,39.69756242,12/11/2022 10:30,10:30,12,0,0,S PLATTE RIVER DR & W MISSISSIPPI AVE,1,1,0,0,1,3,0,0,45,0,0,0,0,0,2,2,3
,2022-45558,-104.8662883,39.67113048,9/3/2022 13:55,13:55,12,0,0,S PARKER RD & S HAVANA ST,1,1,0,0,1,4,0,0,45,0,0,0,0,0,2,2,7
,2022-45559,-104.9826337,39.71653142,11/26/2022 21:30,21:30,6,0,0,S LOGAN ST & E ELLSWORTH AVE,1,3,0,0,1,4,0,0,30,0,0,0,0,0,4,2,1
,2022-45560,-104.865978,39.7068435,10/28/2022 12:30,12:30,15,0,1,S HAVANA ST & E VIRGINIA AVE,1,1,0,0,1,4,0,0,35,0,0,0,0,3,2,2,1
,2022-45561,-105.0428564,39.76938271,12/11/2022 1:53,1:53,10,0,0,N STUART ST & W 38TH AVE,1,3,0,0,1,4,0,0,35,0,0,0,0,0,4,2,14
,2022-45562,-104.9769493,39.6920535,11/30/2022 15:50,15:50,12,0,0,I-25 & S LOGAN ST,1,1,0,0,1,4,0,0,,0,0,0,0,0,1,2,16
,2022-45564,-105.0251344,39.72932999,12/9/2022 18:47,18:47,12,0,1,W 6TH AVE & FEDERAL BLVD,1,3,0,0,1,4,0,0,55,0,0,0,0,1,2,3,7
,2022-45567,-105.0524597,39.72953678,11/1/2022 7:30,7:30,16,0,0,5100 W 8TH AVE & W 8TH AVE,14,2,3,7,5,14,0,0,,0,0,0,0,0,3,2,16
,2022-45568,-104.9687421,39.67939359,12/10/2022 23:57,23:57,6,0,0,S FRANKLIN ST & 2000 BLK,1,4,0,0,1,4,0,0,25,0,0,0,0,0,4,2,3
,2022-45569,-105.0112229,39.77436505,12/11/2022 15:40,15:40,6,0,1,4140 N TEJON ST & W 41ST AVE,1,1,0,0,1,4,0,0,30,0,0,0,0,2,4,3,13
,2022-45635,-104.8125184,39.79764423,12/7/2022 16:00,16:00,6,0,0,14921 E RANDOLPH & FAIRPLAY ST,1,1,0,0,1,4,0,0,20,0,0,0,0,0,4,2,16
,2022-45638,-104.8935219,39.63574821,12/12/2022 14:39,14:39,12,0,0,I-225 & S TAMARAC ST SB EXIT GORE PT,1,1,0,0,1,4,0,0,60,0,0,0,0,0,1,3,16
,2022-45641,-104.9613398,39.7830577,12/11/2022 10:00,10:00,6,0,0,4758 N GAYLORD ST & E 48TH AVE,1,1,0,0,1,4,0,0,,0,0,0,0,0,4,2,16
,2022-45642,-104.866051,39.67059652,12/10/2022 11:30,11:30,12,0,1,S HAVANA ST & S PARKER RD,1,1,0,0,1,3,0,0,45,0,0,0,0,1,2,2,3
,2022-45643,-104.6903851,39.82475017,12/6/2022 6:25,6:25,3,0,0,N JACKSON GAP ST & E 71ST AVE,1,4,0,0,1,3,0,0,45,0,0,0,0,0,4,2,11
,2022-45644,-104.9941788,39.74485506,12/10/2022 16:15,16:15,10,0,0,15TH ST & STOUT ST,1,3,0,0,1,1,0,0,30,0,0,0,0,0,4,2,13
,2022-45646,-104.9410796,39.78066009,11/30/2022 15:43,15:43,3,0,2,N COLORADO BLVD & E 46TH SOUTH AVE,1,1,0,0,1,1,0,0,45,0,0,0,0,3,2,3,11
,2022-45647,-104.9582509,39.72098058,12/10/2022 10:05,10:05,3,0,0,E 3RD AVE & N JOSEPHINE ST,1,1,0,0,1,1,0,0,25,0,0,0,0,0,4,2,3
,2022-45653,-104.9012889,39.65304577,12/11/2022 15:38,15:38,1,0,0,E HAMPDEN AVE & 7500 BLK,1,1,0,0,1,2,0,0,35,0,0,0,0,0,2,2,13
,2022-45654,-105.0296539,39.72542231,12/12/2022 7:50,7:50,12,0,0,W 6TH AVE & N FEDERAL BLVD EXIT GORE PT,1,1,1,0,1,4,0,0,55,0,0,0,0,0,2,3,2
,2022-45657,-104.7913639,39.78364117,12/11/2022 20:20,20:20,6,0,0,PENA BLVD & GVR BLVD NB EXIT RAMP,1,3,0,0,3,14,0,0,65,0,0,0,0,0,4,2,8
,2022-45661,-104.9791539,39.77935673,12/12/2022 17:06,17:06,5,0,0,I-70 & N WASHINGTON ST,1,3,1,0,2,4,0,0,55,0,0,0,0,0,1,1,10
,2022-45665,-105.0250486,39.67864394,12/12/2022 11:48,11:48,12,0,2,S FEDERAL BLVD & W EVANS AVE,1,1,0,0,1,3,0,0,40,0,0,0,0,2,2,2,3
,2022-45668,-104.7904868,39.78339557,12/12/2022 12:04,12:04,12,0,0,PENA BLVD & 5600 BLK,1,1,0,0,1,4,0,0,65,0,0,0,0,0,2,2,11
,2022-45670,-105.0250847,39.7004053,12/11/2022 18:45,18:45,1,0,0,S FEDERAL BLVD & W KENTUCKY AVE,1,3,0,0,1,1,0,0,35,0,0,0,0,0,2,2,7
,2022-45671,-104.9873926,39.74289141,12/10/2022 9:15,9:15,12,0,0,N BROADWAY ST & E 17TH AVE,1,1,0,0,1,4,0,0,35,0,0,0,0,0,4,2,11
,2022-45672,-104.939468,39.68749791,12/11/2022 16:09,16:09,1,0,0,E IOWA AVE & S ALBION ST,1,1,0,0,1,1,0,0,30,0,0,0,0,0,4,2,14
,2022-45673,-104.772118,39.8055697,12/8/2022 13:20,13:20,3,0,0,E 60TH AVE & N TOWER RD,1,1,1,0,1,1,0,0,40,0,0,0,0,0,4,2,16
,2022-45674,-104.9772308,39.76348253,10/15/2022 19:37,19:37,3,0,0,32ND ST & LAWRENCE ST,1,3,0,0,1,1,0,0,30,0,0,0,0,0,4,2,16
,2022-45675,-104.9734566,39.67670227,12/4/2022 23:50,23:50,12,0,0,S DOWNING ST & E WARREN AVE,1,3,0,0,1,1,0,0,30,0,0,0,0,0,4,2,16
,2022-45678,-105.0043198,39.76094363,12/12/2022 6:48,6:48,12,0,1,I-25 & 20TH ST (APPROX),1,3,1,0,1,4,0,0,55,0,0,0,0,1,1,2,1
,2022-45681,-104.9941211,39.73685597,12/11/2022 15:15,15:15,10,0,2,W 13TH AVE & N ELATI ST,1,1,0,0,1,1,0,0,30,0,0,0,0,1,4,2,8
,2022-45682,-105.0287931,39.67825061,12/12/2022 8:20,8:20,12,0,0,S HOOKER WY & 2100 BLK,1,1,0,0,1,3,0,0,20,0,0,0,0,0,4,2,3
,2022-45683,-104.9810842,39.74327186,12/11/2022 11:40,11:40,3,0,0,N PENNSYLVANIA ST & E 17TH AVE,1,1,0,0,1,1,0,0,30,0,0,0,0,0,4,2,13
,2022-45685,-104.9425598,39.71149774,12/10/2022 9:47,9:47,3,0,1,S JACKSON ST & E ALAMEDA AVE,1,1,0,0,1,1,0,0,25,0,0,0,0,1,4,2,11
,2022-45686,-104.9964866,39.73833719,12/9/2022 20:00,20:00,6,0,0,N GALAPAGO ST & W 14TH AVE,1,1,0,0,1,4,0,0,,0,0,0,0,0,4,2,16
,2022-45687,-104.882959,39.77713978,12/11/2022 23:41,23:41,12,0,1,I-70 & MM 279.00,1,3,0,0,1,4,0,0,65,0,0,0,0,2,1,3,13
,2022-45693,-104.9729795,39.73250301,12/11/2022 2:00,2:00,6,0,0,N DOWNING ST & E 10TH AVE,1,3,0,0,1,4,0,0,30,0,0,0,0,0,4,4,1
,2022-45696,-104.9873894,39.75638817,12/6/2022 8:48,8:48,3,0,1,24TH ST & N BROADWAY ST,1,1,0,0,1,1,0,0,25,0,0,0,0,3,4,2,11
,2022-45701,-105.0251303,39.72554639,12/12/2022 11:58,11:58,12,0,1,W 6TH AVE & MM 283.90,1,1,0,0,1,4,0,0,55,0,0,0,0,1,2,2,3
,2022-45705,-105.0355113,39.78341421,12/12/2022 11:11,11:11,12,0,0,I-70 & MM 271.50,1,1,0,0,1,4,0,1,55,0,0,0,0,0,1,3,3
,2022-45706,-104.8470339,39.77088055,11/30/2022 5:43,5:43,1,0,1,N PEORIA ST & E 39TH AVE,1,2,0,0,1,2,0,0,,0,0,0,0,2,4,2,16
,2022-45709,-104.9684499,39.74000862,12/11/2022 9:20,9:20,12,0,0,PARK AVE & E COLFAX AVE,1,1,0,0,1,4,0,0,30,0,0,0,0,0,4,2,10
,2022-45712,-104.9923071,39.73686133,10/31/2022 14:55,14:55,16,0,0,1331 N CHEROKEE ST & nan,1,3,0,0,5,7,0,0,15,0,0,0,0,0,3,1,16