id,drcog_id,longitude,latitude,crashtime,time,crashtype,numbkilled,numbinjurd,drcoglocat,rdconditin,lightngcon,roadcntgrd,weatherco,location,roaddescrp,schoolzone,constrzone,splimit,bikeinv,pedinv,sctrinv,motoinv,svrty,rdsystem,ttlvehcls,hcf
,2022-46630,-104.8470297,39.77400525,12/16/2022 7:55,7:55,12,0,0,I-70 & EB ON RAMP MERGE PT FROM N PEORIA ST,1,1,0,0,1,14,0,0,35,0,0,0,0,0,1,2,16
,2022-46636,-105.0089851,39.72176867,12/19/2022 7:32,7:32,12,0,1,I-25 & 6TH AVE FWY NB EXIT GORE PT,1,1,1,0,1,14,0,0,55,0,0,0,0,1,1,2,3
,2022-46637,-105.0251611,39.77636464,12/19/2022 13:13,13:13,16,0,0,2990 W 44TH AVE & nan,1,1,0,0,5,7,0,0,,0,0,0,0,0,3,2,11
,2022-46649,-104.7904699,39.78363776,12/18/2022 16:21,16:21,12,0,0,E GVR BLVD & PENA BLVD,1,1,0,0,1,3,0,0,35,0,0,0,0,0,4,2,11
,2022-46650,-105.0532113,39.69280823,12/19/2022 13:29,13:29,3,0,0,S SHERIDAN BLVD & W LOUISIANA AVE,1,1,0,0,1,1,0,0,40,0,0,0,0,0,2,2,13
,2022-46651,-104.9405458,39.68291817,12/19/2022 8:21,8:21,5,0,0,I-25 & S COLORADO BLVD (APPROX),1,1,0,0,2,4,0,0,60,0,0,0,0,0,1,1,10
,2022-46652,-105.0043198,39.76094363,12/17/2022 14:47,14:47,15,0,0,I-25 & 20TH ST,1,1,0,0,1,4,0,0,55,0,0,0,0,0,1,2,1
,2022-46654,-104.8987427,39.65307425,12/19/2022 10:04,10:04,10,0,0,E HAMPDEN AVE & S TAMARAC DR,1,1,3,0,1,1,0,0,,0,0,0,0,0,2,2,16
,2022-46669,-104.9925975,39.75294556,12/17/2022 10:25,10:25,2,0,1,20TH ST & LARIMER ST,1,1,0,0,1,1,0,0,30,1,0,0,0,2,4,1,11
,2022-46688,-104.9205786,39.74007077,12/18/2022 11:57,11:57,12,0,0,E COLFAX AVE & N IVY ST,1,1,0,0,1,1,0,0,35,0,0,0,0,0,2,2,16
,2022-46700,-104.9874355,39.72563832,12/19/2022 9:37,9:37,11,0,1,N BROADWAY ST & E 6TH AVE,1,1,0,0,1,1,0,0,30,0,1,0,0,2,4,1,16
,2022-46728,-105.0443227,39.70308436,12/18/2022 0:10,0:10,6,0,0,MORRISON RD & 4300 BLK,1,3,0,0,1,4,0,0,,0,0,0,0,0,4,7,16
,2022-46729,-105.0126877,39.75536708,12/20/2022 15:18,15:18,12,0,1,I-25 & N SPEER BLVD (APPROX),1,1,0,0,1,4,0,0,55,0,0,0,0,1,1,2,2
,2022-46733,-104.9957763,39.75450846,12/20/2022 8:50,8:50,15,0,0,WAZEE ST & 1900 BLK,1,1,0,0,1,4,0,0,25,0,0,0,0,0,4,2,16
,2022-46735,-104.8369371,39.7735108,12/20/2022 7:40,7:40,12,0,3,I-225 & MM 282,1,1,1,0,1,8,0,0,,0,0,0,0,1,1,4,16
,2022-46737,-104.9835886,39.74327188,12/20/2022 9:05,9:05,15,0,0,N GRANT ST & E 17TH AVE,1,1,0,0,1,1,0,0,30,0,0,0,0,0,4,2,11
,2022-46738,-104.8471374,39.79410528,12/20/2022 17:09,17:09,12,0,0,N PEORIA ST & E 54TH AVE,1,3,0,0,1,3,0,0,40,0,0,0,0,0,4,2,13
,2022-46742,-104.9861301,39.73384751,12/19/2022 17:45,17:45,12,0,0,N LINCOLN ST & E 11TH AVE,1,1,0,0,1,1,0,0,30,0,0,0,0,0,4,3,3
,2022-46743,-105.0130799,39.72551487,12/20/2022 6:34,6:34,12,0,0,I-25 & W 6TH AVE FWY,1,1,0,0,1,4,0,0,55,0,0,0,0,0,1,2,1
,2022-46745,-104.9408883,39.68009484,12/19/2022 11:23,11:23,15,0,0,E BUCHTEL BLVD & S COLORADO BLVD,1,1,0,0,1,1,0,0,30,0,0,0,0,0,2,2,11
,2022-46747,-104.8657424,39.77582352,12/19/2022 14:00,14:00,12,0,0,I-70 & N HAVANA ST,1,1,0,0,1,8,0,0,40,0,0,0,0,0,1,2,11
,2022-46748,-104.8097889,39.77283305,12/20/2022 7:40,7:40,12,0,0,N CHAMBERS RD & E ANDREWS DR,1,1,1,0,1,4,0,0,35,0,0,0,0,0,4,2,3
,2022-46750,-104.9942186,39.74488648,12/19/2022 22:23,22:23,10,0,0,15TH ST & STOUT ST,1,3,0,0,1,3,0,0,30,0,0,0,0,0,4,2,8
,2022-46751,-105.0047562,39.76115807,12/20/2022 18:20,18:20,12,0,0,I-25 & 20TH ST,1,4,0,0,1,4,0,0,55,0,0,0,0,0,1,2,16
,2022-46754,-104.9855275,39.75031942,10/19/2022 19:00,19:00,6,0,0,CALIFORNIA ST & 2100 BLK,1,2,0,0,1,4,0,0,35,0,0,0,0,0,4,2,16
,2022-46757,-104.9707346,39.73965468,12/20/2022 14:25,14:25,12,0,0,N LAFAYETTE ST & E COLFAX AVE,1,1,0,0,1,4,0,0,25,0,0,0,0,0,4,2,11
,2022-46759,-104.9680131,39.71833826,12/19/2022 5:14,5:14,12,0,1,E 1ST AVE & N FRANKLIN ST,1,3,0,0,1,4,0,0,35,0,0,0,0,2,4,2,1
,2022-46760,-104.94062,39.70736633,12/20/2022 6:31,6:31,1,0,0,S COLORADO BLVD & E VIRGINIA AVE,1,1,0,0,1,1,0,0,40,0,0,0,0,0,2,4,10
,2022-46761,-104.8325188,39.79757949,12/20/2022 9:00,9:00,3,0,0,N VICTOR ST & E RANDOLPH PL,1,1,0,0,1,1,0,0,25,0,0,0,0,0,4,3,13
,2022-46766,-104.9687052,39.70749806,12/19/2022 9:50,9:50,3,0,0,E VIRGINIA AVE & S FRANKLIN ST,1,1,0,0,1,1,0,0,25,0,0,0,0,0,4,2,3
,2022-46771,-105.0251598,39.776593,12/20/2022 19:54,19:54,15,0,2,N FEDERAL BLVD & W 44TH AVE,1,3,0,0,1,3,0,0,35,0,0,0,0,1,2,2,13
,2022-46772,-104.9895693,39.77651353,12/19/2022 14:58,14:58,12,0,0,I-25 & W 44TH AVE (APPROX),1,1,3,0,1,4,0,0,55,0,0,0,0,0,1,2,13
,2022-46773,-104.9405114,39.7618025,12/19/2022 11:14,11:14,1,0,2,E MLK BLVD & N COLORADO BLVD,1,1,0,0,1,1,0,0,35,0,0,0,0,1,2,2,1
,2022-46774,-104.93623,39.6893297,12/19/2022 16:20,16:20,3,0,0,S BIRCH ST & E FLORIDA AVE,1,1,0,0,1,1,0,0,25,0,0,0,0,0,4,2,11
,2022-46775,-105.0908199,39.63869531,12/19/2022 15:39,15:39,3,0,0,8100 W QUINCY AVE & S AMMONS ST,1,1,0,0,1,2,0,0,35,0,0,0,0,0,4,2,11
,2022-46777,-104.9407884,39.7146587,12/19/2022 11:00,11:00,1,0,0,S COLORADO BLVD & E BAYAUD AVE,1,1,0,0,1,1,0,0,40,0,0,0,0,0,2,2,3
,2022-46778,-104.9861323,39.74000582,12/16/2022 15:50,15:50,11,0,1,E COLFAX AVE & N LINCOLN ST,1,2,0,0,1,1,0,0,0,0,0,1,0,2,2,1,16
,2022-46779,-104.8470297,39.77400525,12/20/2022 6:25,6:25,15,0,2,I-70 & MM 280.811,1,3,0,0,1,4,0,0,,0,0,0,0,1,1,3,16
,2022-46780,-105.0911086,39.61833205,12/20/2022 11:56,11:56,12,0,2,S WADSWORTH BLVD & W CRESTLINE AVE,1,1,0,0,1,1,0,0,40,0,0,0,0,2,2,3,3
,2022-46784,-104.9381988,39.71145827,12/20/2022 6:41,6:41,12,0,1,E ALAMEDA AVE & 4200 BLK,1,1,1,0,1,3,0,0,35,0,0,0,0,2,4,2,3
,2022-46786,-105.023338,39.77663609,12/20/2022 14:43,14:43,12,0,1,2865 W 44TH AVE & N ELIOT ST,1,1,0,0,1,2,0,0,30,0,0,0,0,2,4,2,13
,2022-46787,-105.0532705,39.72209356,12/20/2022 6:56,6:56,12,0,1,SHERIDAN BLVD & 300 BLK N,1,2,0,0,1,4,0,0,35,0,0,0,0,1,2,2,13
,2022-46789,-105.016009,39.7249338,12/20/2022 7:43,7:43,12,0,0,W 6TH AVE EB OFF RAMP & I-25 EB ON RAMP SPLIT,1,1,1,0,1,8,0,0,55,0,0,0,0,0,2,2,1
,2022-46790,-104.8658272,39.79007967,12/19/2022 22:11,22:11,12,0,0,N HAVANA ST & E 51ST AVE,1,3,0,0,1,3,0,0,40,0,0,0,0,0,4,2,14
,2022-46791,-104.9874977,39.71866088,12/20/2022 13:16,13:16,12,0,0,N BROADWAY ST & E 1ST AVE,1,1,0,0,1,3,0,0,30,0,0,0,0,0,4,2,8
,2022-46797,-104.9511773,39.71801249,12/20/2022 7:35,7:35,12,0,0,E 1ST AVE & 3000 BLK,1,1,0,0,1,4,0,0,35,0,0,0,0,0,4,2,3
,2022-46801,-104.982349,39.74874426,12/19/2022 9:00,9:00,3,0,0,E 22ND ST & TREMONT PL,1,1,0,0,1,1,0,0,25,0,0,0,0,0,4,2,3
,2022-46803,-105.0896884,39.61831469,12/20/2022 14:42,14:42,3,0,1,W CRESTLINE AVE & S WADSWORTH BLVD (APPROX),1,1,0,0,1,2,0,0,25,0,0,0,0,1,2,2,11
,2022-46805,-104.9862206,39.72585744,12/19/2022 17:00,17:00,10,0,1,E SPEER BLVD & N LINCOLN ST,1,1,0,0,1,1,0,0,30,0,0,0,0,1,4,2,13
,2022-46806,-105.0509506,39.73675268,12/19/2022 9:21,9:21,6,0,0,N YATES ST & W 13TH AVE,1,1,0,0,1,3,0,1,25,0,0,0,0,0,4,2,11
,2022-46807,-105.0088199,39.77051621,12/11/2022 1:14,1:14,6,0,1,W 39TH AVE & 1800 BLK,1,3,0,0,1,4,0,0,25,0,0,0,0,2,4,3,10
,2022-46810,-104.8097974,39.78375545,12/19/2022 21:09,21:09,1,0,0,N CHAMBERS RD & E GATEWAY AVE,1,3,0,0,1,1,0,0,40,0,0,0,0,0,4,2,10
,2022-46811,-104.9131933,39.70312618,12/20/2022 12:42,12:42,12,0,0,LEETSDALE DR & S MONACO ST,1,1,0,0,1,3,0,0,40,0,0,0,0,0,2,2,2
,2022-46814,-105.004095,39.76083313,12/18/2022 1:34,1:34,1,0,0,20TH ST & I-25 NB RAMPS,1,3,0,0,1,1,0,0,,0,0,0,0,0,1,2,16
,2022-46816,-104.7904868,39.78339557,12/20/2022 8:10,8:10,12,0,0,PENA BLVD & 7000 BLK,1,1,0,0,1,4,0,0,65,0,0,0,0,0,4,2,7
,2022-46819,-104.7863683,39.80418472,12/20/2022 17:04,17:04,12,0,1,PENA BLVD & E 56TH AVE,1,3,0,0,1,4,0,0,65,0,0,0,0,1,4,3,7
,2022-46960,-105.0532399,39.76660462,12/3/2022 1:30,1:30,12,0,0,N SHERIDAN BLVD & W 36TH AVE,1,3,0,0,1,1,0,0,35,0,0,0,0,0,2,2,16
,2022-46963,-104.9405442,39.68694162,12/21/2022 19:00,19:00,12,0,0,S COLORADO BLVD & E IOWA AVE,1,3,0,0,1,4,0,0,,0,0,0,0,0,2,2,16
,2022-46966,-104.9593442,39.6911481,12/20/2022 9:00,9:00,12,0,0,S UNIVERSITY BLVD & E ARKANSAS AVE,1,1,0,0,1,1,0,0,30,0,0,0,0,0,4,2,3
,2022-46967,-105.0532447,39.78369116,12/21/2022 9:15,9:15,12,0,0,I-70 & N SHERIDAN BLVD,1,1,1,0,1,4,0,0,55,0,0,0,0,0,1,3,16
,2022-46969,-105.0532102,39.74011774,12/21/2022 12:20,12:20,12,0,0,N SHERIDAN BLVD & W COLFAX AVE,1,1,0,0,1,4,0,0,35,0,0,0,0,0,2,2,13
,2022-46971,-104.771986,39.82004357,12/21/2022 15:10,15:10,15,0,0,N TOWER RD & 6700 BLK,1,2,0,0,1,4,0,0,40,0,0,0,0,0,4,2,8
,2022-46976,-104.9886669,39.77993719,12/21/2022 10:49,10:49,5,0,0,I-70 & MM 274.100,1,1,1,0,2,4,0,0,55,0,0,0,0,0,1,1,1
,2022-46980,-104.949939,39.71625095,12/21/2022 17:40,17:40,1,0,0,S STEELE ST & E ELLSWORTH AVE,9,3,0,2,1,1,0,0,35,0,0,0,0,0,4,2,13
,2022-46981,-104.9128902,39.69662305,12/21/2022 13:45,13:45,12,0,1,S MONACO ST & E MISSISSIPPI AVE,1,1,0,0,1,1,0,0,30,0,0,0,0,1,4,2,3
,2022-46983,-104.9907143,39.75710128,12/21/2022 18:17,18:17,3,0,1,PARK AVE W & BLAKE ST,11,3,0,2,1,1,0,0,45,0,0,0,0,2,4,2,14
,2022-46984,-104.9404313,39.78557994,12/20/2022 17:00,17:00,15,0,0,N COLORADO BLVD & 4900 BLK,1,2,0,0,1,4,0,0,45,0,0,0,0,0,2,2,16
,2022-46985,-104.9593442,39.6911481,12/20/2022 8:45,8:45,12,0,0,S UNIVERSITY BLVD & E ARKANSAS AVE,1,1,0,0,1,1,0,0,30,0,0,0,0,0,4,2,3
,2022-46986,-105.0092271,39.78335288,12/21/2022 9:44,9:44,12,0,0,I-70 & N PECOS ST WB ON RAMP MERGE PT,1,1,1,0,1,14,0,0,55,0,0,0,0,0,1,3,13
,2022-46987,-104.9958782,39.76742444,12/21/2022 1:50,1:50,5,0,0,I-25 & PARK AVE W NB EXIT GORE PT,1,3,0,0,2,8,0,0,35,0,0,0,0,0,1,1,16
,2022-46989,-104.9862383,39.71835466,12/20/2022 18:15,18:15,10,0,0,N LINCOLN ST & E 1ST AVE,1,1,0,5,1,1,0,0,30,0,0,0,0,0,4,2,8
,2022-46997,-104.7718514,39.82729269,12/21/2022 5:41,5:41,1,0,2,N TOWER RD & PENA BLVD EB RAMPS,1,3,0,0,1,1,0,0,45,0,0,0,0,2,4,2,16
,2022-46998,-104.8991151,39.6530435,12/21/2022 8:11,8:11,12,0,0,E HAMPDEN AVE & S TAMARAC DR,1,1,1,0,1,4,0,0,45,0,0,0,0,0,2,2,16
,2022-47004,-104.9407892,39.70607071,12/21/2022 15:15,15:15,1,0,0,E CHERRY CREEK S DR & S COLORADO BLVD,1,1,0,0,1,1,0,0,30,0,0,0,0,0,2,2,11
,2022-47005,-104.9034947,39.71128237,12/21/2022 14:30,14:30,1,0,0,E ALAMEDA AVE & S QUEBEC ST,1,1,0,0,1,1,0,0,35,0,0,0,0,0,4,2,13
,2022-47006,-105.0130163,39.72542371,12/21/2022 14:00,14:00,12,0,0,I-25 & W 6TH AVE FWY,1,1,0,0,1,14,0,0,55,0,0,0,0,0,1,3,16
,2022-47008,-105.0339999,39.74034159,12/21/2022 7:40,7:40,12,0,0,W COLFAX AVE & 3500 BLK,1,1,0,0,1,4,0,0,30,0,0,0,0,0,2,2,1
,2022-47009,-105.0251799,39.78422127,12/21/2022 15:40,15:40,15,0,0,I-70 & N FEDERAL BLVD,1,1,1,6,1,4,0,0,55,0,0,0,0,0,1,3,3
,2022-47010,-105.0451296,39.72942375,12/20/2022 20:00,20:00,6,0,0,N UTICA ST & W 8TH AVE,1,4,0,0,1,1,0,0,25,0,0,0,0,0,4,2,16
,2022-47012,-105.0532395,39.75862198,12/21/2022 8:27,8:27,12,0,2,N SHERIDAN BLVD & W 29TH AVE,1,1,1,0,1,4,0,0,35,0,0,0,0,3,2,2,16
,2022-47018,-105.0250847,39.7004053,12/20/2022 19:57,19:57,1,0,1,S FEDERAL BLVD & W KENTUCKY AVE,1,3,0,0,1,1,0,0,40,0,0,0,0,1,2,2,16
,2022-47036,-104.7718785,39.83347057,12/21/2022 18:40,18:40,12,0,0,N TOWER RD & PENA BLVD,4,3,0,2,1,1,0,0,40,0,0,0,0,0,4,2,13
,2022-47040,-104.8935219,39.63574821,12/21/2022 8:55,8:55,12,0,1,I-225 & S TAMARAC ST,1,1,0,0,1,4,0,0,55,0,0,0,0,1,1,2,13
,2022-47041,-105.0078746,39.68609354,12/21/2022 12:38,12:38,6,0,0,S QUIETO CT & 1500 BLK,1,1,1,0,1,4,0,0,25,0,0,0,0,0,4,2,16
,2022-47043,-105.0042691,39.76099868,12/20/2022 16:47,16:47,15,0,0,I-25 & 20TH ST (APPROX),1,3,0,0,1,4,0,0,,0,0,0,0,0,1,2,16
,2022-47044,-104.9705804,39.7181916,12/20/2022 17:15,17:15,15,0,0,E 1ST AVE & N LAFAYETTE ST,1,1,0,0,1,1,0,0,30,0,0,0,0,0,4,2,3
,2022-47048,-105.0064252,39.78313348,12/21/2022 15:19,15:19,12,0,2,I-70 & N PECOS ST,1,1,0,0,1,4,0,0,55,0,0,0,0,1,1,3,8
,2022-47057,-104.987543,39.71299089,12/20/2022 13:00,13:00,12,0,0,S BROADWAY ST & E CEDAR AVE,1,1,0,0,1,1,0,0,30,0,0,0,0,0,4,2,3
,2022-47058,-104.9622353,39.73997979,12/21/2022 8:23,8:23,3,0,0,N VINE ST & E COLFAX AVE,1,1,0,0,1,1,0,0,25,0,0,0,0,0,2,2,11
,2022-47071,-104.67394,39.84747349,12/21/2022 15:48,15:48,15,0,0,PENA BLVD INBOUND & APPROACH/DEPARTURE SPLIT,1,1,0,0,1,4,0,0,35,0,0,0,0,0,4,4,13
,2022-47072,-104.9593249,39.77999371,12/21/2022 5:50,5:50,15,0,0,I-70 & N YORK ST,1,3,1,0,1,4,0,0,55,0,0,0,0,0,1,2,2
,2022-47074,-104.9140917,39.67485634,12/20/2022 13:45,13:45,3,0,0,S LOCUST ST & E ILIFF AVE,1,1,0,0,1,1,0,0,25,0,0,0,0,0,4,2,3
,2022-47082,-104.833819,39.77286982,12/21/2022 8:05,8:05,12,0,0,I-70 & I-225 SB EXIT,1,1,0,0,1,4,0,0,55,0,0,0,0,0,1,2,16
,2022-47135,-104.9875514,39.7120365,12/17/2022 11:00,11:00,15,0,0,S BROADWAY ST & E ALAMEDA AVE,1,1,0,0,1,4,0,0,30,0,0,0,0,0,4,2,11
,2022-47136,-104.9868808,39.71115874,11/18/2022 21:04,21:04,15,0,0, BROADWAY ST & W NEVADA PL,2,3,0,0,1,4,0,0,35,0,0,0,0,0,4,2,16
,2022-47139,-104.9015855,39.78715924,12/21/2022 19:57,19:57,12,0,1,N QUEBEC ST & MM 9.231,9,3,0,2,1,4,0,0,40,0,0,0,0,1,2,2,1
,2022-47142,-104.9861158,39.74239863,12/22/2022 10:15,10:15,15,0,0,N LINCOLN ST & E 17TH AVE,9,1,0,0,1,4,0,0,35,0,0,0,0,0,4,2,7
,2022-47143,-105.0052799,39.76322284,12/4/2022 18:30,18:30,11,0,1,N OSAGE ST & W 33RD AVE,1,3,1,0,1,1,0,0,25,0,1,0,0,3,4,1,11
,2022-47144,-104.9128927,39.67864766,12/22/2022 10:42,10:42,15,0,0,S MONACO ST & E EVANS AVE,9,1,0,0,1,3,0,0,30,0,0,0,0,0,4,2,7
,2022-47146,-105.0251344,39.72932999,12/21/2022 15:16,15:16,12,0,0,W 6TH AVE & N FEDERAL BLVD,1,1,0,0,1,4,0,0,55,0,0,0,0,0,2,2,10
,2022-47151,-104.8605791,39.77517699,12/22/2022 15:02,15:02,5,0,1,I-70 & N HAVANA ST EB ON RAMP GORE PT,14,1,0,2,2,13,0,0,65,0,0,0,0,2,1,1,16
,2022-47153,-105.0251299,39.75602395,12/1/2022 17:50,17:50,12,0,0,N FEDERAL BLVD & W 27TH AVE,1,3,0,0,1,1,0,0,40,0,0,0,0,0,2,3,14
,2022-47160,-105.0143037,39.72543996,12/22/2022 11:51,11:51,5,0,0,W 6TH AVE FWY & I-25 SB ON RAMP GORE PT,4,1,0,0,2,14,0,0,55,0,0,0,0,0,2,2,16
,2022-47161,-105.0252859,39.75484073,11/25/2022 14:58,14:58,12,0,0,N FEDERAL BLVD & W 26TH AVE,1,1,0,0,1,1,0,0,35,0,0,0,0,0,2,2,1
,2022-47162,-104.8470297,39.77400525,11/22/2022 21:21,21:21,15,0,0,I-70 & N PEORIA ST,1,3,0,0,1,4,0,0,,0,0,0,0,0,1,2,16
,2022-47165,-104.9895508,39.78026028,11/22/2022 16:20,16:20,12,0,0,I-70 WB OFF RAMP & I-70 WB RAMP SPIT TO I-25 (APPROX),1,1,0,0,1,8,0,0,55,0,0,0,0,0,1,2,1
,2022-47166,-104.9851981,39.6685736,12/21/2022 17:00,17:00,6,0,0,S SHERMAN ST & 2600 BLK,1,1,0,5,1,4,0,0,30,0,0,0,0,0,4,2,16
,2022-47167,-104.8307394,39.79805357,5/6/2022 2:05,2:05,8,1,3,E 56TH AVE & 13500 BLK,1,4,0,0,1,4,0,0,40,0,0,0,0,4,4,2,1
,2022-47169,-104.9827892,39.71109949,11/16/2022 21:02,21:02,12,0,0,S LOGAN ST & E ALAMEDA AVE,1,3,0,0,1,3,0,0,30,0,0,0,0,0,4,2,7
,2022-47173,-104.8882265,39.73285314,12/22/2022 10:25,10:25,14,0,0,E 11TH AVE & N WILLOW ST,4,1,1,0,6,1,0,0,30,0,0,0,0,0,4,2,3
,2022-47175,-104.9922237,39.69048094,12/20/2022 19:51,19:51,5,0,1,S SANTA FE DR & W FLORIDA AVE,1,3,0,0,2,4,0,0,45,0,0,0,0,2,2,1,16
,2022-47176,-104.9929399,39.69666191,12/22/2022 10:28,10:28,15,0,0,S PLATTE RIVER DR & W MISSISSIPPI AVE,9,1,0,0,1,1,0,0,45,0,0,0,0,0,2,2,3
,2022-47177,-104.9771803,39.77430267,11/23/2022 18:16,18:16,12,0,2,38TH ST & CHESTNUT PL,1,2,0,0,1,1,0,0,35,0,0,0,0,2,4,3,16
,2022-47180,-104.9706375,39.73204553,12/14/2022 13:00,13:00,3,0,0,N LAFAYETTE ST & E 10TH AVE,1,1,0,0,1,1,0,0,25,0,0,0,0,0,4,2,1
,2022-47182,-105.0247513,39.71482378,12/22/2022 11:55,11:55,3,0,0,W BAYAUD AVE & S FEDERAL BLVD,7,1,1,7,1,1,0,0,45,0,0,0,0,0,2,3,1
,2022-47183,-104.8658756,39.76219857,12/9/2022 20:00,20:00,3,0,0,N HAVANA ST & FLORENCE WY,1,3,0,0,1,1,0,0,35,0,0,0,0,0,4,2,16
,2022-47184,-104.9873762,39.74335811,12/22/2022 14:00,14:00,3,0,0,N BROADWAY ST & 17TH ST,4,1,0,0,1,1,0,0,35,0,0,0,0,0,4,2,11
,2022-47185,-104.7788864,39.83061992,12/22/2022 4:30,4:30,15,0,0,PENA BLVD OUTBOUND & 6000 BLK,9,3,1,2,1,4,0,0,65,0,0,0,0,0,4,2,13
,2022-47187,-105.0156805,39.68414271,12/22/2022 15:24,15:24,3,0,0,S ZUNI ST & W COLORADO AVE,4,3,0,0,1,1,0,0,25,0,0,0,0,0,4,2,14
,2022-47188,-104.9124086,39.76182719,12/22/2022 9:43,9:43,3,0,1,N MONACO ST & E MLK BLVD,4,1,0,0,1,1,0,0,30,0,0,0,0,3,4,2,13
,2022-47189,-104.9949384,39.76798043,12/22/2022 14:22,14:22,15,0,0,I-25 & PARK AVE W ,5,1,0,0,1,13,0,0,55,0,0,0,0,0,1,2,13
,2022-47192,-104.8667804,39.67137781,12/4/2022 22:08,22:08,12,0,1,S PARKER RD & S HAVANA ST,1,4,0,0,1,4,0,0,45,0,0,0,0,2,2,2,16
,2022-47194,-105.0532564,39.66778641,12/22/2022 14:48,14:48,3,0,0,S SHERIDAN BLVD & W YALE AVE,14,1,0,0,1,1,0,0,40,0,0,0,0,0,2,2,1
,2022-47195,-104.9823387,39.74327188,12/7/2022 14:45,14:45,6,0,0,1665 N LOGAN ST & E 17TH AVE,1,1,0,0,1,4,0,0,25,0,0,0,0,0,4,2,16
,2022-47199,-104.8470297,39.77400525,12/21/2022 17:55,17:55,12,0,0,I-70 EB RAMPS & N PEORIA ST,9,3,1,2,1,8,0,0,35,0,0,0,0,0,1,2,11
,2022-47200,-104.8810726,39.77397679,12/22/2022 17:18,17:18,1,0,1,9111 E 40TH AVE & N CENTRAL PARK BLVD,14,2,0,0,1,2,0,0,40,0,0,0,0,1,4,3,13
,2022-47201,-104.9045022,39.62851648,12/22/2022 11:43,11:43,12,0,0,I-25 & E UNION AVE,4,1,0,0,1,4,0,0,65,0,0,0,0,0,1,3,16
,2022-47202,-104.9733872,39.74324898,11/22/2022 14:22,14:22,15,0,0,N DOWNING ST & E 17TH AVE,1,1,0,0,1,4,0,0,25,0,0,0,0,0,4,2,13
,2022-47206,-105.0250486,39.67864394,11/27/2022 19:15,19:15,12,0,0,S FEDERAL BLVD & W EVANS AVE,1,3,0,0,1,3,0,0,40,0,0,0,0,0,2,2,1
,2022-47208,-104.9405607,39.69657743,12/22/2022 9:03,9:03,3,0,0,E MISSISSIPPI AVE & S COLORADO BLVD,9,1,1,0,1,1,0,0,30,0,0,0,0,0,2,2,14
,2022-47209,-104.77201,39.81824704,12/22/2022 11:48,11:48,5,0,0,N TOWER RD & 6600 BLK,4,1,0,0,2,4,0,0,,0,0,0,0,0,4,4,16
,2022-47210,-104.9881006,39.75507699,12/22/2022 21:20,21:20,3,0,0,PARK AVE W & LAWRENCE ST,9,3,0,2,1,1,0,0,45,0,0,0,0,0,4,2,14
,2022-47213,-105.1905607,39.65358053,11/12/2022 23:36,23:36,12,0,0,W MORRISON RD & 300 BLK,1,4,1,0,1,4,0,0,30,0,0,0,0,0,4,2,7
,2022-47214,-104.9394609,39.68570761,12/15/2022 17:00,17:00,3,0,1,S ALBION ST & E MEXICO AVE,1,3,0,0,1,2,0,0,30,0,0,0,0,1,4,2,13
,2022-47215,-104.9128971,39.70280113,12/22/2022 12:24,12:24,15,0,0,S MONACO ST & LEETSDALE DR,9,1,1,1,1,3,0,0,30,0,0,0,0,0,2,2,3
,2022-47219,-105.0042691,39.76099868,12/21/2022 15:52,15:52,12,0,2,I-25 & 20TH ST,1,1,0,0,1,4,0,0,55,0,0,0,0,1,1,2,16
,2022-47223,-104.6750364,39.84791734,12/20/2022 5:00,5:00,15,0,0,PENA BLVD & 8300 BLK,1,2,0,0,1,4,0,0,40,0,0,0,0,0,4,2,14
,2022-47224,-104.8470302,39.77419185,12/22/2022 10:50,10:50,15,0,1,I-70 & WB ON RAMP MERGE PT FROM N PEORIA ST,4,1,1,0,1,14,0,0,55,0,0,0,0,1,1,2,16
,2022-47225,-104.8905524,39.73932997,12/8/2022 19:21,19:21,6,0,0,N VERBENA ST & E COLFAX AVE,1,3,0,0,3,4,0,0,25,0,0,0,0,0,4,3,16
,2022-47227,-105.0205194,39.78013268,11/8/2022 20:04,20:04,5,0,0,4591 N CLAY ST & W 46TH AVE,1,3,0,0,3,4,0,0,25,0,0,0,0,0,4,2,16
,2022-47230,-104.9989589,39.74666594,12/3/2022 1:53,1:53,3,0,0,LAWRENCE ST & 14TH ST,1,3,0,0,1,1,0,0,30,0,0,0,0,0,1,2,1
,2022-47231,-104.8939631,39.74008291,11/4/2022 4:24,4:24,6,0,0,E COLFAX AVE & N ULSTER ST,11,3,0,0,1,4,0,0,35,0,0,0,0,0,2,2,16
,2022-47232,-104.7492418,39.78109362,12/22/2022 10:41,10:41,14,0,0,E GVR BLVD & N JEBEL ST,9,1,0,2,1,1,0,0,25,0,0,0,0,0,4,2,16
,2022-47234,-104.9684228,39.76635356,12/22/2022 13:30,13:30,6,0,0,N FRANKLIN ST & 3500 BLK,1,1,0,0,1,4,0,0,35,0,0,0,0,0,4,2,1
,2022-47235,-104.9339699,39.67844568,11/7/2022 18:37,18:37,12,0,0,I-25 & E EVANS AVE,1,3,0,0,1,4,0,0,60,0,0,0,0,0,1,2,1