id,drcog_id,longitude,latitude,crashtime,time,crashtype,numbkilled,numbinjurd,drcoglocat,rdconditin,lightngcon,roadcntgrd,weatherco,location,roaddescrp,schoolzone,constrzone,splimit,bikeinv,pedinv,sctrinv,motoinv,svrty,rdsystem,ttlvehcls,hcf
,2022-47237,-104.9499092,39.76756525,11/15/2022 8:00,8:00,6,0,0,N STEELE ST & E 37TH AVE,4,1,1,2,1,4,0,0,,0,0,0,0,0,4,2,16
,2022-47238,-105.0256891,39.71108459,12/4/2022 18:32,18:32,12,0,0,W ALAMEDA AVE & 3000 BLK,1,3,0,0,1,4,0,0,35,0,0,0,0,0,2,2,16
,2022-47239,-104.8470302,39.77419185,12/21/2022 21:57,21:57,12,0,0,I-70 WB EXIT RAMP & N PEORIA ST,9,3,1,2,1,8,0,0,35,0,0,0,0,0,1,2,14
,2022-47242,-105.0251691,39.73298246,12/23/2022 5:39,5:39,10,0,0,N FEDERAL BLVD & W 10TH AVE,5,3,0,0,1,2,0,0,35,0,0,0,0,0,2,2,16
,2022-47243,-104.9971408,39.711194,12/24/2022 13:15,13:15,3,0,0,W ALAMEDA AVE & S SANTA FE DR,12,1,0,0,1,1,0,0,35,0,0,0,0,0,4,3,3
,2022-47245,-104.9126954,39.76926626,12/22/2022 14:00,14:00,3,0,0,E 38TH AVE & N MONACO ST,14,1,0,0,1,1,0,0,35,0,0,0,0,0,4,2,1
,2022-47246,-105.0530841,39.65333346,12/23/2022 2:14,2:14,5,0,0,NB OFF RAMP MERGE PT FROM S SHERIDAN BLVD & W HAMPDEN AVE,4,3,0,0,3,14,0,0,45,0,0,0,0,0,2,1,14
,2022-47247,-104.8470129,39.78177018,12/22/2022 12:47,12:47,3,0,0,N PEORIA ST & E 47TH AVE,4,1,0,2,1,2,0,0,45,0,0,0,0,0,4,2,7
,2022-47248,-104.9128116,39.67846224,12/23/2022 17:30,17:30,3,0,0,E EVANS AVE & S MONACO ST,9,3,0,0,1,1,0,0,35,0,0,0,0,0,4,2,16
,2022-47253,-104.9927013,39.69756242,12/23/2022 7:24,7:24,12,0,0,S PLATTE RIVER DR & 800 BLK,14,2,0,0,1,4,0,0,55,0,0,0,0,0,2,3,14
,2022-47254,-104.912769,39.67846218,12/23/2022 14:40,14:40,12,0,0,E EVANS AVE & S MONACO ST,14,2,0,0,1,1,0,0,30,0,0,0,0,0,4,2,13
,2022-47255,-104.9409793,39.72560015,12/23/2022 13:20,13:20,12,0,0,E 6TH AVE & N HARRISON ST,14,1,0,0,1,4,0,0,30,0,0,0,0,0,4,2,13
,2022-47258,-104.9257464,39.66757678,12/23/2022 9:36,9:36,3,0,0,I-25 SB RAMPS & E YALE AVE,14,1,1,0,1,1,0,0,25,0,0,0,0,0,1,2,16
,2022-47261,-104.9861177,39.74488996,12/3/2022 17:00,17:00,12,0,0,E 18TH AVE & N LINCOLN ST,1,1,0,0,1,1,0,0,30,0,0,0,0,0,4,2,16
,2022-47262,-105.0015154,39.69670577,10/5/2022 16:49,16:49,3,0,0,W MISSISSIPPI AVE & S LIPAN ST,1,1,1,0,1,1,0,0,35,0,0,0,0,0,4,2,1
,2022-47263,-104.9315723,39.79104653,12/22/2022 8:24,8:24,12,0,0,E 52ND AVE & N DAHLIA ST,4,1,1,2,1,3,0,0,30,0,0,0,0,0,4,2,7
,2022-47264,-104.9034478,39.74744189,11/22/2022 19:18,19:18,3,0,2,E MONTVIEW BLVD & N QUEBEC ST,1,3,0,0,1,1,0,0,30,0,0,0,0,2,4,2,1
,2022-47265,-104.7905734,39.77282797,12/22/2022 3:40,3:40,1,0,0,E 40TH AVE & PENA BLVD,4,3,0,2,1,1,0,0,40,0,0,0,0,0,4,2,11
,2022-47267,-104.9936605,39.75928458,12/23/2022 11:50,11:50,6,0,0,PARK AVE W & WEWATTA ST,4,1,0,0,1,4,0,0,35,0,0,0,0,0,4,2,13
,2022-47268,-104.9828208,39.75512086,12/23/2022 9:25,9:25,6,0,0,CHAMPA ST & 25TH ST,9,1,0,0,1,4,0,0,25,0,0,0,0,0,4,2,13
,2022-47269,-104.8470638,39.78238789,12/20/2022 13:25,13:25,12,0,0,E 47TH AVE & N PEORIA ST,1,1,0,0,1,3,0,0,25,0,0,0,0,0,4,2,13
,2022-47270,-104.9810842,39.74327186,12/23/2022 1:14,1:14,3,0,0,N PENNSYLVANIA ST & E 17TH AVE,14,3,0,2,1,1,0,0,30,0,0,0,0,0,4,2,14
,2022-47271,-104.8392778,39.78255833,11/28/2022 15:48,15:48,6,0,0,E ELK PL & N TOPEKA CT,1,1,0,0,1,4,0,0,25,0,0,0,0,0,4,3,14
,2022-47272,-104.9321662,39.65300176,12/23/2022 9:59,9:59,12,0,0,E HAMPDEN AVE & S DAHLIA ST,8,1,1,0,1,4,0,0,35,0,0,0,0,0,2,2,16
,2022-47274,-104.987404,39.72909482,12/20/2022 17:54,17:54,12,0,0,W 8TH AVE & N BROADWAY AVE,1,3,1,0,1,1,0,0,35,0,0,0,0,0,4,2,3
,2022-47275,-104.9405114,39.76180251,12/23/2022 7:59,7:59,3,0,0,N COLORADO BLVD & E MLK BLVD,5,1,0,0,1,1,0,0,35,0,0,0,0,0,2,3,7
,2022-47276,-104.7648974,39.78372349,12/22/2022 12:45,12:45,3,0,0,E GVR BLVD & N ARGONNE ST,9,1,0,2,1,1,0,0,25,0,0,0,0,0,4,3,14
,2022-47277,-105.0003587,39.74960794,12/23/2022 13:00,13:00,3,0,0,BLAKE ST & 15TH ST,8,1,0,0,1,1,0,0,35,0,0,0,0,0,4,2,16
,2022-47278,-104.8657292,39.78227352,12/23/2022 5:14,5:14,12,0,0,N HAVANA ST & E 47TH AVE,4,3,0,0,1,1,0,0,40,0,0,0,0,0,4,3,14
,2022-47279,-104.7899883,39.78363659,12/23/2022 7:49,7:49,1,0,2,E GVR BLVD & NB PENA BLVD RAMPS,9,1,0,0,1,1,0,0,45,0,0,0,0,2,4,2,7
,2022-47280,-105.0531999,39.65335624,12/22/2022 19:18,19:18,8,0,0,W HAMPDEN AVE S FRONTAGE RD & 5500 BLK,9,3,0,2,6,4,0,0,35,0,0,0,0,0,2,2,7
,2022-47282,-105.0251004,39.73800989,12/7/2022 15:29,15:29,15,0,0,N FEDERAL BLVD & W HOWARD PL,1,1,0,0,1,4,0,0,,0,0,0,0,0,2,2,16
,2022-47285,-105.0838958,39.63563355,12/23/2022 20:12,20:12,3,0,0,W STANFORD AVE & 7900 BLK,9,3,0,0,1,2,0,0,25,0,0,0,0,0,4,2,13
,2022-47286,-104.7421873,39.7797727,12/22/2022 23:30,23:30,6,0,0,N MALAYA ST & E 47TH AVE,4,3,0,0,1,4,0,0,,0,0,0,0,0,4,2,16
,2022-47288,-105.0302361,39.7694113,12/23/2022 13:05,13:05,3,0,0,W 38TH AVE & N IRVING ST,5,1,0,0,1,2,0,0,35,0,0,0,0,0,4,2,13
,2022-47289,-104.940066,39.68346168,12/23/2022 10:09,10:09,12,0,0,I-25 NB OFF RAMP & S COLORADO BLVD,9,1,1,0,1,8,0,0,45,0,0,0,0,0,1,3,10
,2022-47299,-105.01865,39.72025765,12/23/2022 8:52,8:52,3,0,0,W 2ND AVE & N BRYANT ST,4,1,0,0,1,1,0,0,25,0,0,0,0,0,4,3,14
,2022-47301,-104.790369,39.78498421,12/23/2022 11:50,11:50,3,0,0,PENA BLVD NB RAMPS & GREEN VALLEY RANCH BLVD,4,1,0,2,1,1,0,0,45,0,0,0,0,0,4,2,1
,2022-47302,-104.941248,39.6784401,12/23/2022 15:13,15:13,1,0,0,E EVANS AVE & S COLORADO BLVD,4,1,0,0,6,1,0,0,35,0,0,0,0,0,2,2,13
,2022-47306,-104.9733971,39.71291641,12/23/2022 15:10,15:10,3,0,1,E CEDAR AVE & S DOWNING ST,14,1,0,0,1,1,0,0,25,0,0,0,0,1,4,2,11
,2022-47308,-104.7721173,39.79836464,12/22/2022 23:06,23:06,12,0,0,N TOWER RD & E 56TH AVE,4,3,0,2,1,3,0,0,,0,0,0,0,0,4,2,13
,2022-47309,-105.0870466,39.62985879,12/19/2022 16:32,16:32,12,0,1,S WADWORTH BLVD & 4800 BLK,1,3,0,0,1,4,0,0,40,0,0,0,0,1,2,4,13
,2022-47310,-104.7904868,39.78339557,12/23/2022 11:36,11:36,12,0,0,PENA BLVD OUTBOUND & 5500 BLK,1,1,0,0,1,4,0,0,65,0,0,0,0,0,4,2,13
,2022-47311,-104.9948357,39.77661607,12/22/2022 21:03,21:03,3,0,1,N FOX ST & W 44TH AVE,9,1,0,2,1,1,0,0,25,0,0,0,0,2,4,2,16
,2022-47312,-104.77473,39.78362006,12/23/2022 8:34,8:34,12,0,1,E GVR BLVD & N YAMPA ST,4,1,0,2,1,3,0,0,40,0,0,0,0,2,4,2,16
,2022-47316,-105.0344454,39.70313675,12/23/2022 12:18,12:18,3,0,0,W WALSH PL & S LOWELL BLVD,4,1,0,0,1,1,0,0,,0,0,0,0,0,4,2,16
,2022-47317,-105.0532727,39.63976929,12/23/2022 14:05,14:05,10,0,0,S SHERIDAN BLVD & W QUINCY AVE,4,1,0,0,1,1,0,0,30,0,0,0,0,0,2,2,16
,2022-47318,-104.7857899,39.78363898,12/22/2022 21:53,21:53,12,0,0,E GVR BLVD & PENA BLVD NB RAMPS,4,3,0,0,1,3,0,0,35,0,0,0,0,0,4,2,1
,2022-47319,-104.9405458,39.68291817,12/23/2022 3:30,3:30,5,0,0,I-25 SB ON RAMP FROM COLORADO BLVD & RAMP MERGE PT,9,3,1,0,2,8,0,0,20,0,0,0,0,0,1,1,13
,2022-47323,-104.9446429,39.65295586,12/23/2022 10:05,10:05,5,0,0,E HAMPDEN AVE & S MONROE ST,7,1,1,0,3,4,0,0,30,0,0,0,0,0,2,1,16
,2022-47324,-104.7721178,39.80499111,12/23/2022 9:58,9:58,12,0,1,N TOWER RD & E 61ST AVE (APPROX),4,1,0,0,1,4,0,0,40,0,0,0,0,1,4,2,14
,2022-47325,-105.01283,39.76080482,12/23/2022 9:24,9:24,16,0,0,2177 W 31ST AVE & nan,4,2,0,0,5,7,0,0,,0,0,0,0,0,3,2,16
,2022-47326,-104.947273,39.74014602,12/15/2022 15:29,15:29,3,0,0,E COLFAX AVE & N COOK ST,1,1,0,0,1,1,0,0,30,0,0,0,0,0,2,2,1
,2022-47328,-104.7788864,39.83061992,12/23/2022 9:21,9:21,12,0,1,PENA BLVD OUTBOUND & 6000 BLK,11,1,0,0,1,4,0,0,65,0,0,0,0,2,4,2,8
,2022-47329,-104.940675,39.77412461,12/7/2022 18:16,18:16,12,0,1,N COLORADO BLVD & E 41ST AVE,1,4,0,0,1,4,0,0,40,0,0,0,0,1,2,2,16
,2022-47335,-104.9929394,39.73659374,12/12/2022 10:43,10:43,12,0,1,N DELAWARE ST & W 13TH AVE,1,1,0,0,1,2,0,0,30,0,0,0,0,1,4,2,9
,2022-47337,-104.903422,39.77822311,12/23/2022 22:17,22:17,15,0,0,I-70 & N NORTHFIELD QUEBEC ST,5,3,0,2,1,4,0,0,55,0,0,0,0,0,1,2,7
,2022-47339,-104.8965827,39.6836354,12/24/2022 18:41,18:41,6,0,0,S TRENTON ST & E COLORADO AVE,9,3,0,2,1,3,0,0,30,0,0,0,0,0,4,2,16
,2022-47340,-104.9875672,39.67851948,12/21/2022 22:00,22:00,5,0,0,E EVANS AVE & S BROADWAY ST,4,3,0,2,6,1,0,0,30,0,0,0,0,0,4,1,14
,2022-47347,-104.7718023,39.83343059,12/23/2022 6:07,6:07,12,0,0,N TOWER RD & PENA BLVD EB RAMPS,4,1,1,2,1,3,0,0,35,0,0,0,0,0,4,3,14
,2022-47348,-105.0418121,39.65641973,12/22/2022 13:03,13:03,6,0,0,S RALEIGH ST & 3200 BLK,9,1,1,2,1,4,0,0,25,0,0,0,0,0,4,3,13
,2022-47351,-104.9404553,39.78377163,12/24/2022 10:53,10:53,1,0,1,N COLORADO BLVD & E 48TH AVE,8,1,0,0,1,1,0,0,35,0,0,0,0,1,2,3,7
,2022-47361,-104.9900948,39.74544707,12/24/2022 0:26,0:26,3,0,0,WELTON ST & 17TH ST,9,3,0,0,1,1,0,0,25,0,0,0,0,0,4,2,7
,2022-47364,-105.0101282,39.75700115,12/24/2022 15:14,15:14,12,0,2,I-25 & 15TH ST,1,1,0,0,1,4,0,0,55,0,0,0,0,2,1,4,13
,2022-47374,-104.771881,39.83409285,12/24/2022 16:25,16:25,12,0,0,PENA BLVD OUTBOUND & TOWER RD,11,1,1,0,1,4,0,0,65,0,0,0,0,0,4,2,3
,2022-47375,-104.6718573,39.83988021,12/23/2022 2:45,2:45,12,0,0,PENA BVLD & 7900 BLK,4,3,0,0,1,4,0,0,65,0,0,0,0,0,4,2,14
,2022-47378,-104.8988729,39.77823318,12/23/2022 19:00,19:00,6,0,1,I-70 & EB ON RAMP MERGE PT FROM QUEBEC ST,1,3,0,0,3,14,0,0,55,0,0,0,0,3,1,3,16
,2022-47383,-104.9862613,39.72564692,12/23/2022 20:46,20:46,3,0,0,N SPEER BLVD & N LINCOLN ST,7,3,0,0,1,1,0,0,30,0,0,0,0,0,4,2,14
,2022-47394,-104.7720774,39.81461813,12/23/2022 23:00,23:00,1,0,0,N TOWER RD & E 65TH AVE,9,3,3,0,1,1,0,0,35,0,0,0,0,0,4,2,13
,2022-47400,-105.0250681,39.6958235,12/25/2022 10:49,10:49,12,0,0,S FEDERAL BLVD & 1100 BLK,11,1,0,0,1,4,0,0,35,0,0,0,0,0,2,3,11
,2022-47402,-104.9823166,39.73843634,12/25/2022 11:57,11:57,3,0,1,N LOGAN ST & E 14TH AVE,11,1,0,0,1,1,0,0,30,0,0,0,0,2,4,2,3
,2022-47405,-104.9257464,39.66757678,12/24/2022 20:52,20:52,6,0,0,I-25 & E YALE AVE,2,3,1,0,1,4,0,0,65,0,0,0,0,0,1,2,7
,2022-47408,-104.8962739,39.76521155,12/24/2022 8:58,8:58,5,0,0,E 35TH AVE & N TRENTON ST,14,1,3,0,3,1,0,0,35,0,0,0,0,0,4,1,14
,2022-47414,-104.8905205,39.76001325,12/25/2022 0:59,0:59,3,0,0,N CENTRAL PARK BLVD & E MLK BLVD,4,3,0,0,1,1,0,0,35,0,0,0,0,0,4,2,16
,2022-47420,-104.9758996,39.78006616,12/25/2022 5:41,5:41,5,0,2,E 46TH AVE & NATIONAL WESTERN DR,9,4,1,2,2,4,0,0,30,0,0,0,0,2,4,1,14
,2022-47422,-104.8470222,39.7740046,12/25/2022 10:59,10:59,12,0,1,I-70 & N PEORIA ST,11,1,1,0,1,13,0,0,55,0,0,0,0,1,1,2,1
,2022-47424,-104.9976458,39.73845852,12/24/2022 23:52,23:52,3,0,0,W 14TH AVE & N SPEER BLVD,12,3,0,0,1,1,0,0,35,0,0,0,0,0,4,2,14
,2022-47426,-104.9733577,39.75072387,12/20/2022 17:37,17:37,2,0,1,E 23RD AVE & N DOWNING ST,1,3,0,0,1,1,0,0,0,1,0,0,0,2,4,1,16
,2022-47427,-104.9499146,39.76182375,12/24/2022 12:53,12:53,12,0,1,E MLK BLVD & N STEELE ST,14,1,0,0,1,1,0,0,35,0,0,0,0,1,4,2,3
,2022-47436,-104.9731819,39.68992971,12/20/2022 7:56,7:56,12,0,0,I-25 & S DOWNING ST,1,1,0,0,1,4,0,0,60,0,0,0,0,0,1,2,16
,2022-47437,-105.0145974,39.74197934,12/24/2022 21:45,21:45,12,0,2,I-25 & AURARIA PKWY NB OFF RAMP GORE PT,12,3,0,0,1,4,0,0,55,0,0,0,0,2,1,2,1
,2022-47451,-104.8828723,39.66023018,12/18/2022 0:01,0:01,11,0,1,AKRON CT & 3100 BLK,1,3,3,0,1,4,0,0,15,0,1,0,0,3,4,1,14
,2022-47550,-104.8230187,39.7762473,12/24/2022 16:17,16:17,6,0,0,14564 E ANDREWS DR & N DURHAM CT,4,1,0,2,1,4,0,0,25,0,0,0,0,0,4,2,16
,2022-47552,-104.9861222,39.7384441,12/9/2022 15:30,15:30,15,0,0,E 14TH AVE & N LINCOLN ST,1,1,0,0,1,1,0,0,35,0,0,0,0,0,4,2,1
,2022-47558,-105.0347704,39.63240965,12/25/2022 19:48,19:48,11,0,0,S LOWELL BLVD & W UNION AVE,1,3,0,0,1,1,0,0,35,0,1,0,0,0,4,1,11
,2022-47562,-105.0532099,39.74032371,12/25/2022 18:35,18:35,11,0,1,W COLFAX AVE & N SHERIDAN BLVD,1,3,0,0,1,1,0,0,35,0,1,0,0,2,2,1,13
,2022-47571,-104.8934403,39.73285521,12/23/2022 17:10,17:10,12,0,0,8100 BLK E 11TH AVE & N UINTA ST,14,3,0,0,1,3,0,0,30,0,0,0,0,0,4,2,13
,2022-47593,-104.7718785,39.83341565,12/23/2022 14:50,14:50,1,0,0,N TOWER RD & PENA BLVD INBOUND,14,1,1,0,1,1,0,0,40,0,0,0,0,0,4,2,13
,2022-47594,-104.9522232,39.7180302,12/20/2022 22:20,22:20,15,0,0,E 1ST AVE & N MILWAUKEE ST,1,3,0,0,1,1,0,0,30,0,0,0,0,0,4,2,13
,2022-47598,-104.959261,39.71111793,11/24/2022 15:30,15:30,1,0,1,S UNIVERSITY BLVD & E ALAMEDA AVE,1,1,1,0,1,1,0,0,35,0,0,0,0,3,4,2,16
,2022-47601,-105.0021167,39.75095542,12/20/2022 23:39,23:39,11,0,1,15TH ST & WYNKOOP ST,1,3,0,0,1,1,0,0,30,0,1,0,0,2,2,1,11
,2022-47604,-105.0252212,39.78750584,12/26/2022 16:14,16:14,1,0,0,N FEDERAL BLVD & W 50TH AVE,1,1,0,0,1,4,0,0,35,0,0,0,0,0,2,2,13
,2022-47608,-104.9793058,39.77914738,12/26/2022 11:42,11:42,3,0,0,N WASHINGTON ST & I-70 EB RAMPS,1,1,0,0,1,1,0,0,35,0,0,0,0,0,4,2,13
,2022-47624,-105.0174273,39.77151952,12/24/2022 13:07,13:07,6,0,0,N ALCOTT ST & W 40TH AVE,7,2,0,0,6,4,0,0,,0,0,0,0,0,4,2,16
,2022-47625,-104.9165161,39.64997876,12/23/2022 12:54,12:54,12,0,0,I-25 & E HAMPDEN AVE,4,1,0,1,1,4,0,0,65,0,0,0,0,0,1,2,16
,2022-47627,-104.692935,39.83346184,12/25/2022 20:15,20:15,1,0,1,N JACKSON GAP ST & PENA BLVD,5,3,0,0,1,1,0,0,35,0,0,0,0,2,4,2,11
,2022-47630,-104.9407766,39.73013725,12/24/2022 11:25,11:25,12,0,1,N COLORADO BLVD & E 9TH AVE,12,1,0,0,1,4,0,0,40,0,0,0,0,1,2,4,13
,2022-47631,-104.9963505,39.7446662,12/26/2022 12:40,12:40,10,0,1,14TH ST & CHAMPA ST,1,1,0,0,1,1,0,0,30,0,0,0,0,1,4,2,8
,2022-47634,-104.9925367,39.76924398,12/9/2022 8:40,8:40,15,0,0,I-25 & W 38TH AVE,1,1,0,0,1,4,0,0,55,0,0,0,0,0,1,2,16
,2022-47636,-105.0029665,39.76865353,12/26/2022 9:40,9:40,6,0,0,N MARIPOSA ST & 3700 BLK,1,1,3,1,1,4,0,0,25,0,0,0,0,0,4,2,16
,2022-47640,-104.9183619,39.73047552,12/20/2022 19:00,19:00,6,0,0,901 N JASMINE ST & 9TH AVE,1,3,0,0,1,4,0,0,25,0,0,0,0,0,4,2,13
,2022-47656,-104.9706926,39.73840727,12/24/2022 8:53,8:53,10,0,0,E 14TH AVE & N LAFAYETTE ST,7,1,0,0,1,1,0,0,30,0,0,0,0,0,4,2,3
,2022-47659,-104.9010936,39.74379131,12/23/2022 15:10,15:10,3,0,0,N ROSLYN ST & E 17TH AVE,9,1,0,0,1,1,0,0,25,0,0,0,0,0,4,2,16
,2022-47709,-105.0045399,39.74658353,12/1/2022 13:54,13:54,5,0,0,11TH ST & WALNUT ST ,1,1,0,0,3,1,0,0,10,0,0,0,0,0,4,1,8
,2022-47739,-104.8708044,39.67475846,12/26/2022 16:01,16:01,3,0,0,E ILIFF AVE & S PARKER RD,1,2,0,0,1,3,0,0,30,0,0,0,0,0,2,3,13
,2022-47747,-104.9597629,39.75822955,12/23/2022 11:25,11:25,3,0,0,E 29TH AVE & N YORK ST,14,1,0,0,1,1,0,0,25,0,0,0,0,0,4,2,16
,2022-47756,-104.7905155,39.7804003,12/27/2022 9:55,9:55,15,0,0,4400 BLK PENA BLVD OUTBOUND & E 40TH AVE,1,1,0,0,1,4,0,0,65,0,0,0,0,0,4,2,14
,2022-47757,-104.8992857,39.63860239,11/27/2022 21:37,21:37,5,0,0,S SYRACUSE ST & E QUINCEY AVE,1,1,0,0,1,1,0,0,,0,0,0,0,0,4,1,16
,2022-47770,-105.05094,39.73941359,12/26/2022 22:00,22:00,6,0,0,N YATES ST & 1400 BLK,14,5,3,7,1,4,0,0,25,0,0,0,0,0,4,2,16
,2022-47771,-105.0131441,39.7256068,12/26/2022 21:54,21:54,12,0,0,I-25 & W 6TH AVE,1,4,0,0,1,4,0,0,55,0,0,0,0,0,1,2,16
,2022-47774,-104.9936605,39.75928458,12/27/2022 7:24,7:24,15,0,0,PARK AVE_W & WEWATTA ST,1,1,0,0,1,3,0,0,35,0,0,0,0,0,4,2,11
,2022-47781,-105.0532644,39.67567369,12/24/2022 10:51,10:51,1,0,0,S SHERIDAN BLVD & W WARREN AVE,11,1,0,0,1,1,0,0,40,0,0,0,0,0,2,3,11
,2022-47784,-104.9235194,39.76185932,12/2/2022 18:12,18:12,11,0,2,5349 E MLK BLVD & N HUDSON ST,1,4,0,0,1,4,0,0,0,0,1,0,0,3,4,1,16
,2022-47785,-104.9406123,39.74007432,12/27/2022 5:50,5:50,1,0,0,N COLORADO BLVD & E COLFAX AVE,1,3,0,0,1,1,0,0,35,0,0,0,0,0,2,2,11
,2022-47786,-104.9598421,39.78201609,12/25/2022 23:00,23:00,6,0,0,CLAUDE CT & 4706 BLK N,4,4,3,2,1,1,0,0,,0,0,0,0,0,4,2,16
,2022-47787,-104.9006291,39.76737007,12/27/2022 11:25,11:25,15,0,0,7500 BLK E 36TH AVE & N ROSLYN ST,1,1,0,0,1,4,0,0,30,0,0,0,0,0,4,2,11
,2022-47792,-105.0252131,39.78834363,12/22/2022 17:26,17:26,15,0,0,N FEDERAL BLVD & W 51ST AVE,9,3,1,0,1,4,0,0,35,0,0,0,0,0,2,3,16
,2022-47793,-105.053268,39.67915913,12/1/2022 15:09,15:09,11,0,1,W EVANS AVE & S SHERIDAN BLVD,1,1,0,0,1,1,0,0,40,0,1,0,0,3,2,1,11
,2022-47794,-104.9443643,39.7092463,12/27/2022 15:54,15:54,12,0,0,E CHERRY CREEK N DR & E DAKOTA AVE,1,1,0,0,1,3,0,0,30,0,0,0,0,0,4,2,3
,2022-47795,-104.9337605,39.67845081,12/27/2022 4:50,4:50,12,0,0,I-25 & E EVANS AVE,1,3,0,0,1,4,0,0,65,0,0,0,0,0,1,2,13
,2022-47796,-105.0015367,39.74783372,12/26/2022 16:10,16:10,3,0,0,14TH ST & MARKET ST,1,3,3,0,1,1,0,0,25,0,0,0,0,0,4,3,16
,2022-47797,-105.0532212,39.73309346,12/4/2022 17:35,17:35,12,0,1,N SHERIDAN BLVD & W 10TH AVE,1,3,0,0,1,3,0,0,35,0,0,0,0,2,2,3,14
,2022-47807,-104.9904365,39.73844846,12/27/2022 11:30,11:30,15,0,0,W 14TH AVE & N BANNOCK ST,1,1,0,1,1,4,0,0,30,0,0,0,0,0,4,2,8
,2022-47809,-104.9919854,39.7507087,12/23/2022 5:45,5:45,6,0,0,ARAPAHOE ST & 19TH ST,9,1,0,0,1,4,0,0,,0,0,0,0,0,4,2,16
,2022-47810,-105.0074499,39.71118362,12/27/2022 13:04,13:04,15,0,0,W ALAMEDA AVE & S RARITAN ST,1,1,0,0,1,4,0,0,35,0,0,0,0,0,2,2,11
,2022-47828,-105.0001307,39.72570811,12/25/2022 0:24,0:24,12,0,0,W 6TH AVE & N KALAMATH ST,11,3,0,0,1,1,0,0,35,0,0,0,0,0,4,2,1
,2022-47831,-104.9824312,39.77832396,11/25/2022 18:01,18:01,11,0,1,E 45TH AVE & N LOGAN ST,1,3,0,0,1,1,0,0,25,0,1,0,0,3,4,1,16
,2022-47832,-104.9597851,39.73998324,12/26/2022 12:41,12:41,10,0,2,E COLFAX AVE & N YORK ST,1,1,0,0,1,1,0,0,35,0,0,0,0,1,2,2,8
,2022-47835,-104.9919357,39.68784707,11/27/2022 20:06,20:06,11,0,1,S SANTA FE DR & W IOWA AVE,1,4,0,0,1,4,0,0,0,0,1,0,0,3,2,1,16
,2022-47836,-105.0205471,39.67865823,12/22/2022 17:39,17:39,12,0,0,W EVANS AVE & S CLAY ST,4,3,0,0,1,4,0,0,,0,0,0,0,0,4,2,16
,2022-47840,-104.9966721,39.75247509,12/27/2022 12:19,12:19,6,0,0,BLAKE ST & 18TH ST,1,1,0,0,1,4,0,0,25,0,0,0,0,0,4,2,16
,2022-47841,-105.030672,39.74040829,12/9/2022 7:31,7:31,15,0,0,W COLFAX AVE & S IRVING ST,1,1,0,0,1,1,0,0,20,0,0,0,1,0,2,2,16
,2022-47845,-104.9741045,39.73259797,12/2/2022 21:40,21:40,6,0,0,1010 N CORONA ST & E 10TH AVE,1,3,0,0,1,4,0,0,25,0,0,0,0,0,4,4,16
,2022-47848,-104.9874912,39.75149986,12/23/2022 15:50,15:50,10,0,0,2000 BLK CHAMPA ST & 21ST ST,4,1,0,0,1,2,0,0,30,0,0,0,0,0,4,2,13
,2022-47872,-105.0001485,39.72570812,12/24/2022 2:16,2:16,5,0,1,N KALAMATH ST & W 6TH AVE,4,3,0,0,3,3,0,0,35,0,0,0,0,1,4,1,16
,2022-47911,-105.0131182,39.72551753,12/28/2022 10:00,10:00,15,0,0,I-25 & W 6TH AVE,1,1,0,0,1,13,0,0,55,0,0,0,0,0,1,2,13
,2022-47913,-104.9907143,39.75710128,12/27/2022 18:00,18:00,15,0,0,PARK AVE W & BLAKE ST,1,1,0,5,1,1,0,0,,0,0,0,0,0,4,2,16
,2022-47914,-104.9027525,39.76119728,12/28/2022 12:54,12:54,12,0,0,E MLK BLVD & N QUEBEC ST,1,1,0,0,1,1,0,0,40,0,0,0,0,0,4,2,13
,2022-47915,-105.0155754,39.73203491,12/28/2022 17:35,17:35,12,0,1,I-25 & W 8TH AVE,11,3,0,1,1,4,0,0,,0,0,0,0,1,1,3,16
,2022-47919,-104.96968,39.74323816,12/27/2022 14:15,14:15,6,0,1,E 17TH AVE & N HUMBOLDT ST,1,1,0,0,1,1,0,0,30,0,0,0,0,1,4,4,1
,2022-47923,-105.0532532,39.70224593,12/28/2022 7:53,7:53,3,0,0,S SHERIDAN BLVD & W OHIO AVE,1,1,0,0,1,2,0,0,35,0,0,0,0,0,2,2,11
,2022-47924,-104.7721165,39.80013297,12/28/2022 16:12,16:12,12,0,0,5700 TOWER RD & E 57TH AVE,11,3,0,1,1,4,0,0,45,0,0,0,0,0,4,2,13
,2022-47927,-104.9128964,39.70265832,12/28/2022 11:00,11:00,12,0,0,S MONACO ST & LEETSDALE DR,1,1,1,0,1,4,0,0,35,0,0,0,0,0,4,2,10
,2022-47929,-104.9038906,39.72688159,12/27/2022 9:59,9:59,16,0,0,7295 E 7TH AVE & nan,1,1,0,0,5,7,0,0,,0,0,0,0,0,3,2,11
,2022-47931,-104.986269,39.71476019,12/28/2022 17:53,17:53,10,0,0,S LINCOLN ST & E BAYAUD AVE,11,3,0,1,1,1,0,0,30,0,0,0,0,0,4,2,13
,2022-47932,-105.0440145,39.74033353,12/27/2022 13:20,13:20,3,0,0,W COLFAX AVE & N TENNYSON ST,1,1,0,0,1,1,1,0,30,0,0,0,0,0,2,2,3