id,drcog_id,longitude,latitude,crashtime,time,crashtype,numbkilled,numbinjurd,drcoglocat,rdconditin,lightngcon,roadcntgrd,weatherco,location,roaddescrp,schoolzone,constrzone,splimit,bikeinv,pedinv,sctrinv,motoinv,svrty,rdsystem,ttlvehcls,hcf
,2022-47934,-105.0526796,39.635846,12/28/2022 15:12,15:12,6,0,0,S ZENOBIA ST & W STANFORD AVE,11,1,0,1,1,4,0,0,25,0,0,0,0,0,4,2,14
,2022-47935,-105.0013735,39.74878171,12/28/2022 11:57,11:57,6,0,0,14TH ST & CHAMPA ST,1,1,0,0,1,4,0,0,30,0,0,0,0,0,4,2,11
,2022-47937,-104.9846241,39.75238361,12/28/2022 20:57,20:57,12,0,0,STOUT ST & PARK AVE W,7,3,0,2,1,4,0,0,30,0,0,0,0,0,4,2,7
,2022-47940,-105.0129654,39.72535069,12/8/2022 14:06,14:06,15,0,0,I-25 & W 6TH AVE FWY,1,1,1,0,1,4,0,0,55,0,0,0,0,0,1,2,13
,2022-47941,-105.0329543,39.75241869,12/28/2022 11:03,11:03,6,0,0,3400 BLK W 24TH AVE & N KING ST,1,1,0,0,1,4,0,0,25,0,0,0,0,0,4,2,16
,2022-47943,-105.0532233,39.6559993,12/28/2022 13:30,13:30,12,0,0,3100 BLK S SHERIDAN BLVD & W DARTMOUTH AVE,1,1,0,0,1,2,0,0,30,0,0,0,0,0,2,2,13
,2022-47946,-104.9835794,39.7400415,12/27/2022 12:10,12:10,12,0,0,E COLFAX AVE & N GRANT ST,1,1,1,0,1,1,0,0,35,0,0,0,0,0,2,2,3
,2022-47948,-104.9222601,39.71633591,12/28/2022 14:30,14:30,12,0,1,N HOLLY ST & E ELLSWORTH AVE,11,1,0,1,1,4,0,1,30,0,0,0,0,2,4,2,13
,2022-47949,-104.8753015,39.67475217,12/27/2022 18:30,18:30,12,0,0,E ILIFF AVE & S DAYTON WAY,1,1,0,5,1,1,0,0,,0,0,0,0,0,4,2,16
,2022-47950,-104.9775878,39.72905989,12/15/2022 18:28,18:28,11,0,1,N CLARKSON ST & W 8TH AVE,1,3,0,0,1,1,0,0,35,0,1,0,0,2,4,1,11
,2022-47951,-104.9775302,39.7165263,12/11/2022 10:29,10:29,6,0,0,E ELLSWORTH AVE & S EMERSON ST,1,1,0,0,2,4,0,0,30,0,0,0,0,0,4,3,1
,2022-47952,-105.0157047,39.71118356,12/27/2022 19:42,19:42,12,0,1,ALAMEDA AVE & 2400 BLK W ,1,3,0,0,1,4,0,0,35,0,0,0,0,3,2,2,14
,2022-47953,-105.0032614,39.78197945,12/12/2022 1:55,1:55,3,0,0,1375 W 47TH AVE & N LIPAN ST,1,3,0,0,1,2,0,0,30,0,0,0,0,0,4,2,16
,2022-47957,-104.9524,39.76446,12/24/2022 11:00,11:00,6,0,0,E BRUCE RANDOLPH AVE & N ST PAUL ST,7,1,0,0,1,4,0,0,30,0,0,0,0,0,4,4,3
,2022-47958,-104.7744732,39.78371353,12/27/2022 17:30,17:30,12,0,0,E GVR BLVD & N YAMPA ST,1,4,0,0,1,4,0,0,35,0,0,0,0,0,4,3,1
,2022-47959,-105.0266537,39.78561697,12/27/2022 22:00,22:00,16,0,0,3050 W 49TH AVE & nan,1,1,0,0,5,7,0,0,,0,0,0,0,0,3,2,16
,2022-47961,-104.9017357,39.78198657,12/28/2022 16:50,16:50,12,0,0,N SAND CREEK RD & QUEBEC ST,11,1,0,1,1,3,0,0,,0,0,0,0,0,2,2,16
,2022-47967,-105.0247642,39.67864499,12/28/2022 15:26,15:26,15,0,0,2900 BLK W EVANS AVE & S FEDERAL BLVD,11,1,0,1,1,4,0,0,,0,0,0,0,0,4,2,16
,2022-47969,-104.9837908,39.71833948,12/28/2022 13:45,13:45,3,0,0,N GRANT ST & E 1ST AVE,1,1,0,0,1,1,0,1,25,0,0,0,0,1,4,2,11
,2022-47970,-104.9216426,39.70386467,12/27/2022 10:45,10:45,6,0,0,800 BLK S HOLLY ST & E EXPOSITION AVE,1,1,0,0,1,4,0,0,25,0,0,0,0,0,4,3,3
,2022-47974,-104.9920576,39.68939091,12/27/2022 17:45,17:45,15,0,0,S SANTA FE DR & W FLORIDA AVE,1,1,0,5,1,1,0,0,40,0,0,0,0,0,2,2,3
,2022-47977,-104.7951519,39.78377805,12/27/2022 21:19,21:19,12,0,0,E GVR BLVD & PENA BLVD OUTBOUND,1,3,0,0,1,4,0,0,40,0,0,0,0,0,4,2,1
,2022-47987,-105.0297148,39.68766465,12/28/2022 11:23,11:23,3,0,0,W IOWA AVE & S IRVING ST,1,1,0,0,1,1,0,0,25,0,0,0,0,0,4,2,11
,2022-47990,-104.9828866,39.75106775,12/28/2022 18:35,18:35,3,0,0,WELTON ST & PARK AVE W,11,3,0,1,1,1,0,0,30,0,0,0,0,1,4,2,7
,2022-47992,-104.99889,39.71119349,12/28/2022 9:51,9:51,2,0,1,W ALAMEDA AVE & I-25 SB RAMP,1,1,0,0,1,1,0,0,25,1,0,0,0,2,2,1,10
,2022-47993,-105.0015649,39.7111843,12/27/2022 16:10,16:10,12,0,3,W ALAMEDA AVE & S LIPAN ST,1,1,0,0,1,4,0,0,35,0,0,0,0,2,2,3,1
,2022-47996,-104.9034947,39.71128237,12/27/2022 12:15,12:15,15,0,0,S QUEBEC ST & E ALAMEDA AVE,1,1,0,0,1,1,0,0,30,0,0,0,0,0,4,2,8
,2022-48000,-104.9405105,39.7728797,12/25/2022 16:07,16:07,3,0,3,N COLORADO BLVD & E 40TH AVE,1,1,0,0,1,1,0,0,40,0,0,0,0,3,2,2,16
,2022-48001,-104.9966479,39.73710144,12/2/2022 18:07,18:07,15,0,0,N SPEER BLVD & W 13TH AVE,1,3,0,0,1,4,0,0,30,0,0,0,0,0,2,2,1
,2022-48004,-105.0117437,39.69256897,12/27/2022 22:20,22:20,6,0,1,S TEJON ST & W LOUISIANA AVE,1,3,0,0,1,4,0,0,25,0,0,0,0,2,4,2,14
,2022-48036,-105.0397434,39.70630302,12/27/2022 19:49,19:49,12,0,1,MORRISON RD & S PERRY ST,1,3,0,0,1,3,0,0,35,0,0,0,0,2,4,2,14
,2022-48040,-105.0064491,39.76805493,12/28/2022 19:29,19:29,8,0,0,W 37TH AVE & N PECOS ST,9,4,0,2,1,1,0,0,25,0,0,0,0,0,4,2,11
,2022-48100,-104.9589484,39.74007525,10/27/2022 10:55,10:55,15,0,0,E COLFAX AVE & N JOSEPHINE ST,11,1,0,2,1,4,0,0,30,0,0,0,0,0,2,2,1
,2022-48111,-104.9528016,39.73829213,12/28/2022 20:03,20:03,6,0,0,N FILLMORE ST & E 14TH AVE,9,4,0,2,1,3,0,0,25,0,0,0,0,0,4,2,14
,2022-48115,-104.8470217,39.77959805,11/18/2022 15:57,15:57,3,0,0,N PEORIA ST & E 46TH AVE,1,1,0,0,1,1,0,0,35,0,0,0,0,0,4,2,11
,2022-48116,-104.9184415,39.65297664,12/28/2022 19:03,19:03,12,0,2,E HAMPDEN AVE & I-25 ,7,3,2,2,1,3,0,0,45,0,0,0,0,2,2,4,13
,2022-48121,-105.1099011,39.63412693,12/29/2022 18:50,18:50,15,0,0,S KIPLING ST & W STANFORD AVE,14,3,0,0,1,4,0,0,35,0,0,0,0,0,4,3,10
,2022-48122,-105.0062356,39.70757133,12/28/2022 18:36,18:36,3,0,0,W VIRGINIA AVE & S PECOS ST,11,4,1,1,1,1,0,0,20,0,0,0,0,1,4,2,13
,2022-48124,-104.9895612,39.78010359,12/29/2022 7:30,7:30,12,0,0,I-70 EB TO SB OFF RAMP & I-25,7,1,1,2,1,8,0,0,55,0,0,0,0,0,1,2,16
,2022-48128,-104.9732901,39.71820141,12/28/2022 8:00,8:00,10,0,0,E SPEER BLVD & N DOWNING ST,1,1,0,0,1,1,0,0,30,0,0,0,0,0,4,2,3
,2022-48129,-104.899542,39.77823171,12/29/2022 9:05,9:05,15,0,0,I-70 & N QUEBEC ST,7,1,0,0,1,4,0,0,55,0,0,0,0,0,1,2,14
,2022-48132,-104.9222932,39.77871971,12/25/2022 12:15,12:15,3,0,0,E 45TH AVE & N HOLLY ST,1,1,3,0,1,1,0,0,30,0,0,0,0,0,4,2,13
,2022-48137,-104.9875325,39.70145192,12/29/2022 6:18,6:18,15,0,0,I-25 & S BROADWAY ST,7,3,1,0,1,4,0,0,55,0,0,0,0,0,1,2,1
,2022-48142,-104.9873869,39.70141073,12/29/2022 9:00,9:00,5,0,1,I-25 & S BROADWAY ST,4,1,0,0,3,4,0,0,60,0,0,0,0,1,1,1,13
,2022-48144,-105.0152044,39.72025757,12/29/2022 1:51,1:51,3,0,0,N YUMA ST & W 2ND AVE,9,3,0,2,1,1,0,0,35,0,0,0,0,0,4,2,11
,2022-48145,-105.048407,39.69315372,12/28/2022 13:30,13:30,3,0,0,S WOLF ST & W LOUISIANA AVE,1,1,0,0,1,1,0,0,25,0,0,0,0,0,4,2,11
,2022-48146,-104.9034276,39.75101654,12/28/2022 21:27,21:27,3,0,0,E 23RD AVE & N QUEBEC ST,7,3,0,2,1,1,0,0,30,0,0,0,0,0,4,2,11
,2022-48147,-104.9540424,39.72913107,12/29/2022 16:35,16:35,12,0,0,DETROIT ST & E 8TH AVE,8,1,0,0,1,4,0,0,35,0,0,0,0,0,4,3,1
,2022-48148,-104.908799,39.77821098,10/26/2022 5:17,5:17,15,0,0,I-70 & N QUEBEC ST EB OFF RAMP GORE PT,1,3,0,0,1,4,0,0,55,0,0,0,0,0,1,2,16
,2022-48150,-105.0249993,39.71725464,12/29/2022 13:58,13:58,12,0,0,60 BLK N FEDERAL BLVD & W 1ST AVE,11,1,1,0,1,3,0,0,40,0,0,0,0,0,2,2,16
,2022-48152,-105.0428628,39.77016303,11/30/2022 15:30,15:30,12,0,0,3800 BLOCK N STUART ST & W 38TH AVE,1,1,0,0,1,1,0,0,25,0,0,0,0,0,4,2,16
,2022-48155,-105.0351999,39.74034067,12/3/2022 14:43,14:43,12,0,0,W COLFAX AVE & 3600 BLK ,1,1,0,0,1,4,0,0,,0,0,0,0,0,2,2,16
,2022-48161,-104.9864721,39.77479686,12/29/2022 16:05,16:05,12,0,0,1200 BLK LINCOLN ST & N SHERMAN ST ALLEY,9,1,0,0,1,9,0,0,,0,0,0,0,0,4,2,16
,2022-48162,-105.0047562,39.76115807,12/29/2022 5:30,5:30,15,0,2,I-25 & 20TH ST,7,3,0,0,1,4,0,0,55,0,0,0,0,1,1,2,16
,2022-48164,-104.9861222,39.7384441,12/5/2022 6:56,6:56,15,0,0,1400 BLK N LINCOLN ST & E 14TH AVE,1,1,0,1,1,4,0,0,30,0,0,0,0,0,4,2,16
,2022-48165,-104.8378898,39.79465446,12/10/2022 7:58,7:58,6,0,0,5500 BLK N TULSA WAY & N. UVALDO ST,1,1,0,0,1,4,0,0,25,0,0,0,0,0,4,2,1
,2022-48167,-105.009363,39.69676595,12/17/2022 12:55,12:55,10,0,0,S RARITAN ST & W MISSISSIPPI AVE,1,1,1,0,1,1,0,0,30,0,0,0,0,0,4,2,1
,2022-48168,-104.9590338,39.74088805,11/3/2022 19:28,19:28,3,0,0,JOSEPHINE ST & E COLFAX AVE,11,3,0,0,1,9,0,0,20,0,0,0,0,0,4,2,1
,2022-48171,-104.8011673,39.77095649,12/30/2022 9:00,9:00,3,0,0,E 40TH AVE & N KITTREDGE ST,4,1,0,0,1,3,0,0,30,0,0,0,0,0,4,2,16
,2022-48174,-105.0238495,39.71300586,12/7/2022 15:00,15:00,3,0,1,S ELIOT ST & W CEDAR AVE,1,1,0,0,1,1,0,0,25,0,0,0,1,3,4,2,16
,2022-48176,-104.994507,39.72892429,12/4/2022 0:25,0:25,12,0,0,500 BLK W 8TH AVE & N FOX ST,1,3,0,0,1,4,0,0,35,0,0,0,0,1,4,4,1
,2022-48178,-104.6726861,39.84979297,12/30/2022 11:54,11:54,15,0,0,8400 N PENA BLVD & DOOR 406,1,1,0,0,5,4,0,0,10,0,0,0,0,0,2,2,11
,2022-48180,-104.8858509,39.65306423,12/28/2022 17:05,17:05,1,0,0,8800 BLK E HAMPDEN AVE & S YOSEMITE ST,11,3,1,1,1,2,0,0,35,0,0,0,0,0,2,2,13
,2022-48182,-104.940627,39.72736527,12/28/2022 17:30,17:30,15,0,0,E 7TH AVE & N COLORADO BLVD,11,1,0,1,1,1,0,0,,0,0,0,0,0,2,2,16
,2022-48184,-104.990736,39.74228081,10/15/2022 18:50,18:50,3,0,0,15TH ST & TREMONT ST,14,5,3,7,1,1,0,0,25,0,0,0,0,0,4,2,13
,2022-48187,-104.9163307,39.74373348,12/28/2022 16:15,16:15,3,0,0,N KRAMERIA ST & E 17TH AVE,11,2,0,0,1,1,0,0,25,0,0,0,0,0,4,2,3
,2022-48188,-105.0530321,39.74031955,12/29/2022 10:45,10:45,15,0,0,5100 BLK W COLFAX AVE & N SHERIDAN BLVD,7,1,0,0,1,4,0,0,35,0,0,0,0,0,2,2,13
,2022-48190,-104.9790128,39.77975203,12/29/2022 9:23,9:23,3,0,1,N WASHINGTON ST & I-70 ,8,1,0,0,1,1,0,0,35,0,0,0,0,1,4,2,16
,2022-48193,-104.9622116,39.7632474,12/18/2022 9:37,9:37,6,0,0,3300 BLK N VINE ST & E 33RD AVE,1,1,0,1,1,4,0,0,25,0,0,0,0,0,4,2,16
,2022-48197,-104.9027525,39.76119728,12/11/2022 23:59,23:59,3,0,0,E MLK BLVD & N QUEBEC ST,1,3,0,0,1,1,0,0,35,0,0,0,0,1,4,2,1
,2022-48199,-104.7489052,39.7820311,12/24/2022 19:16,19:16,6,0,0,N JEBEL ST & E 48TH PL,14,3,1,0,1,4,0,0,25,0,0,0,0,0,4,2,1
,2022-48200,-104.847035,39.77108653,12/11/2022 1:14,1:14,8,0,2,E 39TH AVE & N PEORIA ST,1,3,0,0,1,1,0,0,35,0,0,0,0,3,4,2,16
,2022-48201,-104.963467,39.74480158,12/28/2022 19:30,19:30,3,0,0,E 18TH AVE & N RACE ST,9,3,0,2,1,1,0,0,,0,0,0,0,0,4,2,16
,2022-48203,-104.9032428,39.77771845,12/30/2022 14:21,14:21,12,0,0,I-70 EB ON RAMP & N NORTHFIELD QUEBEC ST,1,1,1,0,1,8,0,0,55,0,0,0,0,0,1,2,11
,2022-48204,-104.847035,39.77108653,10/28/2022 19:02,19:02,1,0,2,E 39TH AVE & N PEORIA ST,1,3,0,0,1,1,0,0,35,0,0,0,0,3,4,2,13
,2022-48205,-104.8753735,39.708898,11/12/2022 17:49,17:49,3,0,0,S DAYTON ST & E ALAMEDA AVE,1,3,0,0,1,1,0,0,,0,0,0,0,0,4,2,16
,2022-48206,-104.9979886,39.73998755,12/29/2022 23:09,23:09,12,0,0,NB N SPEER BLVD & W COLFAX AVE,2,3,0,7,1,1,0,0,35,0,0,0,0,0,2,2,16
,2022-48208,-104.8470302,39.77419185,12/29/2022 3:27,3:27,5,0,0,I-70 & N PEORIA ST,7,3,0,2,2,4,0,0,55,0,0,0,0,0,1,1,14
,2022-48209,-104.9174522,39.65158321,12/29/2022 14:52,14:52,15,0,0,I-25 & E HAMPDEN AVE,11,1,0,0,1,4,0,0,65,0,0,0,0,0,1,2,16
,2022-48215,-104.9803824,39.71107758,12/10/2022 23:34,23:34,12,0,0,S PEARL ST & E ALAMEDA AVE,1,3,0,0,1,3,0,0,25,0,0,0,0,0,4,2,13
,2022-48224,-104.9067175,39.63415775,12/30/2022 5:30,5:30,12,0,1,I-225 & I-25 NB EXIT RAMP GORE PT,2,3,0,0,1,14,0,0,65,0,0,0,0,1,1,2,2
,2022-48225,-105.0252117,39.74293439,12/18/2022 1:00,1:00,3,0,0,N FEDERAL BLVD & W 16TH AVE,1,3,0,0,1,2,0,0,,0,0,0,0,0,2,2,16
,2022-48232,-105.01569,39.67460284,11/30/2022 17:47,17:47,6,0,0,2300 BLK S ZUNI ST & W ILIFF AVE,1,3,0,0,1,4,0,0,,0,0,0,0,0,4,2,16
,2022-48233,-105.0055694,39.76928436,12/13/2022 7:57,7:57,12,0,0,1600 BLOCK W 38TH AVE & PECOS ST,1,1,0,0,1,4,0,0,35,0,0,0,0,0,4,2,13
,2022-48234,-104.948927,39.75115295,12/28/2022 17:00,17:00,12,0,0,E 23RD AVE & N STEELE ST,11,3,0,3,1,1,0,0,35,0,0,0,0,0,4,2,11
,2022-48235,-104.9883629,39.74410535,11/30/2022 12:15,12:15,6,0,0,TREMONT PL & E 17TH AVE,1,1,0,0,1,4,0,0,,0,0,0,0,0,4,2,16
,2022-48237,-104.9406826,39.73671006,12/29/2022 22:20,22:20,5,0,0,E 13TH AVE & N COLORADO BLVD,2,3,0,0,1,3,0,0,35,0,0,0,0,0,2,1,16
,2022-48238,-105.0252846,39.76925927,12/16/2022 17:15,17:15,12,0,1,W 38TH AVE & N FEDERAL BLVD,1,2,0,0,1,4,0,0,35,0,0,0,0,2,4,2,16
,2022-48239,-104.9128992,39.67834588,12/7/2022 17:42,17:42,12,0,0,S MONACO ST & E EVANS AVE,1,3,0,0,1,3,0,0,45,0,0,0,0,0,4,2,13
,2022-48240,-105.0087338,39.7256752,12/10/2022 19:01,19:01,12,0,0,6TH AVE & I-25 OVERPASS,1,3,0,0,1,4,0,0,55,0,0,0,0,0,2,2,16
,2022-48252,-104.9937343,39.70428238,12/19/2022 17:14,17:14,12,0,0,I-25 & N SANTA FE DR OFF RAMP GORE PT,1,2,0,0,1,4,0,0,55,0,0,0,0,0,1,2,16
,2022-48253,-105.0054394,39.73847203,12/5/2022 15:25,15:25,6,0,0,1500 BLK W 14TH AVE & N OSAGE ST,1,1,0,0,1,4,0,0,25,0,0,0,0,0,4,2,16
,2022-48261,-104.8952268,39.74022049,12/9/2022 17:28,17:28,1,0,1,E COLFAX AVE & N TAMARAC ST,1,3,0,0,1,1,0,0,35,0,0,0,0,2,2,2,14
,2022-48264,-104.9405417,39.75456894,12/18/2022 18:31,18:31,8,0,0,E 26TH AVE & N COLORADO BLVD (APPROX),1,3,0,0,1,3,0,0,35,0,0,0,0,0,2,2,16
,2022-48265,-104.965998,39.73840253,12/8/2022 22:22,22:22,12,0,0,E 14TH AVE & N WILLIAMS ST,1,3,0,0,1,1,0,0,30,0,0,0,0,0,4,2,13
,2022-48266,-104.9235363,39.66465867,12/30/2022 2:09,2:09,12,0,0,I-25 & E YALE AVE,4,3,0,0,1,4,0,0,65,0,0,0,0,0,1,2,13
,2022-48267,-105.0139798,39.72931944,12/11/2022 17:28,17:28,12,0,1,N WYANDOT ST & W 8TH AVE,1,3,0,0,1,4,0,0,35,0,0,0,0,2,4,2,16
,2022-48270,-104.8464911,39.77498197,12/20/2022 8:17,8:17,16,0,0,4380 N PEORIA ST & nan,1,1,0,0,5,7,0,0,,0,0,0,0,0,3,2,11
,2022-48272,-104.955121,39.73708446,12/5/2022 11:47,11:47,6,0,0,1300 BLK N CLAYTON ST & E 13TH AVE,1,1,1,0,1,4,0,0,25,0,0,0,0,0,4,2,16
,2022-48273,-105.0102342,39.76132548,12/11/2022 0:11,0:11,6,0,0,ERIE ST & 17TH ST,1,3,0,0,3,4,0,0,30,0,0,0,0,0,4,2,16
,2022-48274,-104.9740967,39.73154277,12/11/2022 17:05,17:05,16,0,0,1155 E 9TH AVE & N CORONA ST / E 9TH AVE,1,3,0,0,5,7,0,0,,0,0,0,0,0,3,2,16
,2022-48275,-104.9907123,39.74497313,12/17/2022 11:00,11:00,6,0,0,WELTON ST & 16TH ST,1,1,0,0,1,4,0,0,,0,0,0,0,0,4,2,16
,2022-48276,-104.9764881,39.75731491,12/12/2022 22:30,22:30,6,0,0,29TH ST & 28TH ST,1,3,0,0,1,4,0,0,30,0,0,0,0,0,4,2,16
,2022-48277,-105.0420725,39.7112008,12/30/2022 18:35,18:35,5,0,1,W ALAMEDA AVE & S RALEIGH ST,4,3,0,0,2,4,0,0,35,0,0,0,0,2,2,1,13
,2022-48278,-104.9070813,39.63428695,11/10/2022 17:37,17:37,15,0,0,I-225 & OFF RAMP SPLIT TO I-25,1,4,0,0,1,14,0,0,65,0,0,0,0,0,1,2,16
,2022-48279,-104.828974,39.79672639,11/15/2022 22:55,22:55,6,0,0,5500 BLK N XAPARY WAY & E RANDOLPH PL,1,3,0,0,1,4,0,0,25,0,0,0,0,0,4,2,3
,2022-48280,-105.0214565,39.78381417,12/29/2022 12:39,12:39,5,0,1,I-70 & N FEDERAL BLVD,11,1,1,0,2,4,0,0,55,0,0,0,0,2,1,1,10
,2022-48281,-104.8469392,39.7823881,12/30/2022 7:33,7:33,12,0,0,E ALBROOK DR & N PEORIA ST,5,1,0,0,1,3,0,0,25,0,0,0,0,0,4,2,7
,2022-48282,-104.992398,39.74906429,12/10/2022 19:12,19:12,15,0,0,1700 BLK CURTIS ST & 18TH ST,1,3,0,0,1,4,0,0,25,0,0,0,0,0,4,2,1
,2022-48284,-104.8905205,39.76001325,12/5/2022 2:34,2:34,3,0,0,N CENTRAL PARK BLVD & E MLK BLVD,1,3,0,0,1,1,0,0,,0,0,0,0,0,4,2,16
,2022-48285,-104.9222934,39.75469999,12/12/2022 16:20,16:20,12,0,0,E 26TH AVE & N HOLLY ST,1,1,0,0,1,1,0,0,25,0,0,0,0,0,4,2,16
,2022-48286,-104.7872827,39.79839279,12/9/2022 18:50,18:50,12,0,0,N PENA BLVD NB OFF RAMP & E 56TH AVE,1,3,0,0,1,3,0,0,,0,0,0,0,0,4,2,16
,2022-48287,-104.7910892,39.78364012,12/17/2022 21:55,21:55,15,0,0,4400 BLK N PENA BLVD & E GVR BLVD,1,3,0,0,1,4,0,0,65,0,0,0,0,0,4,2,16
,2022-48288,-104.9592563,39.78383207,12/5/2022 18:36,18:36,8,0,0,N YORK ST & E 48TH AVE,1,3,0,0,1,4,0,0,30,0,0,0,0,0,4,2,16
,2022-48289,-104.9255606,39.6676316,10/31/2022 18:14,18:14,15,0,0,I-25 & E YALE AVE,1,4,0,0,1,4,0,0,60,0,0,0,0,0,1,2,13
,2022-48290,-104.9181861,39.65297726,11/4/2022 17:00,17:00,15,0,0,E HAMPDEN AVE & I-25,1,3,0,7,1,1,0,0,,0,0,0,0,0,2,2,16
,2022-48291,-104.9621503,39.78375977,12/11/2022 22:00,22:00,6,0,0,2100 BLOCK E 48TH AVE & N GAYLORD ST,1,4,0,0,1,4,0,0,30,0,0,0,0,0,4,2,16
,2022-48292,-105.0105323,39.72291819,12/12/2022 17:38,17:38,15,0,0,I-25 & MM 209,1,3,0,0,1,14,0,0,55,0,0,0,0,0,1,2,1
,2022-48294,-104.9874029,39.73204462,11/28/2022 19:47,19:47,11,0,1,E 10TH AVE & N BROADWAY ST,1,3,0,6,1,1,0,0,35,0,1,0,0,3,4,1,11
,2022-48299,-104.7978887,39.78543374,12/18/2022 12:28,12:28,6,0,0,16333 E 49TH AVE & N MEMPHIS ST,1,1,0,0,1,7,0,0,,0,0,0,0,0,4,2,16
,2022-48300,-104.9948632,39.76568234,12/11/2022 15:49,15:49,1,0,2,PARK AVE W & N GLOBEVILLE RD,1,2,1,0,1,1,0,0,35,0,0,0,0,3,4,2,11
,2022-48301,-105.0024963,39.67853309,12/29/2022 23:23,23:23,14,0,0,W EVANS AVE & S LIPAN ST,4,3,0,0,6,4,0,0,35,0,0,0,0,0,4,2,14
,2022-48302,-104.9998567,39.7419575,12/7/2022 17:18,17:18,12,0,0,N KALAMATH ST & N SPEER BLVD,1,3,3,0,1,3,0,0,30,0,0,0,0,0,4,2,16
,2022-48303,-104.9437509,39.71977211,12/19/2022 15:28,15:28,6,0,0,214 N GARFIELD ST & E 2ND AVE,1,1,1,0,1,4,0,0,25,0,0,0,0,0,4,2,16
,2022-48306,-104.9899521,39.72826045,12/6/2022 17:36,17:36,15,0,0,N SPEER BLVD & W 8TH AVE,1,3,0,0,1,4,0,0,35,0,0,0,0,0,4,2,16
,2022-48308,-104.9837612,39.72563079,12/21/2022 0:23,0:23,15,0,0,E 6TH AVE & N GRANT ST,1,3,0,0,1,4,0,0,30,0,0,0,0,0,4,2,1
,2022-48312,-104.9776096,39.73686652,12/22/2022 16:00,16:00,3,0,0,E 13TH AVE & N CLARKSON ST,14,1,0,0,1,1,0,0,,0,0,0,0,0,4,5,16
,2022-48314,-104.9092449,39.71120325,11/9/2022 15:44,15:44,12,0,0,E ALAMEDA AVE & S NEWPORT WAY,1,1,0,0,1,4,0,0,35,0,0,0,0,0,4,2,16
,2022-48317,-104.9551154,39.73837874,12/7/2022 3:31,3:31,5,0,0,N CLAYTON ST & E 14TH AVE,1,4,0,0,1,1,0,0,25,0,0,0,0,0,4,1,16
,2022-48318,-104.9876293,39.74719392,12/23/2022 23:05,23:05,12,0,2,19TH ST & 19TH ST,5,3,0,2,1,1,0,0,30,0,0,0,0,2,4,2,14
,2022-48319,-104.9161641,39.7400755,12/22/2022 9:05,9:05,3,0,0,E COLFAX AVE & N KRAMERIA ST,7,1,1,0,1,1,0,0,40,0,0,0,0,0,2,3,16
,2022-48322,-104.9922928,39.73218125,12/10/2022 19:14,19:14,15,0,0,1000 BLOCK N SPEER BLVD & ARAPAHOE ST,1,3,0,0,1,4,0,0,35,0,0,0,0,0,4,2,16
,2022-48325,-104.998391,39.71120449,12/19/2022 16:00,16:00,15,0,0,S KALAMATH ST & W ALAMEDA AVE,1,1,0,0,1,1,0,0,35,0,0,0,0,0,4,2,9
,2022-48327,-104.9497567,39.78010339,12/20/2022 14:24,14:24,12,0,0,I-70 & N JOSEPHINE ST,1,1,0,0,1,4,0,0,,0,0,0,0,0,1,2,16
,2022-48328,-104.9862797,39.70293356,12/10/2022 20:30,20:30,15,0,0,700 BLOCK S LINCOLN ST & E EXPOSITION AVE,1,3,0,0,1,4,0,0,35,0,0,0,0,0,4,2,16
,2022-48331,-105.0006349,39.75075177,12/15/2022 18:30,18:30,6,0,0,1500 BLOCK WAZEE ST & WAZEE ST / 15TH ST,1,3,0,7,1,4,0,0,25,0,0,0,0,0,4,2,14
,2022-48332,-104.9684616,39.74000867,12/26/2022 11:46,11:46,3,0,0,E COLFAX AVE & N FRANKLIN ST,1,1,0,0,1,1,0,0,30,0,0,0,0,0,2,2,16
,2022-48334,-104.9762911,39.75073446,12/21/2022 1:39,1:39,6,0,0,E 23RD AVE & EMERSON ST,1,3,1,7,1,4,0,0,25,0,0,0,0,0,4,4,16
,2022-48335,-104.9394665,39.72650355,12/28/2022 9:39,9:39,5,0,0,ALBION ST & E 6TH AVE,1,1,0,0,2,4,0,0,25,0,0,0,0,0,4,1,16
,2022-48344,-104.9734517,39.67308348,11/25/2022 21:50,21:50,6,0,0,2425 S DOWNING ST & E WESLEY AVE,1,3,0,0,1,4,0,0,,0,0,0,0,0,4,1,16
,2022-48347,-104.8118697,39.77273885,11/26/2022 16:51,16:51,3,0,1,15255 E 40TH AVE & N FRASER ST,1,3,0,0,1,2,0,0,35,0,0,0,0,2,4,2,16
,2022-48348,-104.9659505,39.7651235,12/13/2022 6:30,6:30,6,0,0,3400 BLK N WILLIAMS ST & E 34TH AVE,1,2,0,0,1,4,0,0,25,0,0,0,0,0,4,3,1
,2022-48349,-105.0312617,39.77670343,12/16/2022 21:30,21:30,6,0,0,W 44TH AVE & N JULIAN ST,1,3,0,0,1,4,0,0,35,0,0,0,0,0,4,2,1
,2022-48351,-104.9931703,39.71934902,12/28/2022 3:30,3:30,6,0,0,W 2ND AVE & N DELAWARE ST,1,4,0,0,1,4,0,0,,0,0,0,0,0,4,2,16