id,drcog_id,longitude,latitude,crashtime,time,crashtype,numbkilled,numbinjurd,drcoglocat,rdconditin,lightngcon,roadcntgrd,weatherco,location,roaddescrp,schoolzone,constrzone,splimit,bikeinv,pedinv,sctrinv,motoinv,svrty,rdsystem,ttlvehcls,hcf
,2022-48352,-104.8098977,39.77502141,12/29/2022 19:19,19:19,12,0,0,N CHAMBERS RD & ANDREWS DR,5,3,0,0,1,4,0,0,45,0,0,0,0,0,4,2,13
,2022-48355,-104.9738384,39.77960739,12/24/2022 1:06,1:06,5,0,0,I-70 & N WASHINGTON ST OFF RAMP GORE PT,4,3,0,0,3,14,0,0,55,0,0,0,0,0,1,1,16
,2022-48357,-104.9836236,39.72495008,11/20/2022 1:58,1:58,6,0,0,N GRANT ST & E SPEER BLVD,1,3,0,0,1,4,0,0,30,0,0,0,0,0,4,3,1
,2022-48360,-105.0064273,39.78326345,11/23/2022 18:40,18:40,5,0,0,I-70 & N PECOS ST,1,3,1,0,2,4,0,0,55,0,0,0,0,0,1,1,16
,2022-48361,-105.0106012,39.78016366,10/20/2022 2:00,2:00,6,0,0,W 46TH AVE & N TEJON ST,1,3,0,0,1,4,0,0,,0,0,0,0,0,4,2,16
,2022-48362,-104.9013981,39.62377418,11/11/2022 15:14,15:14,12,0,0,I-25 NB ON RAMP & RAMP METER SIGNAL,1,1,0,0,1,8,0,0,,0,0,0,0,0,1,2,16
,2022-48365,-104.9163308,39.74020903,10/24/2022 16:10,16:10,12,0,0,E COLFAX AVE & N KRAMERIA ST,1,1,0,0,1,1,0,0,35,0,0,0,0,0,2,2,13
,2022-48369,-105.0532324,39.67915917,12/31/2022 7:39,7:39,12,0,0,W EVANS AVE & S SHERIDAN BLVD,4,1,0,0,1,4,0,0,30,0,0,0,0,0,2,2,13
,2022-48372,-105.032507,39.71815448,12/31/2022 1:47,1:47,1,0,1,W 1ST AVE & S KNOX CT,4,3,0,0,1,2,0,0,30,0,0,0,0,1,4,2,14
,2022-48376,-104.9947814,39.76278299,12/23/2022 23:16,23:16,6,0,0,PARK AVE W & GLOBEVILLE RD,4,3,0,0,1,4,0,0,35,0,0,0,0,0,4,2,16
,2022-48377,-105.0250549,39.67327211,12/31/2022 1:01,1:01,1,0,0,S FEDERAL BLVD & W HARVARD AVE,4,3,0,0,1,1,0,0,35,0,0,0,0,0,2,2,11
,2022-48379,-105.0440939,39.67957761,12/31/2022 9:13,9:13,14,0,0,W EVANS AVE & S TENNYSON ST,4,1,0,0,1,1,0,0,30,0,0,0,0,0,4,2,13
,2022-48381,-104.999782,39.75007387,12/19/2022 13:41,13:41,6,0,0,BLAKE ST & 1525 BLK,1,1,0,0,1,4,0,0,30,0,0,0,0,0,4,2,16
,2022-48392,-104.8097976,39.78374358,12/31/2022 0:21,0:21,10,0,0,N CHAMBERS RD & E GVR BLVD,1,3,0,0,1,3,0,0,40,0,0,0,0,0,4,2,1
,2022-48394,-105.005214,39.74769376,12/30/2022 18:44,18:44,12,0,0,AURORIA PKWY & 11TH ST,11,3,0,0,1,4,0,0,,0,0,0,0,0,4,3,16
,2022-48395,-104.9861232,39.7352747,12/18/2022 2:15,2:15,14,0,0,E 12TH AVE & N LINCOLN ST,1,3,0,0,1,1,0,0,30,0,0,0,0,0,4,2,16
,2022-48401,-104.8461426,39.77958921,12/31/2022 13:47,13:47,10,0,0,E 46TH AVE & N PEORIA ST,7,1,0,0,1,2,0,0,25,0,0,0,0,0,4,2,1
,2022-48404,-104.9262751,39.66759676,12/31/2022 14:15,14:15,12,0,0,I-25 SB OFF RAMP & E YALE AVE,9,1,1,0,1,8,0,0,45,0,0,0,0,0,1,2,13
,2022-48406,-105.0250605,39.68949117,12/30/2022 21:35,21:35,15,0,0,S FEDERAL BLVD & W FLORIDA AVE,4,3,0,0,1,1,0,0,,0,0,0,0,0,2,4,16
,2022-48408,-104.9406856,39.65301487,12/31/2022 16:40,16:40,14,0,1,E HAMPDEN AVE & S COLORADO BLVD,11,3,0,0,1,1,0,0,40,0,0,0,0,2,2,3,16
,2022-48409,-105.0239699,39.66212177,12/30/2022 18:00,18:00,6,0,0,W CORNELL AVE & S FEDERAL BLVD,4,3,0,2,3,2,0,0,25,0,0,0,0,0,4,2,16
,2022-48410,-104.9016697,39.77822701,12/23/2022 19:00,19:00,11,0,1,I-70 & N NORTHFIELD QUEBEC ST NB,1,3,0,0,1,14,0,0,55,0,1,0,0,3,1,1,16
,2022-48413,-104.9929399,39.69666191,12/26/2022 20:02,20:02,5,0,0,W MISSISSIPPI AVE & S PLATTE RIVER DR,1,3,0,0,2,1,0,0,45,0,0,0,0,0,2,1,13
,2022-48423,-104.8724282,39.75675482,12/9/2022 20:42,20:42,6,0,0,N ELMIRA ST & E 28TH AVE,1,3,0,0,1,4,0,0,25,0,0,0,0,0,4,2,16
,2022-48425,-105.0298583,39.74027785,12/18/2022 17:45,17:45,12,0,0,W COLFAX AVE & N IRVING ST (APPROX),1,2,0,0,1,1,0,0,35,0,0,0,0,0,2,2,13
,2022-48428,-104.9597586,39.76074761,12/31/2022 2:00,2:00,3,0,0,E 31ST AVE & N YORK ST,2,3,0,0,1,1,0,0,35,0,0,0,0,1,4,2,3
,2022-48429,-105.0119161,39.76202262,12/31/2022 23:07,23:07,6,0,0,W 32ND AVE & N UMATILLA ST,7,3,0,0,1,4,0,0,30,0,0,0,0,0,4,3,16
,2022-48430,-104.9405009,39.76445592,12/31/2022 12:04,12:04,15,0,0,E BRUCE RANDOLPH AVE & N COLORADO BLVD,11,1,0,0,1,3,0,0,35,0,0,0,0,0,2,2,7
,2022-48431,-104.9965605,39.70666643,12/10/2022 18:00,18:00,15,0,0,I-25 & S SANTA FE DR,1,3,0,0,1,14,0,0,55,0,0,0,0,0,1,2,11
,2022-48432,-104.9293248,39.74740649,12/31/2022 22:38,22:38,12,0,0,N ELM ST & E MONTVIEW BLVD,2,3,0,0,1,3,0,0,30,0,0,0,0,0,4,3,16
,2022-48434,-105.034625,39.64958912,12/29/2022 15:30,15:30,3,0,1,S LOWELL BLVD & W KENYON AVE,7,1,0,2,1,1,0,0,25,0,0,0,0,2,4,2,13
,2022-48443,-105.0532099,39.74032371,10/28/2022 18:12,18:12,1,0,0,W COLFAX AVE & N SHERIDAN BLVD,1,3,0,0,1,1,0,0,35,0,0,0,0,0,2,2,14
,2022-48463,-105.0910499,39.62415456,11/29/2022 0:10,0:10,5,0,1,S WADSWORTH BLVD & W BELLEVIEW AVE,9,3,0,2,2,4,0,0,45,0,0,0,0,3,2,1,12
,2022-48488,-105.0532503,39.70082343,12/13/2022 10:50,10:50,8,0,2,S SHERIDAN BLVD & W KENTUCKY AVE,1,1,1,0,6,4,0,0,,0,0,0,0,2,2,2,16
,2022-48527,-105.0532099,39.74032371,11/15/2022 17:55,17:55,11,0,1,SHERIDAN BLVD & W COLFAX AVE,1,3,0,0,1,1,0,0,0,0,1,0,0,3,2,1,16
,2022-48530,-105.0534695,39.74031762,12/11/2022 15:24,15:24,15,0,0,W COLFAX AVE & SHERIDAN BLVD,1,1,0,0,1,3,0,0,35,0,0,0,0,0,2,2,11
,2022-48548,-104.8470297,39.77400525,12/8/2022 17:50,17:50,12,0,0,I-70 & N PEORIA ST,1,4,0,0,1,4,0,0,65,0,0,0,0,0,1,2,16
,2022-48577,-104.9407835,39.74375847,12/31/2022 2:15,2:15,5,0,0,N COLORADO BLVD & E 17TH AVE,4,3,0,0,3,3,0,0,35,0,0,0,0,0,2,1,14
,2022-48595,-105.0911086,39.61833205,11/26/2022 17:38,17:38,15,0,0,S WADSWORTH BLVD & W CRESTLINE AVE,1,3,0,0,1,4,0,0,,0,0,0,0,0,2,2,16
,2022-48627,-104.9721099,39.76576946,12/31/2022 12:52,12:52,3,0,0,N MARION ST & E 35TH AVE,4,1,0,0,1,1,0,0,25,0,0,0,0,0,4,2,11
,2022-48658,-105.0252852,39.75122302,12/31/2022 20:27,20:27,15,0,0,FEDERAL BLVD & W 23RD AVE,1,3,0,0,1,3,0,0,35,0,0,0,0,0,2,5,16
,2022-48686,-105.0396973,39.71129631,12/31/2022 22:36,22:36,3,0,0,W ALAMEDA AVE & S PERRY ST,4,3,0,0,1,1,0,0,,0,0,0,0,0,2,2,16
,2022-48819,-104.8846519,39.74380813,12/8/2022 17:13,17:13,12,0,0,E 17TH AVE & N YOSEMITE ST,1,2,0,0,1,4,0,0,30,0,0,0,0,0,4,2,16
,2022-48820,-105.0127078,39.75512692,12/16/2022 14:04,14:04,12,0,0,I-25 & N SPEER BLVD,1,1,0,0,1,4,0,0,55,0,0,0,0,0,1,3,2
,2022-48828,-105.0251799,39.78422127,12/31/2022 9:24,9:24,3,0,2,N FEDERAL BLVD & I-70 EB RAMPS,1,1,0,0,1,1,0,0,35,0,0,0,0,2,2,2,16
,2022-48834,-104.9026884,39.76117347,12/20/2022 15:11,15:11,12,0,0,E MLK BLVD & N QUEBEC ST,1,1,0,0,1,3,0,0,35,0,0,0,0,0,4,2,16
,2022-48839,-105.3164859,39.71140322,12/30/2022 16:19,16:19,15,0,0,I-70 & GENESEE DR (APPROX),12,1,1,0,1,4,0,0,55,0,0,0,0,0,1,2,11
,2022-48840,-105.0532641,39.70758167,12/18/2022 13:00,13:00,15,0,0,S SHERIDAN BLVD & W VIRGINIA AVE,1,1,1,0,1,4,0,0,35,0,0,0,0,0,4,2,11
,2022-48849,-105.0003587,39.74960794,12/27/2022 23:33,23:33,11,0,0,15TH ST & BLAKE ST,1,3,0,0,1,3,0,0,0,0,0,1,0,0,4,1,16
,2022-48853,-104.992036,39.75067007,12/28/2022 19:14,19:14,11,0,1,ARAPAHOE ST & 19TH ST,11,3,0,2,1,1,0,0,35,0,1,0,0,1,4,1,14
,2022-48860,-104.9222838,39.69566111,12/29/2022 6:14,6:14,12,0,0,1100 BLK S HOLLY ST & E CHERRY CREEK S DR,4,1,0,0,1,4,0,0,30,0,0,0,0,0,4,2,11
,2022-48864,-104.9835849,39.7448679,12/18/2022 15:01,15:01,3,0,1,E 18TH AVE & N GRANT ST,1,1,0,0,1,1,0,0,35,0,0,0,0,3,4,2,3
,2022-48866,-104.9888652,39.71116477,12/8/2022 9:30,9:30,16,0,0,323 S BROADWAY ST & nan,1,5,0,0,5,7,0,0,15,0,0,0,0,0,3,2,7
,2022-48878,-104.978151,39.75324168,12/30/2022 14:50,14:50,8,0,0,E 25TH AVE & N WASHINGTON ST,4,1,1,2,1,3,0,0,25,0,0,0,0,0,4,2,13
,2022-48885,-105.0003587,39.74960794,12/27/2022 9:43,9:43,11,0,1,15TH ST & BLAKE ST,1,1,0,0,1,3,0,0,0,0,0,1,0,2,4,1,16
,2022-48935,-104.9963382,39.74465661,12/18/2022 23:59,23:59,6,0,0,900 BLOCK OF 14TH ST & CHAMPA ST,1,4,0,0,1,4,0,0,25,0,0,0,0,0,4,2,16
,2022-48952,-104.8905136,39.74379199,12/29/2022 9:20,9:20,3,0,1,E 17TH AVE & N VERBENA ST,4,1,0,0,1,1,0,0,25,0,0,0,0,2,4,2,7
,2022-48964,-104.8845931,39.74746585,12/28/2022 22:47,22:47,15,0,0,E MONTVIEW BLVD & N YOSEMITE ST,14,3,0,2,1,4,0,0,35,0,0,0,0,0,4,2,13
,2022-48966,-104.9173346,39.65200743,12/9/2022 9:00,9:00,10,0,0,E HAMPDEN AVE & 6300 BLK,1,1,0,0,5,4,0,0,,0,0,0,0,0,3,2,16
,2022-48969,-104.9839308,39.76099998,12/30/2022 22:21,22:21,8,0,0,WALNUT ST & 28TH ST,2,3,0,0,1,4,0,0,35,0,0,0,0,0,4,2,3
,2022-48970,-105.0120081,39.75511922,12/29/2022 22:21,22:21,15,0,0,N SPEER BLVD & I-25,5,3,1,0,1,4,0,0,40,0,0,0,0,0,4,2,16
,2022-48971,-105.0346101,39.77315839,12/7/2022 16:59,16:59,2,0,1,W 41ST AVE & N LOWELL BLVD,1,3,0,0,1,1,0,0,0,1,0,0,0,1,4,1,16
,2022-48974,-105.044006,39.75850026,10/26/2022 17:05,17:05,11,0,1,N TENNYSON ST & W 29TH AVE,1,1,0,0,1,1,0,0,25,0,1,0,0,3,4,1,11
,2022-48983,-104.978281,39.78738718,12/30/2022 7:20,7:20,8,0,0,N WASHINGTON ST & E 50TH AVE,4,1,0,7,1,1,0,0,35,0,0,0,0,0,4,2,16
,2022-48987,-105.0350349,39.70537127,12/30/2022 9:40,9:40,6,0,0,600 BLK S LOWELL BLVD & W CENTER AVE,4,4,0,0,1,4,0,0,25,0,0,0,0,0,4,2,16
,2022-48994,-104.9875325,39.70145192,12/30/2022 13:23,13:23,1,0,0,S BROADWAY ST & I-25 SB RAMPS,11,1,0,0,1,1,0,0,30,0,0,0,0,0,4,2,13
,2022-48995,-104.9733645,39.75300649,12/29/2022 17:19,17:19,12,0,0,N DOWNING ST & E 25TH AVE,4,3,1,0,3,4,0,0,,0,0,0,0,0,4,2,16
,2022-48997,-104.9837914,39.71935454,12/30/2022 12:11,12:11,3,0,0,N GRANT ST & E 2ND AVE,9,1,0,0,1,1,0,0,30,0,0,0,0,0,4,2,11
,2022-48998,-104.8847851,39.65305436,12/30/2022 10:07,10:07,15,0,1,S YOSEMITE ST & E HAMPDEN AVE,11,1,0,0,1,1,0,0,35,0,0,0,0,1,2,2,16
,2022-49001,-104.9968955,39.7384608,12/31/2022 10:48,10:48,8,0,0,W 14TH AVE & N SPEER BLVD,1,1,0,0,1,1,0,0,30,0,0,0,0,1,4,2,8
,2022-49002,-104.912776,39.71121158,12/30/2022 9:34,9:34,12,0,0,6500 BLK E ALAMEDA AVE & S MONACO PKWY,4,1,0,0,1,4,0,0,35,0,0,0,0,0,4,2,13
,2022-49007,-104.9875672,39.67851948,12/30/2022 12:00,12:00,15,0,0,W EVANS AVE & S BROADWAY ST,14,1,0,0,1,1,0,0,30,0,0,0,0,0,4,2,13
,2022-49010,-104.9823614,39.72562158,12/30/2022 6:57,6:57,3,0,0,N LOGAN ST & E 6TH AVE,5,1,0,0,1,1,0,0,30,0,0,0,0,0,4,2,3
,2022-49011,-104.9128293,39.71121207,12/30/2022 9:33,9:33,12,0,0,6500 BLK E ALAMEDA AVE & S MONACO PKWY,5,1,0,0,1,4,0,0,35,0,0,0,0,0,4,2,13
,2022-49012,-104.9123857,39.75106536,12/30/2022 17:15,17:15,12,0,0,2300 BLK N MONACO ST & E 23RD AVE,14,3,0,0,1,3,0,0,30,0,0,0,0,0,4,2,13
,2022-49016,-104.8474365,39.77145712,12/30/2022 14:45,14:45,12,0,0,3900 BLK N PEORIA ST & E 39TH AVE,1,1,0,0,1,4,0,0,40,0,0,0,0,0,4,2,3
,2022-49017,-104.9835816,39.73204096,12/9/2022 17:00,17:00,6,0,0,E 10TH AVE & N GRANT ST,14,5,3,7,1,4,0,0,,0,0,0,0,0,4,2,16
,2022-49019,-104.9047182,39.65305099,12/30/2022 7:39,7:39,3,0,4,E HAMPDEN AVE & S POPLAR ST,11,1,0,0,1,1,0,0,35,0,0,0,0,1,2,3,7
,2022-49023,-104.9856902,39.77973111,12/26/2022 22:21,22:21,5,1,0,I-70 & MM 274.254,1,3,2,0,2,14,0,0,55,0,0,0,0,4,1,1,14
,2022-49027,-105.0252771,39.71975017,12/9/2022 9:20,9:20,5,0,0,N FEDERAL BLVD & W 2ND AVE,1,1,0,0,6,4,0,0,30,0,0,0,0,0,2,1,16
,2022-49037,-104.9810846,39.74315378,12/30/2022 14:55,14:55,3,0,0,N PENNSYLVANIA ST & E 17TH AVE,4,1,0,0,1,2,0,0,15,0,0,0,0,0,4,2,11
,2022-49041,-104.9791463,39.7797555,9/6/2022 16:13,16:13,12,0,0,I-70 WB ON RAMP & N WASHINGTON ST,1,1,0,0,1,8,0,0,,0,0,0,0,0,1,2,16
,2022-49048,-104.8847932,39.65258203,12/30/2022 10:16,10:16,12,0,0,S YOSEMITE ST & E HAMPDEN AVE,5,1,1,0,1,4,0,0,35,0,0,0,0,1,4,2,14
,2022-49049,-104.9861527,39.72906707,12/30/2022 14:45,14:45,10,0,0,E 8TH AVE & N LINCOLN ST,2,1,0,0,1,1,0,0,35,0,0,0,0,0,4,2,16
,2022-49050,-104.9442921,39.70918567,12/30/2022 11:54,11:54,8,0,0,E CHERRY CREEK N DR & E DAKOTA AVE,5,1,0,0,1,4,0,0,30,0,0,0,0,0,4,2,13
,2022-49089,-104.9428513,39.76850769,11/13/2022 1:21,1:21,6,0,0,JACKSON ST & E 37TH AVE,1,3,0,0,1,4,0,0,25,0,0,0,0,0,4,3,16
,2022-49094,-104.9182339,39.65307809,11/17/2022 8:29,8:29,15,0,0,I-25 & E HAMPDEN AVE,8,1,0,2,1,4,0,0,,0,0,0,0,0,1,2,16
,2022-49096,-104.987415,39.7528936,12/30/2022 18:44,18:44,15,0,0,BROADWAY & CURTIS ST,4,4,0,0,1,1,0,0,30,0,0,0,0,0,4,2,1
,2022-49098,-104.8125073,39.79620276,12/27/2022 0:01,0:01,6,0,0,E PENSACOLA PL & N FAIRPLAY ST,9,3,0,2,1,4,0,0,20,0,0,0,0,0,4,2,16
,2022-49108,-104.91256,39.72533832,12/29/2022 17:40,17:40,1,0,0,N MONACO ST & E 6TH AVE,14,3,0,2,1,1,0,0,30,0,0,0,0,0,4,2,13
,2022-49109,-104.9443425,39.70934666,12/30/2022 14:03,14:03,8,0,0,E DAKOTA AVE & E CHERRY CREEK N DR,9,1,0,0,1,3,0,0,30,0,0,0,0,0,4,2,8
,2022-49113,-104.8753015,39.67475217,9/11/2022 17:45,17:45,1,0,0,E ILIFF AVE & S DAYTON ST,11,1,1,2,1,1,0,0,35,0,0,0,0,0,4,2,16
,2022-49115,-105.0346179,39.75080517,12/28/2022 22:00,22:00,6,0,0,2200 BLK N LOWELL BLVD & W 23RD AVE,9,5,0,7,5,4,0,0,,0,0,0,0,0,3,2,16
,2022-49125,-104.7904699,39.78363776,12/30/2022 10:39,10:39,1,0,0,E GVR BLVD & PENA BLVD INBOUND,1,1,0,0,1,3,0,0,35,0,0,0,0,0,4,2,14
,2022-49186,-104.9826005,39.72260797,11/19/2022 0:41,0:41,3,0,1,N LOGAN ST & E SPEER BLVD,1,3,0,0,1,1,0,0,35,0,0,0,0,2,4,3,14
,2022-49199,-104.9450779,39.78378567,12/31/2022 21:00,21:00,11,0,1,E 48TH AVE & N MONROE ST,14,3,0,0,1,1,0,0,25,0,1,0,0,1,4,1,16
,2022-49205,-104.9874355,39.72563832,12/12/2022 2:47,2:47,15,0,0,W 6TH AVE & N BROADWAY ST,1,3,3,0,1,1,0,0,35,0,0,0,0,0,4,2,13
,2022-49210,-104.9407729,39.66081181,12/31/2022 20:37,20:37,9,0,1,S COLORADO BLVD & E DARTMOUTH AVE,14,3,0,0,1,4,0,0,35,0,0,0,0,1,2,1,14
,2022-49220,-104.9046499,39.74008704,12/27/2022 13:41,13:41,12,0,0,E COLFAX AVE & N POPLAR ST,1,1,0,0,1,1,0,0,30,0,0,0,0,0,2,2,1
,2022-49225,-105.0251398,39.78025994,12/29/2022 13:45,13:45,3,0,1,W 46TH AVE & N FEDERAL BLVD,9,1,0,0,1,1,0,0,35,0,0,0,0,2,2,2,16
,2022-49235,-105.000215,39.74004685,12/14/2022 6:31,6:31,12,0,0,E COLFAX AVE & N SANTA FE DR,1,2,0,0,1,3,0,0,20,0,0,0,0,0,2,2,16
,2022-49263,-105.0340439,39.75485294,12/29/2022 16:30,16:30,6,0,0,W 26TH AVE & N JULIAN ST,7,1,0,2,1,4,0,0,35,0,0,0,0,0,4,2,13
,2022-49286,-105.0126877,39.75536708,12/16/2022 19:20,19:20,15,0,0,I-25 & N SPEER BLVD,1,3,0,0,1,4,0,0,55,0,0,0,0,0,1,2,12
,2022-49290,-105.0225884,39.66212408,12/2/2022 16:00,16:00,6,0,0,2700 BLK W CORNELL AVE & S DECATUR ST,1,5,1,0,1,4,0,0,25,0,0,0,0,0,4,2,16
,2022-49292,-104.9593882,39.68030785,12/16/2022 21:38,21:38,12,0,0,S UNIVERSITY BLVD & E ASBURY AVE,1,3,0,0,1,4,0,0,35,0,0,0,0,0,4,2,16
,2022-49293,-104.9874131,39.73843188,12/21/2022 16:15,16:15,10,0,0,N BROADWAY ST & E 14TH AVE,1,1,0,0,1,1,0,0,35,0,0,0,0,1,4,2,1
,2022-49295,-104.9835933,39.73527252,12/4/2022 0:05,0:05,15,0,0,E 12TH AVE & GRANT,1,3,0,0,1,3,0,0,40,0,0,0,0,0,4,2,16
,2022-49297,-104.9008781,39.63435799,12/7/2022 17:54,17:54,15,0,0,I-25 OFF RAMP & I-225 ,1,3,1,0,1,8,0,0,,0,0,0,0,0,1,2,16
,2022-49299,-105.0383795,39.7270135,12/29/2022 6:02,6:02,6,0,0,N OSCEOLA ST & W 6TH AVE FRONTAGE RD,9,2,2,0,1,4,0,0,25,0,0,0,0,0,4,3,16
,2022-49302,-104.811806,39.78389082,12/16/2022 20:06,20:06,3,0,0,E GATEWAY AVE & N FRASER WAY,1,4,0,0,1,1,0,0,30,0,0,0,0,0,4,2,16
,2022-49303,-105.0047562,39.76115807,11/30/2022 8:05,8:05,3,0,0,20TH ST & I-25 SB RAMPS,1,1,0,0,1,1,0,0,,0,0,0,0,0,4,2,16
,2022-49306,-104.9355757,39.74138924,12/15/2022 17:17,17:17,6,0,0,4547 E 16TH AVE & N CHERRY ST,1,3,0,0,1,4,0,0,25,0,0,0,0,0,4,2,16
,2022-49307,-104.9989933,39.75742378,11/18/2022 12:02,12:02,6,0,0,CHESTNUT PL & 20TH ST,11,1,0,0,1,4,0,0,,0,0,0,0,0,4,2,16
,2022-49308,-105.0158547,39.77656473,12/22/2022 1:35,1:35,3,0,0,W 44TH AVE & N ZUNI ST,4,3,0,2,1,1,0,0,30,0,0,0,0,0,4,2,16
,2022-49309,-105.0252131,39.72580353,12/19/2022 9:00,9:00,1,0,0,N FEDERAL BLVD & W 6TH AVE WB RAMPS,1,1,0,0,1,1,0,0,40,0,0,0,0,0,2,2,16
,2022-49310,-105.0532354,39.74762389,12/26/2022 17:50,17:50,3,0,0,SHERIDAN BLVD & W 20TH AVE,1,3,0,0,1,1,0,0,35,0,0,0,0,0,2,4,16
,2022-49311,-104.7697499,39.8127919,12/30/2022 12:40,12:40,3,0,0,N ARGONNE ST & E 64TH AVE,5,1,0,1,1,1,0,0,30,0,0,0,0,0,4,2,13
,2022-49314,-105.0131182,39.72551753,12/31/2022 15:36,15:36,12,0,0,I-25 & W 6TH AVE,1,1,1,0,1,4,0,0,65,0,0,0,0,0,1,2,3
,2022-49315,-105.0453092,39.72552691,12/14/2022 21:49,21:49,15,0,0,W 6TH AVE & N UTICA ST,1,3,0,0,1,4,0,0,55,0,0,0,0,0,2,3,16
,2022-49325,-104.9165087,39.74020892,12/30/2022 12:18,12:18,15,0,0,E COLFAX AVE & N KRAMERIA ST,4,1,0,0,1,4,0,0,,0,0,0,0,0,2,2,16
,2022-49356,-105.0532352,39.74756896,11/3/2022 7:59,7:59,15,0,0,SHERIDAN BLVD & W 20TH AVE ,1,1,0,0,1,4,0,0,35,0,0,0,0,0,2,2,11
,2022-49392,-105.0252203,39.76214585,12/22/2022 7:30,7:30,12,0,0,3300 BLK N FEDERAL BLVD & W 32ND AVE,9,1,0,2,1,3,0,0,35,0,0,0,0,0,2,2,16
,2022-49393,-105.0532505,39.68954652,12/18/2022 19:23,19:23,1,0,1,S SHERIDAN BLVD & W FLORIDA AVE,1,3,0,0,1,1,0,0,40,0,0,0,0,2,2,2,16
,2022-49397,-104.9874032,39.73763351,12/26/2022 14:30,14:30,15,0,0,BROADWAY ST & 1300 BLK N ,1,1,0,0,1,3,0,0,,0,0,0,0,0,4,2,16
,2022-49400,-104.9918825,39.69666007,12/27/2022 20:17,20:17,12,0,1,W MISSISSIPPI AVE & S SANTA FE DR,1,3,1,0,1,4,0,0,,0,0,0,0,2,2,2,16
,2022-49407,-104.7913639,39.78364117,12/25/2022 17:35,17:35,1,0,0,GREEN VALLEY RANCH BLVD & SB PENA BLVD ON RAMP,1,3,0,0,1,1,0,0,35,0,0,0,0,0,4,2,16
,2022-49409,-104.7721493,39.77685712,12/24/2022 6:10,6:10,3,0,0,N TOWER RD & E GVR BLVD,5,2,0,2,1,1,0,0,40,0,0,0,0,0,4,2,16
,2022-49412,-104.9718536,39.73840425,12/23/2022 19:20,19:20,12,0,0,1300 BLK E 14TH AVE & N MARION ST,9,3,0,0,1,4,0,0,,0,0,0,0,0,4,2,16
,2022-49416,-105.0469248,39.70125781,12/11/2022 16:32,16:32,2,0,1,4600 BLK MORRISON RD & W ADA PL,1,2,0,0,1,2,0,0,0,1,0,0,0,2,4,1,16
,2022-49418,-104.9128913,39.69844618,12/23/2022 15:04,15:04,1,0,0,S MONACO ST & E TENNESSEE AVE,9,1,0,0,1,1,0,0,,0,0,0,0,0,4,2,16
,2022-49420,-104.7721266,39.7817765,12/23/2022 11:00,11:00,1,0,0,N TOWER RD & E 47TH AVE,9,1,1,0,1,1,0,0,40,0,0,0,0,0,4,2,1
,2022-49425,-105.0105104,39.75740078,12/31/2022 11:04,11:04,3,0,0,15TH ST & CENTRAL ST,1,3,3,0,1,1,0,0,25,0,0,0,0,0,4,2,3
,2022-49431,-104.9963011,39.70942399,12/14/2022 16:12,16:12,15,0,0,300 BLK S SANTA FE DR & W ALAMEDA AVE,1,1,0,0,1,4,0,0,35,0,0,0,0,0,2,2,16
,2022-49432,-104.89665,39.65307817,12/15/2022 23:00,23:00,12,0,0,HAMPDEN AVE & 8000 BLK E ,1,3,1,7,1,4,0,0,45,0,0,0,0,0,2,2,16
,2022-49505,-105.030672,39.74040829,12/9/2022 7:31,7:31,15,0,0,3400 BLK W COLFAX AVE & S IRVING ST,1,1,0,0,1,1,0,0,20,0,0,0,1,0,2,2,16
,2022-49508,-104.98743,39.72661354,12/30/2022 19:35,19:35,15,0,0,N BROADWAY ST & E SPEER BLVD,9,3,0,0,1,4,0,0,35,0,0,0,0,0,4,2,3
,2022-49514,-104.98457,39.70751421,12/22/2022 9:19,9:19,3,0,0,S SHERMAN GRANT ALY & E VIRGINIA AVE,9,1,0,0,1,9,0,0,25,0,0,0,0,0,4,2,16
,2022-49601,-105.0911537,39.61385043,12/18/2022 13:20,13:20,1,0,2,HWY 121 & W LONG DR,1,1,0,0,1,5,0,0,45,0,0,0,0,1,2,2,11
,2022-49620,-104.9861277,39.73195254,12/15/2022 13:55,13:55,12,0,1,900 BLK N LINCOLN ST & E 10TH AVE,1,1,0,0,1,4,0,0,,0,0,0,0,1,4,2,16
,2022-49668,-104.8659641,39.70380603,11/29/2022 23:20,23:20,12,0,0,S HAVANA ST & E EXPOSITION AVE,2,3,0,0,1,1,0,0,40,0,0,0,0,0,4,4,16
,2022-49669,-105.0033455,39.74846118,12/11/2022 13:20,13:20,10,0,0,N SPEER BLVD & BLAKE ST,1,1,0,0,1,1,0,0,35,0,0,0,0,0,4,2,1
,2022-49671,-104.9949384,39.76798043,12/22/2022 10:19,10:19,15,0,0,I-25 & PARK AVE W,8,1,0,0,1,4,0,0,65,0,0,0,0,0,1,2,1
,2022-49674,-104.9145887,39.67846287,12/25/2022 0:21,0:21,5,0,0,E EVANS AVE & S MONACO ST,1,3,0,0,2,11,0,0,35,0,0,0,0,0,4,1,16
,2022-49680,-104.7842454,39.79837293,11/30/2022 3:46,3:46,11,1,1,E 56TH AVE & PENA BLVD NB ON RAMP,2,3,0,0,1,4,0,1,0,0,1,0,0,4,4,1,16