id,drcog_id,longitude,latitude,crashtime,time,crashtype,numbkilled,numbinjurd,drcoglocat,rdconditin,lightngcon,roadcntgrd,weatherco,location,roaddescrp,schoolzone,constrzone,splimit,bikeinv,pedinv,sctrinv,motoinv,svrty,rdsystem,ttlvehcls,hcf
,2022-49688,-104.7626952,39.79843458,12/22/2022 11:28,11:28,11,0,1,E 56TH AVE & DUNKIRK ST,5,1,0,2,3,3,0,0,35,0,1,0,0,1,4,1,16
,2022-49697,-104.9046529,39.76479786,12/30/2022 11:08,11:08,12,0,0,N POPLAR ST & E 33RD AVE,4,1,0,0,1,4,0,0,,0,0,0,0,0,4,2,1
,2022-49698,-104.7863802,39.80563472,12/20/2022 17:10,17:10,15,0,0,PENA BLVD & E 56TH AVE,1,3,0,0,1,4,0,0,65,0,0,0,0,0,4,2,13
,2022-49703,-105.0252334,39.74516603,8/27/2022 18:50,18:50,11,0,2,N FEDERAL BLVD & W 18TH AVE,1,1,0,0,1,1,0,0,35,0,1,0,0,3,2,1,13
,2022-49704,-104.9194575,39.73925401,12/31/2022 21:00,21:00,6,0,0,JERSEY ST & 1446 BLK N ,9,4,0,2,1,9,0,0,25,0,0,0,0,0,4,2,16
,2022-49733,-104.8881746,39.74746484,12/26/2022 17:05,17:05,12,0,0,E MONTVIEW BLVD & N WILLOW ST,1,3,0,0,1,1,0,0,40,0,0,0,0,0,4,2,16
,2022-49743,-104.9498017,39.72023305,12/30/2022 14:00,14:00,6,0,0,N STEELE ST & E 2ND AVE,14,2,0,0,1,4,0,0,25,0,0,0,0,0,4,2,13
,2022-49746,-104.9086867,39.71120756,12/21/2022 15:01,15:01,1,0,3,E ALAMEDA AVE & S NEWPORT WAY,1,1,0,0,1,1,0,0,35,0,0,0,0,1,4,6,16
,2022-49750,-104.9837443,39.7517132,12/13/2022 18:37,18:37,3,0,0,CALIFORNIA ST & PARK AVE W,1,3,0,0,1,1,0,0,30,0,0,0,0,0,4,2,2
,2022-49751,-105.0145376,39.72691383,12/20/2022 20:00,20:00,5,0,0,I-25 SB OFF RAMP & W 6TH AVE,1,3,0,0,3,8,0,0,35,0,0,0,0,0,1,1,16
,2022-49753,-104.9441996,39.74377635,12/16/2022 12:06,12:06,10,0,0,E 17TH AVE & N GARFIELD ST,1,1,0,0,1,9,0,0,30,0,0,0,0,0,4,2,16
,2022-49761,-104.6726896,39.84927906,12/30/2022 5:55,5:55,16,0,0,8400 PENA BLVD & DOOR 404 4 WEST DIA,1,3,0,0,5,7,0,0,10,0,0,0,0,0,3,2,11
,2022-49767,-104.9034015,39.77759354,12/23/2022 9:20,9:20,5,0,0,QUEBEC & I-70 EB RAMP,9,1,1,0,2,8,0,1,55,0,0,0,0,0,1,1,14
,2022-49811,-104.8011673,39.77095649,12/25/2022 10:25,10:25,3,0,1,16100 BLK E 40TH AVE & N KITTREDGE ST,11,1,0,0,1,2,0,0,40,0,0,0,0,1,4,2,1
,2022-49821,-105.0078962,39.75862892,12/27/2022 16:33,16:33,15,0,0,I-25 & 20TH ST,1,2,0,0,1,4,0,0,,0,0,0,0,0,1,2,16
,2022-49825,-104.9877732,39.75667983,11/12/2022 20:47,20:47,3,0,0,24TH ST & LARIMER ST,1,3,0,0,1,1,0,0,,0,0,0,0,0,4,2,14
,2022-49839,-104.9899237,39.75500574,12/18/2022 20:45,20:45,6,0,0,LARIMER ST & 22ND ST,1,3,0,0,1,4,0,0,30,0,0,0,0,0,4,2,13
,2022-49864,-104.8844453,39.79832315,12/28/2022 16:54,16:54,3,0,2,N CENTRAL PARK BLVD & E 56TH AVE,11,3,0,1,1,1,0,0,40,0,0,0,0,1,4,2,16
,2022-49881,-104.7991016,39.77254009,12/31/2022 16:37,16:37,3,0,0,N LEWISTON ST & E 40TH AVE,1,1,0,0,1,1,0,0,,0,0,0,0,0,4,2,16
,2022-49944,-105.0531908,39.68229294,12/25/2022 5:31,5:31,3,0,0,S SHERIDAN BLVD & W JEWELL AVE,1,3,0,0,1,1,0,0,40,0,0,0,0,0,2,2,16
,2022-50004,-105.0531935,39.68248519,12/22/2022 11:20,11:20,12,0,0,S SHERIDAN BLVD & W JEWELL AVE,4,1,1,0,1,3,0,0,40,0,0,0,0,0,2,2,7
,2022-50068,-105.0531756,39.72490448,12/11/2022 0:20,0:20,12,0,0,W 6TH AVE & SHERIDAN BLVD,1,3,2,0,1,1,0,0,60,0,0,0,0,0,2,2,3
,2022-50075,-105.0910499,39.62415456,12/9/2022 10:45,10:45,12,0,0,WADSWORTH & W BELLEVIEW AVE,1,1,0,0,1,1,0,0,45,0,0,0,0,0,2,2,11
,2022-50089,-105.0532272,39.69488003,12/11/2022 19:51,19:51,3,0,0,S SHERIDAN BLVD & W ARIZONA AVE,1,4,0,0,1,3,0,0,40,0,0,0,0,0,2,2,10
,2022-50099,-105.0912907,39.62415448,12/29/2022 10:04,10:04,3,0,1,S WADSWORTH BLVD & W BELLEVIEW AVE,9,1,0,0,1,1,0,0,45,0,0,0,0,2,2,3,10
,2022-50109,-105.0679801,39.72567197,12/30/2022 15:44,15:44,15,0,1,W 6TH AVE & SHERIDAN BLVD (APPROX),1,1,0,0,1,4,0,0,,0,0,0,0,1,2,2,16
,2022-50142,-105.0532098,39.74042085,12/20/2022 19:07,19:07,1,0,0,W COLFAX AVE & N SHERIDAN BLVD,1,3,0,0,1,1,0,0,35,0,0,0,0,0,2,2,13
,2022-50221,-104.9610166,39.73997411,12/19/2022 22:52,22:52,3,0,0,E COLFAX AVE & N GAYLORD ST,1,3,0,0,1,1,0,0,,0,0,0,0,0,2,2,16
,2022-50222,-104.9586093,39.73491,12/30/2022 11:23,11:23,5,0,0,JOSEPHINE ST & E 12TH AVE,7,1,1,0,2,4,0,0,30,0,0,0,0,0,4,1,14
,2022-50223,-104.9862383,39.71835466,12/22/2022 11:35,11:35,10,0,0,N LINCOLN ST & E 1ST AVE,9,1,0,0,1,1,0,0,35,0,0,0,0,0,4,2,16
,2022-50224,-105.0427441,39.72579189,12/27/2022 22:19,22:19,5,0,0,W 6TH AVE & N STUART ST,1,3,0,0,3,4,0,0,55,0,0,0,0,0,2,1,16
,2022-50225,-104.9458898,39.76175289,12/30/2022 20:19,20:19,5,0,1,MADISON ST & E MLK BLVD,4,3,0,2,3,4,0,0,35,0,0,0,0,3,4,1,16
,2022-50226,-105.0250215,39.68590451,12/28/2022 19:38,19:38,12,0,1,1600 BLK S FEDERAL BLVD & W MEXICO AVE,4,3,3,2,1,4,0,0,35,0,0,0,0,2,2,2,16
,2022-50227,-105.0438387,39.66773248,12/28/2022 16:02,16:02,3,0,0,W YALE AVE & S TENNYSON WAY,11,1,0,0,1,1,0,0,25,0,0,0,0,0,4,2,14
,2022-50228,-105.0250847,39.7004053,12/27/2022 23:10,23:10,3,0,2,900 BLK S FEDERAL BLVD & W KENTUCKY AVE,1,3,0,0,1,1,0,0,30,0,0,0,0,2,2,2,1
,2022-50229,-104.9694623,39.72925326,9/26/2022 11:00,11:00,6,0,0,HUMBOLDT ST & 800 BLK N ,1,1,0,0,1,4,0,0,,0,0,0,0,0,4,2,1
,2022-50231,-104.9695954,39.77930629,1/21/2022 21:47,21:47,15,0,0,1900 BLOCK 44TH ST & N BRIGHTON BLVD,1,3,0,0,1,4,0,0,,0,0,0,0,0,4,2,16
,2022-50232,-105.0440127,39.76936284,12/11/2022 18:35,18:35,1,0,1,W 38TH AVE & N TENNYSON ST,1,3,0,7,1,1,0,0,35,0,0,0,0,3,4,2,15
,2022-50233,-105.032529,39.65276097,11/9/2022 18:20,18:20,15,0,0,5100 BLK W HAMDEN AVE & S LOWELL BLVD,1,2,0,0,1,4,0,0,,0,0,0,0,0,2,2,16
,2022-50234,-104.9407884,39.7146587,12/25/2022 20:19,20:19,3,0,3,S COLORADO BLVD & E BAYAUD AVE,1,3,1,0,1,1,0,0,35,0,0,0,0,3,2,2,1
,2022-50235,-104.8641953,39.75949945,12/14/2022 21:49,21:49,12,0,0,E MLK BLVD & N IOLA ST,1,3,0,0,1,3,0,0,35,0,0,0,0,0,4,2,1
,2022-50236,-104.9874355,39.72563832,12/20/2022 12:00,12:00,3,0,0,E 6TH AVE & N BROADWAY ST,1,1,0,0,1,1,0,0,,0,0,0,0,0,4,2,16
,2022-50237,-105.0148299,39.72932162,12/9/2022 17:49,17:49,12,0,0,I-25 & W 8TH AVE,1,3,0,0,1,4,0,0,55,0,0,0,0,0,1,2,16
,2022-50238,-105.0142377,39.74044894,12/19/2022 1:25,1:25,6,0,2,W COLFAX AVE & I-25,1,3,0,0,1,4,0,0,35,0,0,0,0,3,2,2,16
,2022-50241,-104.8791495,39.70800299,12/10/2022 11:50,11:50,12,0,0,9400 BLK E ALAMEDA AVE & S CLINTON ST,1,1,0,0,1,4,0,0,35,0,0,0,0,1,4,2,13
,2022-50242,-104.9262103,39.65310616,12/22/2022 4:45,4:45,5,0,0,E HAMPDEN AVE & S GLENCOE ST,9,3,0,2,3,1,0,0,35,0,0,0,0,0,4,1,16
,2022-50243,-104.9081589,39.74008364,12/24/2022 2:24,2:24,5,0,0,E COLFAX AVE & N ONEIDA ST,4,3,0,0,3,1,0,0,35,0,0,0,0,0,2,1,16
,2022-50244,-104.9406301,39.74007415,12/17/2022 16:53,16:53,15,0,0,E COLFAX AVE & N COLORADO BLVD,1,3,0,0,1,4,0,0,35,0,0,0,0,0,2,2,16
,2022-50246,-104.9534207,39.78017723,10/28/2022 1:32,1:32,12,0,0,E 46TH AVE & N VASQUEZ BLVD,1,3,3,0,1,1,0,0,45,0,0,0,0,0,4,2,2
,2022-50272,-104.9025336,39.76737975,12/17/2022 12:31,12:31,15,0,0,E 36TH AVE & N QUEBEC ST,1,1,0,6,1,3,0,0,,0,0,0,0,0,4,2,16
,2022-50273,-104.9769615,39.74748645,11/4/2022 19:30,19:30,6,0,0,CLARKSON ST & E 20TH AVE,1,3,0,0,1,2,0,0,30,0,0,0,0,0,4,2,16
,2022-50280,-104.9895612,39.78010359,9/25/2022 21:02,21:02,15,0,0,I-25 & I-70 ,1,3,0,0,1,4,0,0,65,0,0,0,0,0,1,2,13
,2022-50282,-104.9499092,39.76756525,11/15/2022 8:00,8:00,6,0,0,STEELE ST & E 37TH AVE,4,1,1,2,1,4,0,0,25,0,0,0,0,0,4,2,10
,2022-50283,-104.8470353,39.77419229,12/20/2022 17:59,17:59,3,0,0,N PEORIA ST & I-70 ,1,3,0,0,1,1,0,0,35,0,0,0,0,0,4,3,1
,2022-50285,-104.9382676,39.77360496,11/26/2022 2:39,2:39,5,0,1,4000 BLK N ALBION ST & SMITH RD,1,4,0,0,1,4,0,0,25,0,0,0,0,1,4,1,16
,2022-50287,-105.0408584,39.70497126,12/22/2022 23:00,23:00,6,0,0,600 BLK S QUITMAN ST & MORRISON RD,9,4,0,2,1,4,0,0,25,0,0,0,0,0,4,2,16
,2022-50292,-104.9877469,39.74056635,12/26/2022 14:40,14:40,15,0,0,1500 BLK CHEYENNE PL & CLEVELAND PL,1,1,0,0,1,4,0,0,,0,0,0,0,0,4,2,16
,2022-50318,-104.9868809,39.73684921,12/26/2022 14:30,14:30,15,0,0,1300 BLK N BROADWAY ST & 1300 BLK N ,1,1,0,0,1,3,0,0,,0,0,0,0,0,4,2,16
,2022-50320,-104.9940106,39.76830045,10/8/2022 18:36,18:36,12,0,1,I-25 & I-70 ON RAMP,1,3,0,0,1,8,0,0,55,0,0,0,0,1,1,3,16
,2022-50321,-104.9951927,39.72568661,6/25/2022 1:22,1:22,2,1,1,N FOX ST & W 6TH AVE,1,3,0,0,1,1,0,0,0,1,0,0,0,4,4,1,16
,2022-50325,-104.9036848,39.77773367,1/13/2022 23:29,23:29,12,0,0,I-70 EB OFF RAMP & N QUEBEC ST,1,3,3,0,1,1,0,0,25,0,0,0,0,0,2,2,16
,2022-50326,-104.9799376,39.72604102,12/21/2022 0:40,0:40,6,0,0,N PEARL ST & E 6TH AVE,1,3,1,0,1,4,0,0,25,0,0,0,0,0,4,3,16
,2022-50378,-104.8272165,39.79755217,12/18/2022 2:00,2:00,6,0,0,E RANDOLPH PL & N POTOMAC WAY,1,4,0,0,1,4,0,0,,0,0,0,0,0,4,2,16
,2022-50380,-104.991232,39.72974768,12/8/2022 8:45,8:45,11,0,1,N SPEER BLVD & N BANNOCK ST,1,1,0,0,1,1,0,0,0,0,0,1,0,3,4,1,16
,2022-50381,-105.036983,39.73902224,12/28/2022 6:51,6:51,8,0,0,1400 BLK N NEWTON ST & W 14TH AVE,1,3,0,0,1,4,0,0,25,0,0,0,0,0,4,2,13
,2022-50425,-105.0000592,39.74004799,2/3/2022 12:52,12:52,3,0,0,W COLFAX AVE & N KALAMATH ST,11,1,0,0,1,1,0,0,35,0,0,0,0,0,2,2,16
,2022-50479,-104.9861059,39.74787484,12/20/2022 18:32,18:32,10,0,0,N LINCOLN ST & 20TH ST,1,3,0,0,1,1,0,0,30,0,0,0,0,0,4,2,8
,2022-50524,-105.0250605,39.68949117,12/30/2022 23:52,23:52,12,0,5,S FEDERAL BLVD & W FLORIDA AVE,4,3,1,0,1,4,0,0,40,0,0,0,0,2,2,4,16
,2022-50529,-104.9405325,39.75648272,3/1/2022 15:48,15:48,3,0,0,E 28TH AVE & N COLORADO BLVD,1,1,0,0,1,1,0,0,35,0,0,0,0,0,2,2,14
,2022-50531,-105.0394537,39.72578859,11/29/2022 2:15,2:15,3,0,0,N PERRY ST & W 6TH AVE,14,3,0,7,1,1,0,0,25,0,0,0,0,0,4,2,1
,2022-50558,-105.0532407,39.78354905,9/24/2022 14:37,14:37,12,0,0,I-70 & N SHERIDAN BLVD,1,1,0,0,1,4,0,0,,0,0,0,0,0,1,3,16
,2022-50561,-105.0110415,39.68229506,10/15/2022 3:10,3:10,10,0,1,W JEWELL AVE & S TEJON ST,1,3,0,0,1,1,1,0,25,0,0,0,0,3,4,2,1
,2022-50563,-105.013335,39.70172867,8/8/2022 2:36,2:36,6,0,0,S VALLEJO ST & W OHIO AVE,1,3,0,0,1,4,0,0,25,0,0,0,0,0,4,5,16
,2022-50566,-105.0002033,39.74703787,12/30/2022 13:45,13:45,6,0,0,LARIMER ST & 14TH ST,2,1,0,0,1,4,0,0,35,0,0,0,0,0,4,2,16
,2022-50577,-105.006429,39.78471652,11/24/2022 6:00,6:00,16,0,0,4860 N PECOS ST & nan,1,2,0,0,5,7,0,0,,0,0,0,0,0,3,2,1
,2022-50580,-104.9978741,39.74750453,12/30/2022 18:15,18:15,12,0,0,LAWRENCE ST & 15TH ST,11,3,0,0,1,4,0,0,25,0,0,0,0,0,4,2,14
,2022-50582,-105.0531999,39.65335624,12/23/2022 18:52,18:52,3,0,0,S SHERIDAN BLVD & W HAMPDEN AVE WB RAMPS,9,3,0,0,1,1,0,0,35,0,0,0,0,0,2,2,16
,2022-50583,-105.0343984,39.6951425,12/12/2022 6:42,6:42,6,0,0,1100 BLOCK S LOWELL BLVD & W. ARIZONA AVE,1,2,0,0,1,4,0,0,25,0,0,0,0,0,4,3,1
,2022-50588,-104.997547,39.72569704,12/31/2022 12:00,12:00,6,0,0,W 6TH AVE & N INCA ST,9,3,0,0,1,4,0,0,25,0,0,0,0,0,4,2,16
,2022-50589,-104.9452301,39.70997125,12/8/2022 17:40,17:40,5,0,0,E CHERRY CREEK N DR & S MONROE ST,1,3,0,0,3,4,0,0,30,0,0,0,0,0,4,1,1
,2022-50590,-105.0102046,39.75716768,12/28/2022 16:58,16:58,12,0,0,I-25 & 15TH ST,11,2,0,1,1,4,0,0,55,0,0,0,0,0,1,2,16
,2022-50591,-104.9899483,39.71583419,12/22/2022 18:15,18:15,8,0,0,S BANNOCK ST & W ARCHER PL,9,3,0,0,1,11,0,0,25,0,0,0,0,0,4,4,3
,2022-50592,-104.9316661,39.68208642,11/11/2022 15:50,15:50,3,0,0,S DAHLIA ST & E JEWELL AVE,1,2,0,0,1,1,0,0,25,0,0,0,0,0,4,2,13
,2022-50593,-104.9128795,39.7784036,12/28/2022 14:15,14:15,12,0,0,I-70 & N MONACO ST,1,1,0,0,1,4,0,0,55,0,0,0,0,0,1,2,1
,2022-50594,-104.9581485,39.78920266,12/21/2022 13:30,13:30,16,0,0,5160 N YORK ST & YORK ST,14,1,0,0,5,7,0,0,,0,0,0,0,0,3,1,13
,2022-50603,-104.9380267,39.77620562,8/22/2022 22:15,22:15,5,1,4,E SMITH RD & N ALBION ST,1,3,0,0,3,4,0,0,25,0,0,0,0,4,4,1,1
,2022-50606,-105.0063223,39.68577474,10/15/2022 3:10,3:10,16,0,1,1700 S PECOS ST & nan,1,3,0,0,5,7,0,0,,0,1,0,0,3,3,2,14
,2022-50613,-105.0490052,39.65742318,9/6/2022 9:18,9:18,12,0,0,3000 BLK S YATES ST & W DARTMOUTH AVE,1,1,1,0,1,4,0,0,25,0,0,0,0,0,4,2,16
,2022-50614,-105.0361224,39.72188356,12/18/2022 16:39,16:39,11,1,0,N MEADE ST & W 3RD AVE,1,4,1,0,1,4,0,0,25,0,1,0,0,4,4,1,13
,2022-50618,-105.0532476,39.76933441,12/9/2022 20:31,20:31,2,1,0,N SHERIDAN BLVD & W 38TH AVE,1,3,0,0,1,1,0,0,,1,0,0,0,4,2,1,16
,2022-50619,-104.9935972,39.75933158,12/30/2022 22:25,22:25,11,0,1,PARK AVE W & DELGANY ST,4,3,0,0,1,1,0,0,0,0,1,0,0,3,4,1,16
,2022-50634,-104.8991036,39.73870554,1/1/2022 10:46,10:46,5,0,1,E 14TH AVE & N SYRACUSE ST,9,1,0,2,2,4,0,0,30,0,0,0,0,2,4,1,13
,2022-50636,-105.0127077,39.69674787,1/1/2022 14:47,14:47,5,0,0,W MISSISSIPPI AVE & S TEJON ST,9,1,0,0,3,1,0,0,30,0,0,0,0,0,4,1,13
,2022-50637,-104.7700455,39.83373796,1/1/2022 7:12,7:12,5,0,0,PENA BLVD & N TOWER ROAD,14,2,0,2,3,4,0,0,65,0,0,0,0,0,4,1,16
,2022-50638,-104.9968692,39.76723162,1/2/2022 0:28,0:28,5,0,0,I-25 & PARK AVE W,4,3,1,2,2,4,0,0,55,0,0,0,0,0,1,1,16
,2022-50641,-104.8470302,39.77419185,1/3/2022 9:30,9:30,5,0,0,I-70 WB ON RAMP & N PEORIA ST,11,1,0,0,3,8,0,0,35,0,0,0,0,0,1,2,7
,2022-50648,-104.9634953,39.78810301,1/4/2022 8:34,8:34,16,0,0,5080 N RACE ST & N BRIGHTON BLVD,4,1,0,0,5,7,0,0,,0,0,0,0,0,3,2,16
,2022-50649,-104.67369,39.85375349,1/5/2022 14:15,14:15,16,0,0,PENA BLVD & 8700 BLK,1,1,0,0,5,4,0,0,10,0,0,0,0,0,3,1,16
,2022-50650,-104.9836844,39.72907202,1/5/2022 7:50,7:50,15,0,0,300 BLK E 8TH AVE & N GRANT ST,1,1,1,0,1,3,0,0,30,0,0,0,0,0,4,2,10
,2022-50653,-105.0283834,39.74905932,1/6/2022 4:45,4:45,5,0,0,N HOOKER ST & W 21ST AVE,4,3,0,2,2,4,0,0,25,0,0,0,0,0,4,1,16
,2022-50655,-104.9002004,39.7819977,1/6/2022 11:00,11:00,5,0,0,I-270 & NORTHFIELD / QUEBEC ST,4,1,0,0,3,4,0,0,,0,0,0,0,0,1,1,16
,2022-50656,-104.7788864,39.83061992,1/6/2022 8:09,8:09,5,0,0,PENA BLVD OUTBOUND & TOWER RD,4,1,0,2,3,4,0,0,65,0,0,0,0,0,4,1,1
,2022-50658,-104.8925656,39.76002417,1/6/2022 2:55,2:55,5,0,0,E MLK BLVD & N UINTA ST,14,3,0,2,3,1,0,0,35,0,0,0,0,0,4,1,14
,2022-50662,-104.9760224,39.76441327,1/6/2022 15:39,15:39,3,0,1,LAWRENCE ST & 33RD ST,9,1,0,0,1,1,0,0,25,0,0,0,0,1,4,2,13
,2022-50679,-105.0001808,39.72846583,1/7/2022 23:29,23:29,8,0,0,N KALAMATH ST & W 8TH AVE,1,3,0,0,6,1,0,0,35,0,0,0,0,0,4,2,14
,2022-50681,-105.006798,39.76323122,1/6/2022 12:30,12:30,4,0,0,W 33RD AVE & N PECOS ST,9,1,0,0,1,4,0,0,,0,0,0,0,0,4,1,16
,2022-50682,-105.0692129,39.61446209,1/7/2022 1:00,1:00,5,0,0,W DORADO DR & S NEWLAND ST,9,3,0,0,3,4,0,0,25,0,0,0,0,0,4,1,10
,2022-50683,-104.9407498,39.70606521,1/7/2022 15:45,15:45,5,0,1,E CHERRY CREEK N DR & N COLORADO BLVD,4,1,0,0,3,4,0,0,30,0,0,0,0,1,4,1,3
,2022-50687,-104.9496631,39.69657715,1/6/2022 15:15,15:15,5,0,0,E MISSISSIPPI AVE & S STEELE ST,9,1,0,0,3,4,0,0,30,0,0,0,0,0,4,1,16
,2022-50688,-104.7393492,39.76923667,1/6/2022 18:50,18:50,5,0,0,E 38TH AVE & N ODESSA ST,9,4,0,0,3,3,0,0,30,0,0,0,0,0,4,1,14
,2022-50692,-105.0113895,39.71117722,1/8/2022 23:30,23:30,5,0,0,W ALAMEDA AVE & S TEJON ST,1,3,0,0,3,4,0,0,35,0,0,0,0,0,2,1,16
,2022-50695,-104.8863701,39.73420046,1/10/2022 6:20,6:20,5,0,0,8712 E RICTHOFEN PL ALLEY & E YOSEMITE ST,1,2,0,0,2,9,0,0,,0,0,0,0,0,4,1,14
,2022-50696,-104.9771477,39.75596739,1/10/2022 17:15,17:15,5,0,0,28TH ST & WELTON ST,1,2,0,0,1,4,0,0,20,0,0,0,0,0,4,1,16
,2022-50697,-105.0397019,39.7181366,1/5/2022 13:50,13:50,5,0,0,N OSCEOLA/PERRY ALLEY & W 1ST AVE,2,1,0,0,2,9,0,0,25,0,0,0,0,0,4,1,5
,2022-50698,-104.8970222,39.73870315,1/10/2022 2:06,2:06,3,0,0,E 14TH AVE & N SPRUCE ST,1,3,0,0,1,9,0,0,,0,0,0,0,0,4,2,16
,2022-50704,-104.9875407,39.70154144,1/10/2022 16:00,16:00,5,0,1,S BROADWAY ST & I-25,1,1,0,0,2,4,0,0,30,0,0,0,0,1,4,1,12
,2022-50705,-104.8017099,39.78379737,1/10/2022 2:51,2:51,5,0,0,E GVR BLVD & N KITTREDGE ST,1,3,0,0,3,3,0,0,,0,0,0,0,0,4,1,16
,2022-50706,-105.0252124,39.72497363,1/11/2022 1:48,1:48,5,0,0,N FEDERAL BLVD & W 6TH AVE EB RAMPS,1,4,0,0,3,4,0,0,45,0,0,0,0,0,2,1,16
,2022-50707,-104.9410067,39.69838005,1/10/2022 13:06,13:06,5,0,0,E TENNESSEE AVE & S COLORADO BLVD,1,1,0,0,3,1,0,0,25,0,0,0,0,0,2,1,1
,2022-50711,-104.9012698,39.78356376,1/11/2022 15:26,15:26,5,0,1,I-270 & N NORTHFIELD QUEBEC ST,1,1,0,0,3,4,0,0,55,0,0,0,0,1,1,1,14
,2022-50713,-104.9991466,39.72253202,1/12/2022 10:14,10:14,5,0,0,W 4TH AVE & N SANTA FE DR,1,1,0,0,1,4,0,0,25,0,0,0,0,0,4,1,1
,2022-50721,-104.9172306,39.65163863,1/13/2022 15:56,15:56,5,0,1,I-25 NB OFF RAMP & E HAMPDEN AVE,1,1,1,0,2,8,0,0,65,0,0,0,0,1,4,2,16
,2022-50722,-104.8950292,39.74379453,1/13/2022 23:28,23:28,5,0,1,E 17TH AVE & N TAMARAC ST,1,3,0,0,3,4,0,0,30,0,0,0,0,3,4,1,3
,2022-50724,-104.9769546,39.74947846,1/14/2022 13:36,13:36,8,0,0,N CLARKSON ST & E 22ND AVE,1,1,0,0,1,1,0,0,25,0,0,0,0,1,4,3,13
,2022-50725,-105.0486745,39.74130396,1/8/2022 2:54,2:54,16,0,0,1551 N WOLFF ST & nan,1,3,0,0,5,7,0,0,15,0,0,0,0,0,3,1,16
,2022-50726,-104.9891283,39.78664856,1/13/2022 8:50,8:50,5,0,0,I-25 & W 48TH AVE,1,1,0,0,2,4,0,0,55,0,0,0,0,0,1,1,13
,2022-50727,-104.8250033,39.78960961,1/14/2022 4:24,4:24,6,0,0,N CARSON ST & E 51ST AVE,1,3,0,0,1,4,0,0,25,0,0,0,0,0,4,4,14
,2022-50741,-105.0324638,39.71480728,1/15/2022 1:39,1:39,5,0,0,S KNOX CT & W BAYAUD AVE,1,3,0,0,3,4,0,0,30,0,0,0,0,0,4,1,2
,2022-50760,-104.8846879,39.73428913,1/17/2022 1:33,1:33,6,0,1,N YOSEMITE ST & E RICHTHOFEN PL,1,3,0,0,3,4,0,0,30,0,0,0,0,2,4,2,3
,2022-50761,-104.7872898,39.79839285,1/17/2022 9:37,9:37,5,0,0,E 56TH AVE & PENA BLVD OUTBOUND RAMP,1,1,0,0,2,1,0,0,45,0,0,0,0,0,4,1,16
,2022-50763,-105.0603599,39.65315237,1/7/2022 0:52,0:52,5,0,0,W HAMPDEN AVE FRONTAGE RD S & S DEPEW ST,7,3,0,0,2,4,0,0,35,0,0,0,0,0,4,1,16
,2022-50767,-105.0392886,39.7594544,1/15/2022 1:20,1:20,8,0,1,W HAYWARD PL & N PERRY ST,1,3,1,0,1,1,0,0,25,0,0,0,0,2,4,6,1
,2022-50769,-105.0346159,39.76213901,1/17/2022 16:30,16:30,6,0,0,N LOWELL BLVD/N MEADE ST ALLEY & W 32ND AVE,1,1,0,1,1,9,0,0,15,0,0,0,0,0,4,2,16
,2022-50793,-104.87622,39.65302012,1/18/2022 19:50,19:50,5,0,1,E HAMPDEN AVE & S AKRON ST,1,3,1,0,3,4,0,0,45,0,0,0,0,2,2,1,16
,2022-50795,-105.0720411,39.64599097,1/19/2022 11:24,11:24,5,0,0,S PIERCE ST & W MANSFIELD AVE,4,1,1,0,2,4,0,0,30,0,0,0,0,0,4,1,3
,2022-50796,-105.0720411,39.64599097,1/19/2022 11:24,11:24,5,0,0,S PIERCE ST & W MANSFIELD AVE,4,1,1,0,2,4,0,0,30,0,0,0,0,0,4,1,3
,2022-50800,-104.7626952,39.79843458,1/19/2022 17:15,17:15,5,0,0,E 56TH AVE & N DUNKIRK ST,4,3,0,2,3,4,0,0,45,0,0,0,0,0,4,1,13
,2022-50801,-104.9349974,39.73350585,1/19/2022 7:00,7:00,5,0,0,N CLERMONT ST & E HALE PKWY,1,2,0,0,2,3,0,0,25,0,0,0,0,0,4,2,1
,2022-50803,-105.0463443,39.73670757,1/19/2022 12:43,12:43,5,0,0,N VRAIN ST & W 13TH AVE,4,1,0,2,3,1,0,0,25,0,0,0,0,0,4,1,13
,2022-50804,-104.8814098,39.65378748,1/18/2022 16:50,16:50,5,0,0,E GIRARD AVE & S AKRON ST,1,1,0,0,3,1,0,0,25,0,0,0,0,0,4,1,3
,2022-50805,-104.8940506,39.73727128,1/19/2022 17:25,17:25,8,0,0,E 13TH AVE & N ULSTER ST,1,3,0,0,1,1,0,0,25,0,0,0,0,0,4,2,7
,2022-50806,-104.9037056,39.71705946,1/19/2022 9:02,9:02,3,0,0,N QUEBEC ST & E LOWRY BLVD,11,1,0,3,6,3,0,0,30,0,0,0,0,0,4,2,16
,2022-50813,-104.9927951,39.69890647,1/15/2022 7:39,7:39,5,0,0,S PLATTE RIVER DR & W TENNESSEE AVE,4,1,0,1,2,4,0,0,45,0,0,0,0,0,2,1,16
,2022-50825,-104.8312736,39.7942935,1/18/2022 15:20,15:20,3,0,0,E MAXWELL PL & N WORCHESTER ST,1,1,0,0,1,1,0,0,,0,0,0,0,0,4,2,16
,2022-50826,-105.0138364,39.73844345,1/15/2022 12:53,12:53,5,0,2,I-25 & AURARIA PKWY,1,1,0,0,2,4,0,0,55,0,0,0,0,3,1,4,16
,2022-50827,-104.7479019,39.77446462,1/20/2022 8:25,8:25,5,0,0,E 42ND AVE & N KIRK ST,9,3,0,0,2,4,0,0,25,0,0,0,0,0,4,1,1