id,drcog_id,longitude,latitude,crashtime,time,crashtype,numbkilled,numbinjurd,drcoglocat,rdconditin,lightngcon,roadcntgrd,weatherco,location,roaddescrp,schoolzone,constrzone,splimit,bikeinv,pedinv,sctrinv,motoinv,svrty,rdsystem,ttlvehcls,hcf
,2022-51386,-104.9693586,39.7400128,2/21/2022 5:07,5:07,6,0,0,E COLFAX AVE & N HUMBOLDT ST,1,3,0,1,1,4,0,0,30,0,0,0,0,0,2,2,16
,2022-51390,-104.8963757,39.74745062,1/13/2022 15:30,15:30,10,0,0,E MONTVIEW BLVD & N TRENTON ST,1,1,0,0,6,1,0,0,30,0,0,0,0,0,4,2,1
,2022-51392,-105.039055,39.68946597,3/2/2022 9:15,9:15,3,0,1,W FLORIDA AVE & S PATTON CT,1,1,0,1,1,1,0,0,25,0,0,0,0,2,4,2,13
,2022-51399,-105.0288055,39.72292771,3/2/2022 13:42,13:42,5,0,0,W 4TH AVE & N HOOKER ST,1,1,1,0,4,4,0,0,25,0,0,0,0,0,4,1,13
,2022-51403,-105.0003587,39.74960794,3/2/2022 1:39,1:39,5,0,0,15TH ST & BLAKE ST,1,3,0,0,6,1,0,0,25,0,0,0,0,0,4,1,1
,2022-51405,-104.9874002,39.74738588,3/3/2022 21:55,21:55,5,0,0,N BROADWAY ST & WELTON ST,1,3,3,0,2,3,0,0,30,0,0,0,0,0,4,1,16
,2022-51409,-105.0105104,39.75740078,3/3/2022 21:00,21:00,5,0,0,15TH ST & CENTRAL ST,1,3,1,0,3,3,0,0,,0,0,0,0,0,4,1,16
,2022-51412,-104.940096,39.67846283,3/5/2022 3:49,3:49,5,0,0,E EVANS AVE & S COLORADO BLVD,11,3,0,2,3,4,0,0,35,0,0,0,0,0,4,1,11
,2022-51414,-104.9741452,39.74000576,2/6/2022 16:36,16:36,12,0,0,E COLFAX AVE & N CORONA ST,1,1,3,0,1,1,0,0,35,0,0,0,0,0,2,5,1
,2022-51416,-104.9467209,39.71149156,2/14/2022 19:40,19:40,5,0,0,E ALAMEDA AVE & E CHERRY CREEK N DR,1,3,0,0,3,4,0,0,30,0,0,0,0,0,4,1,16
,2022-51418,-104.9884865,39.74051095,3/4/2022 22:04,22:04,5,0,0,W COLFAX AVE & 15TH ST,1,3,0,0,6,3,0,0,30,0,0,0,0,0,2,1,16
,2022-51419,-104.9895612,39.78010359,2/27/2022 0:45,0:45,5,0,0,I-70 EB OFF RAMP TO SB I-25 & I-25,1,3,0,0,2,8,0,0,55,0,0,0,0,0,1,1,16
,2022-51420,-104.9938949,39.76843862,3/4/2022 7:55,7:55,5,0,0,I-25 & NB EXIT RAMP FOR I-70 ,1,1,0,0,3,14,0,0,55,0,0,0,0,0,1,2,16
,2022-51421,-105.0250142,39.7129994,3/3/2022 21:05,21:05,5,0,1,S FEDERAL BLVD & W CEDAR AVE,1,3,0,0,3,4,0,0,40,0,0,0,0,2,2,1,16
,2022-51422,-105.0394556,39.72549725,3/5/2022 21:15,21:15,5,0,0,W 6TH AVE S DR & N PERRY ST,4,4,0,2,3,1,0,0,25,0,0,0,0,0,4,1,16
,2022-51427,-105.0532512,39.72408794,3/6/2022 9:48,9:48,5,0,0,494 N SHERIDAN BLVD & W 5TH AVE,4,1,0,2,3,3,0,0,35,0,0,0,0,0,2,1,7
,2022-51454,-104.9408151,39.69879163,3/7/2022 21:30,21:30,12,0,0,S COLORADO BLVD & E TENNESSEE AVE,1,3,1,0,1,4,0,0,35,0,0,0,0,0,2,2,10
,2022-51456,-104.7721476,39.79253636,3/7/2022 6:48,6:48,3,0,0,E ELMENDORF DR & N TOWER RD,4,1,0,0,1,1,0,0,45,0,0,0,0,0,4,2,11
,2022-51457,-105.0017855,39.67852654,3/7/2022 1:03,1:03,3,0,1,S LIPAN ST & W EVANS AVE,4,3,0,2,1,1,0,0,30,0,0,0,0,3,4,2,13
,2022-51458,-105.0158547,39.77656473,3/7/2022 12:35,12:35,3,0,0,W 44TH AVE & N ZUNI ST,1,1,0,0,1,1,0,0,30,0,0,0,0,0,4,2,1
,2022-51459,-104.8837037,39.72362765,3/7/2022 7:42,7:42,15,0,0,E LOWRY BLVD & N YOSEMITE WAY,4,1,0,0,1,3,0,0,30,0,0,0,0,0,4,2,16
,2022-51465,-105.0001485,39.72570812,3/7/2022 20:02,20:02,10,0,1,N KALAMATH ST & W 6TH AVE,2,3,0,0,1,1,0,0,35,0,0,0,0,1,4,2,16
,2022-51466,-105.0553027,39.65243291,3/7/2022 2:59,2:59,5,0,0,W HAMPDEN S FRTG & S SHERIDAN BLVD,4,3,0,2,3,4,0,0,25,0,0,0,0,0,4,1,3
,2022-51468,-104.8829699,39.77702125,3/7/2022 8:45,8:45,5,0,0,I-270 ON RAMP FROM WB I-70 & N CENTRAL PARK BLVD,4,1,0,0,3,4,0,0,55,0,0,0,0,0,1,1,16
,2022-51469,-105.0469288,39.75506974,3/7/2022 14:42,14:42,5,0,0,N VRAIN ST & W 26TH AVE,1,1,0,0,3,4,0,0,25,0,0,0,0,0,4,1,16
,2022-51470,-104.9359494,39.65298163,3/8/2022 18:13,18:13,5,0,1,E HAMPDEN AVE & S BIRCH ST,1,3,2,0,2,3,0,0,45,0,0,0,0,3,2,1,10
,2022-51473,-104.8945284,39.63778106,3/8/2022 12:15,12:15,5,0,0,4351 S TAMARAC ST & E QUINCY AVE,14,5,3,7,3,4,0,0,45,0,0,0,0,0,4,1,16
,2022-51474,-104.8998694,39.74562208,3/7/2022 17:22,17:22,5,0,1,E 19TH AVE & N ROSEMARY ST,4,1,0,0,3,3,0,0,25,0,0,0,0,2,4,1,10
,2022-51475,-105.0226605,39.71115433,3/4/2022 9:09,9:09,15,0,1,W ALAMEDA AVE & S DECATUR ST,1,1,0,1,1,4,0,0,35,0,0,0,0,2,2,2,16
,2022-51481,-104.8828305,39.77357314,3/6/2022 21:54,21:54,5,0,0,CENTRAL PARK BLVD & E 40TH AVE,5,3,1,2,3,4,0,0,45,0,0,0,0,0,4,1,16
,2022-51483,-104.7013199,39.83802611,3/6/2022 6:11,6:11,5,0,0,E 78TH AVE & N JACKSON GAP ST,8,1,0,2,3,4,0,0,,0,0,0,0,0,4,1,16
,2022-51486,-104.9985749,39.71842848,2/5/2022 16:06,16:06,3,0,2,W 1ST AVE & N SANTA FE DR,1,1,0,0,1,1,0,0,25,0,0,0,0,3,4,2,16
,2022-51488,-104.9937843,39.75920986,3/8/2022 18:48,18:48,5,0,0,PARK AVE W & WEWATTA ST,1,3,0,0,6,1,0,0,30,0,0,0,0,0,4,1,10
,2022-51490,-104.7788864,39.83061992,3/9/2022 17:26,17:26,5,0,0,PENA BLVD & 6200 BLK ,4,2,0,2,2,4,0,0,65,0,0,0,0,0,4,1,7
,2022-51491,-104.9836755,39.75166146,3/8/2022 11:23,11:23,10,0,0,PARK AVE W & CALIFORNIA ST,1,1,0,0,1,3,0,0,30,0,0,0,0,0,4,2,1
,2022-51494,-105.0298057,39.67820074,3/10/2022 16:53,16:53,3,0,0,W EVANS AVE & S IRVING ST,1,1,0,0,1,1,0,0,30,0,0,0,0,0,4,3,1
,2022-51495,-104.9035425,39.72055472,2/27/2022 5:45,5:45,5,0,2,N QUEBEC ST & E 2ND AVE,1,2,0,0,3,4,0,0,35,0,0,0,0,2,1,1,1
,2022-51496,-104.9780434,39.71748282,3/3/2022 13:35,13:35,5,0,0,N CLARKSON ST/N EMERSON ST ALLEY & W 52ND AVE,1,1,0,0,3,9,0,0,15,0,0,0,0,0,4,1,13
,2022-51499,-104.786357,39.79919754,3/10/2022 9:24,9:24,5,0,0,PENA BLVD INBOUND & E 56TH AVE,4,1,0,2,3,4,0,0,65,0,0,0,0,0,4,1,1
,2022-51504,-104.9967337,39.70629296,3/10/2022 14:31,14:31,15,0,0,S SANTA FE DR & I-25,4,1,0,0,1,1,0,0,40,0,0,0,0,0,2,3,16
,2022-51505,-105.0064252,39.78313348,3/10/2022 7:55,7:55,15,0,0,I-70 & N PECOS ST,4,1,1,0,1,4,0,0,55,0,0,0,0,0,1,2,7
,2022-51513,-104.98816,39.687582,3/8/2022 15:32,15:32,5,0,0,S BROADWAY/ACOMA ST ALLEY & W IOWA AVE,1,1,0,0,2,9,0,0,35,0,0,0,0,0,4,2,16
,2022-51514,-104.9804313,39.6875814,3/7/2022 9:07,9:07,5,0,0,E IOWA AVE & S PEARL ST,11,1,0,1,3,1,0,0,25,0,0,0,0,0,4,1,13
,2022-51520,-104.9887895,39.77856515,3/11/2022 1:10,1:10,5,0,1,I-25 NB OFF RAMP TO I-70 RAMPS & I-70 NB/SB RAMP SPLIT,1,3,0,0,2,8,0,0,45,0,0,0,0,1,1,1,12
,2022-51521,-104.9035347,39.78282354,3/6/2022 15:41,15:41,5,0,0,E 47TH AVE & N QUEBEC ST,4,1,0,2,3,4,0,0,25,0,0,0,0,0,4,1,1
,2022-51523,-105.0133487,39.72550245,3/6/2022 22:59,22:59,5,0,0,W 6TH AVE WB RAMP TO SB I-25 & I-25 ON RAMP MERGE PT,5,3,0,0,3,8,0,0,30,0,0,0,0,0,1,1,7
,2022-51528,-104.99754,39.72569709,2/14/2022 13:10,13:10,5,0,0,N GALAPAGO ST/N INCA ST ALLEY & W 6TH AVE,1,1,0,0,3,9,0,0,,0,0,0,0,0,4,1,7
,2022-51531,-104.9550892,39.77291212,3/3/2022 2:20,2:20,5,0,0,E 40TH AVE & N CLAYTON ST,1,3,0,0,3,4,0,0,35,0,0,0,0,0,4,1,12
,2022-51532,-104.9840322,39.71114586,2/20/2022 21:30,21:30,5,0,0,E ALAMEDA AVE & S GRANT ST,1,3,0,0,3,3,0,0,30,0,0,0,0,0,4,1,16
,2022-51538,-105.0145596,39.73525338,2/6/2022 11:24,11:24,5,1,0,I-25 NB OFF RAMP & W COLFAX AVE,1,1,0,1,3,8,0,0,45,0,0,0,0,4,1,1,16
,2022-51554,-105.0321838,39.7363022,3/13/2022 1:59,1:59,5,0,2,N KNOX CT & W 13TH AVE,1,3,1,0,6,4,0,0,35,0,0,0,0,2,4,1,14
,2022-51562,-104.8470297,39.77400525,3/5/2022 0:20,0:20,3,0,0,N PEORIA ST & I-70 EB RAMPS,1,3,0,0,1,1,0,0,35,0,0,0,0,0,4,2,16
,2022-51572,-104.9791463,39.7797555,3/12/2022 21:37,21:37,5,0,0,I-70 WB OFF RAMP TO NB I-25 & I-25,1,3,0,0,2,8,0,0,55,0,0,0,0,0,1,1,16
,2022-51573,-104.9760224,39.76441327,3/14/2022 4:43,4:43,5,0,0,33RD ST & LAWRENCE ST,1,3,0,0,2,1,0,0,30,0,0,0,0,0,4,1,14
,2022-51574,-104.9428897,39.73675941,3/11/2022 13:20,13:20,10,0,0,E 13TH AVE & N JACKSON ST,1,1,0,0,1,3,0,0,30,0,0,0,0,0,4,2,13
,2022-51577,-104.9813097,39.69300619,3/13/2022 13:11,13:11,5,0,0,E LOUISIANA AVE & S PEARL ST,1,1,0,0,3,4,0,0,25,0,0,0,0,0,4,1,16
,2022-51584,-104.9823574,39.72414352,3/14/2022 11:00,11:00,5,0,0,N LOGAN ST & 500 BLK,1,1,0,0,2,1,0,0,25,0,0,0,0,0,4,1,5
,2022-51587,-104.9001983,39.78199452,3/15/2022 14:16,14:16,5,0,1,I-270 & NORTHFIELD / QUEBEC ST,1,1,0,0,3,4,0,0,55,0,0,0,0,1,1,1,13
,2022-51588,-104.9034947,39.71128237,3/14/2022 7:16,7:16,1,0,1,S QUEBEC ST & E ALAMEDA AVE,1,1,0,0,1,1,0,0,35,0,0,0,0,1,4,2,11
,2022-51591,-105.032301,39.76212512,3/15/2022 15:42,15:42,5,0,2,W 32ND AVE & N JULIAN ST,1,1,0,0,3,1,0,0,30,0,0,0,0,3,4,1,10
,2022-51592,-104.9921681,39.74331065,3/15/2022 12:00,12:00,5,0,0,15TH ST & WELTON ST,1,1,0,0,3,4,0,0,30,0,0,0,0,0,4,1,10
,2022-51605,-104.9135188,39.72208351,3/10/2022 10:50,10:50,5,0,0,N MONACO ST & 404 N LOCUST ST,14,5,0,7,3,3,0,0,25,0,0,0,0,0,4,1,16
,2022-51608,-104.7788864,39.83061992,3/17/2022 6:11,6:11,5,0,0,PENA BLVD OUTBOUND & E 75TH AVE,9,2,0,3,2,4,0,0,65,0,0,0,0,0,4,1,1
,2022-51613,-104.9067175,39.63415775,3/17/2022 8:29,8:29,5,0,0,I-225 & NB RAMP OFF MERGE PT FROM I-25,8,1,0,2,2,14,0,0,65,0,0,0,0,0,1,1,16
,2022-51614,-104.945156,39.76571619,3/16/2022 21:55,21:55,6,0,0,E 35TH AVE & N MONROE ST,7,3,0,2,1,4,0,0,30,0,0,0,0,0,4,2,16
,2022-51620,-105.0442562,39.69133274,3/10/2022 16:04,16:04,5,0,0,S TENNYSON ST & W ARKANSAS AVE,9,1,0,0,3,3,0,0,25,0,0,0,0,0,4,1,16
,2022-51622,-104.8986349,39.64012454,3/11/2022 11:45,11:45,16,0,0,7755 E QUINCY AVE & nan,1,4,0,0,5,7,0,0,,0,0,0,0,0,3,1,16
,2022-51624,-104.9659533,39.76074053,2/12/2022 12:22,12:22,3,1,2,N WILLIAMS ST & E 31ST ST,7,1,0,0,1,1,0,0,25,0,0,0,0,4,4,2,14
,2022-51625,-105.0463551,39.76210525,3/17/2022 16:29,16:29,5,0,2,W 32ND AVE & N VRAIN ST,1,1,0,0,3,1,0,0,25,0,0,0,0,3,4,1,9
,2022-51627,-105.0227023,39.71482133,3/17/2022 18:23,18:23,3,0,1,S DECATUR ST & W BAYAUD AVE,1,1,1,0,1,1,0,0,25,0,0,0,0,3,4,5,16
,2022-51628,-104.9830096,39.72286689,2/20/2022 2:22,2:22,5,0,0,E SPEER BLVD & N GRANT ST,1,3,0,0,3,4,0,0,30,0,0,0,0,0,4,1,16
,2022-51632,-104.9733445,39.76242337,3/5/2022 1:03,1:03,5,0,0,CHAMPA ST & N DOWNING ST,1,3,0,0,3,1,0,0,25,0,0,0,0,1,4,1,16
,2022-51637,-104.882959,39.77713978,3/19/2022 1:25,1:25,5,0,0,I-70 EB OFF RAMP & N CENTRAL PARK BLVD,1,3,0,0,3,8,0,0,55,0,0,0,0,0,1,1,3
,2022-51638,-104.9023209,39.6601589,3/20/2022 1:28,1:28,5,0,1,S TAMARAC DR & E CORNELL AVE,1,3,0,0,2,3,0,0,35,0,0,0,0,2,4,1,14
,2022-51640,-104.9891932,39.77810268,3/12/2022 2:32,2:32,5,0,1,I-25 NB OFF RAMP & I-70 EB-WB RAMP SPLIT,1,3,0,0,2,14,0,0,45,0,0,0,0,2,1,1,3
,2022-51641,-104.8814202,39.65306081,3/19/2022 21:21,21:21,5,0,0,S AKRON ST & E HAMPDEN AVE,1,3,0,0,6,3,0,0,45,0,0,0,0,0,4,1,16
,2022-51649,-105.0014698,39.74877047,3/18/2022 8:30,8:30,5,0,0,BLAKE ST & 14TH ST,1,1,0,0,2,4,0,0,25,0,0,0,0,0,4,1,3
,2022-51663,-104.6903851,39.82475017,3/18/2022 22:06,22:06,5,0,0,JACKSON GAP & E 74TH AVE,1,3,0,0,3,4,0,0,35,0,0,0,0,0,4,1,16
,2022-51666,-104.7974399,39.78378484,3/20/2022 15:57,15:57,15,0,0,E GVR BLVD & N MEMPHIS ST,1,1,0,0,1,4,0,0,45,0,0,0,0,0,4,2,1
,2022-51667,-104.9594472,39.68472353,3/20/2022 21:43,21:43,5,0,1,I-25 & SB EXIT GORE PT TO S UNIVERSITY BLVD,1,3,0,0,3,14,0,0,50,0,0,0,0,1,1,1,10
,2022-51670,-105.0417483,39.66793868,3/21/2022 10:05,10:05,5,0,0,S RALEIGH ST & W YALE AVE,11,1,1,2,3,4,0,0,25,0,0,0,0,0,4,1,10
,2022-51672,-105.0083898,39.69672827,3/20/2022 9:50,9:50,14,0,0,W MISSISSIPPI AVE & S RARITAN ST,9,1,0,1,1,4,0,0,30,0,0,0,0,0,4,2,16
,2022-51674,-104.7788864,39.83061992,3/22/2022 7:25,7:25,15,0,0,PENA BLVD OUTBOUND & E 75TH AVE,4,1,0,0,1,4,0,0,65,0,0,0,0,0,4,2,1
,2022-51677,-105.0251691,39.73298246,3/21/2022 21:26,21:26,3,0,2,W 10TH AVE & N FEDERAL BLVD,1,3,0,0,1,1,0,0,35,0,0,0,0,1,2,2,14
,2022-51681,-105.0251303,39.72554639,3/11/2022 8:33,8:33,5,0,0,W 6TH AVE & EB OFF RAMP GORE PT TO FEDERAL BLVD,1,1,0,1,3,14,0,0,55,0,0,0,0,0,2,1,16
,2022-51686,-104.9405291,39.68311149,3/23/2022 0:24,0:24,5,0,0,S COLORADO BLVD & I-25 NB RAMPS,1,3,1,0,6,1,0,0,35,0,0,0,0,0,2,1,14
,2022-51688,-105.0251647,39.66051127,3/23/2022 6:46,6:46,11,0,1,W DARTMOUTH AVE & S FEDERAL BLVD,1,1,0,1,1,1,0,0,0,0,1,0,0,1,2,1,16
,2022-51689,-104.9225682,39.67847255,3/23/2022 10:40,10:40,5,0,0,E EVANS AVE & S HOLLY ST,1,1,0,0,1,4,0,0,30,0,0,0,0,0,4,2,14
,2022-51693,-104.9658599,39.72559897,3/15/2022 10:22,10:22,3,0,1,N WILLIAMS ST & E 6TH AVE,1,1,0,0,1,3,0,0,25,0,0,0,0,2,4,4,1
,2022-51700,-104.9636588,39.73682085,3/20/2022 2:00,2:00,6,0,0,E 13TH AVE & N RACE ST,1,3,0,0,1,4,0,0,,0,0,0,0,0,4,3,16
,2022-51701,-104.9775548,39.72561165,3/24/2022 7:35,7:35,3,0,2,E 6TH AVE & N CLARKSON ST,1,1,0,0,1,1,0,0,30,0,0,0,0,1,4,2,11
,2022-51702,-104.8827688,39.77727111,3/25/2022 12:20,12:20,15,0,0,I-70 & N CENTRAL PARK BLVD,1,1,0,0,1,4,0,0,55,0,0,0,0,0,1,2,1
,2022-51703,-104.9787382,39.77913524,3/24/2022 17:11,17:11,5,0,0,N WASHINGTON ST & I-70 EB RAMPS,1,1,1,0,2,1,0,0,30,0,0,0,0,0,1,1,1
,2022-51704,-105.015688,39.69970545,3/25/2022 13:47,13:47,6,0,0,S ZUNI ST & W KENTUCKY AVE,1,1,0,0,2,4,0,0,25,0,0,0,0,0,4,2,3
,2022-51706,-104.9787577,39.73035601,3/25/2022 1:10,1:10,5,0,1,N WASHINGTON ST & E 9TH AVE,1,4,0,0,2,4,0,0,30,0,0,0,0,2,4,3,14
,2022-51709,-104.9916827,39.73191757,3/26/2022 4:30,4:30,5,0,0,N SPEER BLVD & W 10TH AVE,1,3,0,0,2,1,0,0,40,0,0,0,0,0,4,1,16
,2022-51711,-104.9875841,39.67087598,3/26/2022 3:31,3:31,5,0,0,2513 S BROADWAY ST & E HARVARD AVE,1,3,0,0,6,4,0,0,35,0,0,0,0,0,4,1,16
,2022-51715,-104.847035,39.77108653,3/23/2022 16:06,16:06,2,0,1,E 39TH AVE & N PEORIA ST,1,1,0,0,1,1,0,0,35,1,0,0,0,2,4,1,11
,2022-51729,-105.0343739,39.6870704,3/26/2022 9:15,9:15,5,0,0,S LOWELL BLVD & W IOWA AVE,1,1,0,1,3,4,0,0,25,0,0,0,0,0,4,1,2
,2022-51730,-104.8613105,39.79837559,3/28/2022 7:09,7:09,5,0,0,E 56TH AVE & N JOLIET ST,1,1,0,0,3,3,0,0,40,0,0,0,0,0,4,1,7
,2022-51732,-104.9633159,39.7383961,3/26/2022 6:32,6:32,5,0,0,E 14TH AVE & N RACE ST,1,2,0,1,2,4,0,0,30,0,0,0,0,0,4,1,16
,2022-51736,-104.9222661,39.67847173,3/29/2022 3:31,3:31,3,0,1,S HOLLY ST & E EVANS AVE,1,3,0,0,1,1,0,0,30,0,0,0,0,1,4,2,1
,2022-51739,-104.9851933,39.66948208,3/28/2022 10:10,10:10,5,0,1,E VASSAR AVE & S SHERMAN ST,1,1,0,0,4,3,0,0,25,0,0,0,0,1,4,2,1
,2022-51741,-104.986247,39.71656133,3/24/2022 16:53,16:53,10,0,0,N LINCOLN ST & E ELLSWORTH AVE,1,1,0,0,1,1,0,0,30,0,0,0,0,0,4,2,8
,2022-51742,-104.924,39.72925059,3/29/2022 11:35,11:35,5,0,1,801 N HUDSON ST & E 8TH AVE,1,1,0,0,2,1,0,0,30,0,0,0,0,3,4,1,10
,2022-51746,-104.8312891,39.78421461,2/25/2022 12:25,12:25,5,0,0,N CROWN BLVD & E ANDREWS DR,1,1,0,0,2,3,0,0,25,0,0,0,0,0,4,1,1
,2022-51747,-104.8657424,39.77582352,3/29/2022 23:08,23:08,12,0,1,I-70 & N HAVANA ST,11,4,1,0,1,4,0,0,55,0,0,0,0,1,1,2,14
,2022-51748,-104.9023242,39.77165851,3/27/2022 16:12,16:12,5,0,0,N QUEBEC ST & E SMITH RD,1,1,0,0,3,3,0,0,35,0,0,0,0,0,4,1,1
,2022-51749,-104.9494313,39.78179437,3/29/2022 0:49,0:49,5,0,0,N VASQUEZ BLVD & E 47TH AVE,1,3,0,0,3,1,0,1,40,0,0,0,0,0,2,1,1
,2022-51757,-104.9884865,39.74051095,3/29/2022 23:04,23:04,5,0,0,W COLFAX AVE & 15TH ST,1,3,0,7,2,4,0,0,35,0,0,0,0,0,2,1,16
,2022-51761,-104.9976458,39.73845852,3/30/2022 2:54,2:54,5,0,0,N SPEER BLVD & W 14TH AVE,1,3,0,7,3,1,0,0,35,0,0,0,0,0,4,1,16
,2022-51766,-105.0251565,39.77719992,3/30/2022 8:40,8:40,5,0,1,N FEDERAL BLVD & W 44TH AVE,1,1,1,0,6,4,0,0,,0,0,0,0,2,2,1,2
,2022-51767,-105.046603,39.68951422,4/2/2022 1:14,1:14,5,0,0,W FLORIDA AVE & S VRAIN ST,1,3,0,0,3,4,0,0,,0,0,0,0,0,4,1,16
,2022-51770,-104.9417519,39.73675341,3/31/2022 17:30,17:30,5,0,0,E 13TH AVE & N HARRISON ST,1,3,0,0,2,4,0,0,30,0,0,0,0,0,4,1,16
,2022-51771,-104.9791463,39.7797555,4/2/2022 2:22,2:22,5,0,0,I-70 & N WASHINGTON ST,1,3,1,0,3,4,0,0,55,0,0,0,0,0,1,2,16
,2022-51783,-104.9792537,39.69413359,4/3/2022 4:00,4:00,5,0,1,I-25 SB OFF RAMP TO S WASHINGTON ST & SB ON/OFF RAMP MERGE PT,1,3,1,0,2,8,0,0,30,0,0,0,0,1,1,1,2
,2022-51797,-105.0300132,39.71576353,4/3/2022 8:40,8:40,5,0,0,S IRVING ST & W CENTER AVE,1,1,1,1,3,4,0,0,25,0,0,0,0,0,4,1,3
,2022-51799,-104.9758009,39.76053045,4/2/2022 2:24,2:24,5,0,0,858 31ST ST & CHAMPA ST,1,3,0,0,3,10,0,0,,0,0,0,0,0,4,1,16
,2022-51805,-104.865872,39.79437309,4/4/2022 9:17,9:17,9,0,0,N HAVANA ST & E 54TH AVE,1,1,0,0,1,3,0,0,45,0,0,0,0,0,4,1,7
,2022-51806,-104.9644119,39.78006505,4/4/2022 6:15,6:15,5,0,1,I-70 & N BRIGHTON ST,1,2,1,0,3,4,0,0,55,0,0,0,0,2,1,2,16
,2022-51809,-104.9489597,39.74014989,2/17/2022 7:48,7:48,5,0,0,E COLFAX AVE & N STEELE ST,4,2,0,2,3,4,0,0,,0,0,0,0,0,2,1,16
,2022-51810,-104.9662604,39.72015742,2/14/2022 16:00,16:00,5,0,0,N GILPIN ST/N HIGH ST ALLEY & E 3RD AVE,1,1,0,0,3,9,0,0,,0,0,0,0,0,4,1,16
,2022-51811,-104.8366782,39.7821042,4/3/2022 14:40,14:40,5,0,0,12966 E 47TH AVE & E 47TH AVE CIR,1,1,0,0,3,1,0,0,20,0,0,0,0,0,4,1,16
,2022-51818,-104.7534074,39.77421567,4/1/2022 13:40,13:40,5,0,0,N HIMALAYA RD & E 42ND AVE,1,1,3,0,3,4,0,0,,0,0,0,0,0,4,2,1
,2022-51819,-105.0051467,39.78554104,4/1/2022 15:54,15:54,5,0,0,N OSAGE ST & W DIXIE PL,1,1,0,0,3,4,0,0,25,0,0,0,0,0,4,1,16
,2022-51820,-104.9664668,39.7861135,4/5/2022 3:35,3:35,5,0,0,N BRIGHTON BLVD & 4900 BLK,1,3,0,0,3,4,0,0,30,0,0,0,0,0,4,1,1
,2022-51824,-105.0252206,39.78773927,4/4/2022 19:10,19:10,5,0,0,N FEDERAL BLVD & W 50TH AVE,1,3,0,0,2,4,0,0,35,0,0,0,0,0,2,1,16
,2022-51826,-104.8729955,39.71818705,3/29/2022 9:23,9:23,1,0,0,E 1ST AVE & N FULTON ST,1,1,0,0,1,2,0,0,35,0,0,0,0,0,4,2,16
,2022-51827,-104.9671328,39.72196129,4/6/2022 3:04,3:04,5,0,1,E 4TH AVE & N GILPIN ST,1,3,0,0,3,1,0,0,25,0,0,0,0,1,4,1,1
,2022-51828,-105.0017008,39.7903389,4/7/2022 13:08,13:08,5,0,0,N KALAMATH ST & N 52ND AVE,1,1,0,0,3,4,0,0,25,0,0,0,0,0,4,1,14
,2022-51834,-104.9873981,39.73584532,4/7/2022 5:20,5:20,5,0,0,N BROADWAY ST & W 12TH AVE,1,3,0,0,2,4,0,0,30,0,0,0,0,0,4,1,1
,2022-51839,-104.9999057,39.75131344,4/8/2022 11:00,11:00,6,0,0,WAZEE ST & 16TH ST,1,1,0,0,1,4,0,0,25,0,0,0,0,0,4,1,13
,2022-51845,-105.038491,39.7133765,4/7/2022 18:02,18:02,3,0,0,S OSCEOLA ST & W CEDAR AVE,1,1,0,0,1,1,0,0,25,0,0,0,0,0,4,2,13
,2022-51850,-105.023954,39.78561648,4/9/2022 14:01,14:01,5,0,0,W 49TH AVE & N ELIOT ST,1,1,0,0,2,1,0,0,25,0,0,0,0,0,4,1,16
,2022-51855,-105.0912893,39.62418192,4/2/2022 1:10,1:10,5,0,1,S WADSWORTH BLVD & W BELLEVIEW AVE,1,3,0,0,3,1,0,0,45,0,0,0,0,3,2,1,16
,2022-51856,-104.9300385,39.76558643,4/1/2022 2:30,2:30,5,0,0,E 35TH AVE & N EUDORA ST,1,3,0,0,3,4,0,0,30,0,0,0,0,0,4,1,16
,2022-51859,-104.9670454,39.77989217,4/10/2022 15:17,15:17,5,0,0,I-70 & N BRIGHTON BLVD,1,1,0,0,2,4,0,0,55,0,0,0,0,0,1,2,3
,2022-51860,-104.9967337,39.70629296,4/1/2022 21:57,21:57,5,0,0,S SANTA FE DR & I-25,1,3,0,0,3,3,0,0,45,0,0,0,0,0,2,1,14
,2022-51864,-104.9112378,39.62742454,4/11/2022 6:18,6:18,5,0,1,E UNION AVE & S MONACO ST,1,1,1,0,6,1,0,0,35,0,0,0,0,3,4,1,16
,2022-51868,-104.9589398,39.6603416,4/11/2022 12:37,12:37,5,0,1,E DARTMOUTH AVE & S UNIVERSITY BL,1,1,0,0,3,1,0,0,30,0,0,0,1,2,4,1,7
,2022-51871,-104.9994878,39.74119448,4/10/2022 14:30,14:30,5,0,0,N SPEER BLVD & STOUT ST,1,1,0,0,3,1,0,0,35,0,0,0,0,0,4,1,8
,2022-51873,-105.0405095,39.72825374,4/4/2022 16:57,16:57,6,0,0,W 7TH AVE & N QUITMAN ST,1,1,0,0,1,1,0,0,25,0,0,0,0,0,4,2,16
,2022-51875,-104.9875685,39.68216296,4/10/2022 22:50,22:50,5,0,1,S BROADWAY ST & E JEWELL AVE,1,3,3,0,3,1,0,0,35,0,0,0,0,3,4,1,7
,2022-51877,-105.0164811,39.74384416,4/10/2022 23:34,23:34,5,0,0,I-25 & W 17TH AVE,1,3,0,7,3,4,0,0,55,0,0,0,0,0,1,1,3
,2022-51884,-104.7883638,39.79138662,1/11/2022 12:32,12:32,9,1,0,PENA BLVD & E 56TH AVE,1,3,0,0,3,4,0,0,65,0,0,0,0,4,4,1,16
,2022-51885,-105.0487642,39.76489342,4/12/2022 9:06,9:06,5,0,0,3401 N WOLFF ST & W 34TH AVE,1,1,0,1,2,4,0,0,25,0,0,0,0,0,4,1,16
,2022-51891,-104.9949588,39.76832199,3/11/2022 0:05,0:05,5,0,0,I-25 SB OFF RAMP MERGE PT & PARK AVE W,1,3,0,0,3,14,0,0,55,0,0,0,0,0,1,1,16