id,drcog_id,longitude,latitude,crashtime,time,crashtype,numbkilled,numbinjurd,drcoglocat,rdconditin,lightngcon,roadcntgrd,weatherco,location,roaddescrp,schoolzone,constrzone,splimit,bikeinv,pedinv,sctrinv,motoinv,svrty,rdsystem,ttlvehcls,hcf
,2022-51892,-104.8746946,39.70906168,3/2/2022 2:43,2:43,5,0,1,E ALAMEDA AVE & S DAYTON ST,1,3,0,0,3,4,0,0,35,0,0,0,0,2,4,1,13
,2022-51894,-104.9717716,39.74000983,4/10/2022 6:58,6:58,5,0,0,E COLFAX AVE & N MARION ST,11,1,0,0,3,3,0,0,30,0,0,0,0,0,2,1,3
,2022-51895,-104.9216923,39.70473826,4/13/2022 17:13,17:13,5,0,0,S HOLLY ST & E GILL PL,1,1,3,0,3,3,0,0,45,0,0,0,0,0,4,1,12
,2022-51896,-105.0252771,39.71975017,4/13/2022 3:00,3:00,5,0,0,N FEDERAL BLVD & W 2ND AVE,1,3,0,0,3,4,0,0,35,0,0,0,0,0,2,1,16
,2022-51897,-104.9875281,39.7021342,3/11/2022 0:30,0:30,5,0,0,S BROADWAY ST & E OHIO AVE,1,3,0,0,2,1,0,0,30,0,0,0,0,0,4,1,16
,2022-51898,-104.883172,39.78571481,2/20/2022 2:17,2:17,5,0,3,9020 E NORTHFIELD BLVD & N CENTRAL PARK BLVD,1,3,0,0,3,4,0,0,35,0,0,0,0,3,4,1,1
,2022-51899,-104.8468868,39.75467351,4/11/2022 7:45,7:45,3,0,0,E MLK BLVD & N PEORIA ST,1,1,0,0,1,1,0,0,30,0,0,0,0,0,4,2,3
,2022-51902,-105.0141402,39.74031599,4/8/2022 2:19,2:19,5,0,0,I-25 SB OFF RAMP & W COLFAX AVE,1,3,3,0,3,8,0,0,55,0,0,0,0,0,1,1,16
,2022-51903,-105.0285607,39.78434177,4/4/2022 16:39,16:39,6,0,0,W 48TH AVE & N HOOKER ST,1,1,0,0,1,4,0,0,25,0,0,0,0,0,4,2,13
,2022-51904,-104.9837908,39.71833948,3/19/2022 18:30,18:30,3,0,0,E 1ST AVE & N GRANT ST,1,3,0,0,1,1,0,0,25,0,0,0,0,1,4,2,7
,2022-51920,-105.02981,39.70753509,3/6/2022 0:28,0:28,5,0,0,S IRVING ST & W VIRGINIA AVE,5,3,0,2,2,4,0,0,25,0,0,0,0,0,4,1,16
,2022-51921,-104.8753735,39.708898,3/6/2022 4:44,4:44,5,0,0,S DAYTON ST & E ALAMEDA AVE,4,3,0,0,4,1,0,0,35,0,0,0,0,0,4,1,7
,2022-51922,-104.8907428,39.72008792,3/20/2022 5:43,5:43,5,0,0,E LOWRY BLVD & N UINTA WY,11,2,0,0,6,1,0,0,15,0,0,0,0,0,4,1,9
,2022-51923,-104.8697367,39.75824104,2/12/2022 21:53,21:53,5,0,0,E 29TH AVE 10100 BLK & N FULTON ST,1,3,0,0,6,4,0,0,30,0,0,0,0,0,4,1,16
,2022-51924,-104.7626952,39.79843458,4/16/2022 3:42,3:42,5,0,0,E 56TH AVE & N DUNKIRK ST,1,3,0,0,3,4,0,0,45,0,0,0,0,0,4,1,3
,2022-51925,-105.0036224,39.7511304,4/3/2022 7:16,7:16,5,0,0,WEWATTA ST & 15TH ST,1,2,0,0,3,4,0,0,30,0,0,0,0,0,4,1,1
,2022-51928,-104.9436101,39.66756194,3/22/2022 0:00,0:00,5,0,0,E YALE AVE & S GARFIELD ST,1,3,0,0,3,4,0,0,30,0,0,0,0,0,4,1,16
,2022-51930,-105.0064331,39.7886445,3/8/2022 23:55,23:55,5,0,0,W 51ST AVE & N PECOS ST,1,3,0,0,2,1,0,0,35,0,0,0,0,0,4,1,1
,2022-51932,-104.9408091,39.69810507,4/15/2022 21:55,21:55,5,0,0,S COLORADO BLVD & E TENNESSEE AVE,1,3,0,0,3,4,0,0,30,0,0,0,0,0,2,1,16
,2022-51939,-104.9951116,39.72891654,4/13/2022 19:35,19:35,5,0,0,W 8TH AVE & N FOX ST,1,2,0,0,1,4,0,0,35,0,0,0,0,0,4,1,3
,2022-51940,-105.0251313,39.78182079,4/2/2022 1:32,1:32,5,0,0,N FEDERAL BLVD & W 47TH AVE,1,3,0,0,2,4,0,0,35,0,0,0,0,0,2,1,16
,2022-51941,-105.0306648,39.71122696,2/12/2022 20:46,20:46,11,0,2,W ALAMEDA AVE & S IRVING ST,8,3,0,0,3,4,0,0,35,0,1,0,0,3,2,1,14
,2022-51942,-105.0127078,39.75512692,4/3/2022 1:53,1:53,5,0,0,I-25 & N SPEER BLVD,1,3,0,0,3,4,0,0,55,0,0,0,0,0,1,1,16
,2022-51943,-104.9952965,39.76911591,3/21/2022 2:03,2:03,5,0,0,W 38TH AVE & N FOX ST,1,3,0,0,3,4,0,0,35,0,0,0,0,0,4,1,16
,2022-51944,-105.0044183,39.74835782,4/3/2022 7:41,7:41,5,0,0,12TH ST & AURARIA PKWY,1,1,0,1,2,4,0,0,35,0,0,0,0,0,4,1,16
,2022-51949,-104.7708667,39.83361375,4/17/2022 8:40,8:40,5,0,1,PENA BLVD & N TOWER ROAD,1,1,0,0,3,4,0,0,65,0,0,0,0,3,4,1,3
,2022-51950,-105.0356235,39.69714158,4/17/2022 0:16,0:16,5,0,0,W MISSISSIPPI AVE & S MEADE ST,1,3,0,0,4,4,0,0,25,0,0,0,0,0,4,1,1
,2022-51951,-104.9923361,39.73124376,4/2/2022 1:50,1:50,5,0,0,N SPEER BLVD & W 11TH AVE,1,3,0,0,2,4,0,0,30,0,0,0,0,0,4,1,16
,2022-51953,-104.9124339,39.74007936,3/20/2022 8:43,8:43,3,0,1,E COLFAX AVE & N MONACO ST,1,1,0,0,1,1,0,0,35,0,0,0,0,3,2,3,1
,2022-51969,-104.9248759,39.73829674,4/19/2022 9:07,9:07,5,0,0,E 14TH AVE & N GRAPE ST,1,1,0,0,2,4,0,0,30,0,0,0,0,0,4,1,2
,2022-51972,-104.7695701,39.82507573,4/18/2022 6:35,6:35,6,0,0,N ARGONNE ST & E 71ST AVE,1,1,0,0,1,4,0,0,40,0,0,0,0,0,4,2,1
,2022-51977,-105.0406385,39.67253425,4/19/2022 17:24,17:24,3,0,0,W HARVARD AVE & S QUITMAN ST,1,1,0,0,1,3,0,0,25,0,0,0,0,0,4,2,10
,2022-51980,-104.9067175,39.63415775,4/19/2022 1:41,1:41,5,0,0,I-25 & OFF RAMP TO I-225 GORE PT,1,3,0,0,3,14,0,0,60,0,0,0,0,0,1,1,6
,2022-51981,-104.9067175,39.63415775,4/19/2022 23:44,23:44,5,0,1,I-25 & OFF RAMP TO I-225 GORE PT,1,3,0,0,3,14,0,0,60,0,0,0,0,1,1,1,6
,2022-51985,-105.0250549,39.67327211,4/23/2022 9:41,9:41,3,0,0,S FEDERAL BLVD & W HARVARD AVE,1,1,0,0,1,1,0,0,40,0,0,0,0,0,2,2,1
,2022-51988,-105.0251411,39.66503878,4/22/2022 13:15,13:15,5,0,1,S FEDERAL BLVD & W AMHERST AVE,1,1,1,0,3,1,0,0,40,0,0,0,0,3,2,1,1
,2022-51989,-104.8401904,39.78932213,4/23/2022 9:52,9:52,3,0,0,E 51ST AVE & N TITAN CT,1,1,0,0,1,1,0,0,25,0,0,0,0,0,4,2,1
,2022-51990,-105.0480595,39.67916092,4/22/2022 10:25,10:25,5,0,0,W EVANS AVE & S WOLFF ST,1,1,0,0,3,3,0,0,30,0,0,0,0,0,4,1,7
,2022-51992,-104.8677899,39.79902598,4/20/2022 2:52,2:52,5,0,0,E 56TH AVE & GALENA ST,1,3,0,0,3,4,0,0,40,0,0,0,0,0,4,1,16
,2022-51993,-105.0532644,39.70773272,4/4/2022 21:00,21:00,12,0,0,S SHERIDAN BLVD & W VIRGINIA AVE,1,3,0,0,1,1,0,0,35,0,0,0,0,0,2,2,16
,2022-51994,-105.0251316,39.75243914,4/18/2022 1:32,1:32,5,0,0,N FEDERAL BLVD & W 24TH AVE,1,3,0,0,3,1,0,0,35,0,0,0,0,0,2,1,16
,2022-51997,-104.7591873,39.78002442,4/20/2022 14:10,14:10,5,0,0,E 46TH AVE & N FLANDERS WAY,1,1,0,0,3,3,0,0,25,0,0,0,0,0,4,1,1
,2022-52000,-104.9823271,39.74003028,4/21/2022 7:23,7:23,3,0,0,N LOGAN ST & E COLFAX AVE,1,2,0,0,1,1,0,0,30,0,0,0,0,0,2,3,3
,2022-52005,-104.9415171,39.71780445,3/31/2022 13:45,13:45,5,0,0,E 1ST AVE & N HARRISON ST,1,1,0,0,2,4,0,0,25,0,0,0,0,1,4,1,14
,2022-52006,-105.0350834,39.72576601,4/8/2022 1:43,1:43,5,0,0,W 6TH AVE & N LOWELL BLVD,1,3,0,0,2,4,0,0,55,0,0,0,0,0,2,1,13
,2022-52009,-104.9787502,39.72250142,4/23/2022 15:57,15:57,3,0,0,E 4TH AVE & N WASHINGTON ST,1,1,0,0,1,1,0,0,25,0,0,0,0,0,4,2,13
,2022-52019,-104.96857,39.77133464,4/25/2022 0:02,0:02,15,0,1,E 39TH AVE & N FRANKLIN ST,1,3,0,0,1,4,0,0,15,0,0,0,0,2,4,1,1
,2022-52020,-105.0344053,39.78334693,4/25/2022 6:14,6:14,15,0,0,I-70 & N LOWELL BLVD,1,1,0,0,1,4,0,0,,0,0,0,0,0,1,2,16
,2022-52026,-104.9293733,39.76559165,4/21/2022 7:21,7:21,2,0,0,N ELM ST & E 35TH AVE,1,1,0,0,1,1,0,0,25,1,0,0,0,0,4,1,11
,2022-52027,-104.8829699,39.77702125,4/23/2022 5:55,5:55,5,0,0,I-270 & N CENTRAL PARK BLVD,1,1,1,0,2,4,0,0,55,0,0,0,0,0,1,1,16
,2022-52029,-104.9862467,39.71661626,4/21/2022 19:25,19:25,5,0,0,LINCOLN ST & E ELLSWORTH AVE,1,3,0,0,3,4,0,0,30,0,0,0,0,0,4,1,16
,2022-52036,-104.9383105,39.76043176,4/26/2022 21:43,21:43,6,0,1,N ASH ST & E 30TH AVE,1,3,0,0,2,4,0,0,25,0,0,0,0,2,4,3,6
,2022-52038,-104.9861356,39.73031363,4/23/2022 2:50,2:50,6,0,0,N LINCOLN ST & E 9TH AVE,1,3,0,6,1,4,0,0,35,0,0,0,0,0,4,2,16
,2022-52039,-104.9891814,39.7801983,4/18/2022 3:16,3:16,5,0,0,I-25 &  NB OFF RAMP GORE PT TO I-70,1,3,0,0,6,14,0,0,55,0,0,0,0,0,1,2,16
,2022-52042,-104.7753758,39.83235951,4/27/2022 13:45,13:45,5,0,0,PENA BLVD INBOUND & N TOWER RD,1,1,1,0,2,8,0,0,65,0,0,0,0,1,4,1,7
,2022-52053,-104.8809904,39.72526165,4/25/2022 5:38,5:38,5,0,0,E LOWRY BLVD & GOLFERS WAY,1,3,0,0,3,4,0,0,35,0,0,0,0,0,4,1,16
,2022-52054,-105.0063287,39.68548365,4/25/2022 6:54,6:54,16,0,0,S PECOS ST & nan,1,1,3,0,5,4,0,0,,0,0,0,0,0,3,1,16
,2022-52055,-105.0189651,39.76257014,4/27/2022 11:30,11:30,5,0,0,3227 N BRYANT ST & W 32ND AVE,1,1,0,0,2,4,0,0,,0,0,0,0,0,4,1,16
,2022-52060,-104.959746,39.76815525,4/27/2022 22:56,22:56,5,0,1,N YORK ST & E 37TH AVE,1,3,0,0,3,1,0,0,30,0,0,0,0,1,4,1,16
,2022-52064,-104.7533237,39.7692829,4/13/2022 2:49,2:49,5,0,0,E 38TH AVE & HIMALAYA RD,1,3,0,0,6,4,0,0,35,0,0,0,0,0,4,1,2
,2022-52065,-104.9891611,39.78003347,4/30/2022 0:49,0:49,5,0,0,I-25 & NB OFF RAMP GORE PT TO I-70,1,3,0,0,3,14,0,0,55,0,0,0,0,0,1,1,11
,2022-52069,-104.7788864,39.83061992,4/30/2022 10:14,10:14,5,0,0,PENA BLVD OUTBOUND & E 56TH AVE,1,1,0,0,3,4,0,0,65,0,0,0,0,0,4,1,1
,2022-52076,-104.9175842,39.76183725,5/1/2022 19:12,19:12,5,0,1,E MLK BLVD & N KEARNEY ST,1,1,0,0,6,1,0,0,35,0,0,0,0,2,4,1,12
,2022-52085,-104.8893349,39.63697636,4/30/2022 1:24,1:24,5,0,0,HAMPDEN S FRONTAGE RD & 5400 BLK W ,1,3,0,0,3,4,0,0,35,0,0,0,0,0,4,1,1
,2022-52087,-104.9829601,39.6976637,5/2/2022 3:07,3:07,5,0,1,I-25 & S LOGAN ST,11,3,1,1,3,4,0,0,60,0,0,0,0,2,1,1,1
,2022-52091,-104.9864894,39.73045172,5/2/2022 17:46,17:46,5,0,0,E 9TH AVE & N LINCOLN ST,1,1,1,0,3,4,0,0,30,0,0,0,0,0,4,1,16
,2022-52094,-104.9222934,39.75469999,4/27/2022 9:00,9:00,2,0,1,E 26TH AVE & N HOLLY ST,1,1,0,0,1,1,0,0,25,1,0,0,0,1,4,1,3
,2022-52095,-105.075933,39.66775738,5/2/2022 12:43,12:43,6,0,1,W YALE AVE & S REED ST,1,1,1,0,1,4,0,0,35,0,0,0,1,3,4,7,10
,2022-52096,-104.8987583,39.74042481,4/7/2022 6:59,6:59,6,0,0,N SYRACUSE ST & E COLFAX AVE,1,1,0,0,1,4,0,0,,0,0,0,0,0,4,2,16
,2022-52098,-104.973378,39.70413662,4/29/2022 3:40,3:40,4,0,0,S DOWNING ST & E EXPOSITION AVE,1,3,0,0,2,4,0,0,30,0,0,0,0,0,4,1,14
,2022-52099,-104.8683055,39.6965586,3/31/2022 16:51,16:51,1,1,1,E MISSISSIPPI AVE & S GENEVA ST,1,1,0,0,1,1,0,0,35,0,0,0,0,4,4,2,11
,2022-52101,-105.0320882,39.6785565,5/2/2022 23:45,23:45,5,0,0,W EVANS AVE & S KNOX CT,1,3,0,0,2,4,0,0,30,0,0,0,0,0,4,1,1
,2022-52102,-104.9555625,39.72910691,5/2/2022 9:00,9:00,5,0,1,E 8TH AVE & N CLAYTON ST,11,1,0,1,2,1,0,0,35,0,0,0,0,2,4,1,16
,2022-52103,-104.9255047,39.66746911,5/3/2022 2:20,2:20,5,0,0,I-25 & E YALE AVE NB OFF RAMP GORE PT,1,3,0,0,3,14,0,0,65,0,0,0,0,0,1,1,13
,2022-52106,-105.0383941,39.70725179,5/3/2022 1:30,1:30,5,0,0,MORRISON RD & OSCEOLA ST,1,3,0,0,2,4,0,0,30,0,0,0,0,0,4,1,2
,2022-52118,-104.9518243,39.74015639,5/3/2022 0:37,0:37,5,0,0,E COLFAX AVE & MILWAUKEE ST,1,3,0,0,2,1,0,0,,0,0,0,0,0,2,1,16
,2022-52121,-104.7907918,39.78363899,5/4/2022 19:40,19:40,5,0,0,PENA BLVD OUTBOUND & GVR BLVD,1,1,0,0,2,4,0,0,65,0,0,0,0,0,1,1,3
,2022-52125,-104.840851,39.77427503,5/5/2022 0:55,0:55,5,0,0,E 42ND AVE & N CROWN BLVD,11,3,0,1,3,4,0,0,25,0,0,0,0,0,4,1,3
,2022-52128,-104.8989488,39.75929917,5/6/2022 8:07,8:07,3,0,1,SYRACUSE ST & E 29TH DR,1,1,0,0,1,1,0,0,25,0,0,0,0,2,4,2,7
,2022-52132,-105.020336,39.7128467,3/26/2022 20:27,20:27,6,0,0,S CLAY ST & W CEDAR AVE,1,4,0,0,1,4,0,0,25,0,0,0,0,0,4,2,16
,2022-52134,-104.9009283,39.78310264,4/29/2022 21:30,21:30,5,0,0,I-270 & N NORTHFIELD QUEBEC ST,1,3,1,0,2,8,0,0,35,0,0,0,0,0,1,1,14
,2022-52135,-104.9938338,39.76835188,5/6/2022 22:30,22:30,5,0,0,I-25 & NB OFF RAMP GORE PT TO I-70 ,1,3,0,0,3,8,0,0,55,0,0,0,0,0,1,1,11
,2022-52140,-104.8857001,39.65542162,4/24/2022 4:07,4:07,5,0,1,S XENIA ST & S XENIA ST,1,4,1,0,3,1,0,0,25,0,0,0,0,3,4,1,1
,2022-52141,-105.0227016,39.68228009,5/3/2022 0:00,0:00,5,0,0,S DECATUR ST & W JEWELL AVE,6,5,0,7,2,1,0,0,,0,0,0,0,0,4,1,16
,2022-52142,-105.022723,39.76683079,4/24/2022 10:13,10:13,5,0,0,DECATUR - ELIOT ALLEY & W 36TH AVE,1,1,1,0,2,4,0,0,15,0,0,0,0,0,4,1,16
,2022-52144,-104.7697803,39.79830058,5/5/2022 7:55,7:55,1,0,1,E 56TH AVE & N ARGONNE ST,1,1,0,0,1,1,0,0,40,0,0,0,0,2,4,2,11
,2022-52148,-105.0056937,39.78319139,5/7/2022 9:11,9:11,5,0,0,I-70 & N PECOS ST,1,1,0,0,2,4,0,0,55,0,0,0,0,0,1,1,16
,2022-52154,-105.0419237,39.73301934,5/7/2022 0:11,0:11,6,0,0,W 10TH AVE & N RALEIGH ST,1,3,0,0,3,4,0,0,35,0,0,0,0,0,4,2,16
,2022-52158,-104.9949384,39.76798043,5/10/2022 16:42,16:42,12,0,1,I-25 & PARK AVE W,1,1,0,0,1,4,0,0,55,0,0,0,0,1,1,2,16
,2022-52159,-105.0017597,39.76928185,5/10/2022 11:01,11:01,5,0,0,N LIPAN ST & W 38TH AVE,1,1,0,0,3,1,0,0,30,0,0,0,0,0,4,1,13
,2022-52160,-104.979703,39.73687931,5/1/2022 5:00,5:00,5,0,0,E 13TH AVE & PEARL ST,1,3,0,0,2,4,0,0,,0,0,0,0,0,4,1,16
,2022-52165,-104.692913,39.83346182,5/9/2022 16:55,16:55,1,0,0,N JACKSON GAP ST & PENA BLVD ON RAMP,1,1,0,0,1,1,0,0,35,0,0,0,0,0,4,2,16
,2022-52167,-105.0251112,39.66771796,5/8/2022 21:57,21:57,12,0,0,S FEDERAL BLVD & W YALE AVE,1,3,0,0,1,4,0,0,45,0,0,0,0,0,2,3,16
,2022-52173,-104.9099784,39.67845861,5/10/2022 23:20,23:20,5,0,0,E EVANS AVE & S ONEIDA ST,1,3,0,0,2,4,0,0,35,0,0,0,0,0,4,1,2
,2022-52175,-104.7370321,39.78292853,5/11/2022 6:50,6:50,5,0,0,N ORLEANS ST & E 49TH AVE,1,1,0,0,3,4,0,0,35,0,0,0,0,0,4,1,3
,2022-52179,-104.9923071,39.73686133,5/10/2022 13:49,13:49,16,0,0,1331 N CHEROKEE ST & nan,1,1,1,0,5,8,0,0,,0,0,0,0,0,3,1,16
,2022-52184,-104.9282383,39.75669631,5/11/2022 19:35,19:35,5,0,0,N FAIRFAX ST & E 28TH AVE,1,2,0,0,3,4,0,0,25,0,0,0,0,0,4,1,10
,2022-52186,-105.0103383,39.78343743,5/12/2022 7:33,7:33,5,0,1,I-70 & EB OFF RAMP GORE PT TO N PECOS ST,1,1,1,0,3,14,0,0,55,0,0,0,0,1,1,1,12
,2022-52191,-104.9663283,39.70749039,5/12/2022 15:06,15:06,3,0,0,S WILLIAMS ST & E VIRGINIA AVE,1,1,0,0,1,1,0,0,25,0,0,0,0,0,4,2,11
,2022-52201,-104.9237117,39.66759119,5/14/2022 18:42,18:42,14,0,1,S VALLEY RD & E YALE AVE,1,1,0,0,6,3,0,0,25,0,0,0,0,2,4,5,14
,2022-52202,-104.9511935,39.76446351,5/13/2022 21:20,21:20,3,0,1,E BRUCE RANDOLPH AVE & N ST PAUL ST,1,3,0,0,1,1,0,0,30,0,0,0,0,2,4,2,1
,2022-52205,-104.9980145,39.74002359,5/14/2022 1:25,1:25,1,0,0,W COLFAX AVE & N SPEER BLVD,1,3,0,0,1,1,0,0,35,0,0,0,0,0,2,2,14
,2022-52213,-105.0532593,39.67068655,5/15/2022 1:09,1:09,5,0,0,S SHERIDAN BLVD & W YALE AVE,1,3,0,0,2,4,0,0,40,0,0,0,0,0,2,2,2
,2022-52214,-104.8855225,39.65772818,4/29/2022 15:10,15:10,5,0,0,S XENIA ST & 8783 E EASTMAN PL,1,2,3,0,3,4,0,0,25,0,0,0,0,0,4,1,16
,2022-52221,-104.9937467,39.69666666,5/16/2022 10:20,10:20,16,0,0,550 W MISSISSIPPI AVE & S PLATTE RIVER DR.,1,1,0,0,5,7,0,0,0,1,0,0,0,1,3,1,16
,2022-52222,-104.9798598,39.68939125,5/13/2022 16:00,16:00,5,0,0,E FLORIDA AVE & CHERRY CREEK N DR,1,2,0,0,3,4,0,0,25,0,0,0,0,0,4,1,13
,2022-52224,-104.9327772,39.71768132,5/16/2022 19:48,19:48,5,0,0,N DEXTER ST & E 1ST AVE,1,1,0,0,2,4,0,0,25,0,0,0,0,0,4,2,10
,2022-52226,-105.0283335,39.72525721,5/16/2022 16:54,16:54,5,0,2,W 6TH AVE FWY EB OFF RAMP TO FEDERAL BLVD & EB OFF RAMP GORE PT,1,1,1,0,3,8,0,0,55,0,0,0,0,2,2,1,3
,2022-52227,-104.937242,39.74739842,5/15/2022 10:20,10:20,2,0,1,E MONTVIEW BLVD & N BELLAIRE ST,1,1,0,0,1,1,0,0,,1,0,0,0,1,4,1,16
,2022-52229,-104.9337605,39.67845081,5/15/2022 2:50,2:50,5,0,1,I-25 & E EVANS AVE,1,3,0,0,6,14,0,0,60,0,0,0,0,2,1,1,7
,2022-52232,-105.0064273,39.78326345,5/12/2022 13:54,13:54,5,0,1,I-70 & N PECOS ST,1,1,1,0,3,4,0,0,55,0,0,0,0,1,1,1,16
,2022-52234,-104.977428,39.73367552,4/22/2022 16:43,16:43,11,0,1,E 11TH AVE & N CLARKSON ST,1,1,0,1,3,4,0,0,30,0,0,1,0,2,4,1,16
,2022-52240,-104.940625,39.72909018,5/17/2022 2:02,2:02,5,0,1,N COLORADO BLVD & E 8TH AVE,1,3,0,0,3,4,0,0,40,0,0,0,0,2,2,1,3
,2022-52243,-104.9035115,39.71055354,5/16/2022 12:30,12:30,5,0,1,S QUEBEC ST & 400 BLK,1,1,0,0,3,4,0,0,30,0,0,0,0,2,4,1,3
,2022-52244,-104.8987479,39.73870572,5/16/2022 17:44,17:44,10,0,0,E 14TH AVE & N SYRACUSE ST,1,1,3,0,1,1,0,0,30,0,0,0,0,0,4,2,13
,2022-52245,-105.0064252,39.78313348,5/17/2022 0:37,0:37,5,0,0,N PECOS ST & I-70 WB RAMPS,1,3,0,0,3,6,0,0,25,0,0,0,0,0,4,1,16
,2022-52247,-105.034373,39.68943463,5/16/2022 22:00,22:00,3,0,1,W FLORIDA AVE & S LOWELL BLVD,1,3,0,0,1,3,0,0,30,0,0,0,0,3,4,2,3
,2022-52251,-104.9294795,39.76184385,5/11/2022 6:00,6:00,5,0,0,E MLK BLVD & N ELM ST,1,2,0,0,2,4,0,0,35,0,0,0,0,0,4,1,16
,2022-52253,-105.0064582,39.76928789,4/30/2022 22:49,22:49,3,0,1,W 38TH AVE & N PECOS ST,1,3,0,0,1,1,0,0,35,0,0,0,0,2,4,2,16
,2022-52259,-104.9584513,39.71953654,5/18/2022 9:23,9:23,5,0,0,200 BLK N JOSEPHINE ST & E 2ND AVE,1,1,0,0,3,4,0,0,30,0,0,0,0,0,4,1,10
,2022-52260,-104.9176669,39.65294419,5/17/2022 21:40,21:40,5,0,0,I-25 NB OFF RAMP & E HAMPDEN AVE,1,3,1,0,6,8,0,0,65,0,0,0,0,0,1,1,16
,2022-52263,-105.0324832,39.72293038,5/20/2022 18:50,18:50,1,0,0,N KNOX CT & W 4TH AVE,11,1,1,1,1,1,0,0,30,0,0,0,0,0,4,3,10
,2022-52266,-104.89341,39.73727243,5/19/2022 10:52,10:52,5,0,1,E 13TH AVE & N UNITA ST,1,1,0,0,3,4,0,0,30,0,0,0,0,1,4,1,3
,2022-52270,-104.7788864,39.83061992,5/20/2022 15:08,15:08,5,0,0,PENA BLVD OUTBOUND & N TOWER RD,11,1,0,1,2,4,0,0,65,0,0,0,0,0,4,1,2
,2022-52271,-105.0205261,39.75120686,5/19/2022 9:28,9:28,5,0,0,N CLAY ST & W 23RD AVE,1,1,0,0,3,3,0,0,30,0,0,0,0,0,4,1,16
,2022-52286,-105.0639495,39.6677755,5/20/2022 22:36,22:36,5,0,2,W YALE AVE & S JAY ST,7,3,2,1,2,4,0,0,35,0,0,0,0,3,4,1,10
,2022-52287,-105.0251559,39.74033417,5/21/2022 20:17,20:17,5,0,0,N FEDERAL BLVD & W COLFAX AVE,1,3,1,0,2,4,0,0,25,0,0,0,0,0,4,1,16
,2022-52291,-104.9782989,39.78557886,5/21/2022 18:17,18:17,5,0,0,4895 N WASHINGTON ST & E 49TH AVE,1,1,0,0,3,4,0,0,35,0,0,0,0,0,4,1,16
,2022-52299,-105.000028,39.74004822,5/22/2022 15:49,15:49,3,0,0,N KALAMATH ST & W COLFAX AVE,1,1,0,0,1,1,0,0,30,0,0,0,0,0,2,3,3
,2022-52301,-104.9594252,39.68278764,5/22/2022 21:15,21:15,5,0,0,E BUCHTEL BLVD & S UNIVERSITY BLVD,1,3,1,0,2,3,0,0,35,0,0,0,0,1,4,1,1
,2022-52304,-104.9674821,39.70930544,5/13/2022 14:45,14:45,5,0,0,S GILPIN ST & E DAKOTA AVE,1,1,0,0,2,1,0,0,25,0,0,0,0,0,4,1,16
,2022-52307,-104.9264965,39.66895768,5/22/2022 4:50,4:50,5,0,0,I-25 & E YALE AVE,1,3,3,0,3,4,0,0,65,0,0,0,0,0,1,1,2
,2022-52330,-104.9747984,39.77956595,5/24/2022 10:20,10:20,5,0,1,I-70 & WB OFF RAMP GORE PT TO NB I-25,1,1,1,0,3,14,0,0,55,0,0,0,0,1,1,1,12
,2022-52333,-104.9556756,39.74380242,5/24/2022 0:00,0:00,5,0,0,E 17TH AVE & N YORK ST,11,3,0,1,2,4,0,0,10,0,0,0,0,0,4,1,16
,2022-52338,-104.9730191,39.73840124,5/23/2022 21:20,21:20,3,0,0,N DOWING ST & E 14TH AVE,11,3,0,1,1,1,0,0,30,0,0,0,0,0,4,2,16
,2022-52342,-104.9781656,39.7494828,5/25/2022 14:36,14:36,5,0,0,CLEVELAND PL & N WASHINGTON ST,1,1,1,0,2,1,0,0,25,0,0,0,0,0,4,1,14
,2022-52346,-104.9035021,39.70388246,5/25/2022 0:40,0:40,5,0,0,S QUEBEC ST & E EXPOSTION AVE,1,3,0,0,2,1,0,0,35,0,0,0,0,0,4,1,2
,2022-52349,-105.0324597,39.71337876,5/18/2022 10:25,10:25,5,0,0,S KNOX CT & W CEDAR AVE,1,1,1,0,2,4,0,0,30,0,0,0,0,0,4,1,16
,2022-52360,-104.9074283,39.73562156,5/29/2022 4:50,4:50,5,0,0,E 12TH AVE & N OLIVE ST,1,3,0,0,2,4,0,0,20,0,0,0,0,0,4,1,16
,2022-52361,-104.8210315,39.79227319,5/31/2022 16:38,16:38,5,0,0,E MAXWELL PL & N CRYSTAL ST,11,1,0,1,2,1,0,0,35,0,0,0,0,0,4,1,14
,2022-52364,-104.9128936,39.68207965,5/30/2022 16:30,16:30,12,0,0,S MONACO ST & E JEWELL AVE,1,1,0,0,1,1,0,0,30,0,0,0,0,0,4,3,1
,2022-52366,-105.0526286,39.72624624,5/19/2022 21:15,21:15,5,0,0,W 6TH AVE & 680 N SHERIDAN BLVD,1,3,1,0,3,4,0,0,35,0,0,0,0,0,2,1,3
,2022-52369,-104.9492899,39.70385048,5/26/2022 14:45,14:45,5,0,2,E BELCARO DR & E EXPOSITION AVE,1,1,0,0,2,4,0,0,25,0,0,0,0,2,4,1,16
,2022-52373,-104.9219003,39.76184791,5/29/2022 11:27,11:27,5,0,0,E MLK BLVD & N HOLLY ST,1,1,0,0,6,4,0,0,35,0,0,0,0,1,4,1,3
,2022-52375,-104.9406472,39.76918329,5/31/2022 11:42,11:42,9,0,1,N COLORADO BLVD & E 38TH AVE,1,1,0,0,3,3,0,0,35,0,0,0,0,2,2,1,7
,2022-52378,-105.0279442,39.72524725,5/31/2022 14:51,14:51,5,0,1,W 6TH AVE FWY EB OFF RAMP & N FEDERAL BLVD,11,1,0,1,2,8,0,0,55,0,0,0,0,1,2,1,16