id,drcog_id,longitude,latitude,crashtime,time,crashtype,numbkilled,numbinjurd,drcoglocat,rdconditin,lightngcon,roadcntgrd,weatherco,location,roaddescrp,schoolzone,constrzone,splimit,bikeinv,pedinv,sctrinv,motoinv,svrty,rdsystem,ttlvehcls,hcf
,2022-52379,-104.9586916,39.73839078,5/20/2022 6:45,6:45,3,0,0,E 14TH AVE & N JOSEPHINE ST,1,2,0,0,1,1,0,0,30,0,0,0,0,0,4,2,14
,2022-52380,-104.9597581,39.75446749,5/31/2022 13:00,13:00,3,0,0,N YORK ST & E 26TH AVE,1,1,0,0,1,1,0,0,30,0,0,0,0,0,4,2,1
,2022-52384,-104.9827348,39.69677699,5/29/2022 13:30,13:30,5,0,0,S LOGAN ST & E MISSISSIPPI AVE,11,1,0,0,3,4,0,0,30,0,0,0,0,0,4,1,16
,2022-52386,-104.8790589,39.72145339,5/19/2022 23:33,23:33,16,0,0,464 N ALTON WY & nan,14,5,3,7,5,14,0,0,25,0,0,0,0,0,3,1,7
,2022-52388,-104.9963233,39.70741437,4/26/2022 1:40,1:40,5,0,0,I-25 ON RAMP & NB ON RAMP GORE PT FROM S SANTA FE DR,1,3,1,0,2,8,0,0,45,0,0,0,0,0,1,1,14
,2022-52389,-104.6835311,39.83345767,5/21/2022 3:56,3:56,5,0,0,PENA BLVD & JACKSON GAP ST,4,3,0,2,2,4,0,0,65,0,0,0,0,0,4,1,1
,2022-52390,-104.9889554,39.75576427,4/24/2022 2:05,2:05,8,0,0,PARK AVE W & LARIMER ST,1,3,0,0,1,1,0,0,30,0,0,0,0,0,4,2,8
,2022-52391,-104.9158019,39.74742499,5/17/2022 1:33,1:33,5,0,0,E MONTVIEW BLVD & N KRAMERIA ST,1,3,0,0,3,4,0,0,35,0,0,0,0,0,4,1,1
,2022-52402,-105.0136272,39.7548797,5/31/2022 22:03,22:03,5,0,0,I-25 & W 23RD AVE SB OFF RAMP GORE PT,11,3,0,1,3,14,0,0,55,0,0,0,0,0,1,1,11
,2022-52406,-105.0406535,39.67583363,5/27/2022 23:08,23:08,5,0,0,2200 BLK S QUITMAN WAY & S TENNYSON WAY,1,3,0,0,3,4,0,0,25,0,0,0,0,0,4,1,16
,2022-52412,-104.9791276,39.72044135,6/1/2022 15:15,15:15,5,0,0,N WASHINGTON ST & E SPEER BLVD,1,1,0,0,2,1,0,0,25,0,0,0,0,0,4,1,13
,2022-52424,-105.0380226,39.68543148,5/30/2022 14:33,14:33,5,0,0,W MEXICO AVE & S NEWTON ST,1,1,0,0,2,4,0,0,25,0,0,0,0,0,4,1,7
,2022-52429,-104.9891643,39.77938956,6/3/2022 12:50,12:50,5,0,0,I-25 & I-70,1,1,0,0,2,4,0,0,55,0,0,0,0,0,1,1,1
,2022-52432,-104.9059504,39.76927438,6/3/2022 20:02,20:02,5,0,0,E 38TH AVE & N PONTIAC ST,1,1,0,0,2,4,0,0,,0,0,0,0,0,4,2,16
,2022-52438,-104.975259,39.7299806,5/22/2022 8:46,8:46,3,0,0,N OGDEN/CORONA ALLEY & E 9TH AVE,1,1,0,0,1,9,0,0,,0,0,0,0,0,4,3,16
,2022-52439,-104.967178,39.75322169,6/1/2022 21:41,21:41,3,0,0,E 25TH AVE & N GILPIN ST,1,3,0,0,1,1,0,0,25,0,0,0,0,1,4,2,1
,2022-52441,-104.9792501,39.69356339,6/5/2022 2:25,2:25,5,0,1,I-25 SB EXIT MERGE PT TO S WASHINGTON ST & E BUCHTEL BLVD,1,3,0,0,2,8,0,0,30,0,0,0,0,2,1,1,10
,2022-52446,-104.97813,39.74948368,11/16/2022 18:44,18:44,2,0,1,N WASHINGTON ST & E 22ND AVE,1,3,0,0,1,3,0,0,30,1,0,0,0,3,4,1,16
,2022-52447,-104.9475873,39.78056876,12/24/2022 20:24,20:24,5,0,1,I-70 & N COOK ST,11,3,0,0,2,13,0,0,65,0,0,0,0,3,1,1,16
,2022-52448,-104.9163486,39.74020902,12/25/2022 0:14,0:14,5,0,1,E COLFAX AVE & N KRAMERIA ST,4,3,0,2,3,3,0,0,35,0,0,0,0,3,2,2,16
,2022-52459,-104.771881,39.83409285,6/8/2022 5:24,5:24,5,0,0,PENA BLVD & TOWER ROAD,1,1,0,0,3,4,0,0,65,0,0,0,0,0,4,1,2
,2022-52460,-104.9875281,39.7021342,6/3/2022 1:27,1:27,5,0,0,S BROADWAY ST & E OHIO AVE,1,3,0,0,2,1,0,0,30,0,0,0,0,0,4,1,16
,2022-52461,-104.9031967,39.75934737,6/3/2022 0:25,0:25,5,0,0,N QUEBEC ST & E 29TH DR,1,3,0,0,2,1,0,0,35,0,0,0,0,0,4,1,16
,2022-52466,-104.9449617,39.7228449,4/30/2022 21:15,21:15,5,0,0,N MONROE ST & E 4TH AVE,1,3,0,0,3,4,0,0,25,0,0,0,0,0,4,1,12
,2022-52469,-104.9875249,39.71481301,5/24/2022 11:13,11:13,12,0,0,S BROADWAY ST & E BAYAUD AVE,1,1,0,0,1,3,0,0,30,0,0,0,0,1,4,2,1
,2022-52472,-104.9697906,39.76929832,5/17/2022 6:10,6:10,5,0,0,38TH ST & N HUMBOLDT ST,1,1,1,0,3,1,0,0,,0,0,0,0,0,4,1,16
,2022-52483,-104.9985872,39.72650345,6/3/2022 23:41,23:41,5,0,0,698 N SANTA FE DR ALLEY & W 7TH AVE,1,3,0,0,3,9,0,0,25,0,0,0,0,0,4,1,1
,2022-52486,-104.8975397,39.78549881,6/6/2022 1:57,1:57,5,0,0,N SAND CREEK RD & N NORTHFIELD QUEBEC ST,1,3,0,0,3,4,0,0,35,0,0,0,0,0,4,1,1
,2022-52487,-104.6726896,39.84927906,6/6/2022 13:43,13:43,16,0,0,PENA BLVD & DOOR #401,1,1,0,0,5,4,0,0,10,0,0,0,0,0,3,1,8
,2022-52489,-104.9592468,39.73105611,6/11/2022 11:09,11:09,15,0,0,N JOSEPHINE ST & E 9TH AVE,1,1,0,0,1,4,0,0,30,0,0,0,0,0,4,2,13
,2022-52491,-104.9129217,39.65302476,6/10/2022 19:11,19:11,5,0,1,E HAMPDEN AVE & S MONACO ST,1,2,0,0,3,3,0,0,40,0,0,0,0,2,2,1,16
,2022-52492,-104.8805182,39.6419358,6/10/2022 19:15,19:15,5,0,1,I-225 & S YOSEMITE ST (APPROX),1,1,3,0,3,4,0,0,65,0,0,0,0,2,1,1,16
,2022-52494,-104.9503232,39.7618355,6/3/2022 12:38,12:38,15,0,0,3100 BLK E MLK BLVD & N STEELE ST,1,1,0,0,1,4,0,0,35,0,0,0,0,0,4,2,10
,2022-52500,-104.8470924,39.78968973,6/6/2022 20:55,20:55,5,0,1,N PEORIA ST & E 51ST AVE,1,3,0,0,3,4,0,0,40,0,0,0,0,3,4,1,1
,2022-52503,-104.9718648,39.73918066,6/1/2022 10:05,10:05,5,0,0,N MARION/LAFAYETTE ALLEY & E COLFAX AVE,1,1,0,0,3,9,0,0,15,0,0,0,0,0,4,1,9
,2022-52505,-104.921642,39.70389369,6/6/2022 16:30,16:30,5,0,0,S HOLLY ST & 600 BLK,1,1,0,0,2,4,0,0,30,0,0,0,0,0,4,1,3
,2022-52507,-105.0379633,39.70048615,6/12/2022 1:59,1:59,6,0,0,S OSCEOLA ST & W KENTUCKY AVE,1,3,0,0,1,4,0,0,25,0,0,0,0,0,4,4,16
,2022-52510,-104.9090961,39.65303403,5/27/2022 11:36,11:36,3,0,1,E HAMPDEN AVE & S ONEIDA WY,1,1,0,0,1,1,0,0,40,0,0,0,0,1,2,3,16
,2022-52513,-104.9810653,39.68758098,6/4/2022 19:20,19:20,5,0,0,E IOWA AVE & S PENNSYLVANIA ST,1,1,0,0,2,4,0,0,25,0,0,0,0,0,4,1,16
,2022-52517,-105.0697327,39.66777005,6/7/2022 17:15,17:15,5,0,0,W YALE AVE & S PIERCE ST,1,1,1,0,2,4,0,0,30,0,0,0,0,0,4,1,2
,2022-52535,-104.9874624,39.69916375,6/13/2022 17:31,17:31,14,0,0,S BROADWAY ST & W TENNESSEE AVE,1,1,0,0,6,4,0,0,35,0,0,0,0,0,4,2,14
,2022-52536,-104.9901729,39.73999901,5/21/2022 5:22,5:22,5,0,0,W COLFAX AVE & N BANNOCK ST,11,3,0,7,3,4,0,0,35,0,0,0,0,0,2,1,1
,2022-52537,-104.9872019,39.74752345,5/28/2022 0:30,0:30,5,0,0,E 20TH AVE & WELTON ST,1,3,0,0,2,1,0,0,,0,0,0,0,0,4,1,16
,2022-52539,-105.0324559,39.71139491,5/15/2022 0:29,0:29,5,0,0,S KNOX CT & W ALAMEDA AVE,1,4,1,0,3,4,0,0,25,0,0,0,0,0,4,1,16
,2022-52540,-104.9673214,39.77987911,5/14/2022 23:42,23:42,5,0,1,I-70 & N BRIGHTON BLVD,1,3,0,0,2,4,0,0,55,0,0,0,0,1,1,1,16
,2022-52541,-105.0999827,39.62962548,6/6/2022 14:33,14:33,5,0,0,W SARATOGA PL & S GARRISON ST,1,1,0,0,2,4,0,0,,0,0,0,0,0,4,1,16
,2022-52542,-104.9094514,39.65303316,4/25/2022 2:12,2:12,5,0,0,E HAMPDEN AVE & S ONEIDA WY,1,3,1,0,3,4,0,0,40,0,0,0,0,0,2,2,16
,2022-52544,-104.9188339,39.68573682,6/12/2022 11:39,11:39,5,0,1,E MEXICO AVE & S JASMINE ST,1,1,0,0,3,4,0,0,25,0,0,0,0,2,4,1,2
,2022-52545,-104.9836031,39.7304409,6/13/2022 15:09,15:09,3,0,1,N GRANT ST & E 9TH AVE,1,1,1,0,1,1,0,0,30,0,0,0,0,2,4,2,3
,2022-52547,-105.0146466,39.72884889,6/13/2022 12:30,12:30,5,0,1,I-25 & OFF RAMP GORE PT TO W 6TH AVE FWY,1,1,0,0,3,14,0,0,55,0,0,0,0,1,1,1,7
,2022-52548,-104.9410977,39.77977785,5/1/2022 1:33,1:33,5,0,0,I-70 EB OFF RAMP & SLIP RAMP SPLIT,1,4,0,0,6,8,0,0,40,0,0,0,0,0,1,1,1
,2022-52553,-104.922315,39.77257752,6/13/2022 8:36,8:36,3,0,0,N HOLLY ST & E STAPLETON N DR,1,1,0,0,1,1,0,0,30,0,0,0,0,1,4,2,8
,2022-52554,-105.0604603,39.79106881,6/14/2022 11:30,11:30,2,0,0,W 52ND AVE & N GRAY ST,1,1,0,0,3,3,0,0,0,1,0,0,0,0,4,1,16
,2022-52559,-104.9861527,39.72906707,6/13/2022 22:20,22:20,3,0,1,8TH AVE & N LINCOLN ST,1,3,1,0,1,1,0,0,35,0,0,0,0,2,4,2,16
,2022-52563,-104.9948215,39.76838815,5/23/2022 2:44,2:44,5,0,0,PARK AVE W & N FOX ST,1,3,0,0,2,3,0,0,35,0,0,0,0,0,4,1,16
,2022-52564,-105.0173181,39.75944026,6/4/2022 21:25,21:25,5,0,0,W DUNKELD PL & N ZUNI ST,1,4,1,0,3,4,0,0,,0,0,0,0,0,4,1,16
,2022-52577,-104.9874319,39.74617429,6/14/2022 0:14,0:14,11,0,1,GLENARM PL & N BROADWAY ST,1,3,0,0,1,1,0,0,0,0,0,1,0,3,4,1,16
,2022-52581,-105.0330947,39.75175414,5/18/2022 12:24,12:24,5,0,0,KING ST & 2323 BLK N ,1,1,3,0,3,9,0,0,,0,0,0,0,0,4,1,16
,2022-52585,-105.0158354,39.75630377,5/5/2022 2:30,2:30,5,0,0,N SPEER BLVD & N ZUNI ST,1,3,0,0,3,4,0,0,35,0,0,0,0,0,4,1,16
,2022-52586,-104.8941036,39.78555317,5/14/2022 10:36,10:36,16,0,0,8101 E NORTHFIELD BLVD & nan,1,3,0,0,5,7,0,0,15,0,0,0,0,0,3,1,16
,2022-52587,-104.9927463,39.68020837,5/31/2022 22:30,22:30,5,0,0,S SANTA FE DR & W EVANS AVE,11,3,0,1,6,4,0,0,55,0,0,0,0,0,2,2,16
,2022-52589,-104.9851023,39.75334605,5/6/2022 6:39,6:39,5,0,0,CHAMPA ST & PARK AVE W,1,1,0,1,2,4,0,0,25,0,0,0,0,0,4,1,16
,2022-52590,-105.0158363,39.78751673,5/18/2022 1:10,1:10,6,0,0,N ZUNI ST & W 50TH AVE,1,4,0,0,3,4,0,0,35,0,0,0,0,0,4,3,13
,2022-52592,-104.9684763,39.7729113,4/13/2022 5:41,5:41,5,0,0,N FRANKLIN ST & E 40TH AVE,1,3,0,0,4,1,0,0,30,0,0,0,0,0,4,1,1
,2022-52594,-104.8283065,39.79816676,5/30/2022 4:47,4:47,5,0,0,13500 BLK E 56TH AVE & N WORCHESTER ST,1,3,0,0,3,12,0,0,40,0,0,0,0,0,4,1,1
,2022-52597,-104.9733359,39.76331179,6/17/2022 7:48,7:48,5,0,1,N DOWNING ST & E 33RD AVE,1,1,0,0,3,1,0,0,30,0,0,0,0,3,4,1,16
,2022-52598,-105.0180769,39.71116353,4/21/2022 8:08,8:08,3,0,0,S BRYANT ST & W ALAMEDA AVE,1,1,0,1,1,1,0,0,25,0,0,0,0,0,2,3,16
,2022-52603,-104.7345323,39.77749123,6/19/2022 8:39,8:39,5,0,1,N PICADILLY RD & E 44TH PL,1,1,0,0,3,4,0,0,40,0,0,0,0,2,4,1,14
,2022-52606,-104.9706144,39.73840772,6/4/2022 8:49,8:49,15,0,0,E 14TH AVE & N LAFAYETTE ST,1,1,0,0,1,3,0,0,30,0,0,0,0,0,4,2,16
,2022-52608,-104.9828057,39.75513251,5/30/2022 1:57,1:57,6,0,0,CHAMPA ST & E 25TH AVE,1,3,0,0,1,4,0,0,30,0,0,0,0,0,4,2,16
,2022-52612,-104.972595,39.7697728,6/15/2022 12:10,12:10,6,0,0,WALNUT ST & DOWNING ST,1,1,0,0,1,4,0,0,20,0,0,0,0,0,4,2,16
,2022-52613,-104.8912357,39.62806367,6/19/2022 2:46,2:46,5,0,1,S DTC BLVD & CARRIAGE PL,1,3,0,0,3,3,0,0,35,0,0,0,0,2,4,1,16
,2022-52616,-104.9924791,39.69301384,2/26/2022 2:39,2:39,5,1,0,S SANTA FE DR & 1200 BLK,1,3,0,0,2,3,0,0,45,0,0,0,0,4,2,1,16
,2022-52617,-104.7566275,39.78454432,5/21/2022 2:54,2:54,5,0,0,20009 E 48TH PL & N HALIFAX WAY,11,3,0,2,3,3,0,0,25,0,0,0,0,0,4,1,16
,2022-52619,-105.0270181,39.66906202,6/19/2022 12:58,12:58,5,0,0,S GROVE/HAZEL ALLEY & W AMHERST AVE,1,1,0,0,3,9,0,0,25,0,0,0,0,0,4,1,11
,2022-52620,-105.0467343,39.72035755,6/9/2022 12:35,12:35,6,0,0,W 2ND AVE & N WINONA CT,1,1,0,0,1,4,0,0,25,0,0,0,0,0,4,2,1
,2022-52621,-104.9058069,39.73870413,5/21/2022 9:02,9:02,5,0,0,E 14TH AVE & N PONTIAC ST,11,1,0,1,2,1,0,0,35,0,0,0,0,0,4,1,16
,2022-52628,-105.0158351,39.76202623,6/20/2022 21:15,21:15,10,0,0,N ZUNI ST & W 32ND AVE,1,3,0,0,1,1,0,0,35,0,0,0,0,0,4,3,10
,2022-52631,-104.838674,39.77374093,6/22/2022 8:01,8:01,5,0,0,I-70 WB OFF RAMP & MM 282 (APPROX),1,1,1,0,3,8,0,0,55,0,0,0,0,0,1,1,7
,2022-52632,-105.0667126,39.65194196,6/22/2022 1:36,1:36,16,0,1,3550 S KENDALL ST & W HAMPDEN S FRONTAGE ROAD,1,3,0,0,5,7,0,0,15,0,0,0,0,2,3,2,14
,2022-52634,-105.0407085,39.69130081,6/16/2022 10:42,10:42,5,0,0,W ARKANSAS AVE & S QUITMAN ST,1,1,0,0,2,4,0,0,25,0,0,0,0,0,4,1,3
,2022-52638,-105.0532425,39.69694953,6/16/2022 17:52,17:52,5,0,1,N SHERIDAN BLVD & MORRISON RD,1,1,1,0,3,3,0,0,35,0,0,0,0,1,2,1,3
,2022-52640,-104.9034552,39.743744,6/22/2022 16:05,16:05,15,0,0,N QUEBEC ST & E 17TH AVE,1,1,0,0,1,3,0,0,30,0,0,0,0,0,4,2,16
,2022-52643,-105.0484678,39.68952419,6/21/2022 21:28,21:28,5,0,0,4800 BLK W FLORIDA AVE & S WOLCOTT CT,1,3,0,0,3,4,0,0,35,0,0,0,0,0,4,1,12
,2022-52648,-104.8159692,39.7872003,6/1/2022 16:13,16:13,6,0,0,N EAGLE CT & E 51ST PL,1,1,0,0,1,3,1,0,25,0,0,0,0,0,4,3,14
,2022-52650,-104.998598,39.72709677,5/29/2022 5:15,5:15,5,0,0,N SANTA FE DR & W 7TH AVE,1,2,0,0,3,4,0,0,30,0,0,0,0,0,4,1,3
,2022-52651,-104.9453044,39.75443078,5/23/2022 17:14,17:14,5,0,0,E 26TH AVE & N MONROE ST,1,1,0,0,3,4,0,0,30,0,0,0,0,0,4,1,16
,2022-52652,-104.99149,39.7241336,6/22/2022 10:30,10:30,5,0,0,233 W 5TH AVE & CHEROKEE ST,1,1,0,0,3,4,0,0,25,0,0,0,0,0,4,1,3
,2022-52656,-105.0015246,39.71094549,6/20/2022 0:35,0:35,12,0,0,1200 BLOCK W ALAMEDA AVE & S NAVAJO ST,1,3,0,0,1,4,0,0,35,0,0,0,0,0,4,4,16
,2022-52657,-104.6688998,39.84089907,6/24/2022 15:12,15:12,14,0,0,E 80TH AVE & N TITUS CT,1,3,0,0,6,4,0,0,,0,0,0,0,0,4,2,16
,2022-52691,-104.9317249,39.77592868,6/23/2022 17:01,17:01,5,0,0,E SMITH RD & N DAHLIA ST,1,1,0,0,2,1,0,0,35,0,0,0,0,0,4,1,16
,2022-52693,-104.9935588,39.7400075,6/26/2022 17:30,17:30,16,0,0,490 W COLFAX AVE & nan,1,1,3,0,5,7,0,0,15,0,0,0,0,0,3,1,13
,2022-52694,-104.9406318,39.69657815,4/30/2022 7:28,7:28,5,0,2,E MISSISSIPPI AVE & S COLORADO BLVD,1,1,0,0,2,3,0,0,30,0,1,0,0,1,2,1,1
,2022-52697,-104.9684153,39.75948353,6/23/2022 3:03,3:03,5,0,0,E 30TH AVE & N FRANKLIN ST,1,3,0,0,4,1,0,0,30,0,0,0,0,0,4,1,16
,2022-52700,-104.9268822,39.68544149,6/22/2022 18:44,18:44,11,0,1,E MEXICO AVE & S FOREST ST,1,1,0,0,4,3,0,0,25,0,1,0,0,2,4,1,16
,2022-52710,-104.9025832,39.76113442,6/28/2022 18:23,18:23,5,0,0,E MLK BLVD & N QUEBEC ST,1,1,0,0,3,4,0,0,35,0,0,0,0,0,4,1,1
,2022-52715,-104.7773418,39.79404861,6/27/2022 13:55,13:55,5,0,0,N VENTURA ST & N VENTURA ST,1,1,0,0,3,4,0,0,25,0,0,0,0,0,4,1,7
,2022-52725,-105.0217317,39.69673889,6/29/2022 2:11,2:11,5,0,1,2700 BLK W MISSISSIPPI AVE & S DALE CT,1,3,0,0,3,4,0,0,35,0,0,0,0,2,4,1,6
,2022-52726,-104.9840023,39.75959929,6/22/2022 1:00,1:00,5,0,1,LARIMER ST & 27TH ST,1,3,0,0,4,1,0,0,30,0,0,0,1,1,4,1,16
,2022-52728,-105.0531908,39.68229294,5/28/2022 22:00,22:00,1,0,0,S SHERIDAN BLVD & W JEWELL AVE,1,3,0,0,1,1,0,0,40,0,0,0,0,0,2,2,16
,2022-52729,-104.8185174,39.78594935,5/27/2022 5:45,5:45,5,0,0,E GATEWAY AVE & N EAGLE CT,1,2,0,0,3,4,1,0,30,0,0,0,0,0,4,1,16
,2022-52730,-104.972116,39.76200987,6/29/2022 7:00,7:00,3,0,0,E MLK BLVD & N MARION ST,1,1,0,0,1,1,0,0,30,0,0,0,0,0,4,3,1
,2022-52731,-104.9619893,39.78952068,6/19/2022 4:37,4:37,5,0,0,4910 N BRIGHTON BLVD & E 48TH AVE,1,3,0,0,3,4,0,0,30,0,0,0,0,0,4,1,16
,2022-52733,-105.048398,39.69676576,6/29/2022 8:46,8:46,2,0,1,W MISSISSIPPI AVE & S WOLFF ST,1,1,0,1,1,1,0,0,30,1,0,0,0,2,4,1,13
,2022-52734,-105.0055547,39.72147626,5/28/2022 2:20,2:20,5,0,0,N OSAGE ST & W 3RD AVE,1,3,0,0,3,4,0,0,30,0,0,0,0,0,4,1,16
,2022-52735,-105.0016118,39.74871891,5/30/2022 1:51,1:51,5,0,0,BLAKE ST & 14TH ST,1,3,3,0,2,3,0,0,25,0,0,0,0,0,4,1,1
,2022-52739,-104.833819,39.77286982,6/27/2022 10:33,10:33,5,0,1,I-70 & EB OFF RAMP GORE PT TO SB I-225,1,1,0,0,3,14,0,0,65,0,0,0,0,2,1,1,13
,2022-52740,-104.9780805,39.71082503,6/29/2022 19:46,19:46,6,0,1,300 BLK S CLARKSON ST & E ALAMEDA AVE,1,1,0,0,1,4,0,0,25,0,0,0,0,2,4,4,14
,2022-52741,-104.9823612,39.72395344,6/30/2022 12:32,12:32,6,0,0,400 BLK N LOGAN ST & E 5TH AVE,1,1,0,0,1,4,0,0,30,0,0,0,0,0,4,2,8
,2022-52742,-104.9823023,39.73688658,6/29/2022 16:45,16:45,10,0,0,N LOGAN ST & E 13TH AVE,1,1,0,0,1,1,0,0,25,0,0,0,0,1,4,2,8
,2022-52753,-105.0238558,39.70041974,7/1/2022 8:10,8:10,3,0,2,W KENTUCKY AVE & S ELIOT ST,1,1,0,0,1,1,0,0,25,0,0,0,0,2,4,2,8
,2022-52758,-104.9592468,39.73105611,7/2/2022 6:45,6:45,5,0,0,1000 BLK OF N JOSEPHINE ST & E 9TH AVE,1,1,1,0,2,4,0,0,30,0,0,0,0,0,4,1,2
,2022-52766,-104.9597848,39.73681144,7/2/2022 22:35,22:35,3,0,0,E 13TH AVE & N YORK ST,1,3,0,0,1,1,0,0,35,0,0,0,0,0,4,3,13
,2022-52767,-104.8470302,39.77419185,7/2/2022 22:30,22:30,3,0,1,N PEORIA ST & I-70 WB RAMPS,1,3,0,0,1,1,0,0,35,0,0,0,0,2,4,2,3
,2022-52768,-104.9169961,39.65112065,7/2/2022 19:48,19:48,5,0,1,I-25 & NB OFF RAMP GORE PT TO E HAMPDEN AVE,1,2,1,0,3,14,0,0,65,0,0,0,0,3,1,4,1
,2022-52789,-104.9721014,39.76393315,6/6/2022 15:00,15:00,16,0,0,3360 N DOWNING ST & nan,1,1,3,0,5,7,0,0,,0,0,0,0,0,3,1,16
,2022-52791,-104.8440284,39.79159025,6/30/2022 14:45,14:45,6,0,0,5290 N QUENTIN ST & E 53RD AVE,1,1,1,0,5,3,0,0,25,0,0,0,0,0,3,2,1
,2022-52792,-104.833819,39.77286982,7/4/2022 0:27,0:27,12,0,0,I-70 & MM 282.264,1,3,0,0,2,4,0,0,55,0,0,0,0,0,1,1,16
,2022-52793,-105.0250702,39.67119885,6/19/2022 10:35,10:35,12,0,1,S FEDERAL BLVD & W VASSAR AVE,1,1,0,1,1,1,0,0,35,0,0,0,0,2,2,3,16
,2022-52794,-104.8935219,39.63574821,7/4/2022 3:57,3:57,5,0,0,I-225 & SB OFF RAMP TO TAMARAC ST GORE PT ,1,4,1,0,3,14,0,0,55,0,0,0,0,0,4,1,16
,2022-52795,-104.9067175,39.63415775,7/4/2022 18:45,18:45,5,0,0,I-225 & I-225 EXIT RAMP GORE PT FROM NB I-25,1,2,1,0,2,14,0,0,55,0,0,0,0,0,1,1,1
,2022-52797,-104.9124499,39.73712453,5/6/2022 13:11,13:11,3,0,0,E 13TH AVE & MONACO PKWY,1,1,0,0,1,1,0,0,35,0,0,0,0,0,4,2,16
,2022-52798,-105.0249871,39.71664483,6/28/2022 4:22,4:22,5,0,0,S FEDERAL BLVD & W ELLSWORTH AVE,1,3,0,0,6,4,0,0,35,0,0,0,0,0,2,1,16
,2022-52808,-105.0252054,39.78561196,6/28/2022 12:40,12:40,3,0,0,W 49TH AVE & N FEDERAL BLVD,1,1,0,0,1,1,0,0,25,0,0,0,0,0,4,3,1
,2022-52810,-104.7904699,39.78363776,7/4/2022 13:20,13:20,1,0,2,E GVR BLVD & E GVR BLVD,1,1,0,6,1,1,0,0,40,0,0,0,0,2,4,3,1
,2022-52814,-105.0440642,39.76391161,7/3/2022 11:15,11:15,3,0,1,W 33RD AVE & N TENNYSON ST,1,1,1,0,1,1,0,0,30,0,0,0,0,1,4,2,10
,2022-52819,-104.9892642,39.71935269,6/10/2022 17:12,17:12,6,0,0,W 2ND AVE & N ACOMA ST,1,1,0,0,3,4,0,0,25,0,0,0,0,0,4,5,16
,2022-52821,-104.9957179,39.74390997,7/5/2022 23:03,23:03,5,0,1,STOUT ST & 14TH ST,1,3,0,0,2,4,0,0,30,0,0,0,0,1,4,1,1
,2022-52822,-105.0299381,39.76559353,7/2/2022 1:01,1:01,5,0,0,W 35TH AVE & N IRVING ST,1,3,0,0,2,1,0,0,35,0,0,0,0,0,4,1,16
,2022-52825,-104.9081078,39.76182456,7/6/2022 15:41,15:41,5,0,1,E MLK BLVD & N ONEIDA ST,1,1,0,0,6,3,0,0,35,0,0,0,0,3,4,1,16
,2022-52831,-104.9090961,39.65303403,7/7/2022 10:38,10:38,1,0,2,E HAMPDEN AVE & S ONEIDA WY,1,1,0,0,1,1,0,0,40,0,0,0,0,3,2,2,10
,2022-52845,-104.9364307,39.73827878,7/9/2022 2:32,2:32,5,0,1,E 14TH AVE & N BIRCH ST,1,3,0,0,2,4,0,0,30,0,0,0,0,2,4,1,14
,2022-52846,-104.8685019,39.79902025,7/8/2022 16:22,16:22,11,0,1,E 56TH AVE & N GALENA ST,1,1,0,0,2,1,0,0,35,0,1,0,0,2,4,1,3
,2022-52851,-104.8981879,39.65820407,7/7/2022 14:03,14:03,6,0,1,E EASTMAN AVE & S TAMARAC DR,1,1,0,0,1,4,0,0,25,0,0,0,0,1,4,3,16
,2022-52860,-105.0367668,39.68945455,7/9/2022 3:14,3:14,5,0,0,3900 BLK W FLORIDA AVE & S NEWTON ST,1,3,0,0,3,4,0,0,35,0,0,0,0,0,4,1,12
,2022-52865,-104.9965605,39.70666643,7/9/2022 20:48,20:48,5,0,1,I-25 & S SANTA FE DR,1,3,3,0,3,14,0,0,65,0,0,0,0,3,1,1,1
,2022-52870,-104.7469575,39.83381559,7/9/2022 21:40,21:40,5,0,0,PENA BLVD INBOUND & E-470,1,3,1,0,3,14,0,0,65,0,0,0,0,0,4,2,3
,2022-52876,-105.0251008,39.79111414,7/9/2022 6:00,6:00,5,0,0,FEDERAL BLVD & 52ND AVE W,1,1,1,0,6,4,0,0,45,0,0,0,0,0,2,1,16
,2022-52877,-105.0474309,39.72398157,7/7/2022 18:53,18:53,3,0,0,W 5TH AVE & N WINONA CT,1,1,0,0,1,1,0,0,25,0,0,0,0,0,4,2,16
,2022-52882,-104.8662955,39.66027415,7/11/2022 8:23,8:23,5,0,0,S HAVANA ST & E DARTMOUTH AVE,1,1,0,0,3,3,0,0,30,0,0,0,0,0,2,1,16
,2022-52886,-104.9798609,39.73369233,7/8/2022 14:45,14:45,2,0,1,E 11TH AVE & PEARL ST,1,1,0,0,1,1,0,0,25,1,0,0,0,2,4,1,3
,2022-52888,-105.0251298,39.75284285,7/10/2022 4:24,4:24,5,0,0,N FEDERAL BLVD & W 24TH AVE,1,3,0,0,3,4,0,0,35,0,0,0,0,0,2,3,16
,2022-52900,-104.9081631,39.75472322,7/13/2022 11:25,11:25,3,0,0,N ONEIDA ST & E 26TH AVE,1,1,0,0,1,1,0,0,25,0,0,0,0,0,4,2,11
,2022-52915,-104.9787413,39.74034946,6/27/2022 20:52,20:52,16,0,0,1566 WASHINGTON ST & nan,1,3,0,0,5,7,0,0,15,0,0,0,0,0,3,1,13
,2022-52920,-104.679177,39.84361593,7/14/2022 3:43,3:43,5,0,0,8100 BLK N NEW CASTLE ST & N JACKSON GAP,1,3,1,0,3,4,0,0,40,0,0,0,0,0,4,1,16
,2022-52924,-104.9547569,39.66033164,7/17/2022 2:31,2:31,5,0,0,E DARTMOUTH AVE & S DALLAS WY,1,3,0,0,3,1,0,0,25,0,0,0,0,0,4,1,1