id,drcog_id,longitude,latitude,crashtime,time,crashtype,numbkilled,numbinjurd,drcoglocat,rdconditin,lightngcon,roadcntgrd,weatherco,location,roaddescrp,schoolzone,constrzone,splimit,bikeinv,pedinv,sctrinv,motoinv,svrty,rdsystem,ttlvehcls,hcf
,2022-52929,-105.0532754,39.78411021,7/16/2022 21:28,21:28,9,0,1,N SHERIDAN BLVD & W 48TH AVE,1,3,0,0,6,4,0,0,35,0,0,0,0,2,2,1,3
,2022-52930,-105.0035391,39.76928238,7/18/2022 3:30,3:30,5,0,1,W 38TH AVE & N LIPAN ST,1,3,0,0,3,4,0,0,35,0,0,0,0,2,4,1,14
,2022-52931,-104.9091337,39.76564947,7/18/2022 9:10,9:10,6,0,0,E 35TH AVE & N NEWPORT ST,1,1,0,6,1,4,0,0,30,0,0,0,0,0,4,2,14
,2022-52932,-105.0251522,39.66291361,7/17/2022 15:57,15:57,5,0,1,S FEDERAL BLVD & W CORNELL AVE,1,1,0,0,2,4,0,0,40,0,0,0,0,1,2,2,7
,2022-52934,-105.0228016,39.66212358,7/17/2022 20:26,20:26,3,0,0,S DECATUR ST & W CORNELL AVE,1,3,0,0,1,1,0,0,25,0,0,0,0,0,4,2,11
,2022-52936,-104.94068,39.66346154,7/12/2022 19:55,19:55,5,0,0,E HAMPDEN AVE & S COLORADO BLVD,1,1,0,0,2,1,0,0,40,0,0,0,0,0,2,2,16
,2022-52940,-104.9684152,39.75949573,7/18/2022 1:30,1:30,5,0,0,N FRANKLIN S & E 30TH AVE,3,3,0,0,1,4,0,0,,0,0,0,0,0,4,1,16
,2022-52944,-104.9582614,39.77291279,6/17/2022 15:53,15:53,5,0,0,E 40TH AVE & N JOSEPHINE ST,1,1,0,0,3,3,0,0,35,0,0,0,0,0,4,1,16
,2022-52955,-104.9687125,39.69020354,7/19/2022 9:00,9:00,16,0,0,1450 S FRANKLIN ST & nan,1,1,0,1,5,7,0,0,,0,0,0,0,0,3,1,16
,2022-52958,-104.9316701,39.77970352,7/19/2022 10:40,10:40,3,0,2,E 45TH SOUTH DR & N DAHLIA ST,1,1,0,0,1,1,0,0,30,0,0,0,0,2,4,2,11
,2022-52960,-104.8929099,39.71119317,7/19/2022 15:16,15:16,5,0,0,E FAIRMOUNT DR & ALAMEDA AVE,1,1,0,0,1,4,0,0,30,0,0,0,0,0,4,1,14
,2022-52965,-104.9129318,39.67597609,7/4/2022 17:42,17:42,16,0,0,2250 S MONACO ST & nan,1,1,0,0,5,7,0,0,,0,0,0,0,0,3,1,16
,2022-52967,-105.0532447,39.72732494,7/11/2022 2:00,2:00,5,0,0,W 6TH AVE WB OFF RAMP & N SHERIDAN BLVD,1,3,0,0,6,8,0,0,30,0,0,0,0,0,2,1,16
,2022-52974,-105.0485529,39.72946679,7/19/2022 21:25,21:25,6,0,0,N WOLFF ST & W 10TH AVE,1,3,1,0,2,4,0,0,25,0,0,0,0,0,4,4,16
,2022-52982,-105.0348837,39.76397591,7/20/2022 9:44,9:44,5,0,0,W 33RD AVE & N LOWELL BLVD,1,1,0,0,2,9,0,0,25,0,0,0,0,0,4,1,16
,2022-52984,-105.0182252,39.78924075,7/12/2022 20:03,20:03,5,0,0,W 51ST AVE & N BEACH CT,1,1,0,0,3,4,0,0,25,0,0,0,0,0,4,1,10
,2022-52986,-104.9123861,39.75102691,5/7/2022 3:54,3:54,3,0,2,N MONACO ST & E 23RD AVE,1,3,0,0,1,1,0,0,40,0,0,0,0,3,4,2,13
,2022-52987,-104.9494399,39.74015098,7/13/2022 1:54,1:54,5,0,1,E COLFAX AVE & N STEELE ST,1,3,0,0,3,4,0,0,35,0,0,0,0,3,2,1,14
,2022-52989,-104.922314,39.79478683,7/23/2022 7:40,7:40,5,0,0,I-270 & NORTHFIELD / QUEBEC ST,1,1,0,0,2,4,0,0,55,0,0,0,0,0,1,1,1
,2022-52990,-104.98888,39.75582263,7/22/2022 23:32,23:32,15,0,1,LARIMER ST & PARK AVE W,1,3,0,0,1,4,0,0,25,0,0,0,0,2,4,2,1
,2022-52991,-104.9822447,39.66769771,7/12/2022 2:05,2:05,5,0,0,E YALE AVE & S PENNSYLVANIA ST,1,3,2,0,2,4,0,0,30,0,0,0,0,0,4,1,16
,2022-52992,-104.9873778,39.74341302,7/13/2022 16:00,16:00,5,0,0,1700 BLK N BROADWAY ST & E 17TH AVE,1,1,0,0,3,4,0,0,25,0,0,0,0,0,4,1,1
,2022-52993,-105.0532564,39.66778641,7/23/2022 3:26,3:26,3,0,1,S SHERIDAN BLVD & W YALE AVE,1,3,0,0,1,1,0,0,35,0,0,0,0,1,2,2,3
,2022-52996,-104.9500519,39.68750077,6/28/2022 14:50,14:50,5,0,0,S STEELE ST (NOT CDOT) & E IOWA AVE,1,1,0,0,1,1,0,0,30,0,0,0,0,0,4,1,11
,2022-52997,-104.8353855,39.77364021,7/22/2022 16:12,16:12,5,0,0,I-70 WB FEEDER RAMP & I-225/N PEORIA ST WB OFF RAMP GORE PT,1,1,0,0,3,8,0,0,55,0,0,0,0,0,1,1,13
,2022-52999,-104.7788864,39.83061992,7/22/2022 15:00,15:00,15,0,0,6400 BLK PENA BLVD OUTBOUND & E 56TH AVE,1,1,0,0,1,4,0,0,65,0,0,0,0,0,4,3,10
,2022-53002,-105.0092774,39.75646087,7/21/2022 5:15,5:15,3,0,0,15TH ST & PLATTE ST,1,2,0,0,1,1,0,0,25,0,0,0,0,0,4,2,16
,2022-53003,-104.8827688,39.77727111,7/20/2022 5:20,5:20,5,0,0,I-70 & WB OFF RAMP GORE PT TO N CENTRAL PARK BLVD,1,3,0,0,3,14,0,0,55,0,0,0,0,0,1,1,14
,2022-53004,-105.0162835,39.71302601,7/21/2022 9:28,9:28,5,0,0,W CEDAR AVE & S ALCOTT ST,1,1,0,1,3,4,0,0,25,0,0,0,0,0,4,1,16
,2022-53007,-104.9721114,39.76816434,7/21/2022 9:30,9:30,1,0,0,N MARION ST & E 37TH AVE,1,1,0,0,1,1,0,1,25,0,0,0,0,0,4,2,13
,2022-53013,-105.0297934,39.68136867,7/22/2022 21:26,21:26,5,0,0,1900 BLK S HOOKER CIR & S IRVING ST,1,3,0,0,2,4,0,0,25,0,0,0,0,0,4,1,16
,2022-53015,-104.9874041,39.72908359,4/2/2022 1:46,1:46,3,0,1,E 8TH AVE & E 8TH AVE,1,3,0,0,1,1,0,0,30,0,0,0,0,3,4,2,16
,2022-53018,-104.9081629,39.75339829,7/24/2022 10:07,10:07,5,0,1,N ONEIDA ST & E 25TH AVE,1,1,0,0,2,1,0,0,25,0,0,0,0,3,4,3,14
,2022-53019,-104.8866667,39.74962832,7/19/2022 5:30,5:30,15,0,0,E 23RD AVE & N CENTRAL PARK BLVD,1,1,0,0,1,4,0,0,35,0,0,0,0,0,4,2,1
,2022-53022,-105.0298532,39.73792965,7/24/2022 2:37,2:37,6,0,1,W AVONDALE DR & W HOWARD PL,1,4,0,0,2,4,0,0,30,0,0,0,0,2,4,3,16
,2022-53023,-104.9875057,39.71747819,7/2/2022 1:39,1:39,11,1,1,N BROADWAY ST & W IRVINGTON PL,1,3,0,0,1,1,0,0,35,0,1,0,0,4,4,4,1
,2022-53025,-105.031252,39.72194328,7/6/2022 2:20,2:20,5,0,0,324 N JULIAN ST & W 3RD AVE,1,3,3,0,3,4,0,0,25,0,0,0,0,0,4,1,13
,2022-53026,-105.0814185,39.66787017,7/19/2022 9:16,9:16,5,0,0,S WADSWORTH BLVD & W YALE AVE,1,1,1,0,3,3,0,0,45,0,0,0,0,0,2,2,7
,2022-53027,-105.0156945,39.69857109,7/2/2022 13:13,13:13,5,0,0,W TENNESSEE AVE & S ZUNI ST,1,1,0,0,4,1,0,0,,0,0,0,0,0,4,1,16
,2022-53028,-104.9920442,39.69626791,7/12/2022 22:27,22:27,5,0,0,S SANTA FE DR & W MISSISSIPPI AVE,1,3,0,0,3,4,0,0,45,0,0,0,0,0,2,1,16
,2022-53031,-104.9666954,39.78547332,7/13/2022 6:08,6:08,5,0,0,4900 BLOCK N BRIGHTON BLVD & E 48TH AVE,1,3,0,0,3,4,0,0,30,0,0,0,0,0,4,1,11
,2022-53032,-104.9597955,39.73345471,6/5/2022 15:00,15:00,3,0,0,E 11TH AVE & N YORK ST,1,1,0,0,1,1,0,0,30,0,0,0,0,0,4,2,1
,2022-53042,-105.0347995,39.73295313,7/25/2022 21:12,21:12,5,0,0,W 10TH AVE & 980 N LOWELL BLVD,1,3,0,0,3,3,0,0,25,0,0,0,0,0,4,1,16
,2022-53051,-104.9828611,39.67672044,7/27/2022 17:31,17:31,3,0,0,E WARREN AVE & S LOGAN ST,1,1,0,0,1,1,0,0,25,0,0,0,0,1,4,2,13
,2022-53054,-104.9175585,39.74374345,7/24/2022 5:57,5:57,5,0,0,E 17TH AVE & N KEARNEY ST,1,2,0,0,3,4,0,0,30,0,0,0,0,0,4,1,14
,2022-53056,-105.0469775,39.7012209,7/25/2022 12:03,12:03,5,0,0,MORRISON RD & W ADA PL,1,1,1,0,2,4,0,0,40,0,0,0,0,0,4,2,16
,2022-53065,-104.9874808,39.7223169,5/5/2022 19:30,19:30,15,0,0,BROADWAY & W 3RD AVE,1,3,0,0,1,4,0,0,30,0,0,0,0,0,4,2,16
,2022-53070,-104.8856995,39.70650104,7/28/2022 21:10,21:10,5,0,0,E FAIRMOUNT DR & S XENIA ST,1,3,0,0,3,4,0,0,25,0,0,0,0,0,4,1,16
,2022-53072,-105.0440136,39.77237294,7/30/2022 14:30,14:30,5,0,0,N TENNYSON ST & W 41ST AVE,1,1,0,0,3,4,0,0,25,0,0,0,0,0,4,2,11
,2022-53073,-105.0158424,39.76444377,7/9/2022 10:14,10:14,3,0,0,W 34TH AVE & N ZUNI ST,1,1,0,1,1,1,0,0,25,0,0,0,0,0,4,2,16
,2022-53075,-105.0255866,39.76927239,7/31/2022 22:06,22:06,5,0,0,W 38TH AVE & N FEDERAL BLVD,1,3,0,0,3,1,0,0,35,0,0,0,0,0,2,1,1
,2022-53080,-104.9239109,39.72806603,8/2/2022 7:45,7:45,2,0,1,N HUDSON ST & E SEVERN PL,1,1,0,0,1,1,0,0,20,1,0,0,0,2,4,1,11
,2022-53081,-105.0369867,39.76951282,5/7/2022 9:00,9:00,3,0,3,N NEWTON ST & W 38TH AVE,1,1,0,0,1,1,0,0,25,0,0,0,0,3,4,3,14
,2022-53083,-104.9827699,39.71294659,8/2/2022 10:19,10:19,5,0,0,418 E CEDAR AVE ALLEY & S GRANT ST,1,1,0,0,3,9,0,0,10,0,0,0,0,0,4,1,16
,2022-53085,-105.0250875,39.70394961,8/1/2022 17:10,17:10,5,0,2,S FEDERAL BLVD & W EXPOSITION AVE,1,1,1,0,3,4,0,0,35,0,0,0,0,3,2,1,14
,2022-53088,-105.0086536,39.7111935,8/2/2022 11:44,11:44,5,0,0,W ALAMEDA AVE & S RARITAN ST,1,1,0,0,3,4,0,0,30,0,0,0,0,1,4,1,1
,2022-53089,-105.0154145,39.69088073,8/3/2022 13:30,13:30,5,0,1,2355 W ARKANSAS AVE & S ZUNI ST,1,1,0,0,3,4,0,0,25,0,0,0,0,2,4,1,7
,2022-53090,-104.9239465,39.7628903,6/9/2022 2:30,2:30,6,0,0,E THRILL PL & N HUDSON ST,1,3,0,0,1,4,0,0,25,0,0,0,0,0,4,2,1
,2022-53091,-104.76612,39.80181969,8/3/2022 17:01,17:01,2,0,1,E 58TH AVE & BISCAY ST/N CEYLON ST ALLEY,1,1,0,0,1,9,0,0,0,1,0,0,0,2,4,1,16
,2022-53094,-104.6808975,39.85103814,7/29/2022 20:35,20:35,5,0,0,PENA BLVD & E 86TH AVE,1,3,0,0,2,4,0,0,25,0,0,0,0,0,4,1,3
,2022-53097,-104.940629,39.67845463,7/18/2022 6:43,6:43,3,0,0,S COLORADO BLVD & E EVANS AVE,1,1,0,0,1,1,0,0,,0,0,0,0,0,2,2,16
,2022-53099,-105.0417132,39.67299475,8/2/2022 0:00,0:00,5,0,0,S RALEIGH ST & W HARVARD AVE,1,3,1,0,3,4,0,0,,0,0,0,0,0,4,1,16
,2022-53100,-104.9090045,39.70053098,5/27/2022 14:40,14:40,12,0,0,LEETSDALE DR & S ONEIDA ST,1,1,0,0,1,4,0,0,40,0,0,0,0,0,2,4,16
,2022-53102,-104.9129475,39.74192531,6/11/2022 22:22,22:22,5,0,0,E 16TH AVE & N MONACO ST,1,3,0,0,4,1,0,0,30,0,0,0,0,0,4,1,16
,2022-53109,-105.0203348,39.71301147,8/3/2022 13:50,13:50,8,0,2,S CLAY ST & W CEDAR AVE,1,1,1,0,1,1,0,0,25,0,0,0,0,2,4,2,11
,2022-53110,-104.9873901,39.74000829,7/26/2022 2:16,2:16,5,0,1,W COLFAX AVE & N BROADWAY ST,1,3,0,0,6,4,0,0,30,0,0,0,0,3,2,1,1
,2022-53111,-104.9875153,39.68735473,7/25/2022 21:40,21:40,15,0,0,S BROADWAY ST & E IOWA AVE,1,3,0,0,1,4,0,0,,0,0,0,0,0,4,3,16
,2022-53113,-105.0475778,39.7286251,8/4/2022 10:29,10:29,5,0,0,646 N WINONA CT & W 7TH AVE,14,5,3,7,2,4,0,0,,0,0,0,0,0,4,1,16
,2022-53115,-104.9129251,39.70749795,8/4/2022 14:41,14:41,1,0,1,S MONACO ST & E VIRGINIA AVE,1,1,0,0,1,1,0,0,35,0,0,0,0,2,4,2,10
,2022-53117,-104.6823497,39.83299769,8/4/2022 8:11,8:11,5,0,0,E 75TH AVE & JACKSON GAP ST,1,1,0,0,3,3,0,0,45,0,0,0,0,0,4,1,1
,2022-53118,-105.0297915,39.76939978,8/4/2022 7:53,7:53,5,0,0,W 38TH AVE & N IRVING ST,1,1,0,0,3,2,0,0,35,0,0,0,0,0,4,1,3
,2022-53129,-104.9846129,39.76696173,7/27/2022 6:29,6:29,2,0,1,ARKINS CT & 31ST ST,1,1,0,0,1,2,0,0,25,1,0,0,0,1,4,1,11
,2022-53130,-105.0428283,39.75032043,8/2/2022 21:00,21:00,5,0,0,999 N STUART ST & W STUART ST,1,3,0,0,3,4,0,0,25,0,0,0,0,0,4,1,16
,2022-53131,-104.9129097,39.66763109,7/4/2022 3:22,3:22,5,0,1,E YALE AVE & S MONACO ST,1,3,0,0,3,1,0,0,35,0,0,0,0,3,4,1,1
,2022-53136,-104.9875612,39.78921953,7/20/2022 17:58,17:58,5,0,0,N BROADWAY ST & E 51ST AVE,1,1,0,0,3,3,0,0,20,0,0,0,0,0,4,1,1
,2022-53137,-104.8987479,39.73870572,4/17/2022 12:27,12:27,3,1,2,N SYRACUSE ST & E 14TH AVE,1,1,0,0,1,1,0,0,30,0,0,0,0,4,4,2,3
,2022-53139,-105.0203902,39.70932923,8/4/2022 18:25,18:25,3,0,3,S CLAY ST & W DAKOTA AVE,1,1,0,0,1,1,0,0,25,0,0,0,0,2,4,2,1
,2022-53140,-104.9030484,39.73870372,7/26/2022 10:49,10:49,5,0,0,E 14TH AVE & N QUEBEC ST,1,1,0,0,2,4,0,0,30,0,0,0,0,0,4,1,14
,2022-53141,-104.7626383,39.79158123,8/6/2022 4:25,4:25,5,0,0,5293 N DUNKIRK ST & E 53RD AVE,1,3,0,0,3,4,0,0,30,0,0,0,0,0,4,1,7
,2022-53142,-104.9884865,39.74051095,8/6/2022 3:42,3:42,5,0,1,W COLFAX AVE & 15TH ST,1,3,0,0,6,1,0,0,30,0,0,0,0,1,2,1,14
,2022-53143,-105.0101895,39.78945926,8/5/2022 10:12,10:12,5,0,0,1910 W 51ST AVE & SHOSHONE ST,1,1,0,0,3,9,0,0,25,0,0,0,0,0,4,2,6
,2022-53144,-105.0236234,39.74755593,6/30/2022 22:50,22:50,5,0,0,MILE HIGH STADIUM CIR & N ELLIOT ST,1,3,1,0,3,4,0,0,25,0,0,0,0,1,4,1,16
,2022-53145,-104.9873762,39.74335811,8/4/2022 8:13,8:13,11,0,1,17TH ST & N BROADWAY ST,1,1,0,0,1,1,0,0,25,0,0,1,0,1,4,1,16
,2022-53149,-104.9875244,39.71484871,8/4/2022 17:43,17:43,12,0,1,S BROADWAY ST & W BAYAUD AVE,1,1,0,0,1,1,0,0,30,0,0,0,0,2,4,2,16
,2022-53158,-104.891923,39.72583015,8/6/2022 19:16,19:16,5,0,0,N UINTA WY & E 6TH AVE,1,1,0,0,3,6,0,0,25,0,0,0,0,0,4,1,7
,2022-53162,-104.9948821,39.76986616,8/7/2022 1:53,1:53,5,0,0,N FOX ST & W 38TH AVE,1,4,0,0,3,4,0,0,40,0,0,0,0,0,4,1,16
,2022-53168,-105.0454626,39.6536298,7/15/2022 15:16,15:16,9,0,0,W HAMPDEN AVE & S SHERIDAN BLVD,1,1,0,0,1,4,0,0,,0,0,0,0,0,2,1,16
,2022-53171,-104.9301557,39.74019945,8/9/2022 15:46,15:46,5,0,0,E COLFAX AVE & N ELM ST,1,1,0,0,2,4,0,0,35,0,0,0,0,0,2,1,10
,2022-53172,-104.9971779,39.75274508,8/9/2022 11:45,11:45,5,0,0,18TH ST & BLAKE ST/WAZEE ST ALLEY,1,1,0,0,3,9,0,0,30,0,0,0,0,0,4,3,11
,2022-53175,-104.9151625,39.74620829,8/9/2022 11:19,11:19,6,0,0,N LEYDEN ST & E 19TH AVE,1,1,0,0,3,4,0,0,30,0,0,0,0,0,4,2,16
,2022-53176,-105.0150499,39.72932217,7/30/2022 2:18,2:18,5,0,0,I-25 SB OFF RAMP & ZUNI ST,1,3,0,0,4,8,0,0,55,0,0,0,0,0,1,1,1
,2022-53178,-104.9485825,39.72552607,5/20/2022 7:25,7:25,5,0,0,N ADAMS ST & E 6TH AVE,11,1,0,0,3,4,0,0,25,0,0,0,0,0,4,1,16
,2022-53182,-104.8680307,39.70667128,8/9/2022 1:20,1:20,9,0,1,S GALENA ST & E VIRGINIA AVE,1,3,0,0,2,4,0,0,25,0,0,0,0,2,4,3,16
,2022-53185,-104.8472622,39.77000699,8/7/2022 2:00,2:00,5,0,0,N PEORIA ST & E 39TH AVE,1,3,0,0,6,4,0,0,35,0,0,0,0,0,4,1,3
,2022-53186,-104.9874897,39.75839372,8/7/2022 0:09,0:09,5,0,0,N BROADWAY ST & WALNUT ST,1,3,1,0,3,4,0,0,35,0,0,0,0,0,4,1,16
,2022-53190,-105.0156583,39.72478607,7/19/2022 0:55,0:55,9,1,2,W 6TH AVE & I-25 NB/SB RAMP SPLIT,1,3,1,0,6,8,0,0,30,0,0,0,0,4,2,1,16
,2022-53197,-104.9222661,39.67847173,8/6/2022 19:27,19:27,5,0,1,E EVANS AVE & S HOLLY ST,1,1,0,0,3,1,0,0,45,0,0,0,0,2,4,1,6
,2022-53203,-105.0361049,39.71469265,8/13/2022 19:42,19:42,6,0,0,100 BLK S MEADE ST & W BAYAUD AVE,1,3,0,0,1,4,0,0,25,0,0,0,0,0,4,2,12
,2022-53205,-105.0251647,39.66051127,8/9/2022 21:34,21:34,5,0,1,S FEDERAL BLVD & W DARTMOUTH AVE,1,3,0,0,1,4,0,0,40,0,0,0,0,1,2,1,13
,2022-53206,-104.9666501,39.76450172,8/13/2022 18:30,18:30,4,0,0,E BRUCE RANDOLPH AVE & N GILPIN ST,1,1,0,0,1,9,0,0,25,0,0,0,0,0,4,1,13
,2022-53209,-104.8827886,39.77412064,8/10/2022 6:19,6:19,5,0,0,N CENTRAL PARK BLVD & E 40TH AVE,1,1,1,0,3,4,0,0,35,0,0,0,0,0,4,1,3
,2022-53217,-104.9952104,39.72568672,7/18/2022 2:00,2:00,5,0,0,W 6TH AVE & N FOX ST,1,3,0,0,2,3,0,0,35,0,0,0,0,0,4,1,16
,2022-53218,-104.9986656,39.73209949,7/1/2022 23:31,23:31,5,0,0,W 10TH AVE & N SANTA FE DR,1,3,0,0,3,1,0,0,35,0,0,0,0,0,4,1,7
,2022-53222,-104.8787736,39.79403051,7/15/2022 16:24,16:24,6,0,0,E 53RD AVE & CHESTER ST,1,1,0,0,1,4,0,0,25,0,0,0,0,0,4,2,16
,2022-53223,-104.9128892,39.69142992,8/14/2022 16:21,16:21,5,0,0,S MONACO ST & E CHERRY CREEK N DR,1,1,0,0,3,3,0,0,30,0,0,0,0,0,4,1,14
,2022-53224,-104.8691117,39.69655485,8/13/2022 23:05,23:05,1,0,0,E MISSISSIPPI AVE & S GALENA ST,1,3,0,0,1,1,0,0,40,0,0,0,0,0,4,2,11
,2022-53225,-104.8631626,39.75862799,8/14/2022 7:14,7:14,5,0,0,E MLK BLVD & N IRONTON ST,1,1,0,0,3,4,0,0,30,0,0,0,0,0,4,1,2
,2022-53226,-104.9671442,39.76199913,8/14/2022 4:03,4:03,5,0,0,E MLK BLVD & N GILPIN ST,1,3,3,0,2,3,0,0,35,0,0,0,0,0,4,1,16
,2022-53228,-105.0129632,39.6858986,8/14/2022 2:10,2:10,6,0,1,W MEXICO AVE & S VALLEJO ST,1,4,0,0,2,4,0,0,20,0,0,0,0,2,4,3,16
,2022-53235,-104.8692195,39.7595222,8/14/2022 7:50,7:50,5,0,1,E 29TH DR & N GALENA ST,1,2,0,0,2,4,0,0,35,0,0,0,0,3,4,1,11
,2022-53239,-104.9439734,39.74013839,8/14/2022 22:37,22:37,5,0,0,E COLFAX AVE & N GARFIELD ST,1,3,0,0,1,1,0,0,30,0,0,0,0,0,2,1,13
,2022-53241,-104.9034567,39.74032632,8/14/2022 4:24,4:24,5,0,0,N QUEBEC ST & E COLFAX AVE,1,3,0,0,1,4,0,0,35,0,0,0,0,0,4,1,14
,2022-53244,-104.9034947,39.71128237,8/12/2022 13:28,13:28,15,0,0,E ALAMEDA AVE & S QUEBEC ST,1,1,0,0,1,1,0,0,35,0,0,0,0,0,4,2,16
,2022-53246,-105.0252332,39.77022083,8/14/2022 18:00,18:00,12,0,2,N FEDERAL BLVD & W DENVER PL,1,1,0,0,1,1,0,0,35,0,0,0,0,1,2,2,10
,2022-53247,-105.0404945,39.75849588,8/16/2022 9:50,9:50,5,0,0,4034 W 29TH AVE & N QUITMAN ST,11,1,0,1,2,4,0,0,30,0,0,0,0,0,4,1,2
,2022-53258,-104.9222861,39.71127352,8/15/2022 17:45,17:45,5,0,1,295 S HOLLY ST & E ALAMEDA AVE,11,1,0,1,2,4,0,0,25,0,0,0,0,1,4,1,2
,2022-53259,-105.0268172,39.74691529,8/15/2022 23:50,23:50,5,0,0,1921 N GROVE ST & W 19TH AVE,11,3,0,0,3,1,0,0,25,0,0,0,0,0,4,1,16
,2022-53265,-105.0396896,39.71374143,7/12/2022 18:04,18:04,5,0,0,170 S PERRY ST & W CEDAR AVE,1,1,0,0,5,2,0,0,25,0,0,0,0,0,3,2,1
,2022-53266,-104.9129834,39.6565385,8/17/2022 7:39,7:39,5,0,1,S MONACO ST & E FLOYD AVE,1,1,0,0,6,4,0,0,30,0,0,0,0,1,4,1,16
,2022-53274,-104.9687083,39.70653684,8/2/2022 11:50,11:50,6,0,0,500 BLK S FRANKLIN ST & E VIRGINIA AVE,1,1,0,0,1,12,0,0,25,0,0,0,0,0,4,2,16
,2022-53275,-104.9610166,39.73997411,8/4/2022 18:15,18:15,11,0,1,N GAYLORD ST & E COLFAX AVE,1,1,0,0,1,1,0,0,25,0,1,0,0,3,2,1,11
,2022-53276,-105.041657,39.73301555,8/17/2022 17:54,17:54,11,0,1,W 10TH AVE & N RALEIGH ST,1,1,1,0,1,3,0,0,0,0,0,1,0,2,4,1,16
,2022-53278,-104.9234389,39.74020431,8/13/2022 2:15,2:15,12,0,0,E COLFAX AVE & N HUDSON ST,1,3,0,0,1,1,0,0,35,0,0,0,0,0,2,2,16
,2022-53281,-104.9148759,39.67846297,5/27/2022 9:07,9:07,14,0,1,E EVANS AVE & S MONACO ST,1,1,0,0,1,4,0,0,40,0,0,0,0,2,4,2,14
,2022-53287,-104.9791539,39.77935673,6/18/2022 4:16,4:16,5,0,0,I-70 & N WASHINGTON ST,1,2,0,0,2,4,0,0,55,0,0,0,0,0,1,1,16
,2022-53289,-104.9769524,39.75072353,6/28/2022 1:55,1:55,6,0,0,770 BLK E 23RD AVE & N SYRACUSE ST,1,3,0,0,1,4,0,0,25,0,0,0,0,0,4,3,16
,2022-53293,-104.9921609,39.75057226,8/17/2022 22:50,22:50,5,0,0,ARAPAHOE ST & 19TH ST,1,3,0,0,3,4,0,1,20,0,0,0,0,0,4,1,14
,2022-53295,-104.9953078,39.73685763,8/16/2022 9:53,9:53,15,0,0,W 13TH AVE & N FOX ST,11,1,0,1,1,4,0,0,25,0,0,0,0,0,4,2,16
,2022-53306,-104.9000271,39.72010893,8/20/2022 16:56,16:56,5,0,1,N ROSLYN ST & E 1ST PL,1,1,0,0,4,3,0,0,35,0,0,0,0,2,4,1,16
,2022-53310,-105.0021402,39.78198031,8/21/2022 13:29,13:29,10,0,0,W 47TH AVE & N LIPAN ST,1,1,0,0,1,4,0,0,25,0,0,0,0,0,4,2,10
,2022-53315,-104.9756681,39.78043125,8/19/2022 5:30,5:30,5,0,0,NATIONAL WESTERN DR & BETTIE CRAM DR,1,2,0,0,2,1,0,0,25,0,0,0,0,0,4,1,11
,2022-53326,-104.959426,39.68280959,8/22/2022 1:25,1:25,5,0,0,S UNIVERSITY BLVD & E BUCHTEL BLVD,1,3,1,0,6,1,0,0,35,0,0,0,0,0,4,1,14
,2022-53327,-104.8928194,39.63930933,8/21/2022 18:15,18:15,5,0,0,E PRINCETON AVE & S TAMARAC DR,1,1,0,0,3,1,0,0,,0,0,0,0,0,4,1,16
,2022-53335,-105.049889,39.6388951,8/20/2022 12:10,12:10,5,0,0,W QUINCY AVE & S ZENOBIA ST,1,1,1,0,2,4,0,0,35,0,0,0,0,0,4,1,3
,2022-53336,-105.0006234,39.71321592,8/21/2022 17:51,17:51,5,0,1,I-25 & SB OFF RAMP GORE PT TO W ALAMEDA AVE,1,1,0,0,3,14,0,0,60,0,0,0,0,3,1,1,16
,2022-53339,-104.9124341,39.74379911,8/21/2022 7:23,7:23,5,0,2,MONACO PKWY & E 17TH AVE,1,1,0,0,3,3,0,0,35,0,0,0,0,3,4,1,16
,2022-53356,-104.9991984,39.7117126,8/24/2022 19:27,19:27,15,0,0,I-25 & E ALAMEDA AVE,1,1,0,0,1,4,0,0,55,0,0,0,0,0,1,2,14
,2022-53360,-104.9597902,39.74476761,8/23/2022 16:59,16:59,5,0,1,N YORK ST & E 18TH AVE,1,1,0,0,3,1,0,0,30,0,0,0,0,1,4,2,1
,2022-53371,-104.9268182,39.76922743,8/24/2022 23:04,23:04,16,0,0,5201 E 38TH AVE & N FOREST ST,14,3,3,0,5,14,0,0,,0,0,0,0,0,3,1,16
,2022-53372,-104.9124086,39.76182719,8/24/2022 20:49,20:49,5,0,0,N MONACO ST & E MLK BLVD,1,3,0,0,2,3,0,0,35,0,0,0,0,0,4,1,16
,2022-53381,-105.0330016,39.76948628,8/26/2022 12:51,12:51,3,0,4,W 38TH AVE & KING ST,1,1,0,0,1,2,0,0,10,0,0,0,0,1,4,2,11
,2022-53383,-105.0251281,39.75470234,8/26/2022 12:20,12:20,5,0,1,N FEDERAL BLVD & W 26TH AVE,1,1,0,0,3,3,0,0,35,0,0,0,0,1,2,1,10
,2022-53388,-105.0226605,39.71115433,8/25/2022 19:20,19:20,3,0,3,S DECATUR ST & W ALAMEDA AVE,1,1,0,0,1,1,0,0,25,0,0,0,0,2,2,2,16
,2022-53395,-105.0263595,39.6967442,8/27/2022 22:19,22:19,5,0,0,W MISSISSIPPI AVE & GROVE ST,1,3,0,0,3,4,0,0,25,0,0,0,0,0,4,2,1
,2022-53397,-104.7540141,39.77726474,8/30/2022 13:25,13:25,5,0,0,N HIMALAYA RD & E MITCHELL PL,1,1,0,0,2,1,0,0,25,0,0,0,0,0,4,1,1
,2022-53399,-104.9905766,39.72892843,8/31/2022 1:50,1:50,3,0,1,W 8TH AVE & N SPEER BLVD,1,3,0,0,1,1,0,0,30,0,0,0,0,3,4,2,14