id,drcog_id,longitude,latitude,crashtime,time,crashtype,numbkilled,numbinjurd,drcoglocat,rdconditin,lightngcon,roadcntgrd,weatherco,location,roaddescrp,schoolzone,constrzone,splimit,bikeinv,pedinv,sctrinv,motoinv,svrty,rdsystem,ttlvehcls,hcf
,2022-53401,-104.9117577,39.76564691,5/27/2022 15:09,15:09,3,0,1,N MAGNOLIA ST & E 35TH AVE,1,1,0,0,1,1,0,0,30,0,0,0,0,2,4,2,16
,2022-53407,-104.9933331,39.69541995,8/23/2022 2:03,2:03,16,0,1,1200 BLK S PLATTE RIVER DR & W ARIZONA AVE,1,3,0,0,5,7,0,0,45,0,0,0,0,3,2,2,1
,2022-53414,-104.9320044,39.76447981,8/4/2022 5:02,5:02,5,0,0,E BRUCE RANDOLPH AVE & DAHLIA,1,3,1,0,4,1,0,0,25,0,0,0,0,0,4,1,1
,2022-53415,-105.0006063,39.74405842,6/10/2022 1:17,1:17,5,0,0,N SPEER BLVD & ARAPAHOE ST,1,3,0,0,2,1,0,0,40,0,0,0,0,0,4,1,16
,2022-53416,-104.9878109,39.76008098,8/24/2022 19:17,19:17,11,0,1,N BROADWAY ST & BLAKE ST,1,2,0,0,1,9,0,0,20,0,0,1,0,2,4,1,13
,2022-53429,-104.67963,39.85051349,8/27/2022 7:29,7:29,5,0,0,PENA BLVD & E 83RD AVE,1,1,0,0,5,4,0,0,10,0,0,0,0,0,3,1,8
,2022-53430,-105.0252,39.77127501,8/27/2022 0:42,0:42,5,0,1,N FEDERAL BLVD & W 39TH AVE,1,3,0,0,2,4,0,0,35,0,0,0,0,2,2,2,16
,2022-53432,-104.9511906,39.75953888,8/31/2022 11:00,11:00,5,0,0,S PAUL ST & 3000 BLK,1,1,0,0,3,4,0,1,25,0,0,0,0,0,4,1,3
,2022-53441,-104.9782991,39.78553354,8/31/2022 21:49,21:49,5,0,0,N WASHINGTON ST & 4800 BLK,1,3,0,0,3,4,0,0,35,0,0,0,0,0,4,1,3
,2022-53443,-104.9318502,39.76448045,8/19/2022 17:30,17:30,5,0,0,N DAHLIA ST & E BRUCE RANDOLPH AVE,1,1,1,0,4,3,0,0,30,0,0,0,0,1,4,1,1
,2022-53444,-104.9405291,39.68311149,9/1/2022 14:01,14:01,5,0,1,S COLORADO BLVD & I-25 NB RAMPS,1,1,0,0,6,1,0,0,55,0,0,0,0,2,2,1,10
,2022-53453,-104.67403,39.85192349,8/22/2022 13:37,13:37,16,0,0,PENA BLVD & LEVEL 4 EAST ENTRANCE,1,1,0,0,5,4,0,0,15,0,0,0,0,0,2,1,11
,2022-53478,-105.1079517,39.63430269,9/4/2022 3:59,3:59,5,0,0,W STANFORD AVE & S JELLISON ST,1,3,0,7,3,4,0,0,30,0,0,0,0,0,4,2,2
,2022-53481,-105.0250875,39.70394961,8/29/2022 17:58,17:58,1,0,1,S FEDERAL BLVD & W EXPOSITION AVE,1,1,0,0,1,1,0,0,40,0,0,0,0,1,2,3,16
,2022-53482,-104.9124622,39.73711462,8/19/2022 7:49,7:49,5,0,0,E 13TH AVE & N MONACO PKWY,1,2,0,0,2,1,0,0,35,0,0,0,0,0,4,1,16
,2022-53484,-104.7715333,39.83348325,8/29/2022 4:52,4:52,5,0,0,N PENA BLVD & N TOWER RD,1,3,0,0,2,4,0,0,65,0,0,0,0,0,4,1,16
,2022-53491,-105.0064252,39.78313348,9/2/2022 16:00,16:00,5,0,0,I-70 & N PECOS ST,1,1,1,0,3,4,0,0,55,0,0,0,0,0,1,1,16
,2022-53492,-104.9687045,39.71111737,9/5/2022 19:59,19:59,3,0,0,S FRANKLIN ST & E ALAMEDA AVE,1,2,1,0,1,1,0,0,30,0,0,0,0,0,4,2,13
,2022-53495,-104.9791463,39.7797555,9/4/2022 22:55,22:55,5,0,1,I-70 & WB OFF RAMP GORE PT TO N WASHINGTON ST,1,3,0,0,6,14,0,0,55,0,0,0,0,2,1,1,14
,2022-53505,-104.92224,39.68374255,9/6/2022 4:40,4:40,5,0,0,S HOLLY ST & E COLORADO AVE,1,3,0,0,2,4,0,0,30,0,0,0,0,0,4,1,2
,2022-53506,-104.978739,39.74326731,9/5/2022 19:23,19:23,8,0,1,E 17TH AVE & N WASHINGTON ST,1,1,0,0,1,1,0,0,35,0,0,0,0,2,4,2,9
,2022-53507,-104.9058177,39.74378739,9/6/2022 8:05,8:05,3,0,1,N PONTIAC ST & E 17TH AVE,1,1,0,0,1,1,0,0,25,0,0,0,0,2,4,2,11
,2022-53508,-104.9678899,39.7181797,8/19/2022 2:27,2:27,5,0,0,E 1ST AVE & N HUMBOLDT ST,1,3,0,0,6,4,0,0,35,0,0,0,0,0,4,1,16
,2022-53509,-104.890573,39.75352822,9/4/2022 1:46,1:46,5,0,0,N CENTRAL PARK BLVD & E 25TH DR,1,3,0,0,3,4,0,0,40,0,0,0,0,0,4,1,16
,2022-53511,-104.9708741,39.76324582,9/7/2022 5:14,5:14,5,0,0,N LAFAYETTE ST & E 33RD AVE,1,3,0,0,4,1,0,0,25,0,0,0,0,0,4,1,1
,2022-53515,-104.9406123,39.74007432,9/7/2022 15:10,15:10,3,0,0,N COLORADO BLVD & E COLFAX AVE,1,1,0,0,1,3,0,0,35,0,1,0,0,0,2,2,14
,2022-53518,-104.9835584,39.74486789,9/7/2022 8:21,8:21,2,0,1,E 18TH AVE & N GRANT ST,1,1,0,1,1,1,0,0,30,1,0,0,0,1,4,1,16
,2022-53519,-104.7863809,39.80570389,9/4/2022 8:42,8:42,5,0,1,PENA BLVD OUTBOUND & E 56TH AVE,1,1,3,0,3,4,0,0,65,0,0,0,0,2,4,1,3
,2022-53522,-105.0394547,39.72427069,9/3/2022 18:43,18:43,5,0,0,PERRY ST & N 5TH ST,1,4,0,0,3,4,0,0,25,0,0,0,0,0,4,1,3
,2022-53527,-105.0174256,39.76685924,9/8/2022 17:30,17:30,3,0,0,ALCOTT ST & W 36TH AVE,1,1,0,0,1,1,0,0,25,0,0,0,0,0,4,2,16
,2022-53528,-104.8987711,39.7298595,9/8/2022 0:21,0:21,5,0,1,SYRACUSE ST & E 8TH AVE,1,3,0,0,4,3,0,0,25,0,0,0,0,3,4,1,6
,2022-53530,-104.986902,39.72564223,9/7/2022 23:46,23:46,5,0,0,W 6TH AVE & N BROADWAY ST,1,3,0,0,2,4,0,0,35,0,0,0,0,0,2,1,2
,2022-53536,-105.0138394,39.73837377,9/7/2022 16:00,16:00,5,0,1,I-25 & NB OFF RAMP GORE PT TO AURARIA PKWY,1,1,0,0,2,14,0,0,55,0,0,0,0,1,1,1,1
,2022-53553,-105.018696,39.70044492,9/8/2022 15:55,15:55,5,0,0,W KENTUCKY AVE & S CANOSA CT,1,1,0,0,3,4,0,0,25,0,0,0,0,0,4,1,14
,2022-53560,-104.9991495,39.6966933,9/9/2022 15:10,15:10,3,0,0,W MISSISSIPPI AVE & S JASON ST,1,1,0,0,1,1,0,0,30,0,0,0,0,0,4,2,3
,2022-53574,-105.0064491,39.76805493,9/13/2022 8:34,8:34,3,0,1,W 37TH AVE & N PECOS ST,14,1,0,0,1,1,0,0,25,0,0,0,0,2,4,2,11
,2022-53576,-104.9200588,39.71119691,9/12/2022 1:24,1:24,5,0,1,E ALAMEDA AVE & S JERSEY ST,1,3,1,0,3,3,0,0,35,0,0,0,0,3,4,1,1
,2022-53583,-105.0308349,39.70034162,8/28/2022 2:51,2:51,5,0,0,W KENTUCKY AVE & S IRVING ST,1,3,0,0,2,4,0,0,25,0,0,0,0,0,4,2,16
,2022-53585,-105.0440578,39.71496351,9/13/2022 16:32,16:32,3,0,0,100 S UTICA ST & W BAYAUD AVE,1,1,0,0,1,1,0,0,25,0,0,0,0,1,4,2,13
,2022-53588,-104.9935744,39.69125544,9/13/2022 14:43,14:43,10,0,0,S SANTA FE DR & W FLORIDA AVE,1,1,0,0,1,2,0,0,,0,0,0,0,0,2,2,13
,2022-53589,-104.9250728,39.66755592,9/13/2022 23:51,23:51,5,0,0,I-25 & E YALE AVE NB RAMPS,1,3,1,0,6,1,0,0,65,0,0,0,0,0,1,1,16
,2022-53596,-105.0439868,39.75487955,9/16/2022 0:36,0:36,5,0,0,W 26TH AVE & N TENNYSON ST,1,3,0,0,3,4,0,0,35,0,0,0,0,0,4,1,9
,2022-53600,-104.7683182,39.77465831,9/15/2022 14:50,14:50,5,0,0,E 43RD AVE & 18703 E MITCHELL PL,1,1,0,0,3,4,0,0,25,0,0,0,0,0,4,1,7
,2022-53605,-104.9875752,39.7111304,9/14/2022 21:36,21:36,10,0,0,S BROADWAY ST & ALAMEDA AVE,11,3,0,0,1,3,0,0,35,0,0,0,0,0,4,2,11
,2022-53606,-104.931703,39.65303648,9/16/2022 7:15,7:15,1,0,1,E HAMPDEN AVE & S DAHLIA ST,1,2,1,0,1,1,0,0,30,0,0,0,0,2,2,3,11
,2022-53617,-104.9756463,39.75666932,9/17/2022 0:24,0:24,3,0,0,29TH ST & WELTON ST,1,3,0,0,1,1,0,0,,0,0,0,0,0,4,2,16
,2022-53624,-104.7760777,39.8243694,9/15/2022 5:20,5:20,5,0,0,E 71ST AVE & RIVERWOOD PL,1,3,0,0,3,4,0,0,35,0,0,0,0,0,4,1,16
,2022-53631,-104.8943604,39.76733617,9/18/2022 12:57,12:57,3,0,1,N ULSTER ST & E 36TH AVE,1,1,0,0,1,1,0,0,35,0,0,0,0,1,4,2,8
,2022-53633,-105.0250114,39.68497788,7/25/2022 1:35,1:35,15,0,0,S FEDERAL BLVD & W COLORADO AVE,1,3,0,0,1,3,0,0,35,0,0,0,0,0,2,2,16
,2022-53641,-104.9827819,39.7111403,9/15/2022 20:54,20:54,3,0,2,E ALAMEDA AVE & S LOGAN ST,1,3,0,0,1,1,0,0,30,0,0,0,0,2,4,2,3
,2022-53642,-104.9034576,39.74007895,9/19/2022 1:07,1:07,3,0,1,E COLFAX AVE & N QUEBEC ST,1,3,0,0,1,1,0,0,35,0,0,0,0,2,2,2,14
,2022-53649,-105.0154769,39.69676292,9/10/2022 6:00,6:00,5,0,1,W MISSISSIPPI AVE & S ZUNI ST,11,3,0,1,2,4,0,0,30,0,0,0,0,3,4,1,7
,2022-53651,-104.8921163,39.72557856,7/15/2022 22:45,22:45,5,0,2,E 6TH AVE & N UINTA WAY,11,3,0,1,3,6,0,0,35,0,0,0,0,2,4,1,1
,2022-53655,-104.8987475,39.73727355,8/10/2022 7:01,7:01,2,1,0,E 13TH AVE & N SYRACUSE ST,1,1,0,0,1,1,0,0,30,1,0,0,0,4,4,1,16
,2022-53661,-105.0394557,39.72454533,9/17/2022 22:04,22:04,3,0,0,N PERRY ST & W 5TH AVE,1,3,0,0,1,1,0,0,25,0,0,0,0,1,4,2,13
,2022-53662,-104.9839889,39.69031263,9/14/2022 20:40,20:40,5,0,0,1445 S GRANT ST ALLEY & E ARKANSAS AVE,11,1,3,1,2,9,0,0,,0,0,0,0,0,4,1,16
,2022-53665,-105.0201328,39.72931234,9/15/2022 11:55,11:55,16,0,0,W 8TH AVE & N CANOSA CT,1,1,0,0,5,4,0,0,30,0,0,0,0,0,3,1,16
,2022-53674,-104.9861427,39.74984596,8/31/2022 17:06,17:06,15,0,0,21ST ST & CALIFORNIA ST,1,1,0,0,1,1,0,0,20,0,0,0,0,0,4,2,3
,2022-53678,-105.0158351,39.76202623,8/31/2022 15:37,15:37,5,0,0,N ZUNI ST & W 32ND AVE,1,3,0,0,3,1,0,0,30,0,0,0,0,0,4,1,13
,2022-53679,-104.8296712,39.79805966,9/5/2022 2:23,2:23,5,0,1,E 56TH AVE & N WORCHESTER ST,1,3,0,0,3,4,0,0,40,0,0,0,0,3,4,1,1
,2022-53681,-105.0346183,39.76408407,8/30/2022 16:20,16:20,6,0,0,3300 BLK N LOWELL BLVD & W 33RD AVE,1,1,0,0,1,3,0,0,30,0,0,0,0,0,4,3,1
,2022-53682,-104.9128801,39.77800023,9/21/2022 12:55,12:55,3,0,0,N MONACO ST & E 44TH AVE,1,1,0,0,1,1,0,0,35,0,0,0,0,1,4,2,16
,2022-53688,-104.8893823,39.73870436,9/1/2022 18:12,18:12,5,0,0,WABASH ST & E 14TH AVE,1,1,0,0,2,3,0,0,30,0,0,0,0,0,4,1,16
,2022-53689,-104.8851084,39.63883446,9/19/2022 17:04,17:04,1,0,1,S YOSEMITE ST & I-225 SB RAMPS,1,1,0,0,1,1,0,0,45,0,0,0,0,2,1,2,16
,2022-53692,-104.9874818,39.69103128,9/22/2022 3:05,3:05,5,0,1,S BROADWAY ST & E ARKANSAS AVE,11,3,0,1,6,4,0,0,30,0,0,0,0,2,4,1,2
,2022-53693,-104.9069934,39.76802636,9/21/2022 10:31,10:31,5,0,1,N OLIVE ST & E 38TH AVE,1,1,0,0,2,4,0,0,25,0,0,0,0,2,4,1,16
,2022-53699,-104.996077,39.78192974,9/22/2022 23:06,23:06,15,0,1,I-70 & N WASHINGTON ST,1,3,0,0,3,4,0,0,55,0,0,0,0,1,1,2,13
,2022-53702,-104.6807667,39.84544619,9/23/2022 10:59,10:59,5,0,0,PENA BLVD OUTBOUND & E 84TH AVE,1,1,0,0,2,4,0,0,45,0,0,0,0,0,4,1,1
,2022-53706,-105.0026475,39.74762721,9/23/2022 21:02,21:02,1,0,0,N SPEER BLVD & AURARIA PKWY,1,3,0,0,1,1,0,0,30,0,0,0,0,0,4,2,11
,2022-53714,-104.922315,39.77257752,9/3/2022 14:47,14:47,5,0,0,N HOLLY ST & E STAPLETON DR N,1,1,0,0,2,1,0,0,35,0,0,0,0,0,4,1,13
,2022-53720,-105.0111199,39.77938383,9/21/2022 5:31,5:31,5,0,0,N SHOSHONE ST & N TEJON ST,1,1,0,0,3,3,0,0,30,0,0,0,0,0,4,2,16
,2022-53724,-104.9510068,39.72096354,8/25/2022 15:32,15:32,1,0,0,E 3RD AVE & N ST PAUL ST,1,1,0,0,1,1,0,0,10,0,0,0,0,0,4,2,16
,2022-53729,-104.9875281,39.7021342,9/24/2022 21:33,21:33,5,0,1,S BROADWAY ST & E OHIO AVE,1,3,0,0,6,1,0,0,30,0,0,0,0,2,4,1,16
,2022-53730,-104.9967072,39.70677886,9/24/2022 23:30,23:30,5,0,2,S KALAMATH ST & I-25 SB ON RAMP,1,3,0,0,6,1,0,0,35,0,0,0,0,2,2,2,16
,2022-53732,-104.747168,39.82900345,9/25/2022 17:53,17:53,5,0,1,E-470 & MM 27.5,1,1,0,0,2,4,0,0,75,0,0,0,0,2,2,1,14
,2022-53739,-104.7584139,39.78815888,9/21/2022 0:40,0:40,5,0,0,N HIMALAYA WAY & N FUNDY ST,1,3,0,0,3,3,0,0,30,0,0,0,0,0,4,1,1
,2022-53746,-105.0108849,39.72092738,9/25/2022 19:21,19:21,5,0,0,W 3RD AVE & S NAVAJO ST,1,3,0,0,2,2,0,0,25,0,0,0,0,0,4,1,13
,2022-53752,-104.9776123,39.7384128,9/24/2022 21:35,21:35,10,0,0,N CLARKSON ST & E 14TH AVE,1,3,0,0,1,1,0,0,30,0,0,0,0,0,4,2,11
,2022-53755,-104.9034588,39.73289501,9/22/2022 6:55,6:55,5,0,0,E 11TH AVE & N QUEBEC ST,1,1,0,0,3,1,0,0,30,0,0,0,0,0,4,1,14
,2022-53762,-104.9092899,39.77852549,9/28/2022 14:50,14:50,5,0,1,I-70 & N MONACO ST,1,1,0,0,3,14,0,0,55,0,0,0,0,2,1,1,2
,2022-53763,-105.0455723,39.73656494,9/19/2022 2:30,2:30,5,0,0,UTICA ST & 1295 BLK S,1,4,0,0,3,4,0,0,25,0,0,0,0,0,4,1,16
,2022-53770,-105.0113471,39.72378947,9/11/2022 1:08,1:08,5,0,0,I-25 NB OFF RAMP & EB/WB SPLIT TO W 6TH AVE FWY,1,3,0,0,3,8,0,0,45,0,0,0,0,0,1,1,16
,2022-53771,-104.9596519,39.77221982,9/19/2022 22:29,22:29,5,0,0,N YORK ST & N YORK LN,1,3,0,0,6,3,0,0,35,0,0,0,0,0,4,1,16
,2022-53779,-104.9360598,39.67958138,9/16/2022 21:57,21:57,5,0,2,E COLORADO CENTER DR & S BIRCH ST,1,3,0,0,2,1,0,0,25,0,0,0,0,1,4,1,2
,2022-53781,-104.9293905,39.76184389,9/1/2022 23:31,23:31,3,0,2,E MLK BLVD & N ELM ST,1,3,0,0,1,1,0,0,35,0,0,0,0,3,4,2,1
,2022-53784,-104.9945466,39.69304269,9/9/2022 16:33,16:33,5,0,0,PLATTE RIVER DR & 1207 BLK S ,1,1,0,0,2,7,0,0,40,0,0,0,0,0,4,1,16
,2022-53786,-104.8858144,39.74197826,9/10/2022 22:35,22:35,5,0,0,E 16TH AVE & N XENIA ST,1,3,0,0,3,3,0,0,35,0,0,0,0,0,4,1,9
,2022-53787,-105.0249563,39.7115187,8/15/2022 18:37,18:37,5,0,1,S FEDERAL BLVD & W ALAMEDA AVE,11,1,0,1,3,3,0,0,35,0,1,0,0,3,2,2,3
,2022-53789,-104.9536001,39.7776666,9/12/2022 21:06,21:06,5,0,0,E 44TH AVE & N CLAYTON ST,1,3,0,0,2,9,0,0,30,0,0,0,0,0,4,1,16
,2022-53791,-105.0756597,39.63970683,8/13/2022 0:00,0:00,5,0,1,7100 BLOCK W PRINCETON AVE & S PIERCE ST,1,3,0,0,3,3,0,0,25,0,0,0,0,2,4,1,2
,2022-53792,-104.8172121,39.78145529,8/31/2022 17:16,17:16,5,0,0,E BOLLING DR & N ENID WAY,1,1,0,0,2,4,0,0,25,0,0,0,0,0,4,1,16
,2022-53794,-104.8658804,39.79451026,8/19/2022 18:30,18:30,3,0,3,E 54TH AVE & N HAVANA ST,1,1,0,0,1,1,0,0,30,0,0,0,0,2,4,2,1
,2022-53796,-104.9590264,39.72866083,9/14/2022 23:31,23:31,5,0,0,JOSEPHINE ST & E 8TH AVE,1,3,1,0,2,4,0,0,30,0,0,0,0,0,4,1,16
,2022-53797,-104.9899478,39.78054374,7/31/2022 9:02,9:02,5,0,1,I-25 SB ON RAMP FROM WB I-70 & I-25 NB/SB RAMP SPLIT,1,1,2,0,3,8,0,0,55,0,0,0,0,3,1,1,16
,2022-53800,-104.9732337,39.76451237,8/15/2022 18:57,18:57,5,0,0,E BRUCE RANDOLPH AVE & N DOWNING ST,11,2,0,1,3,3,0,0,25,0,0,0,0,0,4,1,16
,2022-53804,-105.0213115,39.69301007,9/30/2022 4:00,4:00,5,0,0,1305 S DALE CT & W LOUISIANA AVE,11,3,0,1,3,4,0,0,25,0,0,0,0,0,4,1,16
,2022-53807,-104.9086847,39.64064371,9/30/2022 21:33,21:33,5,0,1,E PRINCETON AVE & S ONEIDA ST,11,3,0,1,6,4,0,0,30,0,0,0,0,2,4,1,7
,2022-53811,-104.8354746,39.79322832,10/2/2022 11:02,11:02,5,0,0,E 55TH AVE & N UVALDA ST,11,1,0,1,3,3,0,0,25,0,0,0,0,0,4,1,16
,2022-53814,-104.9318526,39.76286522,9/23/2022 0:02,0:02,5,0,0,N DAHILA ST & E THRILL PL,1,3,0,0,3,1,0,0,30,0,0,0,0,0,4,1,16
,2022-53820,-105.0437917,39.67650071,10/2/2022 16:41,16:41,5,0,0,S TENNYSON ST & W WARREN AVE,1,1,0,0,3,4,0,0,25,0,0,0,0,0,4,1,16
,2022-53826,-104.7832718,39.8074244,9/27/2022 14:22,14:22,5,0,0,PENA BLVD & N TOWER RD,1,1,0,0,3,4,0,0,65,0,0,0,0,0,4,1,16
,2022-53827,-104.9429083,39.71149524,9/30/2022 6:16,6:16,5,0,0,E ALAMEDA AVE & S JACKSON ST,1,2,0,0,3,4,0,0,30,0,0,0,0,0,4,1,16
,2022-53829,-105.0041976,39.77178343,10/3/2022 10:24,10:24,3,0,0,W 40TH AVE & N NAVAJO ST,1,1,0,0,1,1,0,0,25,0,0,0,0,1,4,2,13
,2022-53835,-105.0532464,39.75482886,9/1/2022 10:00,10:00,2,0,1,W 26TH AVE & N SHERIDAN BLVD,1,1,0,0,1,1,0,0,0,1,0,0,0,2,2,1,16
,2022-53840,-105.0064273,39.78326345,9/15/2022 18:40,18:40,12,0,0,I-70 & N PECOS ST,1,2,0,0,1,4,0,0,55,0,0,0,0,0,1,2,16
,2022-53844,-104.9891411,39.78405353,8/20/2022 2:44,2:44,5,0,1,I-25 & W 48TH AVE,1,3,0,0,3,4,0,0,55,0,0,0,0,1,1,1,16
,2022-53845,-104.928632,39.66747994,9/17/2022 18:51,18:51,5,0,0,E YALE CIR & E YALE AVE,1,2,0,0,6,1,0,0,30,0,0,0,0,0,4,1,11
,2022-53858,-104.8035425,39.78787935,10/2/2022 17:40,17:40,6,0,0,5201 N JASPER ST & N KALISPELL ST,1,1,0,0,1,4,0,0,25,0,0,0,0,0,4,2,16
,2022-53860,-104.9241696,39.65310859,10/3/2022 22:45,22:45,5,0,0,E HAMPDEN AVE & S HUDSON WY,11,3,0,1,3,4,0,0,45,0,0,0,0,0,2,1,14
,2022-53862,-104.9188119,39.76289381,10/3/2022 11:15,11:15,5,0,0,N JASMINE/KEARNEY ALLEY & E MLK BLVD,1,1,0,0,3,9,0,0,15,0,0,0,0,0,4,1,16
,2022-53865,-104.9464375,39.68204487,10/4/2022 3:30,3:30,6,0,0,E JEWELL AVE & S MADISON ST,11,3,0,7,1,4,0,0,25,0,0,0,0,0,4,3,16
,2022-53867,-104.7517046,39.79495718,10/4/2022 1:30,1:30,5,0,0,E MAXWELL PL & N IRELAND ST,11,3,0,1,3,4,0,0,30,0,0,0,0,0,4,1,2
,2022-53872,-104.9927191,39.74744493,10/3/2022 10:35,10:35,2,0,1,17TH ST & CHAMPA ST,1,1,0,0,1,1,0,0,0,1,0,0,0,2,4,1,16
,2022-53874,-105.0110311,39.68051807,10/4/2022 12:51,12:51,3,0,2,W ASBURY AVE & S TEJON ST,1,1,0,0,1,1,0,0,30,0,0,0,0,2,4,2,11
,2022-53879,-104.9407633,39.78004131,10/5/2022 17:33,17:33,1,0,0,N COLORADO BLVD & E 46TH S DR,1,1,0,0,1,1,0,0,35,0,0,0,0,0,2,2,13
,2022-53880,-105.0276102,39.76936026,10/6/2022 15:41,15:41,1,0,2,W 38TH AVE & N GROVE ST,1,1,0,0,1,1,0,0,35,0,0,0,0,1,4,2,13
,2022-53884,-105.0532479,39.79106417,10/8/2022 5:54,5:54,3,0,0,W 52ND AVE & N SHERIDAN BLVD,1,4,0,0,1,1,0,0,35,0,0,0,0,0,2,2,16
,2022-53887,-105.0043198,39.76094363,10/5/2022 0:10,0:10,5,0,0,20TH ST & I-25 NB RAMPS,1,3,2,0,6,1,0,0,35,0,0,0,0,0,4,1,14
,2022-53890,-104.9952965,39.76911591,10/7/2022 2:59,2:59,5,0,0,W 38TH AVE & N FOX ST,1,3,0,0,3,4,0,0,35,0,0,0,0,1,4,1,16
,2022-53895,-105.0324556,39.7112576,10/2/2022 4:42,4:42,5,0,0,W ALAMEDA AVE & S KNOX CT,1,3,0,0,3,1,0,0,40,0,0,0,0,0,2,1,16
,2022-53902,-104.8941744,39.72742817,8/4/2022 0:15,0:15,16,0,0,729 N ULSTER WY & nan,1,3,0,0,5,7,0,0,,0,0,0,0,0,3,1,16
,2022-53906,-104.9222859,39.7112149,10/7/2022 13:55,13:55,1,0,0,E ALAMEDA AVE & S HOLLY ST,1,1,0,0,1,1,0,0,35,0,0,0,0,0,4,2,13
,2022-53911,-104.9041574,39.656718,8/21/2022 0:07,0:07,5,0,2,3300 BLOCK S QUEBEC ST & E DARTMOUTH AVE,1,3,0,0,3,4,0,0,35,0,0,0,0,3,4,1,9
,2022-53915,-104.7762074,39.83202209,10/7/2022 1:45,1:45,5,0,0,PENA BLVD & TOWER RD,1,3,0,0,3,4,0,0,65,0,0,0,0,0,4,1,16
,2022-53917,-105.0297243,39.69378782,10/10/2022 0:04,0:04,6,0,2,S IRVING ST & W LOUISIANA AVE,1,3,0,0,1,4,0,0,25,0,0,0,0,2,4,4,16
,2022-53925,-104.7788864,39.83061992,10/7/2022 5:30,5:30,12,0,0,7500 BLK PENA BLVD OUTBOUND & N TOWER RD,1,3,0,0,1,4,0,0,65,0,0,0,0,0,4,2,1
,2022-53929,-105.0130843,39.75514297,10/8/2022 2:39,2:39,15,0,0,I-25 & N SPEER BLVD,1,3,0,0,3,4,0,0,55,0,0,0,0,0,1,2,16
,2022-53935,-105.0442573,39.68821575,10/10/2022 8:25,8:25,3,0,0,W IOWA AVE & S TENNYSON ST,1,1,0,0,1,3,0,0,25,0,0,0,0,0,4,2,13
,2022-53940,-104.9593851,39.67307074,10/9/2022 12:40,12:40,15,0,0,2400 BLK S UNIVERSITY BLVD & E WELSEY AVE,1,1,1,0,1,3,0,0,30,0,0,0,0,0,4,2,1
,2022-53943,-104.9755959,39.75663059,10/9/2022 0:00,0:00,5,0,0,29TH ST & WELTON ST,1,3,0,0,2,3,0,0,25,0,0,0,0,0,4,1,1
,2022-53961,-104.9826426,39.71576128,7/18/2022 14:41,14:41,6,0,0,41 S LOGAN ST ALLEY & E BAYAUD AVE,1,1,0,0,2,9,0,0,25,0,0,0,0,0,4,2,9
,2022-53965,-104.987404,39.72909482,10/11/2022 8:30,8:30,5,0,0,W 8TH AVE & N BROADWAY ST,1,1,0,0,3,1,0,0,30,0,0,0,0,0,4,1,3
,2022-53968,-104.9128866,39.68367743,10/7/2022 18:46,18:46,12,0,0,S MONACO ST & E COLORADO DR,1,3,3,0,1,1,0,0,35,0,0,0,0,0,4,2,16
,2022-53971,-104.9874355,39.72563832,9/3/2022 0:07,0:07,2,0,1,W 6TH AVE & N BROADWAY ST,1,3,0,0,1,1,0,0,35,1,0,0,0,3,4,1,16
,2022-53972,-104.9697002,39.77976726,9/26/2022 2:06,2:06,5,0,1,I-70 & EB OFF RAMP GORE PT TO N BRIGHTON BLVD,1,3,1,0,2,14,0,0,65,0,0,0,0,2,1,1,16
,2022-53973,-104.6665369,39.85078574,10/13/2022 5:40,5:40,16,0,0,PENA BLVD INBOUND & 8400 BLK,1,3,0,0,5,4,0,0,15,0,0,0,0,0,3,1,8
,2022-53974,-104.9405114,39.76180251,9/2/2022 23:23,23:23,5,0,0,N COLORADO BLVD & E MLK BLVD,1,3,0,0,6,1,0,0,35,0,0,0,0,0,2,1,16
,2022-53975,-105.0050304,39.75014384,10/2/2022 1:52,1:52,5,0,0,N SPEER BLVD & CHOPPER CIR,1,3,0,0,3,4,0,0,35,0,0,0,0,0,4,1,16
,2022-53976,-104.7979599,39.78378637,9/12/2022 4:03,4:03,5,0,0,N MEMPHIS ST & E GVR BLVD,1,3,0,0,3,1,0,0,30,0,0,0,0,0,4,1,16
,2022-53980,-104.6726896,39.84927906,10/7/2022 11:12,11:12,16,0,1,PENA BLVD & LEVEL 6 E,1,1,0,0,5,4,0,0,15,0,0,0,0,2,2,1,16
,2022-53984,-104.9610076,39.74321592,10/12/2022 17:20,17:20,3,0,1,N GAYLORD ST & E 17TH AVE,1,1,0,0,1,1,0,0,35,0,0,0,0,2,4,2,11
,2022-53986,-105.0250142,39.7129994,10/2/2022 4:04,4:04,5,0,0,S FEDERAL BLVD & W CEDAR AVE,1,3,2,0,6,4,0,0,40,0,0,0,0,0,2,1,16
,2022-53987,-105.0251303,39.72554639,10/4/2022 2:50,2:50,5,0,0,W 6TH AVE & WB OFF RAMP GORE PT TO N FEDERAL BLVD,11,4,1,0,3,14,0,0,55,0,0,0,0,0,2,1,16
,2022-53988,-104.8645534,39.75676149,9/27/2022 0:16,0:16,5,0,0,2776 N IOLA ST & E 28TH AVE,1,3,0,0,2,4,0,0,25,0,0,0,0,0,4,1,16
,2022-53989,-104.8681199,39.65642661,9/27/2022 19:15,19:15,4,0,0,10225 E GIRARD AVE & S HAVANA ST,1,2,0,0,1,4,0,0,30,0,0,0,0,0,4,1,16
,2022-53990,-104.9789679,39.77643451,10/2/2022 18:21,18:21,5,0,0,N WASHINGTON ST & RINGSBY CT,1,3,0,0,3,4,0,0,35,0,0,0,0,0,4,1,16