id,drcog_id,longitude,latitude,crashtime,time,crashtype,numbkilled,numbinjurd,drcoglocat,rdconditin,lightngcon,roadcntgrd,weatherco,location,roaddescrp,schoolzone,constrzone,splimit,bikeinv,pedinv,sctrinv,motoinv,svrty,rdsystem,ttlvehcls,hcf
,2022-53994,-104.8827688,39.77727111,10/3/2022 22:16,22:16,5,0,0,I-70 & N CENTRAL PARK BLVD,11,3,0,0,3,4,0,0,70,0,0,0,0,0,1,1,16
,2022-53995,-104.8930377,39.63867973,9/25/2022 23:18,23:18,5,0,0,E QUINCY AVE & S TAMARAC DR,1,3,0,0,3,4,0,0,35,0,0,0,0,0,4,1,16
,2022-53996,-104.835481,39.79248435,9/20/2022 20:00,20:00,5,0,0,E ELMENDORF PL & N UVALDA ST,1,3,0,0,2,4,0,0,,0,0,0,0,0,4,3,16
,2022-54003,-104.9905766,39.72892843,10/15/2022 4:15,4:15,3,0,3,W 8TH AVE & N SPEER BLVD,1,3,0,0,1,1,0,0,25,0,0,0,0,2,4,2,16
,2022-54012,-105.0112078,39.770506,9/28/2022 8:30,8:30,2,0,1,N TEJON ST & W 39TH AVE,1,1,0,0,1,1,0,0,30,1,0,0,0,2,4,1,11
,2022-54014,-104.91256,39.72533832,10/15/2022 15:48,15:48,3,0,0,N MONACO ST & E 6TH AVE,1,1,0,0,1,1,0,0,30,0,0,0,0,0,4,2,8
,2022-54023,-105.0532406,39.76033307,10/16/2022 2:40,2:40,5,0,0,N SHERIDAN BLVD & W 30TH AVE,1,3,1,0,3,4,0,0,35,0,0,0,0,0,2,1,13
,2022-54027,-104.9405009,39.76445591,9/8/2022 0:22,0:22,1,0,1,N COLORADO BLVD & E BRUCE RANDOLPH AVE,1,3,0,0,1,1,0,0,35,0,0,0,0,2,2,2,14
,2022-54028,-104.9329965,39.67769533,10/6/2022 3:08,3:08,5,0,1,I-25 & NB OFF RAMP GORE PT TO S COLORADO BLVD,1,3,1,0,2,14,0,0,60,0,0,0,0,1,1,1,16
,2022-54031,-104.786356,39.80200969,10/16/2022 3:10,3:10,5,0,0,PENA BLVD & E 56TH AVE,1,3,0,0,3,4,0,0,65,0,0,0,0,0,4,1,2
,2022-54034,-104.9992969,39.70833216,9/15/2022 20:20,20:20,5,0,0,S PLATTE RIVER DR & W VIRGINIA AVE,1,3,0,0,3,4,0,0,,0,0,0,0,0,4,1,16
,2022-54036,-104.9410989,39.78005764,9/19/2022 13:55,13:55,3,0,0,N COLORADO BLVD & E 46TH S DR,1,1,0,0,1,1,0,0,35,0,0,0,0,0,2,2,13
,2022-54041,-105.0086025,39.75348028,10/17/2022 12:46,12:46,5,0,1,N SPEER BLVD & ELITCH CIR,1,1,0,0,3,4,0,0,35,0,0,0,0,1,4,1,7
,2022-54042,-104.9981073,39.74014035,10/6/2022 22:09,22:09,15,0,2,N SPEER BLVD & W COLFAX AVE,1,3,2,0,1,3,0,0,35,0,0,0,0,2,2,6,1
,2022-54044,-104.9647814,39.73660601,10/15/2022 4:00,4:00,16,0,0,1291 N HIGH ST & nan,1,3,0,0,5,7,0,0,,0,0,0,0,0,3,1,16
,2022-54048,-104.9986317,39.7305042,10/14/2022 7:29,7:29,10,0,0,W 9TH AVE & SANTA FE DR,1,1,0,1,1,1,0,0,25,0,0,0,0,0,4,2,16
,2022-54049,-105.0502167,39.68953093,10/17/2022 18:19,18:19,3,0,0,W FLORIDA AVE & S ZENOBIA ST,1,1,0,0,1,2,0,0,25,0,0,0,0,0,4,2,11
,2022-54052,-105.0394556,39.72549725,10/15/2022 19:49,19:49,3,0,2,W 6TH AVE S DR & N PERRY ST,1,4,0,0,1,1,0,0,25,0,0,0,0,1,4,3,13
,2022-54071,-105.0910499,39.62415456,10/9/2022 17:47,17:47,3,0,3,S WADSWORTH BLVD & W BELLEVIEW AVE,1,1,0,0,1,1,0,0,45,0,0,0,0,2,2,2,1
,2022-54077,-104.9828856,39.67856474,10/12/2022 22:01,22:01,3,0,0,S LOGAN ST & E EVANS AVE,1,4,0,0,1,1,0,0,30,0,0,0,0,0,4,2,16
,2022-54080,-104.9406677,39.76179447,10/18/2022 19:06,19:06,1,0,0,N COLORADO BLVD & E MLK BLVD,1,2,0,0,1,3,0,0,35,0,0,0,0,0,2,2,13
,2022-54082,-104.8417781,39.78051143,10/17/2022 18:05,18:05,5,0,1,E 46TH AVE & E ALBROOK DR,1,3,0,7,3,4,0,0,30,0,0,0,0,2,4,1,3
,2022-54083,-104.9861291,39.73316386,10/14/2022 4:47,4:47,6,0,0,LINCOLN ST & 1055 BLK N ,1,4,0,0,1,4,0,0,30,0,0,0,0,0,4,2,1
,2022-54085,-104.7718785,39.83341565,10/17/2022 20:45,20:45,5,0,1,PENA BLVD & N TOWER RD,1,3,0,0,3,4,0,0,65,0,0,0,0,2,4,1,14
,2022-54086,-105.0298507,39.73923536,10/6/2022 21:42,21:42,6,0,0,W 14TH AVE & N IRVING ST,1,3,0,0,1,4,0,0,30,0,0,0,0,0,4,2,16
,2022-54090,-104.9903111,39.74932293,9/30/2022 2:23,2:23,3,0,0,CHAMPA ST & 19TH ST,1,3,0,0,1,1,0,0,30,0,0,0,0,0,4,2,16
,2022-54095,-104.7718792,39.83300371,10/18/2022 22:41,22:41,5,0,0,7580 N TOWER RD & PENA BLVD INBOUND,1,3,0,0,2,4,0,0,45,0,0,0,0,0,4,1,14
,2022-54111,-104.6928816,39.83346179,11/6/2022 21:40,21:40,5,0,0,PENA BLVD & JACKSON GAP,1,3,0,0,3,4,0,0,65,0,0,0,0,0,4,1,16
,2022-54112,-104.8733242,39.75994654,10/9/2022 22:43,22:43,5,0,0,E MLK BLVD & N EMPORIA CT,1,3,0,0,6,1,0,0,35,0,0,0,0,0,4,1,16
,2022-54142,-104.9497971,39.77640253,11/8/2022 17:00,17:00,5,0,0,N ADAMS/STEELE ST ALLEY & E 43RD AVE,1,2,0,0,2,9,0,0,25,0,0,0,0,0,4,1,11
,2022-54152,-104.9034358,39.79355015,11/9/2022 6:20,6:20,1,0,1,N QUEBEC ST & E 53RD PL,1,2,0,0,1,1,0,0,40,0,0,0,0,1,2,2,11
,2022-54158,-105.0556043,39.65280582,11/8/2022 2:50,2:50,5,0,0,W HAMPDEN AVE SERVICE S & S SHERIDAN BLVD,1,3,0,0,3,4,0,0,30,0,0,0,0,0,4,1,1
,2022-54166,-104.9671644,39.77988654,11/10/2022 11:51,11:51,5,0,1,E 46TH N AVE & N BRIGHTON BLVD,1,1,1,0,3,1,0,0,35,0,0,0,0,3,2,1,1
,2022-54176,-104.9407744,39.73125179,11/10/2022 15:31,15:31,5,0,0,COLORADO BLVD & E 10TH AVE,1,1,0,0,3,4,0,0,30,0,0,0,0,0,2,1,14
,2022-54185,-104.950816,39.67657854,11/10/2022 8:00,8:00,5,0,0,S MILWAUKEE/ST PAUL ST ALLEY & E WARREN AVE,1,2,0,0,3,9,0,0,25,0,0,0,0,0,4,1,16
,2022-54186,-105.0253579,39.63860356,11/11/2022 23:14,23:14,5,0,1,S SHERIDAN BLVD & W QUINCY AVE,1,3,0,0,3,1,0,0,40,0,0,0,0,2,2,1,2
,2022-54190,-104.9873762,39.74335811,11/8/2022 8:57,8:57,11,0,1,N BROADWAY ST & E 17TH AVE,1,1,0,0,1,1,0,0,30,0,0,1,0,2,4,1,11
,2022-54196,-104.9642363,39.73998911,11/12/2022 23:35,23:35,14,0,1,E COLFAX AVE & N HIGH ST,1,3,0,0,6,4,0,0,30,0,0,0,0,2,2,3,14
,2022-54199,-104.771188,39.83355084,11/15/2022 2:55,2:55,5,0,0,PENA BLVD & N TOWER RD,5,3,0,2,3,4,0,0,65,0,0,0,0,0,4,1,16
,2022-54200,-104.9991195,39.71120695,11/27/2022 22:19,22:19,5,0,6,I-25 & W ALAMEDA AVE,1,3,0,0,3,4,0,0,55,0,0,0,0,3,1,1,1
,2022-54211,-105.0203666,39.682296,11/12/2022 0:44,0:44,3,0,1,W JEWELL AVE & S CLAY ST,1,3,0,0,1,1,0,0,25,0,0,0,0,2,4,2,16
,2022-54217,-104.9497916,39.77765915,11/10/2022 15:00,15:00,5,0,0,4401 N STEELE ST & E 44TH AVE,1,1,0,1,3,1,0,0,,0,0,0,0,0,4,1,16
,2022-54220,-104.9984515,39.74814206,11/15/2022 9:28,9:28,5,0,0,15TH ST & LARIMER ST,4,1,0,0,3,4,0,0,25,0,0,0,0,0,4,1,14
,2022-54230,-104.7725248,39.83326512,11/13/2022 11:25,11:25,5,0,1,PENA BLVD INBOUND & N GUN CLUB RD,1,1,0,0,3,4,0,0,65,0,0,0,0,1,4,1,3
,2022-54234,-104.6726896,39.84927906,11/12/2022 15:38,15:38,5,0,0,PENA BLVD & 8400 BLK,14,5,3,7,3,4,0,0,,0,0,0,0,0,4,1,16
,2022-54235,-104.9910461,39.75549023,11/9/2022 12:30,12:30,3,0,1,MARKET ST & 22ND ST,1,1,0,0,1,1,0,0,25,0,0,0,0,2,4,2,11
,2022-54237,-105.0348835,39.71127081,11/14/2022 8:25,8:25,3,0,1,S LOWELL BLVD & W ALAMEDA AVE,1,1,0,0,1,1,0,0,25,0,0,0,0,1,2,2,1
,2022-54242,-104.8998464,39.78593873,11/2/2022 2:15,2:15,5,0,0,N QUEBEC ST & E NORTHFIELD BLVD,1,3,1,0,3,4,0,0,40,0,0,0,0,0,2,1,1
,2022-54247,-105.0215517,39.70932128,10/29/2022 12:48,12:48,3,0,0,W DAKOTA AVE & S DALE CT,1,1,0,0,1,1,0,0,25,0,0,0,0,0,4,2,16
,2022-54248,-104.9992111,39.75057488,11/4/2022 23:29,23:29,3,0,0,16TH ST & BLAKE ST,1,3,0,0,1,1,0,0,25,0,0,0,0,1,4,3,9
,2022-54255,-104.951452,39.66757231,10/26/2022 17:30,17:30,8,0,1,E YALE AVE & S LANGLEY CT,1,1,0,0,6,1,0,0,,0,0,0,0,1,4,2,16
,2022-54257,-104.7393492,39.76923667,11/6/2022 19:18,19:18,5,0,0,E 38TH AVE & N ODESSA ST,1,3,0,0,4,1,0,0,,0,0,0,0,0,4,1,16
,2022-54259,-104.9666954,39.78547332,11/17/2022 8:59,8:59,5,0,0,N BRIGHTON BLVD & E 49TH AVE,4,1,0,2,3,4,0,0,25,0,0,0,0,0,4,1,14
,2022-54266,-104.771881,39.83409285,11/15/2022 8:30,8:30,5,0,0,PENA BLVD OUTBOUND & N TOWER RD,11,1,0,0,2,4,0,0,65,0,0,0,0,0,4,1,2
,2022-54268,-104.7671187,39.83398192,11/15/2022 0:15,0:15,15,0,1,PENA BLVD OUTBOUND & TOWER RD,4,3,0,2,2,4,0,0,65,0,0,0,0,1,4,2,14
,2022-54272,-104.7717922,39.83343256,11/15/2022 2:15,2:15,5,0,0,PENA BLVD & TOWER RD,4,3,0,2,3,4,0,0,65,0,0,0,0,0,4,1,7
,2022-54274,-105.0046873,39.78016041,10/29/2022 3:17,3:17,5,0,0,1400 BLK W 46TH AVE & N NAVAJO ST,1,3,0,0,3,4,0,0,35,0,0,0,0,0,4,1,16
,2022-54284,-104.7979599,39.78378637,11/12/2022 15:30,15:30,6,0,0,N MEMPHIS ST & E GVR BLVD,1,1,0,0,1,4,0,0,30,0,0,0,0,0,4,2,1
,2022-54288,-104.9037056,39.71705946,11/18/2022 10:49,10:49,5,0,0,N QUEBEC ST & E LOWRY BLVD,11,1,0,0,3,3,0,0,35,0,0,0,0,0,4,1,16
,2022-54293,-104.9960394,39.66830213,11/17/2022 21:45,21:45,5,0,0,S SANTA FE DR & W HARVARD AVE,12,3,0,2,3,4,0,0,55,0,0,0,0,0,2,1,13
,2022-54295,-104.9127637,39.72015468,7/21/2022 2:05,2:05,5,0,1,200 BLOCK N MONACO ST & E 1ST AVE,1,3,0,0,3,4,0,0,30,0,0,0,0,3,4,1,13
,2022-54298,-104.9899349,39.72904509,11/18/2022 5:25,5:25,5,0,1,N SPEER BLVD & W 8TH AVE,14,3,0,2,3,1,0,0,30,0,0,0,0,2,4,1,16
,2022-54301,-104.9570098,39.7933135,11/18/2022 0:09,0:09,5,0,0,N BRIGHTON BLVD & N COLUMBINE ST,9,3,0,2,2,4,0,0,30,0,0,0,0,0,4,1,14
,2022-54302,-104.8098807,39.77332562,11/19/2022 5:54,5:54,5,0,1,N CHAMBERS RD & E 40TH AVE,1,3,0,0,3,4,0,0,45,0,0,0,0,1,4,1,1
,2022-54317,-104.771188,39.83355084,11/15/2022 2:55,2:55,5,0,0,PENA BLVD & N TOWER RD,5,3,0,2,3,4,0,0,65,0,0,0,0,0,4,1,16
,2022-54321,-104.9811286,39.7284676,11/10/2022 17:20,17:20,5,0,1,N PENNSYLVANIA ST & E 8TH AVE,1,3,1,0,4,4,0,0,25,1,0,0,0,1,4,1,1
,2022-54325,-104.9863513,39.70752633,11/16/2022 21:35,21:35,5,0,0,S LINCOLN ST & E VIRGINIA AVE,1,3,0,0,2,3,0,0,35,0,0,0,0,0,4,1,16
,2022-54328,-104.9936963,39.67793901,11/17/2022 12:08,12:08,15,0,0,S SANTA FE DR & E EVANS AVE,4,1,0,2,1,4,0,0,50,0,0,0,0,0,2,2,13
,2022-54350,-104.9664668,39.7861135,11/17/2022 8:55,8:55,5,0,0,N BRIGHTON BLVD & E 49TH AVE,4,1,0,2,3,4,0,0,25,0,0,0,0,0,4,1,14
,2022-54352,-104.9222932,39.77871971,11/21/2022 7:00,7:00,3,0,0,E 45TH AVE & N HOLLY ST,1,1,0,0,1,1,0,0,35,0,0,0,0,0,4,2,13
,2022-54365,-104.9983013,39.73367925,11/23/2022 1:45,1:45,5,0,0,800 BLK W 11TH AVE & N SANTA FE DR,1,3,0,0,3,4,0,0,30,0,0,0,0,0,4,1,14
,2022-54374,-104.8902793,39.7680935,11/23/2022 23:40,23:40,5,0,0,N CENTRAL PARK BLVD & E 36TH AVE,1,3,1,0,3,4,0,0,35,0,0,0,0,0,4,1,16
,2022-54378,-104.9269149,39.73829545,11/25/2022 14:20,14:20,5,0,0,E 14TH AVE & N FOREST ST,1,1,0,0,2,1,0,0,35,0,0,0,0,0,4,1,16
,2022-54379,-104.9991195,39.71120695,11/25/2022 15:20,15:20,15,0,0,I-25 & W ALAMEDA AVE,1,1,0,7,3,4,0,0,,0,0,0,0,0,1,2,16
,2022-54390,-104.9964511,39.73845258,11/26/2022 18:18,18:18,5,0,0,14TH AVE & GALAPAGO ST,3,3,3,0,6,4,0,0,25,0,0,0,0,0,4,1,13
,2022-54401,-105.0532502,39.78637118,11/27/2022 4:55,4:55,5,0,1,N SHERIDAN BLVD & W 49TH AVE,1,3,1,0,2,4,0,0,35,0,0,0,0,1,2,1,8
,2022-54403,-104.9035084,39.69566164,11/22/2022 13:00,13:00,3,0,0,S QUEBEC ST & E MISSISSIPPI AVE,1,1,0,0,1,1,0,0,30,0,0,0,0,0,4,2,3
,2022-54408,-104.9901323,39.78406111,5/4/2022 13:31,13:31,12,0,2,W 48TH AVE & WARNER PL,1,1,0,0,1,1,0,0,30,0,0,0,0,2,1,2,13
,2022-54413,-105.0531999,39.65335624,11/29/2022 9:30,9:30,15,0,0,W HAMPDEN AVE & S KNOX CT,8,1,0,2,1,3,0,0,45,0,0,0,0,0,2,4,1
,2022-54427,-105.0268198,39.74594585,11/29/2022 8:00,8:00,3,0,1,N GROVE ST & W 19TH AVE,4,1,0,2,1,2,0,0,25,0,0,0,0,1,4,3,11
,2022-54428,-104.9215027,39.73833487,10/29/2022 12:00,12:00,6,0,1,E 14TH AVE & N IVANHOE ST,1,1,0,0,1,4,0,0,30,0,0,0,0,2,4,2,16
,2022-54453,-104.9530455,39.77387044,11/10/2022 12:53,12:53,5,0,0,E 41ST AVE & N FILLMORE ST,1,1,0,0,3,1,0,0,25,0,0,0,0,0,4,1,1
,2022-54458,-104.9349974,39.73350585,11/29/2022 8:15,8:15,5,0,0,N CLERMONT ST & E HALE PKWY,4,1,0,2,3,3,0,0,25,0,0,0,0,0,4,1,16
,2022-54459,-104.8378125,39.77339582,11/11/2022 8:15,8:15,5,0,0,I-70/I-225 WB OFF RAMP & PEORIA ST,1,1,1,0,3,14,0,0,,0,0,0,0,0,1,1,16
,2022-54462,-104.9034635,39.7602196,11/29/2022 13:30,13:30,5,0,0,N QUEBEC ST & 30TH AVE,4,1,0,2,2,1,0,0,30,0,0,0,0,0,4,1,13
,2022-54475,-104.9890901,39.74469174,11/29/2022 16:28,16:28,12,0,1,500 BLK 17TH ST & GLENARM PL,11,2,0,0,1,4,0,0,30,0,0,0,0,2,4,4,1
,2022-54480,-104.8566431,39.79015011,11/28/2022 6:47,6:47,5,0,0,E 51ST AVE & N LIMA ST,1,1,0,0,3,1,0,0,25,0,0,0,0,0,4,1,16
,2022-54483,-104.9789306,39.77628637,11/26/2022 23:31,23:31,12,0,0,N WASHINGTON ST & RINGSBY CT,1,3,0,0,1,1,0,0,35,0,0,0,0,0,4,2,13
,2022-54504,-105.0376101,39.71178853,12/1/2022 15:12,15:12,5,0,1,W ALAMEDA AVE & 285 S NEWTON ST,1,1,0,0,3,4,0,0,40,0,0,0,0,2,2,1,14
,2022-54505,-104.9937843,39.75920986,12/1/2022 14:43,14:43,1,0,0,WEWATTA ST & PARK AVE W,1,1,0,0,1,1,0,0,30,0,0,0,0,0,4,2,13
,2022-54511,-104.940629,39.67842717,10/9/2022 12:04,12:04,16,0,0,2096 S COLORADO BLVD & E EVANS AVE,1,1,0,0,5,7,0,0,10,0,0,0,0,0,3,1,13
,2022-54519,-104.9222798,39.70928805,12/2/2022 11:36,11:36,3,0,0,S HOLLY ST & E DAKOTA AVE,1,1,3,0,1,1,0,0,25,0,0,0,0,0,4,2,16
,2022-54527,-105.0165697,39.70933666,11/29/2022 15:54,15:54,5,0,0,W DAKOTA AVE & 392 S ALCOTT ST,2,1,0,0,2,4,0,0,25,0,0,0,0,0,4,2,1
,2022-54536,-104.9874466,39.69507345,11/27/2022 14:03,14:03,5,0,0,S BROADWAY ST & E ARIZONA AVE,1,1,0,0,6,3,0,0,35,0,0,0,0,0,4,1,16
,2022-54538,-104.9272941,39.65310485,11/25/2022 14:45,14:45,5,0,1,E HAMPDEN AVE & S FAIRFAX ST,1,1,0,0,3,3,0,0,35,0,0,0,0,1,2,1,16
,2022-54543,-104.9700345,39.74001278,12/4/2022 2:35,2:35,6,0,1,E COLFAX AVE & N HUMBOLDT ST,1,3,0,0,3,4,0,0,35,0,0,0,0,2,2,3,14
,2022-54544,-104.8932657,39.78704546,12/3/2022 23:36,23:36,5,0,0,8192 E 49TH PL & N UINTA ST,1,3,0,0,2,4,0,0,25,0,0,0,0,0,4,1,16
,2022-54548,-104.9947086,39.75271061,12/3/2022 17:20,17:20,5,0,0,19TH ST & MARKET ST,1,2,0,0,3,1,0,0,30,0,0,0,0,0,4,1,11
,2022-54552,-105.0417445,39.71974128,12/4/2022 3:24,3:24,5,0,0,W 2ND AVE & N RALEIGH ST,1,3,0,0,2,4,0,0,25,0,0,0,0,0,4,1,16
,2022-54553,-104.9887947,39.67851443,12/4/2022 4:23,4:23,5,0,0,W EVANS AVE & S ACOMA ST,1,3,0,0,6,1,0,0,35,0,0,0,0,0,4,1,2
,2022-54556,-104.8470297,39.77400525,12/4/2022 3:00,3:00,15,0,0,I-70 & EB OFF RAMP GORE PT TO N PEORIA ST,1,3,0,0,1,4,0,0,,0,0,0,0,0,1,2,16
,2022-54558,-105.0252603,39.72317065,10/16/2022 2:25,2:25,5,0,0,405 N FEDERAL BLVD ALLEY & W 3RD AVE,1,3,0,0,2,9,0,0,,0,0,0,0,0,4,1,16
,2022-54560,-105.0297683,39.70034162,11/12/2022 0:29,0:29,1,0,1,W KENTUCKY AVE & S IRVING ST,1,3,0,0,1,1,0,0,25,0,0,0,0,2,4,2,1
,2022-54563,-105.0284131,39.70036831,11/26/2022 2:57,2:57,5,0,1,3211 W KENTUCKY AVE & S HAZEL CT,1,3,0,0,2,4,0,0,35,0,0,0,0,1,4,3,8
,2022-54567,-104.9034009,39.77829351,12/3/2022 5:22,5:22,5,0,1,I-70 & N NORTHFIELD QUEBEC ST,2,3,0,0,2,4,0,0,55,0,0,0,0,2,1,1,1
,2022-54576,-104.9405114,39.76180251,10/28/2022 10:40,10:40,3,1,3,N COLORADO BLVD & E MLK BLVD,1,1,0,0,1,1,0,0,35,0,0,0,0,4,2,3,1
,2022-54577,-104.9593485,39.69021356,12/5/2022 20:26,20:26,5,0,1,1400 BLOCK S UNIVERSITY BLVD & E ARKANSAS AVE,1,3,0,0,3,4,0,0,35,0,0,0,0,2,4,1,2
,2022-54595,-104.9876113,39.7765193,12/6/2022 16:00,16:00,3,0,1,E 44TH AVE & N BROADWAY ST,1,1,0,0,1,1,0,0,25,0,0,0,0,1,4,2,11
,2022-54596,-105.0394556,39.72549725,11/2/2022 21:51,21:51,3,0,2,N PERRY ST & W 6TH AVE,1,3,0,0,1,1,0,0,35,0,0,0,0,2,4,2,16
,2022-54597,-105.0532578,39.66915958,12/7/2022 1:37,1:37,5,0,0,S SHERIDAN BLVD & W YALE AVE,1,3,1,0,3,4,0,0,40,0,0,0,0,0,2,1,14
,2022-54598,-104.9788697,39.71471438,11/18/2022 14:10,14:10,5,0,0,700 BLOCK E BAYAUD AVE & S CLARKSON ST,14,2,0,0,3,4,0,0,,0,0,0,0,0,4,1,16
,2022-54603,-104.9582689,39.7209806,12/8/2022 12:19,12:19,3,0,0,N UNIVERSITY/JOSEPHINE ALLEY & E 3RD AVE,1,1,0,0,1,2,0,0,20,0,0,0,0,0,4,3,10
,2022-54604,-104.9734268,39.69072158,12/7/2022 23:05,23:05,5,0,0,S DOWNING ST & E ARKANSAS AVE,1,3,0,0,2,4,0,0,30,0,0,0,0,0,4,1,14
,2022-54614,-104.8800296,39.7770355,12/8/2022 8:51,8:51,9,0,0,I-70 & CENTRAL PARK BLVD,1,1,0,0,1,4,0,0,55,0,0,0,0,0,1,1,13
,2022-54619,-104.9590552,39.71816478,12/8/2022 21:09,21:09,15,0,0,E 1ST AVE & N UNIVERSITY BLVD,1,3,0,0,1,3,0,0,35,0,0,0,0,0,4,4,13
,2022-54621,-104.8849875,39.7822123,11/19/2022 22:05,22:05,5,0,0,4600 BLK N YOSEMITE ST & E 47TH AVE,1,3,0,0,2,4,0,0,30,0,0,0,0,0,4,1,16
,2022-54622,-104.9895612,39.78010359,12/1/2022 1:00,1:00,5,0,0,I-70 & I-25 SB OFF RAMP GORE PT,1,3,0,0,2,4,0,0,55,0,0,0,0,0,1,1,16
,2022-54623,-104.9405105,39.7728797,11/14/2022 4:17,4:17,5,0,0,N COLORADO BLVD & E 40TH AVE,1,3,0,0,3,1,0,0,35,0,0,0,0,0,2,1,16
,2022-54626,-105.0117594,39.68962164,10/23/2022 0:17,0:17,3,0,0,S TEJON ST & W FLORIDA AVE,1,3,0,0,3,1,0,0,30,0,0,0,0,0,4,2,13
,2022-54628,-104.9861152,39.7432802,11/21/2022 3:47,3:47,5,0,1,N LINCOLN ST & E 17TH AVE,1,3,0,0,2,1,0,0,30,0,0,0,0,1,4,1,16
,2022-54629,-104.9344031,39.6929677,11/17/2022 9:00,9:00,5,0,0,E LOUISANA AVE & S CHERRY ST,4,1,0,2,3,4,0,0,,0,0,0,0,0,4,1,16
,2022-54631,-105.0519454,39.63956871,9/6/2022 12:00,12:00,16,0,0,E QUINCY AVE & E QUINCY AVE,14,5,3,7,5,14,0,0,,0,0,0,0,0,3,1,16
,2022-54633,-104.978741,39.7404375,10/4/2022 14:11,14:11,6,0,0,N WASHINGTON ST & E COLFAX AVE,1,1,0,0,1,4,0,0,,0,0,0,0,0,1,3,16
,2022-54634,-105.0250236,39.71844771,11/12/2022 2:24,2:24,3,0,0,N FEDERAL BLVD & W 1ST AVE,1,3,0,0,1,1,0,0,35,0,0,0,0,0,2,3,16
,2022-54635,-104.8954087,39.63853592,11/25/2022 1:13,1:13,5,0,0,E QUINCY AVE & S TAMARAC PKWY,1,3,0,0,3,4,0,0,35,0,0,0,0,0,4,1,16
,2022-54640,-104.9789332,39.78077273,11/21/2022 20:36,20:36,14,0,1,N WASHINGTON ST & E 47TH AVE,1,3,0,0,6,4,0,0,35,0,0,0,0,3,4,2,9
,2022-54648,-104.9929153,39.69666187,12/4/2022 14:11,14:11,10,0,1,S SANTE FE DR & W MISSISSIPPI AVE,1,1,0,0,1,1,0,0,45,0,0,0,0,3,2,2,11
,2022-54652,-104.6755931,39.8757456,12/11/2022 14:45,14:45,5,0,0,QUEENSBURG ST & 9900 BLK N,1,1,0,0,3,1,0,0,35,0,0,0,0,0,4,1,8
,2022-54654,-104.9067175,39.63415775,12/10/2022 21:21,21:21,5,0,1,I-225 NB ON RAMP & I-25,1,3,3,0,3,8,0,0,65,0,0,0,0,1,1,4,1
,2022-54655,-105.0243611,39.7293268,11/2/2022 13:11,13:11,5,1,0,W 6TH AVE & N FEDERAL BLVD,1,1,1,0,2,4,0,0,55,0,0,0,1,4,2,1,16
,2022-54660,-104.8973674,39.69630131,12/11/2022 8:36,8:36,3,0,0,E MISSISSIPPI AVE & S PARKER RD,1,1,0,0,1,1,0,0,35,0,0,0,0,0,2,2,3
,2022-54667,-104.7872827,39.79839279,12/12/2022 15:00,15:00,5,0,0,PENA BLVD OUTBOUND & E 56TH AVE,1,1,0,0,3,4,0,0,65,0,0,0,0,0,2,1,2
,2022-54673,-104.9869202,39.67853837,11/12/2022 1:19,1:19,5,0,0,S BROADWAY LINCOLN ALY ST & E EVANS AVE,1,3,0,0,3,1,0,0,35,0,0,0,0,0,4,1,16
,2022-54676,-104.9034581,39.73595611,12/9/2022 3:16,3:16,5,0,1,N QUEBEC ST & E 12TH AVE,1,3,1,0,2,4,0,0,30,0,0,0,0,2,4,1,16
,2022-54679,-105.0006777,39.72891802,12/13/2022 8:53,8:53,5,0,0,W 8TH AVE & N KALAMATH ST,1,1,0,0,3,4,0,0,30,0,0,0,0,0,4,1,1
,2022-54680,-104.6738686,39.84232684,12/13/2022 9:30,9:30,5,0,0,PENA BLVD OUTBOUND & SPLIT W/E,14,1,0,2,2,4,0,0,45,0,0,0,0,0,2,1,14
,2022-54682,-104.9129472,39.67485397,12/3/2022 8:24,8:24,3,0,1,E ILIFF AVE & S MONACO ST,1,1,3,0,1,1,0,0,35,0,0,0,0,1,4,2,16
,2022-54697,-104.9124382,39.72927898,12/12/2022 17:06,17:06,3,0,2,E 8TH AVE & N MONACO ST,1,3,0,0,1,1,0,0,30,0,0,0,0,1,4,2,16
,2022-54699,-104.9989012,39.74151701,12/14/2022 14:41,14:41,5,0,0,N SPEER BLVD & STOUT ST,1,1,0,6,2,4,0,0,30,0,0,0,0,1,4,1,8
,2022-54701,-104.771881,39.83409285,12/11/2022 12:37,12:37,5,0,0,PENA BLVD & N TOWER RD WB OFF RAMP,1,1,1,0,3,4,0,0,65,0,0,0,0,0,4,1,3
,2022-54702,-104.973271,39.71870602,12/15/2022 1:51,1:51,10,0,0,N DOWNING ST & E SPEER BLVD,1,3,0,0,1,1,0,0,35,0,0,0,0,0,4,2,2
,2022-54703,-104.9765683,39.76669324,12/14/2022 20:26,20:26,5,0,1,34TH ST & WALNUT ST,1,3,0,0,3,1,0,0,35,0,0,0,0,2,4,1,16
,2022-54708,-105.0208482,39.77661672,11/2/2022 11:39,11:39,16,0,0,2700 W 44TH AVE & nan,1,1,0,0,5,7,0,0,,0,0,0,0,0,3,1,16
,2022-54710,-104.9916981,39.75599929,12/16/2022 10:23,10:23,5,0,0,22ND ST & BLAKE ST,1,1,0,0,2,4,0,0,35,0,0,0,0,0,4,1,14
,2022-54714,-104.8905599,39.78407352,12/13/2022 21:37,21:37,5,0,1,N VERBENA ST & E 48TH AVE,1,3,0,0,4,6,0,0,15,0,0,0,0,1,4,1,1