id,drcog_id,longitude,latitude,crashtime,time,crashtype,numbkilled,numbinjurd,drcoglocat,rdconditin,lightngcon,roadcntgrd,weatherco,location,roaddescrp,schoolzone,constrzone,splimit,bikeinv,pedinv,sctrinv,motoinv,svrty,rdsystem,ttlvehcls,hcf
,2022-54717,-104.976394,39.71953186,12/17/2022 1:00,1:00,5,0,0,E SPEER BLVD & N EMERSON ST,1,3,0,0,3,1,0,0,35,0,0,0,0,0,4,1,10
,2022-54718,-104.9405105,39.7728797,12/16/2022 2:49,2:49,3,0,1,N COLORADO BLVD & E 40TH AVE,1,3,0,0,1,1,0,0,35,0,0,0,0,1,2,2,7
,2022-54724,-104.9918825,39.69666007,12/4/2022 14:11,14:11,10,0,1,S SANTA FE DR & W MISSISSIPPI AVE,1,1,0,0,1,1,0,0,45,0,0,0,0,3,2,2,11
,2022-54725,-104.9834907,39.71114343,12/14/2022 4:07,4:07,5,0,0,S LOGAN ST/S GRANT ST ALLEY & E ALAMEDA AVE,1,3,0,0,3,9,0,0,,0,0,0,0,0,4,1,16
,2022-54728,-104.9923299,39.68939868,12/17/2022 3:39,3:39,15,0,1,S SANTA FE DR & W FLORIDA AVE,1,3,0,0,3,4,0,0,,0,0,0,0,2,2,2,16
,2022-54729,-104.9953008,39.73845398,11/8/2022 6:39,6:39,2,0,1,N FOX ST & W 14TH AVE,1,1,0,0,3,1,0,0,25,1,0,0,0,3,4,1,11
,2022-54730,-104.906341,39.63323619,12/18/2022 2:30,2:30,5,0,1,I-225 & I-25 NB/SB RAMP SPLIT GORE PT,1,4,0,0,3,8,0,0,55,0,0,0,0,2,1,1,16
,2022-54734,-104.9405461,39.68932218,12/14/2022 19:43,19:43,5,0,0,E FLORIDA AVE & S COLORADO BLVD,1,3,0,0,6,1,0,0,25,0,0,0,0,0,2,1,16
,2022-54735,-105.0357839,39.78743406,12/15/2022 10:43,10:43,15,0,0,W 50TH AVE & N MEADE ST,1,1,0,0,1,1,0,0,30,0,0,0,0,0,4,2,13
,2022-54736,-105.0124978,39.75529011,12/17/2022 2:27,2:27,5,0,0,N SPEER BLVD & I-25 NB ON RAMP,1,3,0,0,2,3,0,0,40,0,0,0,0,0,1,1,16
,2022-54747,-104.9948104,39.76681721,12/19/2022 0:25,0:25,5,0,1,I-25 NB ON RAMP & PARK AVE W,1,3,0,0,2,8,0,0,30,0,0,0,0,2,4,1,14
,2022-54753,-105.0324642,39.71495832,12/19/2022 23:24,23:24,5,0,1,S KNOX CT & W BAYAUD AVE,1,4,0,0,3,1,0,0,25,0,0,0,0,1,4,1,13
,2022-54755,-104.9175985,39.70024319,12/19/2022 20:32,20:32,3,0,0,E KENTUCKY AVE & S KEARNEY ST,1,4,0,0,1,1,0,0,25,0,0,0,0,0,4,2,13
,2022-54756,-105.0251008,39.79111414,12/20/2022 16:40,16:40,1,0,1,N FEDERAL BLVD & W 52ND AVE,1,3,0,0,1,1,0,0,35,0,0,0,0,2,2,2,13
,2022-54758,-104.9823697,39.72907279,12/20/2022 10:00,10:00,3,0,0,E 8TH AVE & N LOGAN ST,1,1,0,0,1,1,0,0,25,0,0,0,0,0,4,2,16
,2022-54759,-105.0250715,39.69674835,12/20/2022 9:27,9:27,5,0,0,S FEDERAL BLVD & W MISSISSIPPI AVE,1,1,0,0,3,3,0,0,40,0,0,0,0,0,2,1,10
,2022-54763,-105.0156686,39.74050131,12/20/2022 17:18,17:18,5,0,0,1ST ST & WALNUT ST,1,3,0,0,2,4,0,0,25,0,0,0,0,0,4,1,14
,2022-54785,-104.9597601,39.76448938,12/17/2022 15:09,15:09,3,0,3,E BRUCE RANDOLPH AVE & N YORK ST,1,1,0,0,6,1,0,0,30,0,0,0,0,2,4,2,10
,2022-54787,-104.8375994,39.7691378,12/6/2022 23:41,23:41,5,0,0,N TROY ST & E 38TH AVE,1,3,0,0,2,4,0,0,,0,0,0,0,0,4,1,16
,2022-54788,-104.911184,39.63858429,12/21/2022 1:18,1:18,5,0,1,E QUINCY AVE & S MONACO ST,1,3,1,0,3,4,0,0,30,0,0,0,0,2,4,1,3
,2022-54789,-104.9066742,39.63874849,12/21/2022 1:51,1:51,5,0,1,E QUINCY AVE & S OLIVE ST,1,3,0,0,6,1,0,0,30,0,0,0,0,2,4,1,6
,2022-54795,-104.8423317,39.78099252,12/19/2022 23:30,23:30,16,0,0,12770 E ALBROOK WAY & nan,1,3,0,0,5,7,0,0,,0,0,0,0,0,3,1,16
,2022-54801,-105.0001554,39.72543354,11/1/2022 22:00,22:00,5,0,1,N KALAMATH ST & W 6TH AVE,1,3,0,0,2,3,0,0,35,0,0,0,1,3,4,1,1
,2022-54803,-104.982505,39.74003188,11/24/2022 18:08,18:08,10,0,0,E COLFAX AVE & N LOGAN ST,1,3,0,0,1,4,0,0,35,0,0,0,0,0,2,2,16
,2022-54806,-104.8657424,39.77582352,12/22/2022 8:00,8:00,5,0,0,I-70 & N HAVANA ST,4,1,2,0,3,4,0,0,55,0,0,0,0,0,1,1,16
,2022-54811,-104.9985731,39.72573437,11/27/2022 1:55,1:55,5,0,0,N SANTA FE DR & W 6TH AVE,1,3,0,0,3,1,0,0,30,0,0,0,0,0,4,1,16
,2022-54814,-105.0144803,39.76021372,11/23/2022 17:52,17:52,6,0,0,3000 BLOCK N WYANDOT ST & W 30TH AVE,1,3,1,0,1,4,0,0,25,0,0,0,0,0,4,3,1
,2022-54819,-105.0297174,39.68495179,11/27/2022 19:25,19:25,3,0,3,W COLORADO AVE & S IRVING ST,1,3,0,0,1,1,0,0,25,0,0,0,0,3,4,3,1
,2022-54830,-104.9861854,39.72727776,12/10/2022 2:45,2:45,5,0,0,E 7TH AVE & N LINCOLN ST,1,3,0,0,3,4,0,0,30,0,0,0,0,0,4,1,16
,2022-54832,-104.9497967,39.71777572,12/26/2022 10:37,10:37,5,0,0,E 1ST AVE & N STEELE ST,1,1,3,0,6,1,0,0,30,0,0,0,0,0,4,1,11
,2022-54835,-105.02974,39.69674515,12/23/2022 11:45,11:45,3,0,0,W MISSISSIPPI AVE & S IRVING ST,4,1,0,0,1,3,0,0,30,0,0,0,0,0,4,2,14
,2022-54840,-105.0158685,39.7692827,12/26/2022 15:29,15:29,3,0,1,W 38TH AVE & N ZUNI ST,1,1,0,0,1,1,0,0,35,0,0,0,0,2,4,2,13
,2022-54844,-104.8734145,39.65636713,12/5/2022 22:46,22:46,16,0,0,9825 E GIRARD AVE & ON PRIVATE PROPERTY,1,4,0,0,5,7,0,0,,0,0,0,0,0,2,1,1
,2022-54847,-105.0532578,39.71133201,12/23/2022 10:09,10:09,3,0,0,W ALAMEDA AVE & S SHERIDAN BLVD,9,1,0,0,1,1,0,0,40,0,0,0,0,0,2,3,3
,2022-54851,-104.9802558,39.74903914,12/25/2022 23:02,23:02,5,0,0,PARK AVE WEST & COURT PL,1,3,0,0,6,1,0,0,30,0,0,0,0,0,4,1,16
,2022-54865,-105.0430392,39.72552325,12/24/2022 13:28,13:28,3,0,0,STUART ST & 545 BLK N ,7,1,0,2,1,9,0,0,25,0,0,0,0,0,4,2,14
,2022-54877,-104.9948538,39.7654078,12/22/2022 15:57,15:57,5,0,0,PARK AVE W & N GLOBEVILLE RD,14,1,1,0,3,4,0,0,35,0,0,0,0,0,4,1,7
,2022-54878,-104.7674167,39.78370355,12/25/2022 2:00,2:00,5,0,0,E GVR BLVD & N ANDES CT,4,3,0,0,6,1,0,0,25,0,0,0,0,0,4,1,1
,2022-54880,-104.9597771,39.73838925,12/21/2022 22:45,22:45,3,0,1,E 14TH AVE & N YORK ST,9,3,2,2,1,1,0,0,30,0,0,0,0,2,4,2,8
,2022-54883,-104.9881443,39.74029211,12/26/2022 2:06,2:06,5,0,0,W COLFAX AVE & CHEYENNE PL,1,3,0,0,6,4,0,0,30,0,0,0,0,0,1,1,10
,2022-54886,-104.9875752,39.7111304,12/25/2022 15:06,15:06,16,0,0,S BROADWAY ST & E ALAMEDA AVE,1,1,0,0,5,4,0,0,25,0,0,0,0,0,3,1,16
,2022-54888,-104.8690455,39.75933349,12/24/2022 16:47,16:47,5,0,0,E 29TH DR & N GENEVA CT,8,1,0,0,3,4,0,0,,0,0,0,0,0,4,1,16
,2022-54890,-104.6807667,39.84544619,12/27/2022 19:00,19:00,5,0,0,PENA BLVD OUTBOUND & N JACKSONS GAP RD,1,3,0,0,2,4,0,0,45,0,0,0,0,0,4,1,13
,2022-54893,-105.0239532,39.791099,12/26/2022 18:52,18:52,10,0,0,W 52ND AVE & N ELIOT ST,1,3,0,0,1,1,0,0,35,0,0,0,0,0,4,2,13
,2022-54915,-105.0129736,39.75522471,12/28/2022 3:29,3:29,5,0,0,N SPEER BLVD & I-25,1,3,0,0,6,4,0,0,40,0,0,0,0,0,1,1,13
,2022-54917,-104.9573239,39.76073847,12/27/2022 23:08,23:08,5,0,0,E 31ST AVE & N COLUMBINE ST,1,3,0,0,2,1,0,0,35,0,0,0,0,0,4,1,14
,2022-54927,-104.9361491,39.7400588,5/17/2022 21:45,21:45,11,1,0,COLFAX AVE & N BIRCH ST,1,3,0,0,1,1,0,0,0,0,1,0,0,4,2,2,16
,2022-54937,-105.0408098,39.77527214,6/26/2022 13:07,13:07,5,1,0,W 43RD AVE & N QUITMAN ST,1,1,0,0,3,4,0,0,25,0,0,0,0,4,4,1,10
,2022-54941,-104.7552827,39.83456735,6/2/2022 19:36,19:36,5,0,1,19601 PENA BLVD OUTBOUND & E470,1,2,1,0,2,4,0,0,65,0,0,0,0,3,4,1,10
,2022-54943,-104.8157159,39.77785257,9/24/2022 12:31,12:31,3,1,0,N FAIRPLAY WY & E 46TH AVE,1,1,0,0,1,1,0,0,30,0,0,0,1,4,4,2,1
,2022-54947,-104.892498,39.76732821,12/2/2022 13:52,13:52,3,0,0,E 36TH AVE & N UINTA ST,1,1,0,6,1,1,0,0,,0,0,0,0,0,4,2,16
,2022-54948,-104.8951894,39.73286082,12/24/2022 2:31,2:31,10,0,0,E 11TH AVE & N TAMARAC ST,4,3,0,2,6,2,0,0,30,0,0,0,0,0,4,2,1
,2022-54949,-104.7721171,39.7983921,12/25/2022 2:00,2:00,12,0,0,E 56TH AVE & N TOWER RD,4,3,0,2,1,1,0,0,40,0,0,0,0,0,4,2,16
,2022-54950,-104.8097539,39.79026468,12/15/2022 17:13,17:13,10,0,0,E 53RD AVE & N CHAMBERS RD,1,3,0,0,1,1,0,0,,0,0,0,0,0,4,2,1
,2022-54953,-104.9070813,39.63428695,12/27/2022 20:30,20:30,15,0,0,I-25 & NB I-225 DIR CONNECT RAMP GORE PT,1,3,3,0,1,14,0,0,45,0,0,0,0,0,1,2,1
,2022-54989,-105.0298583,39.74027785,12/27/2022 20:20,20:20,1,0,0,W COLFAX AVE & N IRVING ST,1,3,0,0,1,1,0,0,35,0,0,0,0,0,2,2,16
,2022-54990,-104.959323,39.78002439,11/16/2022 10:02,10:02,10,0,0,E 46TH AVE & N YORK ST,1,1,0,0,1,1,0,0,40,0,0,0,0,0,4,2,16
,2022-54991,-104.979979,39.69300063,9/22/2022 7:05,7:05,6,0,0,E LOUISIANA AVE & S WASHINGTON ST,1,2,0,0,3,4,0,0,35,0,0,0,0,0,4,2,16
,2022-54992,-104.9582502,39.72033245,9/7/2022 10:51,10:51,6,0,0,N JOSEPHINE ST & E 3RD AVE,1,1,0,0,1,4,0,0,30,0,0,0,0,0,4,2,16
,2022-54994,-104.903364,39.77507288,9/12/2022 17:04,17:04,12,0,0,QUEBEC ST & E 40TH AVE,1,1,0,0,1,4,0,0,40,0,0,0,0,0,4,2,16
,2022-54995,-105.0001511,39.73533678,12/23/2022 11:37,11:37,6,0,0,N KALAMATH ST & 11TH AVE,9,3,0,2,1,4,0,0,30,0,0,0,0,0,4,2,16
,2022-54996,-105.0358049,39.73708117,9/16/2022 5:00,5:00,6,0,0,MEADE ST & W 13TH AVE,1,1,1,0,1,4,0,0,25,0,0,0,0,0,4,3,16
,2022-54997,-104.9574296,39.73976811,9/14/2022 8:05,8:05,6,0,0,N COLUMBINE ST & E COLFAX AVE,1,1,0,1,1,4,0,0,25,0,0,0,0,0,4,2,16
,2022-55009,-104.9719469,39.75823562,9/27/2022 11:26,11:26,10,0,0,E 29TH AVE & N MARION ST,1,1,0,0,1,9,0,0,25,0,0,0,0,0,4,2,16
,2022-55010,-104.8925656,39.76002417,9/22/2022 17:02,17:02,12,0,0,E MLK BLVD & N UINTA ST,1,1,0,0,1,1,0,0,35,0,0,0,0,0,4,2,16
,2022-55015,-104.9930569,39.74048358,11/1/2022 11:19,11:19,15,0,1,TREMONT PL & 13TH ST,1,1,0,0,1,4,0,0,25,0,0,0,0,2,4,2,16
,2022-55018,-104.9696812,39.74184123,9/11/2022 13:40,13:40,15,0,0,N HUMBOLDT ST & E 16TH AVE,1,1,0,0,1,4,0,0,25,0,0,0,0,0,4,2,1
,2022-55019,-104.9593286,39.69832852,9/21/2022 17:22,17:22,12,0,0,S UNIVERSITY BLVD & E TENNESSEE AVE,11,1,0,1,1,3,0,0,30,0,0,0,0,0,4,3,16
,2022-55021,-104.9298,39.74019972,10/23/2022 12:45,12:45,11,0,1,E COLFAX AVE & ELM ST,1,1,0,0,1,9,0,0,0,0,1,0,0,2,2,1,16
,2022-55040,-104.9718536,39.73840425,9/29/2022 16:30,16:30,10,0,0,E 14TH AVE & N MARION ST,1,1,0,0,1,1,0,0,,0,0,0,0,0,4,2,16
,2022-55041,-104.9368501,39.73374466,10/5/2022 14:34,14:34,6,0,0,E HALE PKWY & N BIRCH ST,1,1,0,0,1,4,0,0,,0,0,0,0,0,4,2,16
,2022-55042,-104.9866281,39.71476579,10/6/2022 8:44,8:44,6,0,0,E BAYAUD AVE & S LINCOLN ST,1,2,0,0,6,4,0,0,25,0,0,0,0,0,4,2,16
,2022-55044,-104.9548013,39.70124132,9/30/2022 3:34,3:34,6,0,0,S BONNIE BRAE BLVD & S MILWAUKEE ST,1,3,0,0,6,4,0,0,25,0,0,0,0,0,4,2,16
,2022-55045,-105.0338739,39.71815206,10/6/2022 18:00,18:00,12,0,0,W 1ST AVE & KING ST,1,1,0,0,1,4,0,0,30,0,0,0,0,0,4,3,16
,2022-55046,-104.9874031,39.73207758,9/30/2022 2:05,2:05,6,0,0,N BROADWAY ST & W 10TH AVE,1,3,0,0,1,4,0,0,30,0,0,0,0,0,4,2,16
,2022-55047,-105.0139062,39.6993306,10/2/2022 13:50,13:50,5,0,0,S VALLEJO ST & W FORD PL,1,1,0,0,3,4,0,0,25,0,0,0,0,0,4,1,2
,2022-55048,-104.9672321,39.74000299,10/5/2022 15:20,15:20,3,0,1,E COLFAX AVE & N GILPIN ST,1,1,0,0,1,1,0,0,,0,0,0,0,2,2,2,16
,2022-55050,-104.9823693,39.72893547,10/1/2022 6:08,6:08,5,0,0,LOGAN ST & E 8TH AVE,11,3,1,0,3,4,0,0,30,0,0,0,0,0,4,1,16
,2022-55051,-104.8470297,39.77400525,12/17/2022 9:57,9:57,12,0,0,N PEORIA ST & I-70 EB RAMPS,1,1,0,0,1,3,0,0,30,0,0,0,0,0,4,2,13
,2022-55052,-104.9874116,39.73330731,12/18/2022 0:10,0:10,11,0,1,N BROADWAY ST & E 11TH AVE,1,3,0,0,1,4,0,0,0,0,1,0,0,3,4,1,16
,2022-55057,-104.9617483,39.69049265,10/7/2022 9:20,9:20,6,0,0,S GAYLORD ST & E FLORIDA AVE,1,1,0,0,1,4,0,0,25,0,0,0,0,0,4,2,16
,2022-55063,-104.9101127,39.63899184,12/15/2022 19:41,19:41,15,1,2,I-25 & E QUINCY AVE,1,3,0,0,1,4,0,0,65,0,0,0,0,4,1,3,16
,2022-55064,-105.040541,39.74033642,12/10/2022 21:15,21:15,11,0,1,COLFAX AVE (NON FARS) & N QUITMAN ST,1,3,0,0,1,1,0,0,35,0,1,0,0,3,2,1,16
,2022-55068,-104.8057511,39.78226747,7/17/2022 4:45,4:45,6,0,0,4760 N JASPER ST & E ELK PL,1,3,0,0,1,1,0,0,20,0,0,0,0,0,4,3,1
,2022-55071,-104.9234502,39.76619293,8/11/2022 21:28,21:28,15,0,0,HUDSON ST & 3528 BLK N ,1,3,0,0,1,4,0,0,30,0,0,0,0,0,4,2,16
,2022-55082,-104.9997848,39.75007161,11/3/2022 8:20,8:20,5,0,0,MARKET ST/BLAKE ST ALLEY & 16TH ST,1,1,0,0,3,9,0,0,,0,0,0,0,0,4,2,16
,2022-55083,-104.9017357,39.78198657,12/8/2022 7:47,7:47,12,0,0,N QUEBEC ST & N SAND CREEK DR,1,1,0,0,1,1,0,0,35,0,0,0,0,0,2,2,3
,2022-55086,-104.9034646,39.73870136,10/4/2022 14:32,14:32,5,0,1,N QUEBEC ST & E 14TH AVE,1,1,0,0,3,1,0,0,30,0,0,0,0,2,4,1,14
,2022-55094,-104.9344031,39.6929677,11/17/2022 9:00,9:00,5,0,0,E LOUISIANA AVE & S CHERRY ST,4,1,0,2,3,4,0,0,,0,0,0,0,0,4,1,16
,2022-55095,-105.0252313,39.76925953,12/5/2022 15:55,15:55,3,0,0,N FEDERAL BLVD & W 38TH AVE,1,2,0,0,1,1,0,0,35,0,0,0,0,0,2,2,16
,2022-55103,-105.0310842,39.67343097,9/25/2022 22:18,22:18,12,0,0,W WESLEY AVE & S JULIAN ST,1,3,0,0,1,4,0,0,25,0,0,0,0,0,4,3,16
,2022-55110,-105.0133099,39.70087395,12/22/2022 20:44,20:44,8,0,0,VALLEJO ST & 866 BLK S ,5,4,0,2,1,4,0,0,25,0,0,0,0,0,4,2,13
,2022-55111,-104.8559688,39.77477848,11/23/2022 7:01,7:01,15,0,2,I-70 & N HAVANA ST,1,1,0,0,1,4,0,0,55,0,0,0,0,3,1,2,16
,2022-55112,-104.9942559,39.74491594,11/12/2022 4:26,4:26,11,1,1,15TH ST & STOUT ST,1,3,0,0,1,12,0,0,30,0,1,0,0,4,4,1,16
,2022-55115,-105.0250542,39.72025458,10/15/2022 15:23,15:23,12,0,1,N FEDERAL BLVD & W 2ND AVE,1,1,0,0,1,3,0,0,40,0,0,0,0,2,2,2,16
,2022-55121,-105.0393109,39.73845742,8/23/2022 0:27,0:27,12,0,0,N PERRY ST & W 14TH AVE,1,3,0,0,1,1,0,0,30,0,0,0,0,0,4,2,7
,2022-55124,-104.940612,39.7402735,6/18/2022 0:30,0:30,11,1,0,N COLORADO BLVD & E COLFAX AVE,1,3,0,0,1,4,0,0,0,0,1,0,0,4,2,1,16
,2022-55125,-105.0139326,39.74027393,5/31/2022 20:30,20:30,15,0,0,I-25 & W COLFAX AVE,11,3,0,1,1,4,0,0,55,0,0,0,0,0,1,2,13
,2022-55126,-104.9862291,39.73684795,11/21/2022 8:15,8:15,12,0,0,E 13TH AVE & N LINCOLN ST,1,1,0,0,1,1,0,0,35,0,0,0,0,1,4,2,16
,2022-55127,-104.9405136,39.76125324,7/11/2022 14:45,14:45,15,0,0,N COLORADO BLVD & E MLK BLVD,1,1,0,0,1,4,0,0,35,0,0,0,0,0,2,2,16
,2022-55128,-104.9980878,39.75734871,8/13/2022 23:45,23:45,12,0,0,20TH ST & CHESTNUT PL,1,3,1,7,1,4,0,0,35,0,0,0,0,0,4,2,16
,2022-55129,-104.9647699,39.73999159,12/9/2022 10:35,10:35,11,0,1,N HIGH ST & E COLFAX AVE,1,1,0,0,1,1,0,0,30,0,1,0,0,3,2,1,16
,2022-55145,-104.9597468,39.76574562,10/29/2022 16:03,16:03,3,0,0,E 35TH AVE & N YORK ST,1,1,0,0,1,1,0,0,35,0,0,0,0,0,4,2,1
,2022-55146,-104.9900073,39.71122141,7/6/2022 16:05,16:05,3,0,0,S BANNOCK ST & W ALAMEDA AVE,1,1,0,0,1,1,0,0,30,0,0,0,0,0,4,2,16
,2022-55147,-104.8609576,39.77520969,11/2/2022 14:30,14:30,15,0,1,I-70 & N HAVANA ON RAMP MERGE PT,1,1,0,0,1,4,0,0,55,0,0,0,0,1,1,2,1
,2022-55148,-105.0252988,39.76555539,12/18/2022 14:23,14:23,2,1,0,N FEDERAL BLVD & W 35TH AVE,1,1,0,0,1,1,0,0,35,1,0,0,0,4,2,1,1
,2022-55151,-104.8474132,39.76845785,8/11/2022 0:18,0:18,8,0,0,N PEORIA ST & E 38TH AVE,1,3,1,0,6,4,0,0,35,0,0,0,0,0,4,2,16
,2022-55156,-104.9672753,39.7798813,3/7/2022 13:51,13:51,12,0,0,I-70 & N BRIGHTON BLVD,1,1,0,0,1,4,0,0,55,0,0,0,0,0,1,3,13
,2022-55159,-104.9685683,39.74000916,9/30/2022 10:26,10:26,12,0,0,E COLFAX AVE & N FRANKLIN ST,1,1,0,0,1,4,0,0,30,0,0,0,0,0,2,2,7
,2022-55166,-105.0064366,39.78384061,8/12/2022 8:56,8:56,3,0,0,N PECOS ST & W 48TH AVE,1,1,0,0,1,6,0,0,20,0,0,0,0,0,1,2,16
,2022-55169,-104.9019744,39.78192139,9/7/2022 12:02,12:02,12,0,0,N NORTHFIELD QUEBEC ST & N SANDCREEK RD,1,1,1,0,1,4,0,0,35,0,0,0,0,0,2,2,12
,2022-55171,-104.9925596,39.69003237,11/13/2022 4:51,4:51,5,1,3,SANTA FE DR (1400 BLK S) & E FLORIDA AVE,1,3,0,0,2,4,0,0,45,0,0,0,0,4,2,1,1
,2022-55172,-104.9505882,39.72713771,6/22/2022 2:37,2:37,5,0,1,E 7TH AVE & ST PAUL ST,1,4,0,0,3,4,0,0,30,0,0,0,0,3,4,1,16
,2022-55173,-104.9684473,39.74483002,6/23/2022 18:33,18:33,10,0,1,E 18TH AVE & N FRANKLIN ST,1,1,0,0,1,1,0,0,30,0,0,0,1,3,4,2,11
,2022-55175,-104.8311418,39.78279571,10/12/2022 1:00,1:00,6,0,0,4835 N BLACKHAWK WY & E ANDREWS DR,1,3,0,0,1,4,0,0,25,0,0,0,0,0,4,2,1
,2022-55178,-105.0203348,39.71301147,5/6/2022 17:35,17:35,3,0,0,W CEDAR AVE & S CLAY ST,1,1,0,0,1,1,0,0,25,0,0,0,0,0,4,2,16
,2022-55190,-105.0532266,39.7296175,9/22/2022 17:51,17:51,12,0,0,SHERIDAN BLVD & W 8TH AVE,1,1,1,0,1,3,0,0,35,0,0,0,0,0,2,2,16
,2022-55236,-104.9034678,39.72928495,9/30/2022 11:43,11:43,12,0,0,N QUEBEC ST & E 8TH AVE,1,1,0,0,1,1,0,0,30,0,0,0,0,0,4,2,10
,2022-55250,-104.9601967,39.74479656,10/20/2022 17:00,17:00,15,0,0,E 18TH AVE & JOSEPHINE ST,1,1,0,0,1,4,0,0,35,0,0,0,0,0,4,2,11
,2022-55251,-105.0118047,39.72397874,10/12/2022 11:45,11:45,12,0,1,I-25 & W 6TH AVE FWY,1,1,0,0,1,4,0,0,45,0,0,0,0,1,1,2,13
,2022-55252,-104.9282354,39.7586428,10/19/2022 13:00,13:00,6,0,0,N FAIRFAX ST & E 29TH AVE,1,1,0,0,1,4,0,0,35,0,0,0,0,0,4,2,16
,2022-55262,-105.1079031,39.62422083,9/14/2022 18:32,18:32,3,0,0,S JELLISON WY & W BELLEVIEW AVE,11,1,0,1,1,1,0,0,40,0,0,0,0,0,4,2,10
,2022-55264,-104.874329,39.77342057,10/14/2022 22:50,22:50,12,0,0,PENA BLVD & E 40TH AVE,1,3,0,0,1,4,0,0,65,0,0,0,0,0,4,2,16
,2022-55265,-105.0532128,39.73848372,3/31/2022 16:45,16:45,1,0,1,N SHERIDAN BLVD & E 14TH AVE,1,1,0,0,1,1,0,0,35,0,0,0,0,1,2,2,13
,2022-55272,-104.901144,39.74007773,11/8/2022 15:44,15:44,10,0,0,E COLFAX AVE & N ROSLYN ST,1,1,0,0,1,1,0,0,,0,0,0,0,0,2,2,16
,2022-55273,-104.936603,39.66531718,11/19/2022 4:45,4:45,6,0,0,E AMHERST AVE & 2904 S BIRCH ST,9,4,1,2,4,2,0,0,,0,0,0,0,0,4,2,16
,2022-55274,-104.9825772,39.72167117,12/9/2022 7:45,7:45,5,0,1,N LOGAN ST & E 3RD AVE,1,2,0,0,3,4,0,0,30,0,0,0,0,2,4,1,16
,2022-55275,-105.0153573,39.73014347,12/15/2022 16:25,16:25,12,0,0,I-25 & W 8TH AVE,1,1,0,0,1,14,0,0,65,0,0,0,0,0,2,2,16
,2022-55276,-104.9862613,39.72564692,12/20/2022 23:54,23:54,15,0,0,E 6TH AVE & N LINCOLN ST,1,3,0,0,1,1,0,0,30,0,0,0,0,0,4,2,1
,2022-55277,-104.9798921,39.74326385,11/5/2022 6:10,6:10,3,0,0,N PEARL ST & E 17TH AVE,1,3,0,0,1,1,0,0,30,0,0,0,0,0,4,2,16
,2022-55278,-104.8098793,39.7731883,12/16/2022 13:14,13:14,5,0,0,E 40TH AVE & N CHAMBERS RD,1,1,0,0,6,1,0,0,,0,0,0,0,0,4,2,16
,2022-55279,-104.9810842,39.74327186,11/6/2022 22:27,22:27,3,0,0,E 17TH AVE & N PENNSYLVANIA ST,1,3,0,0,1,3,0,0,20,0,0,0,0,0,4,2,16
,2022-55280,-105.0021167,39.75095542,12/14/2022 12:00,12:00,12,0,0,WYNKOOP ST & 15TH ST,1,1,0,0,1,1,0,0,,0,0,0,0,0,4,2,16
,2022-55281,-105.0064416,39.76206993,11/5/2022 21:00,21:00,6,0,1,N PECOS ST & W 32ND AVE,1,3,0,0,1,4,0,0,30,0,0,0,0,1,4,2,16
,2022-55282,-104.9046861,39.73870425,12/14/2022 16:21,16:21,15,0,0,E 14TH AVE & N POPLAR ST,1,1,0,0,1,4,0,0,35,0,0,0,0,0,4,2,16
,2022-55283,-104.8995211,39.78487346,12/21/2022 13:00,13:00,15,0,0,4800 BLK N QUEBEC ST & E NORTHFIELD BLVD,1,1,0,0,1,4,0,0,40,0,0,0,0,0,2,2,16
,2022-55291,-104.9886914,39.74251974,12/19/2022 5:38,5:38,11,0,1,16TH ST & TREMONT PL,1,3,0,0,1,4,0,0,15,0,1,0,0,3,4,1,11
,2022-55292,-104.9025799,39.69557206,12/24/2022 10:48,10:48,3,0,0,S QUEBEC ST & E MISSISSIPPI AVE,7,1,0,0,1,1,0,0,30,0,0,0,0,1,4,2,11
,2022-55293,-104.7744038,39.81897014,6/30/2022 20:34,20:34,6,0,1,N YAMPA ST & E 67TH AVE,1,3,0,0,2,4,0,0,20,0,0,0,0,2,4,4,10
,2022-55295,-104.9025255,39.76697417,7/3/2022 22:00,22:00,11,1,0,N QUEBEC ST 3500 BLOCK & 36TH AVE,14,5,3,7,1,4,,,45,0,1,0,0,4,4,,16
,2022-55299,-104.9772308,39.76348253,11/16/2022 18:35,18:35,11,1,0,32ND ST & LAWRENCE ST,14,5,3,7,1,1,,,,0,0,1,0,4,4,,16
,2022-55303,-104.8990388,39.75243215,10/27/2022 21:06,21:06,5,1,0,SYRACUSE ST & N ROSLYN ST SB MERGE PT,1,3,0,0,6,3,,,30,0,0,0,0,4,4,,8
,2022-55309,-104.9972779,39.75469654,10/12/2022 22:31,22:31,5,1,0,19TH ST (1700 BLK) & WYNKOOP ST,1,3,0,0,3,3,,,25,0,0,0,0,4,4,,1
,2022-55328,-104.9935644,39.67845068,9/2/2022 22:04,22:04,3,0,1,W EVANS AVE & S SANTA FE DR,11,3,1,0,1,1,0,0,35,0,0,0,0,3,2,3,16
,2022-55329,-104.9733351,39.74752906,5/20/2022 12:58,12:58,3,0,0,N DOWNING ST & E 20TH AVE,11,1,0,0,1,1,0,0,30,0,0,0,0,0,4,3,8
,2022-55330,-105.0097566,39.68841501,7/31/2022 21:05,21:05,6,0,0,1800 BLOCK W GUNNISON PL & S RARITAN ST,1,4,0,0,1,4,0,0,25,0,0,0,0,0,4,4,16